unit_number,cycle,true_rul,kl_div,js_div,wasserstein,recon_error,drift_flag,op_cluster,latent_mu_norm
1,52,125,0.000198,5e-05,3.4e-05,0.143962,True,0,16.8903
1,53,125,0.000189,4.8e-05,3.2e-05,0.142076,False,0,16.8906
1,54,125,0.000321,8e-05,5.5e-05,0.140441,False,0,16.8888
1,55,125,0.000324,8.1e-05,5.5e-05,0.138991,False,0,16.8888
1,56,125,0.000232,5.8e-05,3.9e-05,0.137695,False,0,16.8901
1,57,125,0.000194,4.9e-05,3.3e-05,0.136554,False,0,16.8905
1,58,125,0.000268,6.7e-05,4.6e-05,0.135589,False,0,16.8895
1,59,125,0.000267,6.7e-05,4.6e-05,0.134693,False,0,16.8894
1,60,125,0.000202,5e-05,3.4e-05,0.133821,False,0,16.8904
1,61,125,0.000179,4.5e-05,3e-05,0.133023,False,0,16.8908
1,62,125,0.000207,5.2e-05,3.6e-05,0.132257,False,0,16.8902
1,63,125,0.000183,4.6e-05,3.1e-05,0.131561,False,0,16.8907
1,64,125,0.000131,3.3e-05,2.2e-05,0.130898,False,0,16.8915
1,65,125,0.000114,2.9e-05,1.9e-05,0.130268,False,0,16.8919
1,66,125,1e-04,2.5e-05,1.7e-05,0.129696,False,0,16.892
1,67,125,6.1e-05,1.5e-05,1e-05,0.129158,False,0,16.8932
1,68,125,7.1e-05,1.8e-05,1.2e-05,0.128674,False,0,16.8927
1,69,125,4.9e-05,1.2e-05,8e-06,0.128199,False,0,16.8933
1,70,125,0.000109,2.7e-05,1.8e-05,0.127766,False,0,16.892
1,71,125,8.7e-05,2.2e-05,1.5e-05,0.127367,False,0,16.8923
1,72,125,0.000131,3.3e-05,2.2e-05,0.127006,False,0,16.8915
1,73,125,0.000105,2.6e-05,1.8e-05,0.126652,False,0,16.8919
1,74,125,0.000101,2.6e-05,1.7e-05,0.126319,False,0,16.8922
1,75,125,0.000121,3e-05,2.1e-05,0.126031,False,0,16.8918
1,76,125,0.000141,3.5e-05,2.4e-05,0.125771,False,0,16.8912
1,77,125,0.000133,3.3e-05,2.3e-05,0.125522,False,0,16.8914
1,78,125,6.3e-05,1.6e-05,1.1e-05,0.125257,False,0,16.8929
1,79,125,5.2e-05,1.3e-05,9e-06,0.125013,False,0,16.8934
1,80,125,8.4e-05,2.1e-05,1.4e-05,0.12478,False,0,16.8925
1,81,125,8.5e-05,2.2e-05,1.5e-05,0.12452,False,0,16.8923
1,82,125,7.5e-05,1.9e-05,1.3e-05,0.12427,False,0,16.8926
1,83,125,9.3e-05,2.3e-05,1.6e-05,0.124054,False,0,16.8922
1,84,125,0.000172,4.3e-05,2.9e-05,0.123876,False,0,16.8908
1,85,125,0.000107,2.7e-05,1.8e-05,0.123712,False,0,16.8918
1,86,125,9.8e-05,2.5e-05,1.6e-05,0.123551,False,0,16.8921
1,87,125,6.5e-05,1.6e-05,1.1e-05,0.123398,False,0,16.8928
1,88,125,4.9e-05,1.2e-05,8e-06,0.123266,False,0,16.8933
1,89,125,2.4e-05,6e-06,4e-06,0.123144,False,0,16.8941
1,90,125,2.2e-05,5e-06,3e-06,0.123042,False,0,16.8943
1,91,125,4e-05,1e-05,7e-06,0.122946,False,0,16.8935
1,92,125,6e-05,1.5e-05,1e-05,0.122818,False,0,16.893
1,93,125,4.7e-05,1.2e-05,8e-06,0.12272,False,0,16.8933
1,94,125,6.4e-05,1.6e-05,1.1e-05,0.122635,False,0,16.8928
1,95,125,3.9e-05,1e-05,6e-06,0.122553,False,0,16.8938
1,96,125,3e-05,7e-06,5e-06,0.122436,False,0,16.8939
1,97,125,3.4e-05,8e-06,6e-06,0.122357,False,0,16.8937
1,98,125,3.7e-05,9e-06,6e-06,0.122333,False,0,16.8941
1,99,125,2.3e-05,6e-06,4e-06,0.122274,False,0,16.8941
1,100,125,1.9e-05,5e-06,3e-06,0.122178,False,0,16.8944
1,101,125,2.9e-05,7e-06,5e-06,0.122088,False,0,16.894
1,102,125,4.6e-05,1.1e-05,7e-06,0.121989,False,0,16.8935
1,103,125,4.4e-05,1.1e-05,7e-06,0.12191,False,0,16.8934
1,104,125,2.2e-05,5e-06,4e-06,0.121843,False,0,16.8942
1,105,125,2.5e-05,6e-06,4e-06,0.121798,False,0,16.8942
1,106,125,3.7e-05,9e-06,6e-06,0.121746,False,0,16.8936
1,107,125,2.6e-05,6e-06,4e-06,0.121683,False,0,16.8941
1,108,125,3e-05,7e-06,5e-06,0.121593,False,0,16.8939
1,109,125,3.2e-05,8e-06,5e-06,0.121542,False,0,16.8939
1,110,125,2.7e-05,7e-06,5e-06,0.121528,False,0,16.894
1,111,125,8e-06,2e-06,1e-06,0.121498,False,0,16.8949
1,112,125,4e-06,1e-06,1e-06,0.121481,False,0,16.8954
1,113,125,1.7e-05,4e-06,3e-06,0.121505,False,0,16.8944
1,114,125,9e-06,2e-06,1e-06,0.121544,False,0,16.8952
1,115,125,3.4e-05,8e-06,6e-06,0.121556,False,0,16.8937
1,116,125,7e-06,2e-06,1e-06,0.12155,False,0,16.895
1,117,125,1.4e-05,4e-06,2e-06,0.121528,False,0,16.8947
1,118,125,3e-05,7e-06,5e-06,0.121556,False,0,16.8939
1,119,125,2.4e-05,6e-06,4e-06,0.121621,False,0,16.8941
1,120,125,8e-06,2e-06,1e-06,0.121689,False,0,16.8953
1,121,125,5e-06,1e-06,1e-06,0.121683,False,0,16.8953
1,122,125,1.2e-05,3e-06,2e-06,0.121711,False,0,16.8948
1,123,125,2e-06,1e-06,0.0,0.12171,False,0,16.8955
1,124,125,1e-06,0.0,0.0,0.12172,False,0,16.8959
1,125,125,3e-06,1e-06,0.0,0.121719,False,0,16.8956
1,126,125,1e-06,0.0,0.0,0.121706,False,0,16.8956
1,127,125,4e-06,1e-06,1e-06,0.121712,False,0,16.8954
1,128,125,3e-06,1e-06,0.0,0.121695,False,0,16.8955
1,129,125,1e-06,0.0,0.0,0.121705,False,0,16.8959
1,130,125,3e-06,0.0,1e-06,0.121739,False,0,16.8967
1,131,125,1e-06,0.0,0.0,0.121748,False,0,16.8958
1,132,125,5e-06,1e-06,1e-06,0.121761,False,0,16.8952
1,133,125,6e-06,2e-06,1e-06,0.121755,False,0,16.8953
1,134,125,5e-06,1e-06,1e-06,0.121782,False,0,16.8952
1,135,125,0.0,0.0,0.0,0.121814,False,0,16.8961
1,136,125,8e-06,2e-06,2e-06,0.121868,False,0,16.897
1,137,125,4e-06,1e-06,1e-06,0.12192,False,0,16.8967
1,138,125,1e-06,0.0,0.0,0.121978,False,0,16.8958
1,139,125,2e-06,0.0,0.0,0.122002,False,0,16.8957
1,140,125,4e-06,1e-06,1e-06,0.122003,False,0,16.8968
1,141,125,2.7e-05,6e-06,5e-06,0.121993,False,0,16.8982
1,142,125,4.3e-05,1.1e-05,8e-06,0.122026,False,0,16.8988
1,143,125,7e-06,2e-06,1e-06,0.122055,False,0,16.897
1,144,125,9e-06,2e-06,2e-06,0.122102,False,0,16.8973
1,145,125,4e-06,1e-06,1e-06,0.122168,False,0,16.8968
1,146,125,2e-06,1e-06,0.0,0.122208,False,0,16.8966
1,147,125,3e-06,1e-06,1e-06,0.122263,False,0,16.8958
1,148,125,1e-05,3e-06,2e-06,0.122268,False,0,16.8973
1,149,125,2.1e-05,5e-06,4e-06,0.122301,False,0,16.8979
1,150,125,2.7e-05,7e-06,5e-06,0.122347,False,0,16.8982
1,151,125,1.1e-05,2e-06,2e-06,0.122419,False,0,16.8974
1,152,125,4e-06,1e-06,1e-06,0.122484,False,0,16.8966
1,153,124,0.0,-0.0,0.0,0.122544,False,0,16.896
1,154,123,1e-06,0.0,0.0,0.122603,False,0,16.8961
1,155,122,3e-06,1e-06,1e-06,0.122655,False,0,16.8967
1,156,121,2.1e-05,5e-06,4e-06,0.122725,False,0,16.8979
1,157,120,4.6e-05,1.1e-05,8e-06,0.122783,False,0,16.8988
1,158,119,2.6e-05,6e-06,5e-06,0.122851,False,0,16.898
1,159,118,3.5e-05,9e-06,7e-06,0.122902,False,0,16.8986
1,160,117,1e-05,2e-06,2e-06,0.12294,False,0,16.8974
1,161,116,2.3e-05,6e-06,4e-06,0.12299,False,0,16.8979
1,162,115,1.4e-05,4e-06,3e-06,0.123022,False,0,16.8976
1,163,114,2.9e-05,7e-06,5e-06,0.123073,False,0,16.8981
1,164,113,3.2e-05,8e-06,6e-06,0.123132,False,0,16.8984
1,165,112,3.3e-05,8e-06,6e-06,0.123255,False,0,16.8982
1,166,111,2.3e-05,6e-06,4e-06,0.123332,False,0,16.898
1,167,110,3.6e-05,9e-06,7e-06,0.123427,False,0,16.8985
1,168,109,3.9e-05,1e-05,7e-06,0.123495,False,0,16.8986
1,169,108,3.5e-05,9e-06,6e-06,0.123538,False,0,16.8984
1,170,107,1.7e-05,4e-06,3e-06,0.12354,False,0,16.8977
1,171,106,5.6e-05,1.4e-05,1e-05,0.123607,False,0,16.8992
1,172,105,6.5e-05,1.6e-05,1.1e-05,0.123672,False,0,16.8993
1,173,104,7.7e-05,1.9e-05,1.4e-05,0.123761,False,0,16.8996
1,174,103,7e-05,1.8e-05,1.2e-05,0.12383,False,0,16.8994
1,175,102,6e-05,1.5e-05,1.1e-05,0.123919,False,0,16.8991
1,176,101,6.6e-05,1.7e-05,1.2e-05,0.124007,False,0,16.8994
1,177,100,9.2e-05,2.3e-05,1.6e-05,0.124107,False,0,16.8999
1,178,99,0.000114,2.8e-05,2e-05,0.124193,False,0,16.9003
1,179,98,0.000147,3.7e-05,2.6e-05,0.124282,False,0,16.9011
1,180,97,0.000114,2.9e-05,2e-05,0.124347,False,0,16.9004
1,181,96,7.4e-05,1.8e-05,1.3e-05,0.124443,False,0,16.8995
1,182,95,9.5e-05,2.4e-05,1.7e-05,0.124544,False,0,16.9001
1,183,94,0.000107,2.7e-05,1.9e-05,0.124673,False,0,16.9002
1,184,93,0.00013,3.3e-05,2.3e-05,0.124796,False,0,16.9007
1,185,92,0.000138,3.4e-05,2.4e-05,0.124897,False,0,16.9008
1,186,91,0.00014,3.5e-05,2.5e-05,0.125007,False,0,16.9009
1,187,90,0.000171,4.3e-05,3e-05,0.125126,False,0,16.9014
1,188,89,0.00022,5.5e-05,3.9e-05,0.12524,False,0,16.9021
1,189,88,0.000251,6.3e-05,4.4e-05,0.125388,False,0,16.9025
1,190,87,0.000243,6.1e-05,4.2e-05,0.125542,False,0,16.9024
1,191,86,0.000227,5.7e-05,4e-05,0.12569,False,0,16.9021
1,192,85,0.000219,5.5e-05,3.9e-05,0.125785,False,0,16.9021
1,193,84,0.000213,5.3e-05,3.7e-05,0.125923,False,0,16.9018
1,194,83,0.000235,5.9e-05,4.2e-05,0.126049,False,0,16.9024
1,195,82,0.000215,5.4e-05,3.8e-05,0.126202,False,0,16.902
1,196,81,0.000213,5.3e-05,3.8e-05,0.126349,False,0,16.902
1,197,80,0.000246,6.2e-05,4.3e-05,0.126552,False,0,16.9024
1,198,79,0.000199,5e-05,3.5e-05,0.126717,False,0,16.9018
1,199,78,0.000196,4.9e-05,3.4e-05,0.12687,False,0,16.9017
1,200,77,0.000212,5.3e-05,3.7e-05,0.127015,False,0,16.902
1,201,76,0.000237,5.9e-05,4.2e-05,0.127154,False,0,16.9023
1,202,75,0.000262,6.5e-05,4.6e-05,0.127291,False,0,16.9026
1,203,74,0.000315,7.9e-05,5.6e-05,0.127464,False,0,16.9033
1,204,73,0.000381,9.5e-05,6.7e-05,0.127652,False,0,16.904
1,205,72,0.000342,8.6e-05,5.9e-05,0.127842,False,0,16.9035
1,206,71,0.000328,8.2e-05,5.8e-05,0.128034,False,0,16.9035
1,207,70,0.000347,8.7e-05,6.1e-05,0.128213,False,0,16.9036
1,208,69,0.000436,0.000109,7.6e-05,0.128417,False,0,16.9045
1,209,68,0.000468,0.000117,8.2e-05,0.128637,False,0,16.9048
1,210,67,0.000475,0.000119,8.4e-05,0.128907,False,0,16.905
1,211,66,0.000404,0.000101,7e-05,0.129132,False,0,16.9041
1,212,65,0.000375,9.4e-05,6.5e-05,0.129344,False,0,16.9039
1,213,64,0.000336,8.4e-05,5.8e-05,0.129535,False,0,16.9034
1,214,63,0.000387,9.7e-05,6.8e-05,0.129717,False,0,16.9041
1,215,62,0.000397,9.9e-05,6.9e-05,0.12988,False,0,16.9041
1,216,61,0.000529,0.000132,9.2e-05,0.130101,False,0,16.9054
1,217,60,0.000516,0.000129,9.1e-05,0.130355,False,0,16.9053
1,218,59,0.00049,0.000123,8.4e-05,0.130608,False,0,16.9049
1,219,58,0.000559,0.00014,9.8e-05,0.130832,False,0,16.9057
1,220,57,0.000514,0.000129,9e-05,0.131095,False,0,16.9053
1,221,56,0.000548,0.000137,9.5e-05,0.131361,False,0,16.9055
1,222,55,0.000553,0.000138,9.7e-05,0.131621,False,0,16.9056
1,223,54,0.000587,0.000147,0.000103,0.131865,False,0,16.9059
1,224,53,0.000638,0.00016,0.000111,0.132162,False,0,16.9063
1,225,52,0.000667,0.000167,0.000116,0.132486,False,0,16.9065
1,226,51,0.000781,0.000195,0.000136,0.132837,False,0,16.9075
1,227,50,0.000666,0.000167,0.000115,0.133186,False,0,16.9064
1,228,49,0.000662,0.000166,0.000115,0.133532,False,0,16.9064
1,229,48,0.000664,0.000166,0.000116,0.133846,False,0,16.9066
1,230,47,0.000687,0.000172,0.000119,0.134183,False,0,16.9066
1,231,46,0.000778,0.000195,0.000135,0.134526,False,0,16.9074
1,232,45,0.000761,0.00019,0.000131,0.134886,False,0,16.9071
1,233,44,0.000752,0.000188,0.000132,0.135236,False,0,16.9072
2,52,123,8e-06,2e-06,2e-06,0.146252,True,0,16.8971
2,53,122,4e-06,1e-06,1e-06,0.144283,True,0,16.8968
2,54,121,2e-06,1e-06,0.0,0.142586,False,0,16.8957
2,55,120,0.0,0.0,0.0,0.14111,False,0,16.896
2,56,119,1e-06,0.0,0.0,0.139825,False,0,16.8962
2,57,118,4e-06,1e-06,1e-06,0.138722,False,0,16.8968
2,58,117,1.8e-05,5e-06,3e-06,0.137733,False,0,16.8978
2,59,116,3e-05,8e-06,5e-06,0.136855,False,0,16.8983
2,60,115,3.1e-05,8e-06,6e-06,0.136063,False,0,16.8983
2,61,114,2.8e-05,7e-06,5e-06,0.135283,False,0,16.8982
2,62,113,1.1e-05,3e-06,2e-06,0.134521,False,0,16.8974
2,63,112,1.8e-05,4e-06,4e-06,0.133824,False,0,16.8975
2,64,111,1.4e-05,3e-06,2e-06,0.133171,False,0,16.8975
2,65,110,2.7e-05,7e-06,5e-06,0.132583,False,0,16.8982
2,66,109,2.6e-05,7e-06,5e-06,0.132045,False,0,16.8981
2,67,108,1.1e-05,3e-06,2e-06,0.131536,False,0,16.8974
2,68,107,2.6e-05,7e-06,5e-06,0.131047,False,0,16.898
2,69,106,1.4e-05,3e-06,2e-06,0.130603,False,0,16.8975
2,70,105,2.7e-05,7e-06,5e-06,0.13022,False,0,16.8981
2,71,104,1e-05,2e-06,2e-06,0.129806,False,0,16.8974
2,72,103,1.5e-05,4e-06,3e-06,0.129429,False,0,16.8976
2,73,102,2.5e-05,6e-06,5e-06,0.129077,False,0,16.898
2,74,101,2.3e-05,6e-06,4e-06,0.128736,False,0,16.8979
2,75,100,3.6e-05,9e-06,7e-06,0.12839,False,0,16.8985
2,76,99,4e-05,1e-05,7e-06,0.128055,False,0,16.8986
2,77,98,2.2e-05,6e-06,4e-06,0.127757,False,0,16.898
2,78,97,2.1e-05,5e-06,4e-06,0.127509,False,0,16.8979
2,79,96,5.4e-05,1.4e-05,1e-05,0.127298,False,0,16.8991
2,80,95,8.6e-05,2.2e-05,1.5e-05,0.127152,False,0,16.8998
2,81,94,9.7e-05,2.5e-05,1.8e-05,0.126991,False,0,16.9001
2,82,93,5e-05,1.3e-05,9e-06,0.126829,False,0,16.899
2,83,92,4.2e-05,1.1e-05,7e-06,0.126647,False,0,16.8987
2,84,91,5.7e-05,1.4e-05,1e-05,0.126499,False,0,16.8992
2,85,90,4.5e-05,1.1e-05,8e-06,0.126365,False,0,16.8988
2,86,89,5.1e-05,1.3e-05,1e-05,0.126216,False,0,16.899
2,87,88,5.9e-05,1.5e-05,1e-05,0.126119,False,0,16.8991
2,88,87,8.5e-05,2.1e-05,1.6e-05,0.126016,False,0,16.8999
2,89,86,5.2e-05,1.3e-05,9e-06,0.125966,False,0,16.899
2,90,85,5.1e-05,1.3e-05,9e-06,0.125893,False,0,16.899
2,91,84,7.2e-05,1.8e-05,1.3e-05,0.12586,False,0,16.8996
2,92,83,5e-05,1.3e-05,8e-06,0.125857,False,0,16.8989
2,93,82,5.1e-05,1.3e-05,9e-06,0.125833,False,0,16.899
2,94,81,4.6e-05,1.2e-05,8e-06,0.125773,False,0,16.8989
2,95,80,6.6e-05,1.7e-05,1.2e-05,0.125729,False,0,16.8994
2,96,79,3.7e-05,9e-06,6e-06,0.125729,False,0,16.8985
2,97,78,5.3e-05,1.3e-05,9e-06,0.125737,False,0,16.899
2,98,77,7.2e-05,1.8e-05,1.3e-05,0.125742,False,0,16.8995
2,99,76,7.8e-05,2e-05,1.4e-05,0.125766,False,0,16.8997
2,100,75,0.000104,2.6e-05,1.9e-05,0.125793,False,0,16.9003
2,101,74,8.5e-05,2.2e-05,1.5e-05,0.125822,False,0,16.8998
2,102,73,7.3e-05,1.9e-05,1.3e-05,0.125851,False,0,16.8996
2,103,72,9.1e-05,2.3e-05,1.6e-05,0.125896,False,0,16.9
2,104,71,6.7e-05,1.7e-05,1.2e-05,0.125985,False,0,16.8994
2,105,70,0.000126,3.2e-05,2.2e-05,0.126057,False,0,16.9007
2,106,69,0.000122,3.1e-05,2.1e-05,0.126142,False,0,16.9006
2,107,68,0.000123,3.1e-05,2.1e-05,0.126181,False,0,16.9006
2,108,67,0.000108,2.7e-05,1.9e-05,0.126208,False,0,16.9003
2,109,66,9.5e-05,2.4e-05,1.7e-05,0.126219,False,0,16.9001
2,110,65,0.000131,3.3e-05,2.3e-05,0.126222,False,0,16.9008
2,111,64,0.000124,3.1e-05,2.1e-05,0.126229,False,0,16.9006
2,112,63,0.000148,3.7e-05,2.5e-05,0.126301,False,0,16.901
2,113,62,0.000131,3.3e-05,2.4e-05,0.126399,False,0,16.9008
2,114,61,0.000121,3e-05,2.1e-05,0.126499,False,0,16.9005
2,115,60,0.000105,2.6e-05,1.8e-05,0.12657,False,0,16.9003
2,116,59,0.000133,3.3e-05,2.3e-05,0.12664,False,0,16.9008
2,117,58,0.000138,3.4e-05,2.4e-05,0.126736,False,0,16.9009
2,118,57,0.000117,2.9e-05,2e-05,0.126846,False,0,16.9004
2,119,56,0.000152,3.8e-05,2.7e-05,0.126972,False,0,16.9011
2,120,55,0.000223,5.6e-05,3.9e-05,0.127122,False,0,16.9022
2,121,54,0.000252,6.3e-05,4.4e-05,0.12728,False,0,16.9026
2,122,53,0.000191,4.8e-05,3.3e-05,0.12743,False,0,16.9017
2,123,52,0.000159,4e-05,2.7e-05,0.127576,False,0,16.9012
2,124,51,0.000158,4e-05,2.8e-05,0.127722,False,0,16.9012
3,52,125,4e-05,1e-05,7e-06,0.146278,True,0,16.8986
3,53,125,1.6e-05,4e-06,3e-06,0.144405,True,0,16.8975
3,54,125,2.2e-05,5e-06,4e-06,0.142758,False,0,16.8979
3,55,125,1.9e-05,5e-06,3e-06,0.141309,False,0,16.8978
3,56,125,3e-05,7e-06,5e-06,0.140009,False,0,16.8983
3,57,125,9e-06,2e-06,2e-06,0.138833,False,0,16.8973
3,58,125,1.6e-05,4e-06,3e-06,0.137735,False,0,16.8975
3,59,125,1.7e-05,4e-06,3e-06,0.13673,False,0,16.8977
3,60,125,2.7e-05,7e-06,5e-06,0.135819,False,0,16.8982
3,61,125,2.6e-05,6e-06,5e-06,0.135011,False,0,16.8981
3,62,125,2.6e-05,6e-06,5e-06,0.134283,False,0,16.8981
3,63,125,3e-05,7e-06,5e-06,0.133585,False,0,16.8981
3,64,125,7.6e-05,1.9e-05,1.4e-05,0.132937,False,0,16.8996
3,65,125,7.5e-05,1.9e-05,1.3e-05,0.132338,False,0,16.8996
3,66,125,6.2e-05,1.5e-05,1.1e-05,0.131768,False,0,16.8991
3,67,125,2.6e-05,7e-06,5e-06,0.131205,False,0,16.8981
3,68,125,2.2e-05,6e-06,4e-06,0.130698,False,0,16.898
3,69,125,3e-05,7e-06,5e-06,0.130233,False,0,16.8981
3,70,125,7e-05,1.8e-05,1.3e-05,0.129839,False,0,16.8995
3,71,125,5.6e-05,1.4e-05,1e-05,0.129435,False,0,16.8989
3,72,125,9.3e-05,2.3e-05,1.7e-05,0.129041,False,0,16.9
3,73,125,9.8e-05,2.5e-05,1.7e-05,0.128666,False,0,16.9
3,74,125,9.5e-05,2.4e-05,1.7e-05,0.128301,False,0,16.9
3,75,125,9.1e-05,2.3e-05,1.6e-05,0.127957,False,0,16.8999
3,76,125,0.000105,2.6e-05,1.8e-05,0.127659,False,0,16.9002
3,77,125,8.4e-05,2.1e-05,1.5e-05,0.127392,False,0,16.8997
3,78,125,9.3e-05,2.4e-05,1.7e-05,0.127129,False,0,16.9
3,79,125,8.3e-05,2.1e-05,1.5e-05,0.126875,False,0,16.8997
3,80,125,6.6e-05,1.7e-05,1.2e-05,0.126597,False,0,16.8994
3,81,125,3.9e-05,1e-05,7e-06,0.126323,False,0,16.8986
3,82,125,3.5e-05,9e-06,6e-06,0.126117,False,0,16.8985
3,83,125,9.7e-05,2.5e-05,1.7e-05,0.125902,False,0,16.9001
3,84,125,1e-04,2.5e-05,1.7e-05,0.125736,False,0,16.9001
3,85,125,9.6e-05,2.4e-05,1.8e-05,0.125554,False,0,16.9001
3,86,125,6.9e-05,1.7e-05,1.2e-05,0.125403,False,0,16.8992
3,87,125,0.00011,2.8e-05,2e-05,0.125243,False,0,16.9004
3,88,125,0.000101,2.5e-05,1.8e-05,0.125084,False,0,16.9002
3,89,125,0.000164,4.1e-05,2.9e-05,0.124935,False,0,16.9013
3,90,125,0.000143,3.6e-05,2.5e-05,0.124821,False,0,16.9009
3,91,125,9.3e-05,2.3e-05,1.7e-05,0.124725,False,0,16.9
3,92,125,9.4e-05,2.3e-05,1.6e-05,0.124607,False,0,16.8999
3,93,125,0.000113,2.8e-05,2e-05,0.1245,False,0,16.9003
3,94,125,0.000134,3.4e-05,2.4e-05,0.124405,False,0,16.9007
3,95,125,0.000135,3.4e-05,2.4e-05,0.12433,False,0,16.9007
3,96,125,0.000186,4.7e-05,3.3e-05,0.124279,False,0,16.9017
3,97,125,0.000174,4.3e-05,3e-05,0.124161,False,0,16.9013
3,98,125,0.000176,4.4e-05,3.1e-05,0.124049,False,0,16.9015
3,99,125,0.000144,3.6e-05,2.5e-05,0.123946,False,0,16.9009
3,100,125,0.000162,4.1e-05,2.9e-05,0.12387,False,0,16.9013
3,101,125,0.000125,3.1e-05,2.1e-05,0.123792,False,0,16.9005
3,102,125,0.000149,3.7e-05,2.7e-05,0.123705,False,0,16.9011
3,103,125,0.000117,2.9e-05,2e-05,0.123649,False,0,16.9004
3,104,125,0.000152,3.8e-05,2.7e-05,0.123591,False,0,16.9011
3,105,125,0.000178,4.5e-05,3.1e-05,0.123541,False,0,16.9015
3,106,125,0.000147,3.7e-05,2.6e-05,0.123516,False,0,16.9011
3,107,125,0.000103,2.6e-05,1.8e-05,0.123515,False,0,16.9001
3,108,125,0.000126,3.2e-05,2.2e-05,0.123526,False,0,16.9005
3,109,125,0.000138,3.5e-05,2.4e-05,0.123541,False,0,16.9007
3,110,125,0.00018,4.5e-05,3.2e-05,0.123541,False,0,16.9015
3,111,125,0.000199,5e-05,3.5e-05,0.123532,False,0,16.9018
3,112,125,0.000196,4.9e-05,3.4e-05,0.123528,False,0,16.9017
3,113,125,0.000188,4.7e-05,3.3e-05,0.123534,False,0,16.9016
3,114,125,0.00018,4.5e-05,3.1e-05,0.123497,False,0,16.9015
3,115,125,0.000205,5.1e-05,3.6e-05,0.123482,False,0,16.9019
3,116,125,0.000211,5.3e-05,3.7e-05,0.123466,False,0,16.9019
3,117,125,0.000191,4.8e-05,3.3e-05,0.12351,False,0,16.9016
3,118,125,0.000144,3.6e-05,2.6e-05,0.123567,False,0,16.901
3,119,125,0.000127,3.2e-05,2.2e-05,0.123615,False,0,16.9004
3,120,125,0.00019,4.8e-05,3.3e-05,0.123616,False,0,16.9017
3,121,125,0.000226,5.7e-05,3.9e-05,0.123673,False,0,16.9021
3,122,125,0.000265,6.7e-05,4.7e-05,0.123714,False,0,16.9027
3,123,125,0.000223,5.6e-05,3.9e-05,0.123764,False,0,16.902
3,124,125,0.000281,7e-05,4.9e-05,0.123818,False,0,16.9029
3,125,125,0.000216,5.4e-05,3.8e-05,0.123877,False,0,16.9021
3,126,125,0.000203,5.1e-05,3.5e-05,0.123912,False,0,16.9018
3,127,125,0.000191,4.8e-05,3.4e-05,0.123945,False,0,16.9017
3,128,125,0.000195,4.9e-05,3.4e-05,0.12397,False,0,16.9017
3,129,125,0.000183,4.6e-05,3.2e-05,0.124006,False,0,16.9014
3,130,125,0.000202,5.1e-05,3.6e-05,0.124077,False,0,16.9019
3,131,125,0.000226,5.7e-05,4e-05,0.1242,False,0,16.9021
3,132,125,0.000212,5.3e-05,3.7e-05,0.124266,False,0,16.9019
3,133,125,0.000208,5.2e-05,3.6e-05,0.124313,False,0,16.9019
3,134,125,0.00019,4.8e-05,3.3e-05,0.124322,False,0,16.9016
3,135,125,0.0002,5e-05,3.5e-05,0.12433,False,0,16.9018
3,136,125,0.000211,5.3e-05,3.7e-05,0.12436,False,0,16.9019
3,137,124,0.00025,6.3e-05,4.3e-05,0.124424,False,0,16.9024
3,138,123,0.000331,8.3e-05,5.9e-05,0.124533,False,0,16.9035
3,139,122,0.000304,7.6e-05,5.3e-05,0.124619,False,0,16.9031
3,140,121,0.000271,6.8e-05,4.7e-05,0.12468,False,0,16.9027
3,141,120,0.000274,6.8e-05,4.7e-05,0.124768,False,0,16.9027
3,142,119,0.000257,6.4e-05,4.5e-05,0.124874,False,0,16.9026
3,143,118,0.000213,5.3e-05,3.7e-05,0.124957,False,0,16.902
3,144,117,0.000232,5.8e-05,4.1e-05,0.125,False,0,16.9023
3,145,116,0.000223,5.6e-05,3.8e-05,0.125061,False,0,16.902
3,146,115,0.000206,5.2e-05,3.6e-05,0.125131,False,0,16.9018
3,147,114,0.0002,5e-05,3.5e-05,0.125189,False,0,16.9018
3,148,113,0.000247,6.2e-05,4.3e-05,0.12528,False,0,16.9024
3,149,112,0.000284,7.1e-05,4.9e-05,0.125377,False,0,16.9029
3,150,111,0.000224,5.6e-05,3.8e-05,0.125472,False,0,16.902
3,151,110,0.000302,7.6e-05,5.3e-05,0.125568,False,0,16.9032
3,152,109,0.00026,6.5e-05,4.5e-05,0.12568,False,0,16.9025
3,153,108,0.00031,7.8e-05,5.4e-05,0.125793,False,0,16.9032
3,154,107,0.000279,7e-05,4.8e-05,0.125906,False,0,16.9028
3,155,106,0.000305,7.6e-05,5.3e-05,0.125977,False,0,16.9031
3,156,105,0.00024,6e-05,4.2e-05,0.126043,False,0,16.9022
3,157,104,0.0003,7.5e-05,5.2e-05,0.126142,False,0,16.9031
3,158,103,0.000238,5.9e-05,4.2e-05,0.126225,False,0,16.9023
3,159,102,0.00027,6.8e-05,4.7e-05,0.12633,False,0,16.9026
3,160,101,0.000389,9.8e-05,6.9e-05,0.126449,False,0,16.9041
3,161,100,0.000387,9.7e-05,6.7e-05,0.126561,False,0,16.904
3,162,99,0.000374,9.4e-05,6.5e-05,0.12668,False,0,16.9039
3,163,98,0.000323,8.1e-05,5.6e-05,0.1268,False,0,16.9034
3,164,97,0.000302,7.5e-05,5.2e-05,0.126948,False,0,16.903
3,165,96,0.000366,9.2e-05,6.4e-05,0.127076,False,0,16.9038
3,166,95,0.000452,0.000113,7.9e-05,0.127195,False,0,16.9047
3,167,94,0.000443,0.000111,7.7e-05,0.127308,False,0,16.9046
3,168,93,0.000432,0.000108,7.5e-05,0.127439,False,0,16.9044
3,169,92,0.000448,0.000112,7.8e-05,0.127572,False,0,16.9046
3,170,91,0.00053,0.000132,9.2e-05,0.127776,False,0,16.9055
3,171,90,0.000483,0.000121,8.3e-05,0.127945,False,0,16.9049
3,172,89,0.000444,0.000111,7.7e-05,0.12808,False,0,16.9046
3,173,88,0.000386,9.7e-05,6.7e-05,0.1282,False,0,16.904
3,174,87,0.000431,0.000108,7.5e-05,0.128297,False,0,16.9045
3,175,86,0.00037,9.3e-05,6.4e-05,0.128407,False,0,16.9038
3,176,85,0.000398,1e-04,6.9e-05,0.128547,False,0,16.904
3,177,84,0.000516,0.000129,9e-05,0.128705,False,0,16.9053
3,178,83,0.000505,0.000126,8.8e-05,0.128883,False,0,16.9052
3,179,82,0.000523,0.000131,9e-05,0.129075,False,0,16.9052
3,180,81,0.000603,0.000151,0.000107,0.12927,False,0,16.9062
3,181,80,0.000535,0.000134,9.2e-05,0.129429,False,0,16.9052
3,182,79,0.000607,0.000152,0.000106,0.12964,False,0,16.9061
3,183,78,0.000629,0.000158,0.000108,0.129854,False,0,16.9062
3,184,77,0.000644,0.000161,0.000112,0.130081,False,0,16.9064
3,185,76,0.000478,0.00012,8.2e-05,0.130279,False,0,16.9048
3,186,75,0.000499,0.000125,8.7e-05,0.13048,False,0,16.9051
3,187,74,0.000537,0.000135,9.4e-05,0.130674,False,0,16.9055
3,188,73,0.000647,0.000162,0.000112,0.13085,False,0,16.9064
3,189,72,0.000596,0.000149,0.000103,0.131044,False,0,16.9058
3,190,71,0.000646,0.000162,0.000112,0.131257,False,0,16.9064
3,191,70,0.000593,0.000148,0.000103,0.131446,False,0,16.9058
3,192,69,0.000634,0.000159,0.000109,0.131646,False,0,16.9062
3,193,68,0.000622,0.000156,0.000108,0.131885,False,0,16.9061
3,194,67,0.000578,0.000145,1e-04,0.132113,False,0,16.9057
3,195,66,0.000673,0.000168,0.000117,0.132351,False,0,16.9066
3,196,65,0.000686,0.000172,0.000118,0.13261,False,0,16.9065
3,197,64,0.000753,0.000188,0.000131,0.132911,False,0,16.9072
3,198,63,0.0008,0.0002,0.000139,0.133212,False,0,16.9075
3,199,62,0.000784,0.000197,0.000136,0.133494,False,0,16.9074
3,200,61,0.000787,0.000197,0.000137,0.133784,False,0,16.9075
3,201,60,0.000774,0.000194,0.000133,0.134098,False,0,16.9071
3,202,59,0.00092,0.00023,0.00016,0.134439,False,0,16.9084
3,203,58,0.000925,0.000232,0.00016,0.134769,False,0,16.9084
3,204,57,0.000821,0.000205,0.000141,0.135119,False,0,16.9074
3,205,56,0.000921,0.00023,0.000161,0.135459,False,0,16.9084
3,206,55,0.000998,0.00025,0.000173,0.135795,False,0,16.9088
3,207,54,0.001022,0.000256,0.000178,0.136153,False,0,16.9091
3,208,53,0.000916,0.000229,0.000157,0.136493,False,0,16.9082
3,209,52,0.001024,0.000256,0.000177,0.136842,False,0,16.909
3,210,51,0.000942,0.000236,0.000163,0.137142,False,0,16.9085
3,211,50,0.000889,0.000223,0.000153,0.137473,False,0,16.9079
3,212,49,0.000836,0.000209,0.000145,0.137824,False,0,16.9076
3,213,48,0.000991,0.000248,0.000173,0.138209,False,0,16.9088
3,214,47,0.001062,0.000266,0.000183,0.138628,False,0,16.9092
3,215,46,0.001115,0.000279,0.000192,0.139076,False,0,16.9094
3,216,45,0.001176,0.000294,0.000204,0.139539,False,0,16.9099
3,217,44,0.001191,0.000298,0.000206,0.140043,False,0,16.9099
3,218,43,0.001163,0.000291,0.000202,0.140489,False,0,16.9098
3,219,42,0.001244,0.000311,0.000215,0.141039,False,0,16.9103
3,220,41,0.001241,0.000311,0.000215,0.141471,False,0,16.9104
3,221,40,0.001221,0.000306,0.000209,0.141981,False,0,16.9099
3,222,39,0.001261,0.000316,0.000219,0.142437,False,0,16.9104
3,223,38,0.001395,0.000349,0.000242,0.143031,True,0,16.9111
3,224,37,0.001469,0.000368,0.000253,0.143641,True,0,16.9115
3,225,36,0.001369,0.000342,0.000236,0.144285,True,0,16.9109
3,226,35,0.00131,0.000328,0.000226,0.144864,True,0,16.9106
3,227,34,0.001245,0.000312,0.000215,0.145452,True,0,16.9099
3,228,33,0.00145,0.000363,0.000252,0.146019,True,0,16.9115
3,229,32,0.001403,0.000351,0.000242,0.1466,True,0,16.9111
3,230,31,0.00144,0.000361,0.000249,0.147159,True,0,16.9113
3,231,30,0.001447,0.000362,0.00025,0.147726,True,0,16.9113
3,232,29,0.001535,0.000384,0.000265,0.148306,True,0,16.9119
3,233,28,0.001481,0.000371,0.000255,0.1489,True,0,16.9115
3,234,27,0.001522,0.000381,0.000263,0.149476,True,0,16.9118
4,52,125,2.9e-05,7e-06,5e-06,0.147931,True,0,16.8983
4,53,125,1.4e-05,3e-06,2e-06,0.145986,True,0,16.8975
4,54,125,4.7e-05,1.2e-05,9e-06,0.144355,True,0,16.8988
4,55,125,4.4e-05,1.1e-05,8e-06,0.142914,False,0,16.8988
4,56,125,5.9e-05,1.5e-05,1.1e-05,0.141633,False,0,16.8992
4,57,125,5.3e-05,1.3e-05,9e-06,0.140476,False,0,16.899
4,58,125,2.2e-05,6e-06,4e-06,0.139394,False,0,16.8978
4,59,125,2.4e-05,6e-06,5e-06,0.138422,False,0,16.8981
4,60,125,3e-05,8e-06,5e-06,0.137562,False,0,16.8983
4,61,125,7e-05,1.8e-05,1.2e-05,0.136749,False,0,16.8995
4,62,125,3.5e-05,9e-06,6e-06,0.135991,False,0,16.8985
4,63,125,2.7e-05,7e-06,5e-06,0.135257,False,0,16.8982
4,64,124,2.8e-05,7e-06,5e-06,0.134651,False,0,16.8982
4,65,123,2.3e-05,6e-06,4e-06,0.134041,False,0,16.898
4,66,122,3.2e-05,8e-06,5e-06,0.133536,False,0,16.8983
4,67,121,4.2e-05,1.1e-05,8e-06,0.133019,False,0,16.8988
4,68,120,2e-05,5e-06,3e-06,0.132533,False,0,16.8978
5,52,125,0.002338,0.000583,0.0004,0.156254,True,0,16.8765
5,53,125,0.002416,0.000603,0.000413,0.154344,True,0,16.8763
5,54,125,0.002208,0.000551,0.000376,0.152753,True,0,16.8773
5,55,125,0.002571,0.000642,0.00044,0.151393,True,0,16.8756
5,56,125,0.002242,0.00056,0.000384,0.150159,True,0,16.877
5,57,125,0.001785,0.000446,0.000307,0.14906,True,0,16.879
5,58,125,0.001952,0.000487,0.000333,0.148091,True,0,16.8785
5,59,125,0.002225,0.000556,0.000381,0.147305,True,0,16.8772
5,60,125,0.002486,0.000621,0.000425,0.146586,True,0,16.8759
5,61,125,0.002275,0.000568,0.000388,0.145921,True,0,16.8769
5,62,125,0.00261,0.000651,0.000445,0.145262,True,0,16.8755
5,63,125,0.002418,0.000603,0.000412,0.144672,True,0,16.8763
5,64,125,0.001722,0.00043,0.000294,0.144094,True,0,16.8795
5,65,125,0.002241,0.00056,0.000383,0.143579,True,0,16.877
5,66,125,0.002443,0.00061,0.000419,0.143128,True,0,16.8762
5,67,125,0.002497,0.000623,0.000426,0.142672,False,0,16.876
5,68,125,0.002061,0.000514,0.000351,0.142168,False,0,16.8779
5,69,125,0.001727,0.000431,0.000294,0.141638,False,0,16.8794
5,70,125,0.001698,0.000424,0.00029,0.14115,False,0,16.8796
5,71,125,0.001487,0.000371,0.000255,0.140672,False,0,16.8805
5,72,125,0.001415,0.000353,0.00024,0.140422,False,0,16.8812
5,73,125,0.001637,0.000409,0.000281,0.140101,False,0,16.8796
5,74,125,0.002015,0.000503,0.000345,0.139987,False,0,16.8782
5,75,125,0.002679,0.000669,0.000459,0.139848,False,0,16.8752
5,76,125,0.002529,0.000631,0.000433,0.139724,False,0,16.8758
5,77,125,0.002273,0.000567,0.000389,0.139656,False,0,16.877
5,78,125,0.002263,0.000565,0.000388,0.139611,False,0,16.8767
5,79,125,0.001356,0.000339,0.000229,0.139504,False,0,16.8815
5,80,125,0.001091,0.000273,0.000184,0.139146,False,0,16.8829
5,81,125,0.000826,0.000206,0.00014,0.138814,False,0,16.8846
5,82,125,0.000543,0.000136,9.3e-05,0.138489,False,0,16.8866
5,83,125,0.000597,0.000149,0.000102,0.138229,False,0,16.8863
5,84,125,0.000615,0.000154,0.000105,0.137936,False,0,16.8861
5,85,125,0.000769,0.000192,0.000132,0.137677,False,0,16.8851
5,86,125,0.001143,0.000285,0.000195,0.137481,False,0,16.8825
5,87,125,0.001461,0.000365,0.000248,0.13732,False,0,16.8808
5,88,125,0.001286,0.000321,0.00022,0.137123,False,0,16.8816
5,89,125,0.000912,0.000228,0.000155,0.136856,False,0,16.884
5,90,125,0.001001,0.00025,0.000172,0.136574,False,0,16.8832
5,91,125,0.001262,0.000315,0.000216,0.136374,False,0,16.8818
5,92,125,0.001655,0.000413,0.000282,0.136278,False,0,16.8799
5,93,125,0.001321,0.00033,0.000225,0.136278,False,0,16.8814
5,94,125,0.000637,0.000159,0.000109,0.136148,False,0,16.8861
5,95,125,0.000645,0.000161,0.000111,0.136077,False,0,16.8861
5,96,125,0.001151,0.000288,0.000197,0.136135,False,0,16.8824
5,97,125,0.001706,0.000426,0.00029,0.136246,False,0,16.8796
5,98,125,0.001107,0.000276,0.000188,0.13632,False,0,16.8827
5,99,125,0.000496,0.000124,8.4e-05,0.136179,False,0,16.8874
5,100,125,0.000437,0.000109,7.6e-05,0.135973,False,0,16.8876
5,101,125,0.000399,1e-04,6.8e-05,0.135736,False,0,16.8881
5,102,125,0.000363,9.1e-05,6.3e-05,0.135482,False,0,16.8884
5,103,125,0.000318,7.9e-05,5.4e-05,0.135197,False,0,16.889
5,104,125,0.000395,9.9e-05,6.8e-05,0.134874,False,0,16.8879
5,105,125,0.000532,0.000133,9.1e-05,0.134582,False,0,16.8868
5,106,125,0.000718,0.000179,0.000124,0.134357,False,0,16.8852
5,107,125,0.000647,0.000162,0.00011,0.134135,False,0,16.8858
5,108,125,0.000635,0.000159,0.000109,0.133862,False,0,16.8859
5,109,125,0.000485,0.000121,8.3e-05,0.133509,False,0,16.8871
5,110,125,0.000476,0.000119,8.1e-05,0.133186,False,0,16.8873
5,111,125,0.0003,7.5e-05,5.1e-05,0.132887,False,0,16.889
5,112,125,0.000255,6.4e-05,4.4e-05,0.132665,False,0,16.8896
5,113,125,0.000337,8.4e-05,5.7e-05,0.132445,False,0,16.8887
5,114,125,0.000434,0.000108,7.4e-05,0.132183,False,0,16.8876
5,115,124,0.000412,0.000103,7.1e-05,0.131913,False,0,16.8878
5,116,123,0.000408,0.000102,7e-05,0.131625,False,0,16.8878
5,117,122,0.000459,0.000115,7.9e-05,0.131364,False,0,16.8874
5,118,121,0.000307,7.7e-05,5.2e-05,0.131167,False,0,16.8891
5,119,120,0.000509,0.000127,8.8e-05,0.131007,False,0,16.8868
5,120,119,0.000487,0.000122,8.2e-05,0.130894,False,0,16.8873
5,121,118,0.000439,0.00011,7.5e-05,0.130731,False,0,16.8876
5,122,117,0.000417,0.000104,7.1e-05,0.130427,False,0,16.8878
5,123,116,0.000321,8e-05,5.6e-05,0.130125,False,0,16.8887
5,124,115,0.000274,6.9e-05,4.6e-05,0.129682,False,0,16.8895
5,125,114,0.000199,5e-05,3.4e-05,0.129266,False,0,16.8903
5,126,113,0.000221,5.5e-05,3.8e-05,0.128942,False,0,16.8899
5,127,112,0.000262,6.5e-05,4.5e-05,0.128622,False,0,16.8895
5,128,111,0.000393,9.8e-05,6.6e-05,0.128221,False,0,16.8881
5,129,110,0.000392,9.8e-05,6.7e-05,0.127951,False,0,16.888
5,130,109,0.000303,7.6e-05,5.1e-05,0.127784,False,0,16.8891
5,131,108,0.000237,5.9e-05,4.1e-05,0.127713,False,0,16.8898
5,132,107,0.000204,5.1e-05,3.5e-05,0.127635,False,0,16.8903
5,133,106,0.000134,3.4e-05,2.3e-05,0.127576,False,0,16.8914
5,134,105,0.000104,2.6e-05,1.8e-05,0.127496,False,0,16.8921
5,135,104,0.000183,4.6e-05,3.2e-05,0.127341,False,0,16.8905
5,136,103,0.000188,4.7e-05,3.2e-05,0.127118,False,0,16.8906
5,137,102,0.000141,3.5e-05,2.4e-05,0.126911,False,0,16.8913
5,138,101,0.000112,2.8e-05,1.9e-05,0.126752,False,0,16.8917
6,52,111,2.5e-05,6e-06,5e-06,0.145941,True,0,16.8981
6,53,110,2.2e-05,6e-06,4e-06,0.143991,True,0,16.8979
6,54,109,3e-06,1e-06,1e-06,0.142323,False,0,16.8968
6,55,108,1e-06,0.0,0.0,0.140844,False,0,16.8961
6,56,107,2e-06,0.0,0.0,0.139541,False,0,16.8957
6,57,106,1e-06,0.0,0.0,0.138379,False,0,16.8962
6,58,105,3e-06,1e-06,1e-06,0.13735,False,0,16.8968
6,59,104,8e-06,2e-06,2e-06,0.13642,False,0,16.8972
6,60,103,6e-06,2e-06,1e-06,0.135568,False,0,16.8971
6,61,102,8e-06,2e-06,1e-06,0.134763,False,0,16.8972
6,62,101,3.3e-05,8e-06,6e-06,0.134031,False,0,16.8984
6,63,100,4.1e-05,1e-05,7e-06,0.13332,False,0,16.8987
6,64,99,5.8e-05,1.5e-05,1e-05,0.132666,False,0,16.8992
7,52,125,9e-06,2e-06,1e-06,0.148414,True,0,16.8971
7,53,125,8e-06,2e-06,2e-06,0.146439,True,0,16.897
7,54,125,1.7e-05,4e-06,3e-06,0.144743,True,0,16.8977
7,55,125,3e-05,7e-06,5e-06,0.143251,True,0,16.8982
7,56,125,2e-05,5e-06,4e-06,0.14196,False,0,16.8978
7,57,125,1.4e-05,3e-06,3e-06,0.140876,False,0,16.8975
7,58,125,2.9e-05,7e-06,6e-06,0.139906,False,0,16.8982
7,59,125,3.9e-05,1e-05,7e-06,0.138973,False,0,16.8986
7,60,125,2.9e-05,7e-06,5e-06,0.138085,False,0,16.8983
7,61,125,4.2e-05,1e-05,7e-06,0.13723,False,0,16.8987
7,62,125,5e-05,1.2e-05,9e-06,0.13645,False,0,16.899
7,63,125,3.2e-05,8e-06,6e-06,0.135769,False,0,16.8983
7,64,125,9e-06,2e-06,2e-06,0.135156,False,0,16.8973
7,65,125,1.5e-05,4e-06,3e-06,0.134607,False,0,16.8976
7,66,125,2.2e-05,6e-06,5e-06,0.134067,False,0,16.8978
7,67,125,1e-05,2e-06,2e-06,0.133598,False,0,16.8973
7,68,125,7e-06,1e-06,1e-06,0.133131,False,0,16.8971
7,69,125,2.9e-05,7e-06,5e-06,0.132684,False,0,16.8982
7,70,125,3.3e-05,8e-06,6e-06,0.132249,False,0,16.8984
7,71,125,4.1e-05,1e-05,7e-06,0.131862,False,0,16.8987
7,72,125,3.1e-05,8e-06,5e-06,0.131504,False,0,16.8983
7,73,125,1.6e-05,4e-06,3e-06,0.131169,False,0,16.8976
7,74,125,2.1e-05,6e-06,4e-06,0.130863,False,0,16.898
7,75,125,4.2e-05,1.1e-05,8e-06,0.130593,False,0,16.8987
7,76,125,1.5e-05,4e-06,3e-06,0.130349,False,0,16.8976
7,77,125,7e-06,2e-06,1e-06,0.130085,False,0,16.897
7,78,125,8e-06,2e-06,1e-06,0.129811,False,0,16.8972
7,79,125,3e-05,7e-06,5e-06,0.129585,False,0,16.8983
7,80,125,5.7e-05,1.4e-05,1e-05,0.129399,False,0,16.8992
7,81,125,4.2e-05,1.1e-05,7e-06,0.129216,False,0,16.8987
7,82,125,4e-05,1e-05,7e-06,0.129093,False,0,16.8986
7,83,125,5.4e-05,1.3e-05,1e-05,0.128925,False,0,16.899
7,84,125,2.9e-05,7e-06,5e-06,0.128774,False,0,16.8982
7,85,125,2.2e-05,6e-06,4e-06,0.128565,False,0,16.898
7,86,125,3.2e-05,8e-06,5e-06,0.128435,False,0,16.8983
7,87,125,3e-05,7e-06,5e-06,0.128304,False,0,16.8983
7,88,125,3.6e-05,9e-06,7e-06,0.12819,False,0,16.8986
7,89,125,7.4e-05,1.9e-05,1.3e-05,0.128072,False,0,16.8996
7,90,125,6e-05,1.5e-05,1e-05,0.127999,False,0,16.8992
7,91,125,7.9e-05,2e-05,1.5e-05,0.127934,False,0,16.8997
7,92,125,5.9e-05,1.5e-05,1e-05,0.127854,False,0,16.8991
7,93,125,8.6e-05,2.2e-05,1.6e-05,0.127758,False,0,16.8999
7,94,125,6.8e-05,1.7e-05,1.2e-05,0.127718,False,0,16.8994
7,95,125,4.5e-05,1.1e-05,8e-06,0.127684,False,0,16.8988
7,96,125,7.5e-05,1.9e-05,1.4e-05,0.127634,False,0,16.8996
7,97,125,7.1e-05,1.8e-05,1.2e-05,0.1276,False,0,16.8994
7,98,125,7.6e-05,1.9e-05,1.3e-05,0.127547,False,0,16.8996
7,99,125,5.9e-05,1.5e-05,1e-05,0.127469,False,0,16.8992
7,100,125,7.8e-05,2e-05,1.4e-05,0.127361,False,0,16.8997
7,101,125,6.3e-05,1.6e-05,1.1e-05,0.127289,False,0,16.8993
7,102,125,4.6e-05,1.2e-05,8e-06,0.127269,False,0,16.8988
7,103,125,5.2e-05,1.3e-05,9e-06,0.127299,False,0,16.899
7,104,125,5.3e-05,1.3e-05,9e-06,0.127317,False,0,16.899
7,105,124,0.000116,2.9e-05,2e-05,0.127322,False,0,16.9005
7,106,123,8.6e-05,2.1e-05,1.5e-05,0.127308,False,0,16.8999
7,107,122,0.000105,2.6e-05,1.8e-05,0.127263,False,0,16.9003
7,108,121,0.00011,2.8e-05,1.9e-05,0.127242,False,0,16.9004
7,109,120,0.000116,2.9e-05,2e-05,0.127277,False,0,16.9005
7,110,119,0.000141,3.6e-05,2.5e-05,0.127323,False,0,16.901
7,111,118,0.000129,3.2e-05,2.2e-05,0.127346,False,0,16.9007
7,112,117,0.000136,3.4e-05,2.5e-05,0.127366,False,0,16.9009
7,113,116,0.000109,2.7e-05,1.8e-05,0.127384,False,0,16.9002
7,114,115,0.000121,3e-05,2.1e-05,0.127411,False,0,16.9006
7,115,114,0.000144,3.6e-05,2.5e-05,0.127434,False,0,16.901
7,116,113,0.000121,3e-05,2.1e-05,0.127463,False,0,16.9006
7,117,112,9.7e-05,2.4e-05,1.7e-05,0.127491,False,0,16.9001
7,118,111,9.9e-05,2.5e-05,1.7e-05,0.127571,False,0,16.9002
7,119,110,1e-04,2.5e-05,1.7e-05,0.127656,False,0,16.9001
7,120,109,0.000124,3.1e-05,2.3e-05,0.127733,False,0,16.9007
7,121,108,0.000107,2.7e-05,1.8e-05,0.127781,False,0,16.9002
7,122,107,0.000119,3e-05,2.1e-05,0.12783,False,0,16.9006
7,123,106,9.2e-05,2.3e-05,1.5e-05,0.127874,False,0,16.8999
7,124,105,0.000132,3.3e-05,2.4e-05,0.127966,False,0,16.9008
7,125,104,9.9e-05,2.5e-05,1.7e-05,0.128045,False,0,16.9001
7,126,103,8e-05,2e-05,1.4e-05,0.128117,False,0,16.8997
7,127,102,8.9e-05,2.2e-05,1.6e-05,0.128216,False,0,16.9
7,128,101,0.000138,3.4e-05,2.4e-05,0.128336,False,0,16.9009
7,129,100,0.000172,4.3e-05,3e-05,0.128469,False,0,16.9014
7,130,99,0.000205,5.1e-05,3.7e-05,0.128579,False,0,16.902
7,131,98,0.000169,4.2e-05,2.9e-05,0.128666,False,0,16.9013
7,132,97,0.000139,3.5e-05,2.4e-05,0.128702,False,0,16.9009
7,133,96,0.000102,2.6e-05,1.8e-05,0.12872,False,0,16.9002
7,134,95,0.000142,3.6e-05,2.5e-05,0.128745,False,0,16.901
7,135,94,0.000148,3.7e-05,2.6e-05,0.128849,False,0,16.9011
7,136,93,0.000108,2.7e-05,1.9e-05,0.128948,False,0,16.9003
7,137,92,8.9e-05,2.2e-05,1.5e-05,0.129066,False,0,16.8999
7,138,91,0.000133,3.3e-05,2.4e-05,0.129148,False,0,16.9008
7,139,90,0.000117,2.9e-05,2e-05,0.129233,False,0,16.9004
7,140,89,0.00013,3.2e-05,2.2e-05,0.129306,False,0,16.9007
7,141,88,0.000153,3.9e-05,2.8e-05,0.129422,False,0,16.9012
7,142,87,0.000153,3.9e-05,2.6e-05,0.129543,False,0,16.9011
7,143,86,0.000173,4.4e-05,3e-05,0.129737,False,0,16.9014
7,144,85,0.000244,6.1e-05,4.3e-05,0.129924,False,0,16.9025
7,145,84,0.000252,6.3e-05,4.3e-05,0.130085,False,0,16.9025
7,146,83,0.000239,6e-05,4.2e-05,0.130238,False,0,16.9024
7,147,82,0.000221,5.5e-05,3.9e-05,0.13035,False,0,16.9022
7,148,81,0.000207,5.2e-05,3.6e-05,0.130463,False,0,16.902
7,149,80,0.00018,4.5e-05,3.1e-05,0.130641,False,0,16.9015
7,150,79,0.000231,5.8e-05,4e-05,0.130809,False,0,16.9023
7,151,78,0.000214,5.4e-05,3.8e-05,0.131022,False,0,16.9021
7,152,77,0.000166,4.2e-05,2.9e-05,0.131196,False,0,16.9013
7,153,76,0.000195,4.9e-05,3.4e-05,0.131383,False,0,16.9018
7,154,75,0.000187,4.7e-05,3.2e-05,0.13156,False,0,16.9016
7,155,74,0.000162,4.1e-05,2.8e-05,0.131731,False,0,16.9013
7,156,73,0.000175,4.4e-05,3e-05,0.131977,False,0,16.9015
7,157,72,0.000219,5.5e-05,3.8e-05,0.132185,False,0,16.9021
7,158,71,0.000228,5.7e-05,3.9e-05,0.132378,False,0,16.9021
8,52,125,2.6e-05,7e-06,4e-06,0.145928,True,0,16.8981
8,53,125,3.6e-05,9e-06,6e-06,0.144033,True,0,16.8985
8,54,125,3.2e-05,8e-06,6e-06,0.142404,False,0,16.8984
8,55,125,1.7e-05,4e-06,3e-06,0.140984,False,0,16.8977
8,56,125,3e-06,1e-06,1e-06,0.13969,False,0,16.8966
8,57,125,5e-06,1e-06,1e-06,0.138553,False,0,16.897
8,58,125,1e-05,2e-06,2e-06,0.137494,False,0,16.8973
8,59,125,1.2e-05,3e-06,2e-06,0.136536,False,0,16.8974
8,60,125,1e-05,3e-06,2e-06,0.135651,False,0,16.8972
8,61,125,1.2e-05,3e-06,2e-06,0.134871,False,0,16.8974
8,62,125,2.3e-05,6e-06,4e-06,0.134122,False,0,16.8979
8,63,125,9e-06,2e-06,2e-06,0.133446,False,0,16.8971
8,64,125,1e-05,3e-06,2e-06,0.132814,False,0,16.8973
8,65,125,1.5e-05,4e-06,3e-06,0.13227,False,0,16.8977
8,66,125,3.5e-05,9e-06,6e-06,0.131761,False,0,16.8985
8,67,125,5e-05,1.3e-05,9e-06,0.131235,False,0,16.899
8,68,125,1.9e-05,5e-06,3e-06,0.130756,False,0,16.8977
8,69,125,1.6e-05,4e-06,3e-06,0.130282,False,0,16.8976
8,70,125,8e-06,2e-06,1e-06,0.129854,False,0,16.8972
8,71,125,1.8e-05,5e-06,3e-06,0.129439,False,0,16.8978
8,72,125,2.8e-05,7e-06,5e-06,0.129034,False,0,16.8982
8,73,125,3.9e-05,1e-05,7e-06,0.128674,False,0,16.8986
8,74,125,3.4e-05,9e-06,6e-06,0.128334,False,0,16.8985
8,75,125,2.1e-05,5e-06,4e-06,0.128014,False,0,16.8979
8,76,125,2.8e-05,7e-06,5e-06,0.127717,False,0,16.8982
8,77,125,4.2e-05,1e-05,7e-06,0.12742,False,0,16.8987
8,78,125,5.1e-05,1.3e-05,9e-06,0.127151,False,0,16.899
8,79,125,2.1e-05,5e-06,4e-06,0.126928,False,0,16.898
8,80,125,2.7e-05,6e-06,5e-06,0.12674,False,0,16.8982
8,81,125,3.2e-05,8e-06,6e-06,0.126547,False,0,16.8984
8,82,125,1.1e-05,3e-06,2e-06,0.126358,False,0,16.8972
8,83,125,1.1e-05,3e-06,2e-06,0.126156,False,0,16.8974
8,84,125,1.7e-05,4e-06,3e-06,0.125959,False,0,16.8977
8,85,125,4.7e-05,1.2e-05,8e-06,0.125775,False,0,16.8988
8,86,125,4.5e-05,1.1e-05,8e-06,0.1256,False,0,16.8988
8,87,125,6.5e-05,1.6e-05,1.1e-05,0.125474,False,0,16.8994
8,88,125,5.5e-05,1.4e-05,1e-05,0.125329,False,0,16.8991
8,89,125,4.9e-05,1.2e-05,9e-06,0.125195,False,0,16.8989
8,90,125,2.8e-05,7e-06,5e-06,0.125079,False,0,16.8982
8,91,125,3.8e-05,9e-06,7e-06,0.12498,False,0,16.8985
8,92,125,5.7e-05,1.4e-05,1e-05,0.124874,False,0,16.8992
8,93,125,7.9e-05,2e-05,1.4e-05,0.124773,False,0,16.8997
8,94,125,7.4e-05,1.8e-05,1.3e-05,0.124693,False,0,16.8995
8,95,125,7.5e-05,1.9e-05,1.4e-05,0.12461,False,0,16.8996
8,96,125,3.7e-05,9e-06,6e-06,0.124531,False,0,16.8983
8,97,125,7e-05,1.8e-05,1.3e-05,0.124455,False,0,16.8996
8,98,125,6.3e-05,1.6e-05,1.1e-05,0.124401,False,0,16.8992
8,99,125,5.6e-05,1.4e-05,1e-05,0.124355,False,0,16.8991
8,100,125,2.5e-05,6e-06,4e-06,0.124332,False,0,16.8981
8,101,125,6.4e-05,1.6e-05,1.1e-05,0.124317,False,0,16.8994
8,102,125,8.2e-05,2.1e-05,1.4e-05,0.124313,False,0,16.8998
8,103,125,5.8e-05,1.5e-05,1e-05,0.124304,False,0,16.8992
8,104,125,5.5e-05,1.4e-05,9e-06,0.12425,False,0,16.899
8,105,125,7.4e-05,1.9e-05,1.4e-05,0.124158,False,0,16.8997
8,106,125,0.000102,2.5e-05,1.8e-05,0.124165,False,0,16.9002
8,107,125,6.9e-05,1.7e-05,1.2e-05,0.124187,False,0,16.8995
8,108,125,0.000107,2.7e-05,1.9e-05,0.124212,False,0,16.9003
8,109,125,7e-05,1.8e-05,1.2e-05,0.124222,False,0,16.8995
8,110,125,8e-05,2e-05,1.4e-05,0.124262,False,0,16.8997
8,111,125,7.6e-05,1.9e-05,1.4e-05,0.124274,False,0,16.8997
8,112,125,7.3e-05,1.8e-05,1.2e-05,0.124271,False,0,16.8994
8,113,125,0.000107,2.7e-05,1.9e-05,0.124287,False,0,16.9003
8,114,125,0.000105,2.6e-05,1.8e-05,0.124313,False,0,16.9002
8,115,125,8.1e-05,2.1e-05,1.4e-05,0.124334,False,0,16.8996
8,116,125,6.8e-05,1.7e-05,1.2e-05,0.124325,False,0,16.8994
8,117,125,6.8e-05,1.7e-05,1.2e-05,0.124339,False,0,16.8994
8,118,125,9.7e-05,2.5e-05,1.7e-05,0.124328,False,0,16.9001
8,119,125,0.000116,2.9e-05,2e-05,0.124355,False,0,16.9005
8,120,125,0.000104,2.6e-05,1.8e-05,0.124394,False,0,16.9003
8,121,125,0.000144,3.6e-05,2.5e-05,0.124484,False,0,16.9009
8,122,125,0.000151,3.8e-05,2.7e-05,0.124581,False,0,16.9011
8,123,124,0.000181,4.6e-05,3.2e-05,0.12464,False,0,16.9016
8,124,123,0.000134,3.4e-05,2.3e-05,0.124691,False,0,16.9008
8,125,122,9.4e-05,2.3e-05,1.6e-05,0.124763,False,0,16.9
8,126,121,8.7e-05,2.2e-05,1.5e-05,0.124833,False,0,16.8998
8,127,120,9.5e-05,2.4e-05,1.6e-05,0.124909,False,0,16.9
8,128,119,6.3e-05,1.6e-05,1.1e-05,0.124968,False,0,16.8993
8,129,118,6.5e-05,1.6e-05,1.1e-05,0.125024,False,0,16.8994
8,130,117,7.7e-05,1.9e-05,1.3e-05,0.125055,False,0,16.8995
8,131,116,0.000159,4e-05,2.8e-05,0.125087,False,0,16.9013
8,132,115,0.000194,4.9e-05,3.4e-05,0.125159,False,0,16.9018
8,133,114,0.000178,4.4e-05,3e-05,0.125265,False,0,16.9014
8,134,113,0.000153,3.9e-05,2.6e-05,0.125393,False,0,16.901
8,135,112,0.000181,4.5e-05,3.2e-05,0.125514,False,0,16.9016
8,136,111,0.000107,2.7e-05,1.8e-05,0.125593,False,0,16.9002
8,137,110,0.000115,2.9e-05,2e-05,0.125671,False,0,16.9005
8,138,109,0.000156,3.9e-05,2.7e-05,0.125784,False,0,16.9012
8,139,108,0.000218,5.5e-05,3.8e-05,0.125908,False,0,16.9021
8,140,107,0.000233,5.9e-05,3.9e-05,0.12607,False,0,16.9022
8,141,106,0.000178,4.4e-05,3.1e-05,0.126216,False,0,16.9015
8,142,105,0.000144,3.6e-05,2.5e-05,0.126336,False,0,16.901
8,143,104,0.000103,2.6e-05,1.8e-05,0.126426,False,0,16.9002
8,144,103,0.000112,2.8e-05,2e-05,0.126487,False,0,16.9004
8,145,102,0.000138,3.4e-05,2.3e-05,0.126562,False,0,16.9008
8,146,101,0.000169,4.3e-05,3e-05,0.126687,False,0,16.9015
8,147,100,0.000138,3.5e-05,2.4e-05,0.126794,False,0,16.9009
8,148,99,0.000141,3.5e-05,2.4e-05,0.126931,False,0,16.9007
8,149,98,0.0002,5e-05,3.6e-05,0.127022,False,0,16.9019
8,150,97,0.000189,4.8e-05,3.3e-05,0.127154,False,0,16.9017
8,151,96,0.000183,4.6e-05,3.2e-05,0.127305,False,0,16.9016
8,152,95,0.000185,4.7e-05,3.2e-05,0.127428,False,0,16.9017
8,153,94,0.000158,4e-05,2.8e-05,0.127557,False,0,16.9012
8,154,93,0.000154,3.9e-05,2.6e-05,0.127701,False,0,16.9009
8,155,92,0.00016,4e-05,2.8e-05,0.12784,False,0,16.9012
8,156,91,0.00019,4.8e-05,3.3e-05,0.127919,False,0,16.9017
8,157,90,0.000193,4.8e-05,3.3e-05,0.128025,False,0,16.9017
8,158,89,0.000202,5.1e-05,3.5e-05,0.128121,False,0,16.9019
8,159,88,0.000208,5.2e-05,3.7e-05,0.1283,False,0,16.902
8,160,87,0.000236,5.9e-05,4.1e-05,0.128487,False,0,16.9023
8,161,86,0.000285,7.1e-05,4.9e-05,0.128722,False,0,16.903
8,162,85,0.000285,7.1e-05,5e-05,0.128909,False,0,16.903
8,163,84,0.000268,6.7e-05,4.6e-05,0.129081,False,0,16.9027
8,164,83,0.000203,5.1e-05,3.5e-05,0.129226,False,0,16.9019
8,165,82,0.000166,4.2e-05,2.8e-05,0.129395,False,0,16.9011
8,166,81,0.000211,5.3e-05,3.7e-05,0.12961,False,0,16.902
8,167,80,0.000241,6.1e-05,4.1e-05,0.12984,False,0,16.9024
8,168,79,0.000217,5.4e-05,3.8e-05,0.130067,False,0,16.9021
8,169,78,0.000163,4.1e-05,2.7e-05,0.130242,False,0,16.901
8,170,77,0.000228,5.7e-05,4e-05,0.130461,False,0,16.9023
8,171,76,0.000293,7.3e-05,5.1e-05,0.130634,False,0,16.9031
8,172,75,0.000284,7.1e-05,4.8e-05,0.130817,False,0,16.9029
8,173,74,0.000283,7.1e-05,4.9e-05,0.130991,False,0,16.903
8,174,73,0.000284,7.1e-05,4.8e-05,0.131216,False,0,16.9029
8,175,72,0.000286,7.2e-05,5e-05,0.131439,False,0,16.903
8,176,71,0.000264,6.6e-05,4.6e-05,0.131658,False,0,16.9027
8,177,70,0.000374,9.3e-05,6.5e-05,0.131873,False,0,16.904
8,178,69,0.000356,8.9e-05,6.1e-05,0.132097,False,0,16.9038
8,179,68,0.000365,9.2e-05,6.3e-05,0.13233,False,0,16.9039
8,180,67,0.000273,6.8e-05,4.8e-05,0.132558,False,0,16.9028
8,181,66,0.000214,5.4e-05,3.7e-05,0.132795,False,0,16.902
8,182,65,0.000247,6.2e-05,4.2e-05,0.133028,False,0,16.9023
8,183,64,0.000243,6.1e-05,4.2e-05,0.133235,False,0,16.9025
8,184,63,0.000201,5e-05,3.4e-05,0.133428,False,0,16.9017
8,185,62,0.000286,7.2e-05,5e-05,0.133633,False,0,16.903
8,186,61,0.000326,8.2e-05,5.6e-05,0.133853,False,0,16.9034
8,187,60,0.000326,8.1e-05,5.6e-05,0.134072,False,0,16.9034
8,188,59,0.000339,8.5e-05,5.9e-05,0.134295,False,0,16.9036
8,189,58,0.000354,8.9e-05,6e-05,0.134551,False,0,16.9036
8,190,57,0.000385,9.6e-05,6.6e-05,0.134794,False,0,16.904
8,191,56,0.000342,8.6e-05,5.9e-05,0.135058,False,0,16.9036
8,192,55,0.000299,7.5e-05,5.1e-05,0.13529,False,0,16.9031
9,52,125,3.7e-05,9e-06,6e-06,0.144167,True,0,16.8936
9,53,125,1.3e-05,3e-06,2e-06,0.142217,False,0,16.8946
9,54,125,2.7e-05,7e-06,5e-06,0.140568,False,0,16.894
9,55,125,4.4e-05,1.1e-05,7e-06,0.1391,False,0,16.8934
9,56,125,2.7e-05,7e-06,4e-06,0.137763,False,0,16.8942
9,57,125,2.9e-05,7e-06,5e-06,0.136561,False,0,16.8939
9,58,125,1.4e-05,4e-06,2e-06,0.135474,False,0,16.8946
9,59,125,3.7e-05,9e-06,6e-06,0.134528,False,0,16.8938
9,60,125,2.3e-05,5e-06,4e-06,0.133627,False,0,16.8942
9,61,125,1.9e-05,5e-06,3e-06,0.132803,False,0,16.8945
9,62,125,1.1e-05,3e-06,2e-06,0.132038,False,0,16.8948
9,63,125,3e-05,7e-06,5e-06,0.131349,False,0,16.8939
9,64,125,4e-05,1e-05,7e-06,0.130692,False,0,16.8936
9,65,125,5.4e-05,1.4e-05,9e-06,0.130081,False,0,16.8931
9,66,125,3.4e-05,8e-06,6e-06,0.129516,False,0,16.8937
9,67,125,3.1e-05,8e-06,5e-06,0.128968,False,0,16.894
9,68,125,2.5e-05,6e-06,5e-06,0.128446,False,0,16.894
9,69,125,5.2e-05,1.3e-05,9e-06,0.127984,False,0,16.8932
9,70,125,4.2e-05,1.1e-05,7e-06,0.12756,False,0,16.8935
9,71,125,1.7e-05,4e-06,3e-06,0.12714,False,0,16.8945
9,72,125,2e-06,1e-06,0.0,0.126752,False,0,16.8956
9,73,125,5e-06,1e-06,1e-06,0.12643,False,0,16.8953
9,74,125,7e-06,2e-06,1e-06,0.126129,False,0,16.8951
9,75,125,2.8e-05,7e-06,5e-06,0.125813,False,0,16.8942
9,76,125,1e-05,3e-06,2e-06,0.125498,False,0,16.8948
9,77,125,1.2e-05,3e-06,2e-06,0.125209,False,0,16.8948
9,78,125,7e-06,2e-06,1e-06,0.124928,False,0,16.8954
9,79,125,6e-06,2e-06,1e-06,0.124673,False,0,16.8951
9,80,125,8e-06,2e-06,1e-06,0.124469,False,0,16.8951
9,81,125,3e-06,1e-06,0.0,0.124264,False,0,16.8957
9,82,125,2e-06,0.0,0.0,0.124042,False,0,16.8964
9,83,125,0.0,0.0,0.0,0.123804,False,0,16.8961
9,84,125,1e-06,0.0,0.0,0.123597,False,0,16.8959
9,85,125,3e-06,1e-06,1e-06,0.123387,False,0,16.8955
9,86,125,1e-06,-0.0,0.0,0.123172,False,0,16.8959
9,87,125,3e-06,1e-06,1e-06,0.122995,False,0,16.8957
9,88,125,2e-06,1e-06,0.0,0.122842,False,0,16.8956
9,89,125,1.2e-05,3e-06,2e-06,0.122684,False,0,16.8947
9,90,125,3e-06,1e-06,1e-06,0.122536,False,0,16.8955
9,91,125,5e-06,1e-06,1e-06,0.122434,False,0,16.8953
9,92,125,3e-06,1e-06,1e-06,0.122313,False,0,16.8955
9,93,125,5e-06,1e-06,1e-06,0.122163,False,0,16.8952
9,94,125,3e-06,1e-06,1e-06,0.122029,False,0,16.8956
9,95,125,2e-06,1e-06,0.0,0.121911,False,0,16.8956
9,96,125,2e-06,0.0,0.0,0.121814,False,0,16.8959
9,97,125,1e-05,2e-06,2e-06,0.121733,False,0,16.8948
9,98,125,4e-06,1e-06,1e-06,0.121689,False,0,16.8953
9,99,125,1e-06,1e-06,0.0,0.121621,False,0,16.8959
9,100,125,3e-06,1e-06,1e-06,0.12154,False,0,16.896
9,101,125,1.1e-05,3e-06,2e-06,0.121476,False,0,16.8947
9,102,125,2.1e-05,5e-06,4e-06,0.121439,False,0,16.8943
9,103,125,2.8e-05,7e-06,5e-06,0.121387,False,0,16.894
9,104,125,3e-06,1e-06,1e-06,0.121309,False,0,16.896
9,105,125,4e-06,1e-06,1e-06,0.121261,False,0,16.8967
9,106,125,4e-06,1e-06,1e-06,0.121188,False,0,16.8968
9,107,125,1e-06,0.0,0.0,0.121133,False,0,16.8964
9,108,125,2e-06,0.0,0.0,0.121057,False,0,16.8959
9,109,125,1e-06,0.0,0.0,0.120995,False,0,16.8956
9,110,125,1e-06,0.0,0.0,0.120959,False,0,16.8957
9,111,125,2e-06,0.0,0.0,0.120936,False,0,16.8965
9,112,125,7e-06,2e-06,1e-06,0.120914,False,0,16.8971
9,113,125,6e-06,1e-06,1e-06,0.120889,False,0,16.897
9,114,125,1e-06,0.0,0.0,0.12087,False,0,16.896
9,115,125,1e-06,0.0,0.0,0.120868,False,0,16.8958
9,116,125,3e-06,1e-06,0.0,0.120846,False,0,16.8966
9,117,125,6e-06,2e-06,1e-06,0.120843,False,0,16.8971
9,118,125,1.1e-05,3e-06,2e-06,0.120845,False,0,16.8974
9,119,125,1.1e-05,3e-06,2e-06,0.12087,False,0,16.8974
9,120,125,2.2e-05,5e-06,4e-06,0.120876,False,0,16.898
9,121,125,2.8e-05,7e-06,5e-06,0.120904,False,0,16.8981
9,122,125,1.4e-05,4e-06,3e-06,0.120902,False,0,16.8976
9,123,125,1.3e-05,3e-06,2e-06,0.120887,False,0,16.8975
9,124,125,2.1e-05,5e-06,4e-06,0.120881,False,0,16.8979
9,125,125,9e-06,2e-06,2e-06,0.120915,False,0,16.8972
9,126,125,1.7e-05,4e-06,3e-06,0.120938,False,0,16.8977
9,127,125,3e-06,1e-06,1e-06,0.120988,False,0,16.8967
9,128,125,1e-05,2e-06,2e-06,0.121019,False,0,16.8974
9,129,125,3.5e-05,9e-06,6e-06,0.121067,False,0,16.8984
9,130,125,1e-05,3e-06,2e-06,0.121108,False,0,16.8973
9,131,125,2e-06,0.0,0.0,0.121146,False,0,16.8962
9,132,125,2e-06,1e-06,1e-06,0.121186,False,0,16.8966
9,133,125,6e-06,1e-06,1e-06,0.121205,False,0,16.8968
9,134,125,1.7e-05,5e-06,3e-06,0.121243,False,0,16.8976
9,135,125,4e-06,1e-06,1e-06,0.121293,False,0,16.8965
9,136,125,0.0,0.0,0.0,0.121351,False,0,16.8962
9,137,125,6e-06,2e-06,1e-06,0.121399,False,0,16.8966
9,138,125,1.8e-05,5e-06,3e-06,0.121424,False,0,16.8977
9,139,125,2.3e-05,6e-06,4e-06,0.121462,False,0,16.8979
9,140,125,2.6e-05,6e-06,4e-06,0.121486,False,0,16.8981
9,141,125,2.1e-05,5e-06,4e-06,0.1215,False,0,16.8979
9,142,125,1.8e-05,4e-06,3e-06,0.121506,False,0,16.8977
9,143,125,1.8e-05,4e-06,3e-06,0.121592,False,0,16.8976
9,144,125,4.3e-05,1.1e-05,8e-06,0.121698,False,0,16.8987
9,145,125,4e-05,1e-05,7e-06,0.121775,False,0,16.8986
9,146,125,3.5e-05,9e-06,6e-06,0.121815,False,0,16.8984
9,147,125,2e-05,5e-06,3e-06,0.121878,False,0,16.8976
9,148,125,3e-05,8e-06,5e-06,0.121925,False,0,16.8983
9,149,125,1e-05,3e-06,2e-06,0.121971,False,0,16.8971
9,150,125,2.4e-05,6e-06,4e-06,0.122004,False,0,16.898
9,151,125,2.1e-05,5e-06,4e-06,0.122042,False,0,16.8979
9,152,125,3.6e-05,9e-06,6e-06,0.122076,False,0,16.8985
9,153,125,2.8e-05,7e-06,5e-06,0.122148,False,0,16.8982
9,154,125,3.1e-05,8e-06,5e-06,0.122222,False,0,16.8983
9,155,125,2.4e-05,6e-06,4e-06,0.122299,False,0,16.8981
9,156,125,1.3e-05,3e-06,2e-06,0.122375,False,0,16.8975
9,157,125,2.7e-05,7e-06,5e-06,0.122426,False,0,16.8982
9,158,125,3.8e-05,1e-05,6e-06,0.12249,False,0,16.8984
9,159,125,5.4e-05,1.3e-05,1e-05,0.12258,False,0,16.8991
9,160,125,3.7e-05,9e-06,6e-06,0.122692,False,0,16.8986
9,161,125,2.5e-05,6e-06,4e-06,0.122809,False,0,16.898
9,162,125,7.8e-05,2e-05,1.3e-05,0.122897,False,0,16.8995
9,163,125,0.000131,3.3e-05,2.3e-05,0.123012,False,0,16.9008
9,164,125,0.000122,3.1e-05,2.1e-05,0.123124,False,0,16.9005
9,165,125,9.2e-05,2.3e-05,1.6e-05,0.123229,False,0,16.8999
9,166,125,7.2e-05,1.8e-05,1.2e-05,0.123313,False,0,16.8995
9,167,125,8.3e-05,2.1e-05,1.5e-05,0.123427,False,0,16.8997
9,168,125,5.9e-05,1.5e-05,1e-05,0.12353,False,0,16.899
9,169,124,5.2e-05,1.3e-05,1e-05,0.123621,False,0,16.8991
9,170,123,4.1e-05,1e-05,7e-06,0.123699,False,0,16.8985
9,171,122,4.1e-05,1e-05,7e-06,0.123755,False,0,16.8987
9,172,121,3.5e-05,8e-06,6e-06,0.123819,False,0,16.8984
9,173,120,7.1e-05,1.8e-05,1.2e-05,0.123906,False,0,16.8995
9,174,119,5.6e-05,1.4e-05,9e-06,0.123973,False,0,16.8991
9,175,118,5.9e-05,1.5e-05,1e-05,0.12404,False,0,16.899
9,176,117,6.7e-05,1.7e-05,1.2e-05,0.124109,False,0,16.8995
9,177,116,8.1e-05,2e-05,1.4e-05,0.124201,False,0,16.8995
9,178,115,8.6e-05,2.2e-05,1.5e-05,0.124323,False,0,16.8998
9,179,114,9.4e-05,2.3e-05,1.7e-05,0.124417,False,0,16.9001
9,180,113,5.9e-05,1.5e-05,1e-05,0.124517,False,0,16.8991
9,181,112,5.9e-05,1.5e-05,1e-05,0.124607,False,0,16.8991
9,182,111,7.1e-05,1.8e-05,1.3e-05,0.124686,False,0,16.8995
9,183,110,3.8e-05,9e-06,6e-06,0.12477,False,0,16.8985
9,184,109,5e-05,1.3e-05,9e-06,0.124852,False,0,16.8989
9,185,108,7.3e-05,1.8e-05,1.3e-05,0.12493,False,0,16.8996
9,186,107,9.2e-05,2.3e-05,1.6e-05,0.125031,False,0,16.9
9,187,106,7.5e-05,1.9e-05,1.3e-05,0.125149,False,0,16.8996
9,188,105,6.1e-05,1.5e-05,1e-05,0.125278,False,0,16.8991
9,189,104,5.2e-05,1.3e-05,9e-06,0.125374,False,0,16.899
9,190,103,5.2e-05,1.3e-05,9e-06,0.125466,False,0,16.899
9,191,102,4.6e-05,1.1e-05,8e-06,0.125554,False,0,16.8988
9,192,101,6.4e-05,1.6e-05,1.1e-05,0.125655,False,0,16.8993
9,193,100,1e-04,2.5e-05,1.7e-05,0.125719,False,0,16.9002
9,194,99,7.2e-05,1.8e-05,1.2e-05,0.125768,False,0,16.8994
9,195,98,8e-05,2e-05,1.4e-05,0.125847,False,0,16.8998
9,196,97,6.7e-05,1.6e-05,1.1e-05,0.12594,False,0,16.8993
9,197,96,6.3e-05,1.6e-05,1.1e-05,0.12604,False,0,16.8993
9,198,95,8.6e-05,2.2e-05,1.5e-05,0.126137,False,0,16.8998
9,199,94,0.000109,2.7e-05,1.9e-05,0.126269,False,0,16.9003
9,200,93,0.00014,3.5e-05,2.4e-05,0.126405,False,0,16.9009
9,201,92,0.000127,3.2e-05,2.2e-05,0.126556,False,0,16.9006
9,202,91,0.000101,2.5e-05,1.8e-05,0.126683,False,0,16.9002
9,203,90,0.000105,2.6e-05,1.8e-05,0.126819,False,0,16.9001
9,204,89,0.000114,2.8e-05,2e-05,0.126927,False,0,16.9004
9,205,88,0.000126,3.1e-05,2.1e-05,0.12704,False,0,16.9005
9,206,87,0.000163,4.1e-05,2.9e-05,0.127181,False,0,16.9013
9,207,86,0.000188,4.7e-05,3.2e-05,0.127322,False,0,16.9016
9,208,85,0.000197,4.9e-05,3.5e-05,0.127461,False,0,16.9018
9,209,84,0.00019,4.8e-05,3.3e-05,0.127578,False,0,16.9017
9,210,83,0.000129,3.2e-05,2.2e-05,0.127701,False,0,16.9006
9,211,82,0.00013,3.3e-05,2.3e-05,0.127852,False,0,16.9007
9,212,81,0.000188,4.7e-05,3.2e-05,0.128003,False,0,16.9017
9,213,80,0.000153,3.8e-05,2.6e-05,0.128081,False,0,16.901
9,214,79,0.000144,3.6e-05,2.5e-05,0.128162,False,0,16.901
9,215,78,0.000179,4.5e-05,3.1e-05,0.128314,False,0,16.9015
9,216,77,0.000279,7e-05,4.8e-05,0.128476,False,0,16.9029
9,217,76,0.000301,7.5e-05,5.3e-05,0.128648,False,0,16.9032
9,218,75,0.000244,6.1e-05,4.2e-05,0.128772,False,0,16.9025
9,219,74,0.000204,5.1e-05,3.5e-05,0.128954,False,0,16.9018
9,220,73,0.0002,5e-05,3.5e-05,0.129104,False,0,16.9018
9,221,72,0.000196,4.9e-05,3.4e-05,0.129304,False,0,16.9017
9,222,71,0.000288,7.2e-05,5e-05,0.129507,False,0,16.903
9,223,70,0.000268,6.7e-05,4.7e-05,0.129704,False,0,16.9028
9,224,69,0.000203,5.1e-05,3.4e-05,0.129888,False,0,16.9018
9,225,68,0.000211,5.3e-05,3.6e-05,0.130066,False,0,16.902
9,226,67,0.000176,4.4e-05,3.1e-05,0.13023,False,0,16.9015
9,227,66,0.000193,4.9e-05,3.3e-05,0.130369,False,0,16.9017
9,228,65,0.000205,5.2e-05,3.5e-05,0.130525,False,0,16.9018
9,229,64,0.000282,7.1e-05,4.9e-05,0.130734,False,0,16.9029
9,230,63,0.000269,6.7e-05,4.7e-05,0.130957,False,0,16.9028
9,231,62,0.000218,5.4e-05,3.7e-05,0.131156,False,0,16.902
9,232,61,0.000231,5.8e-05,4e-05,0.131358,False,0,16.9022
9,233,60,0.000284,7.1e-05,4.9e-05,0.131596,False,0,16.9029
9,234,59,0.000297,7.4e-05,5.1e-05,0.131844,False,0,16.9031
9,235,58,0.000224,5.6e-05,3.9e-05,0.132066,False,0,16.9022
9,236,57,0.000225,5.6e-05,3.9e-05,0.132239,False,0,16.9022
9,237,56,0.000219,5.5e-05,3.8e-05,0.132426,False,0,16.9021
9,238,55,0.000321,8.1e-05,5.5e-05,0.132649,False,0,16.9033
10,52,125,6e-06,2e-06,1e-06,0.144055,True,0,16.8953
10,53,125,4e-06,1e-06,1e-06,0.142083,False,0,16.8955
10,54,125,4e-06,1e-06,1e-06,0.140418,False,0,16.8953
10,55,125,5e-06,1e-06,1e-06,0.138978,False,0,16.8957
10,56,125,2e-06,0.0,0.0,0.137707,False,0,16.8957
10,57,125,9e-06,2e-06,1e-06,0.136539,False,0,16.8949
10,58,125,6e-06,1e-06,1e-06,0.135491,False,0,16.8952
10,59,125,1.3e-05,3e-06,2e-06,0.134532,False,0,16.895
10,60,125,1.3e-05,3e-06,2e-06,0.133685,False,0,16.8947
10,61,125,7e-06,2e-06,1e-06,0.132892,False,0,16.8954
10,62,125,3e-06,1e-06,0.0,0.132146,False,0,16.8957
10,63,125,3e-06,1e-06,1e-06,0.131432,False,0,16.8954
10,64,125,1e-06,0.0,0.0,0.1308,False,0,16.8958
10,65,125,6e-06,2e-06,1e-06,0.130196,False,0,16.8966
10,66,125,1e-06,0.0,0.0,0.129612,False,0,16.8962
10,67,125,3e-06,1e-06,1e-06,0.129077,False,0,16.8964
10,68,125,1e-06,0.0,0.0,0.128581,False,0,16.8959
10,69,125,3e-06,1e-06,1e-06,0.128122,False,0,16.8966
10,70,125,8e-06,2e-06,2e-06,0.127705,False,0,16.897
10,71,125,1e-06,0.0,0.0,0.127285,False,0,16.8958
10,72,125,6e-06,2e-06,1e-06,0.12689,False,0,16.8953
10,73,124,8e-06,2e-06,1e-06,0.126511,False,0,16.8951
10,74,123,2.2e-05,6e-06,4e-06,0.126148,False,0,16.8942
10,75,122,1e-05,3e-06,2e-06,0.125792,False,0,16.8948
10,76,121,2e-06,0.0,0.0,0.125435,False,0,16.8956
10,77,120,1e-06,0.0,0.0,0.125104,False,0,16.8959
10,78,119,1e-06,0.0,0.0,0.124809,False,0,16.896
10,79,118,7e-06,2e-06,2e-06,0.124591,False,0,16.8961
10,80,117,4e-06,1e-06,1e-06,0.124386,False,0,16.8954
10,81,116,5e-06,1e-06,1e-06,0.124159,False,0,16.8953
10,82,115,2e-06,1e-06,0.0,0.123944,False,0,16.8965
10,83,114,2e-06,1e-06,0.0,0.123719,False,0,16.8967
10,84,113,6e-06,1e-06,1e-06,0.123536,False,0,16.8968
10,85,112,2.8e-05,7e-06,5e-06,0.123384,False,0,16.8982
10,86,111,2.3e-05,6e-06,4e-06,0.123221,False,0,16.898
10,87,110,2.8e-05,7e-06,5e-06,0.123093,False,0,16.8982
10,88,109,2.3e-05,6e-06,4e-06,0.122958,False,0,16.898
10,89,108,1.3e-05,3e-06,2e-06,0.122837,False,0,16.8974
10,90,107,2.7e-05,7e-06,5e-06,0.122741,False,0,16.8982
10,91,106,1.5e-05,4e-06,3e-06,0.122632,False,0,16.8977
10,92,105,1.2e-05,3e-06,2e-06,0.122515,False,0,16.8975
10,93,104,4e-06,1e-06,1e-06,0.122387,False,0,16.8968
10,94,103,2e-06,1e-06,0.0,0.122286,False,0,16.8966
10,95,102,2e-06,0.0,0.0,0.122199,False,0,16.8964
10,96,101,2.2e-05,5e-06,4e-06,0.122083,False,0,16.898
10,97,100,3.1e-05,8e-06,5e-06,0.122022,False,0,16.898
10,98,99,4.7e-05,1.2e-05,8e-06,0.121962,False,0,16.8989
10,99,98,2.7e-05,7e-06,4e-06,0.121897,False,0,16.8981
10,100,97,4.2e-05,1.1e-05,7e-06,0.121845,False,0,16.8987
10,101,96,2.9e-05,7e-06,5e-06,0.121799,False,0,16.8983
10,102,95,2.1e-05,6e-06,4e-06,0.121764,False,0,16.8978
10,103,94,1.2e-05,3e-06,2e-06,0.121742,False,0,16.8975
10,104,93,1e-05,2e-06,2e-06,0.121701,False,0,16.8973
10,105,92,3e-06,1e-06,0.0,0.12163,False,0,16.8962
10,106,91,5e-06,1e-06,1e-06,0.121584,False,0,16.897
10,107,90,9e-06,2e-06,2e-06,0.121546,False,0,16.8973
10,108,89,1.3e-05,3e-06,2e-06,0.121508,False,0,16.8974
10,109,88,2.5e-05,6e-06,4e-06,0.121466,False,0,16.8981
10,110,87,3.6e-05,9e-06,7e-06,0.121443,False,0,16.8985
10,111,86,4.1e-05,1e-05,7e-06,0.121462,False,0,16.8986
10,112,85,5.7e-05,1.5e-05,1e-05,0.121482,False,0,16.8992
10,113,84,9.3e-05,2.3e-05,1.6e-05,0.121512,False,0,16.8999
10,114,83,3.7e-05,9e-06,6e-06,0.121511,False,0,16.8985
10,115,82,3.1e-05,8e-06,5e-06,0.121497,False,0,16.8983
10,116,81,2.3e-05,6e-06,4e-06,0.121512,False,0,16.898
10,117,80,1.9e-05,5e-06,3e-06,0.12154,False,0,16.8978
10,118,79,6.7e-05,1.7e-05,1.2e-05,0.121597,False,0,16.8994
10,119,78,6.3e-05,1.6e-05,1.1e-05,0.121626,False,0,16.8993
10,120,77,3.8e-05,1e-05,7e-06,0.12163,False,0,16.8986
10,121,76,2e-05,5e-06,4e-06,0.121638,False,0,16.8979
10,122,75,2.1e-05,5e-06,3e-06,0.121664,False,0,16.8977
10,123,74,3.3e-05,8e-06,6e-06,0.121713,False,0,16.8983
10,124,73,4.7e-05,1.2e-05,9e-06,0.121767,False,0,16.8989
10,125,72,6.8e-05,1.7e-05,1.2e-05,0.121847,False,0,16.8994
10,126,71,0.000102,2.6e-05,1.7e-05,0.121933,False,0,16.9001
10,127,70,0.000148,3.7e-05,2.5e-05,0.122027,False,0,16.901
10,128,69,0.000168,4.2e-05,2.9e-05,0.122102,False,0,16.9014
10,129,68,0.000132,3.3e-05,2.3e-05,0.122161,False,0,16.9007
10,130,67,0.000128,3.2e-05,2.2e-05,0.12221,False,0,16.9007
10,131,66,0.000154,3.9e-05,2.6e-05,0.122307,False,0,16.9011
11,52,125,1.9e-05,5e-06,3e-06,0.148661,True,0,16.8977
11,53,125,6.6e-05,1.7e-05,1.2e-05,0.146723,True,0,16.8994
11,54,125,5e-05,1.2e-05,9e-06,0.145044,True,0,16.899
11,55,125,6.5e-05,1.7e-05,1.1e-05,0.14356,True,0,16.8993
11,56,124,5.4e-05,1.3e-05,9e-06,0.142251,False,0,16.899
11,57,123,9.5e-05,2.4e-05,1.7e-05,0.141126,False,0,16.9001
11,58,122,6.3e-05,1.6e-05,1.1e-05,0.140159,False,0,16.8992
11,59,121,6.9e-05,1.7e-05,1.2e-05,0.139267,False,0,16.8995
11,60,120,4.8e-05,1.2e-05,8e-06,0.138437,False,0,16.8988
11,61,119,4.4e-05,1.1e-05,8e-06,0.137678,False,0,16.8988
11,62,118,7.1e-05,1.8e-05,1.2e-05,0.136958,False,0,16.8995
11,63,117,0.000129,3.2e-05,2.2e-05,0.136305,False,0,16.9007
11,64,116,8.6e-05,2.2e-05,1.4e-05,0.135695,False,0,16.8997
11,65,115,9.8e-05,2.4e-05,1.7e-05,0.135113,False,0,16.9001
11,66,114,8e-05,2e-05,1.4e-05,0.134566,False,0,16.8998
11,67,113,9.6e-05,2.4e-05,1.6e-05,0.134085,False,0,16.9
11,68,112,7.7e-05,1.9e-05,1.3e-05,0.133628,False,0,16.8996
11,69,111,0.000108,2.7e-05,1.9e-05,0.133207,False,0,16.9004
11,70,110,7.4e-05,1.9e-05,1.3e-05,0.132784,False,0,16.8995
11,71,109,7.2e-05,1.8e-05,1.2e-05,0.132403,False,0,16.8994
11,72,108,8.6e-05,2.1e-05,1.5e-05,0.131998,False,0,16.8999
11,73,107,8.3e-05,2.1e-05,1.4e-05,0.131619,False,0,16.8997
11,74,106,9.2e-05,2.3e-05,1.6e-05,0.131265,False,0,16.9
11,75,105,0.000118,3e-05,2e-05,0.131015,False,0,16.9005
11,76,104,0.000156,3.9e-05,2.7e-05,0.130766,False,0,16.9012
11,77,103,0.000119,3e-05,2.1e-05,0.130548,False,0,16.9005
11,78,102,6e-05,1.5e-05,1e-05,0.130302,False,0,16.8992
11,79,101,6.5e-05,1.7e-05,1.1e-05,0.130069,False,0,16.8994
11,80,100,8.5e-05,2.1e-05,1.5e-05,0.129855,False,0,16.8999
11,81,99,7.4e-05,1.8e-05,1.3e-05,0.12969,False,0,16.8995
11,82,98,0.000133,3.3e-05,2.3e-05,0.129574,False,0,16.9008
11,83,97,0.000117,2.9e-05,2e-05,0.129447,False,0,16.9004
11,84,96,0.000118,2.9e-05,2.1e-05,0.129295,False,0,16.9005
11,85,95,0.000122,3.1e-05,2.1e-05,0.129139,False,0,16.9005
11,86,94,0.000113,2.8e-05,2e-05,0.129023,False,0,16.9004
11,87,93,0.000106,2.7e-05,1.8e-05,0.128945,False,0,16.9002
11,88,92,0.00014,3.5e-05,2.4e-05,0.128865,False,0,16.9009
11,89,91,0.000131,3.3e-05,2.2e-05,0.128788,False,0,16.9007
11,90,90,0.000173,4.4e-05,3e-05,0.128722,False,0,16.9015
11,91,89,0.000228,5.7e-05,4e-05,0.128701,False,0,16.9023
11,92,88,0.00022,5.5e-05,3.8e-05,0.128672,False,0,16.902
11,93,87,0.00022,5.5e-05,3.8e-05,0.12865,False,0,16.9021
11,94,86,0.000195,4.9e-05,3.4e-05,0.128588,False,0,16.9018
11,95,85,0.000137,3.4e-05,2.3e-05,0.128472,False,0,16.9007
11,96,84,0.000165,4.1e-05,2.8e-05,0.128445,False,0,16.9012
11,97,83,0.000191,4.8e-05,3.3e-05,0.128467,False,0,16.9017
11,98,82,0.0002,5e-05,3.5e-05,0.128508,False,0,16.9018
11,99,81,0.000143,3.6e-05,2.4e-05,0.128505,False,0,16.9008
11,100,80,0.000157,3.9e-05,2.7e-05,0.128496,False,0,16.9012
11,101,79,0.000154,3.9e-05,2.6e-05,0.128521,False,0,16.901
11,102,78,0.000189,4.7e-05,3.3e-05,0.128574,False,0,16.9017
11,103,77,0.000187,4.7e-05,3.2e-05,0.128624,False,0,16.9015
12,52,125,1.2e-05,3e-06,2e-06,0.146195,True,0,16.8973
12,53,125,4e-06,1e-06,1e-06,0.14432,True,0,16.8968
12,54,125,1.8e-05,5e-06,4e-06,0.142661,False,0,16.8976
12,55,125,2.1e-05,5e-06,4e-06,0.141196,False,0,16.8979
12,56,125,1.3e-05,3e-06,3e-06,0.139843,False,0,16.8974
12,57,125,3e-06,1e-06,1e-06,0.138626,False,0,16.8962
12,58,125,1e-06,0.0,0.0,0.137548,False,0,16.8961
12,59,125,1e-06,0.0,0.0,0.136562,False,0,16.896
12,60,125,5e-06,1e-06,1e-06,0.135631,False,0,16.8968
12,61,125,1.2e-05,3e-06,2e-06,0.1348,False,0,16.8974
12,62,125,7e-06,2e-06,1e-06,0.134016,False,0,16.8971
12,63,125,1e-05,2e-06,2e-06,0.13332,False,0,16.8973
12,64,125,1.6e-05,4e-06,3e-06,0.13268,False,0,16.8976
12,65,125,2.6e-05,6e-06,5e-06,0.132119,False,0,16.8982
12,66,125,2.1e-05,5e-06,4e-06,0.131636,False,0,16.8979
12,67,125,1e-05,2e-06,2e-06,0.131146,False,0,16.8973
12,68,125,4e-06,1e-06,1e-06,0.130671,False,0,16.8967
12,69,125,5e-06,1e-06,1e-06,0.130224,False,0,16.8963
12,70,125,7e-06,1e-06,1e-06,0.129798,False,0,16.8971
12,71,125,1.8e-05,4e-06,3e-06,0.129425,False,0,16.8977
12,72,125,2.7e-05,6e-06,5e-06,0.129067,False,0,16.8982
12,73,125,2.3e-05,6e-06,4e-06,0.128715,False,0,16.898
12,74,125,8e-06,2e-06,1e-06,0.128407,False,0,16.8972
12,75,125,9e-06,2e-06,2e-06,0.128123,False,0,16.8973
12,76,125,1.8e-05,4e-06,3e-06,0.127811,False,0,16.8978
12,77,125,4.1e-05,1e-05,7e-06,0.127516,False,0,16.8987
12,78,125,3.7e-05,9e-06,7e-06,0.127262,False,0,16.8986
12,79,125,3.4e-05,8e-06,6e-06,0.127064,False,0,16.8984
12,80,125,1.5e-05,4e-06,2e-06,0.126875,False,0,16.8974
12,81,125,2.9e-05,7e-06,6e-06,0.126657,False,0,16.8982
12,82,125,7e-06,2e-06,2e-06,0.126455,False,0,16.897
12,83,125,1.2e-05,3e-06,2e-06,0.126253,False,0,16.8974
12,84,125,5.1e-05,1.3e-05,1e-05,0.126063,False,0,16.8989
12,85,125,3.4e-05,9e-06,6e-06,0.125857,False,0,16.8984
12,86,125,2.2e-05,6e-06,4e-06,0.125737,False,0,16.8979
12,87,125,3.7e-05,9e-06,7e-06,0.125611,False,0,16.8986
12,88,125,4.6e-05,1.1e-05,8e-06,0.125484,False,0,16.8987
12,89,125,4.6e-05,1.1e-05,8e-06,0.12535,False,0,16.8988
12,90,125,3.4e-05,8e-06,6e-06,0.125249,False,0,16.8984
12,91,125,2.8e-05,7e-06,5e-06,0.12516,False,0,16.8982
12,92,125,3.2e-05,8e-06,6e-06,0.125094,False,0,16.8984
12,93,125,7.2e-05,1.8e-05,1.3e-05,0.125025,False,0,16.8995
12,94,125,7.7e-05,1.9e-05,1.3e-05,0.124987,False,0,16.8997
12,95,125,4.9e-05,1.2e-05,8e-06,0.12494,False,0,16.8989
12,96,125,6.1e-05,1.5e-05,1.1e-05,0.124914,False,0,16.8992
12,97,125,4.8e-05,1.2e-05,8e-06,0.124896,False,0,16.8988
12,98,125,5.4e-05,1.4e-05,1e-05,0.124867,False,0,16.8991
12,99,125,8.3e-05,2.1e-05,1.4e-05,0.124839,False,0,16.8998
12,100,125,6.6e-05,1.7e-05,1.2e-05,0.124788,False,0,16.8994
12,101,125,3.7e-05,9e-06,6e-06,0.124736,False,0,16.8984
12,102,125,3.7e-05,1e-05,7e-06,0.124713,False,0,16.8986
12,103,125,4.9e-05,1.2e-05,9e-06,0.124666,False,0,16.899
12,104,125,9e-05,2.3e-05,1.6e-05,0.124679,False,0,16.9
12,105,125,1e-04,2.5e-05,1.8e-05,0.124707,False,0,16.9002
12,106,125,5.7e-05,1.4e-05,1e-05,0.124718,False,0,16.8991
12,107,125,3.2e-05,8e-06,6e-06,0.12471,False,0,16.8984
12,108,125,8e-05,2e-05,1.4e-05,0.124725,False,0,16.8997
12,109,125,7e-05,1.8e-05,1.2e-05,0.12478,False,0,16.8995
12,110,125,7.9e-05,2e-05,1.4e-05,0.12483,False,0,16.8997
12,111,125,8.7e-05,2.2e-05,1.6e-05,0.124873,False,0,16.8999
12,112,125,0.000101,2.5e-05,1.7e-05,0.124927,False,0,16.9001
12,113,125,0.000114,2.9e-05,2e-05,0.124982,False,0,16.9005
12,114,125,9e-05,2.3e-05,1.5e-05,0.125019,False,0,16.8999
12,115,125,6.7e-05,1.7e-05,1.2e-05,0.125012,False,0,16.8994
12,116,125,7.8e-05,2e-05,1.4e-05,0.124985,False,0,16.8997
12,117,125,0.000111,2.8e-05,2e-05,0.124968,False,0,16.9004
12,118,125,0.000105,2.6e-05,1.8e-05,0.12496,False,0,16.9002
12,119,125,0.00011,2.8e-05,1.9e-05,0.124974,False,0,16.9004
12,120,125,6.1e-05,1.5e-05,1.1e-05,0.125002,False,0,16.8993
12,121,125,7.1e-05,1.8e-05,1.2e-05,0.12498,False,0,16.8995
12,122,125,8.8e-05,2.2e-05,1.5e-05,0.124976,False,0,16.8999
12,123,125,7.9e-05,2e-05,1.4e-05,0.125021,False,0,16.8997
12,124,125,0.000121,3e-05,2.1e-05,0.125109,False,0,16.9006
12,125,125,0.000111,2.8e-05,1.9e-05,0.125174,False,0,16.9003
12,126,125,0.000129,3.2e-05,2.2e-05,0.125252,False,0,16.9007
12,127,125,8.9e-05,2.2e-05,1.5e-05,0.125303,False,0,16.8998
12,128,125,0.00014,3.5e-05,2.4e-05,0.125354,False,0,16.9009
12,129,125,0.000137,3.4e-05,2.4e-05,0.125353,False,0,16.9009
12,130,125,0.000108,2.7e-05,1.8e-05,0.125363,False,0,16.9002
12,131,125,9.6e-05,2.4e-05,1.7e-05,0.125394,False,0,16.9
12,132,125,8.4e-05,2.1e-05,1.4e-05,0.125459,False,0,16.8998
12,133,125,0.000105,2.6e-05,1.8e-05,0.125535,False,0,16.9002
12,134,125,0.000112,2.8e-05,2e-05,0.125599,False,0,16.9004
12,135,125,9.4e-05,2.4e-05,1.6e-05,0.125681,False,0,16.9
12,136,125,0.000122,3.1e-05,2.1e-05,0.125733,False,0,16.9006
12,137,124,0.000162,4.1e-05,2.9e-05,0.125793,False,0,16.9013
12,138,123,0.000155,3.9e-05,2.6e-05,0.125857,False,0,16.9011
12,139,122,0.000173,4.4e-05,3.1e-05,0.125963,False,0,16.9015
12,140,121,0.000125,3.1e-05,2.1e-05,0.126053,False,0,16.9005
12,141,120,0.000119,3e-05,2.1e-05,0.126133,False,0,16.9005
12,142,119,7.9e-05,2e-05,1.4e-05,0.126185,False,0,16.8997
12,143,118,0.000131,3.3e-05,2.3e-05,0.126239,False,0,16.9008
12,144,117,0.000127,3.2e-05,2.2e-05,0.126297,False,0,16.9006
12,145,116,0.000179,4.5e-05,3.1e-05,0.126369,False,0,16.9015
12,146,115,0.000158,4e-05,2.8e-05,0.126488,False,0,16.9012
13,52,125,2.5e-05,6e-06,4e-06,0.145763,True,0,16.898
13,53,125,7e-06,2e-06,1e-06,0.143843,True,0,16.8971
13,54,125,2.9e-05,7e-06,5e-06,0.142211,False,0,16.8983
13,55,125,3e-05,8e-06,5e-06,0.140743,False,0,16.8983
13,56,124,1.9e-05,5e-06,4e-06,0.139416,False,0,16.8979
13,57,123,1.2e-05,3e-06,2e-06,0.138234,False,0,16.8975
13,58,122,1.6e-05,4e-06,3e-06,0.137162,False,0,16.8977
13,59,121,2.2e-05,6e-06,4e-06,0.13619,False,0,16.898
13,60,120,1.4e-05,4e-06,2e-06,0.135299,False,0,16.8975
13,61,119,2.1e-05,5e-06,4e-06,0.134501,False,0,16.898
13,62,118,3.9e-05,1e-05,7e-06,0.133793,False,0,16.8986
13,63,117,2.3e-05,6e-06,4e-06,0.133141,False,0,16.8979
13,64,116,3.3e-05,8e-06,6e-06,0.132547,False,0,16.8983
13,65,115,4.1e-05,1e-05,7e-06,0.131983,False,0,16.8987
14,52,125,2.6e-05,7e-06,5e-06,0.146198,True,0,16.8981
14,53,125,1.3e-05,3e-06,2e-06,0.144274,True,0,16.8974
14,54,125,1.8e-05,5e-06,3e-06,0.142615,False,0,16.8977
14,55,125,1.5e-05,4e-06,3e-06,0.141146,False,0,16.8976
14,56,125,1.1e-05,3e-06,2e-06,0.139825,False,0,16.8972
14,57,125,2.3e-05,6e-06,4e-06,0.138657,False,0,16.8979
14,58,125,7e-05,1.8e-05,1.2e-05,0.137629,False,0,16.8995
14,59,125,4.5e-05,1.1e-05,8e-06,0.136661,False,0,16.8988
14,60,125,2.9e-05,7e-06,5e-06,0.135761,False,0,16.8982
14,61,125,2.1e-05,5e-06,4e-06,0.134899,False,0,16.8979
14,62,125,2e-05,5e-06,4e-06,0.134135,False,0,16.8979
14,63,125,1e-05,2e-06,2e-06,0.133454,False,0,16.8973
14,64,125,2.3e-05,6e-06,4e-06,0.132848,False,0,16.898
14,65,125,5.4e-05,1.3e-05,9e-06,0.132274,False,0,16.899
14,66,125,7.3e-05,1.8e-05,1.3e-05,0.131695,False,0,16.8996
14,67,125,8e-05,2e-05,1.4e-05,0.131157,False,0,16.8997
14,68,125,6.9e-05,1.7e-05,1.2e-05,0.130663,False,0,16.8995
14,69,125,7.4e-05,1.9e-05,1.3e-05,0.130225,False,0,16.8996
14,70,125,1.4e-05,4e-06,2e-06,0.129786,False,0,16.8974
14,71,125,2.9e-05,7e-06,5e-06,0.129379,False,0,16.8983
14,72,125,3.2e-05,8e-06,6e-06,0.128984,False,0,16.8984
14,73,125,6.4e-05,1.6e-05,1e-05,0.128615,False,0,16.8992
14,74,125,7e-05,1.8e-05,1.3e-05,0.128273,False,0,16.8995
14,75,125,9.5e-05,2.4e-05,1.6e-05,0.127933,False,0,16.9
14,76,124,8.7e-05,2.2e-05,1.5e-05,0.127636,False,0,16.8999
14,77,123,7.2e-05,1.8e-05,1.2e-05,0.12736,False,0,16.8995
14,78,122,8.5e-05,2.1e-05,1.5e-05,0.127143,False,0,16.8999
14,79,121,0.000107,2.7e-05,1.9e-05,0.126962,False,0,16.9003
14,80,120,7.1e-05,1.8e-05,1.2e-05,0.126776,False,0,16.8995
14,81,119,4.9e-05,1.2e-05,8e-06,0.126603,False,0,16.8987
14,82,118,4.9e-05,1.2e-05,9e-06,0.126453,False,0,16.8989
14,83,117,8.5e-05,2.1e-05,1.5e-05,0.126278,False,0,16.8998
14,84,116,0.000105,2.6e-05,1.8e-05,0.126122,False,0,16.9003
14,85,115,0.00013,3.3e-05,2.3e-05,0.125978,False,0,16.9007
14,86,114,0.000106,2.6e-05,1.8e-05,0.125836,False,0,16.9003
14,87,113,9.7e-05,2.4e-05,1.7e-05,0.125713,False,0,16.9001
14,88,112,6.3e-05,1.6e-05,1.1e-05,0.125563,False,0,16.8992
14,89,111,5.9e-05,1.5e-05,1e-05,0.125439,False,0,16.8992
14,90,110,3.2e-05,8e-06,5e-06,0.125319,False,0,16.8982
14,91,109,4.4e-05,1.1e-05,7e-06,0.125204,False,0,16.8987
14,92,108,6.2e-05,1.5e-05,1e-05,0.125136,False,0,16.8992
14,93,107,8.4e-05,2.1e-05,1.5e-05,0.125033,False,0,16.8998
14,94,106,9.2e-05,2.3e-05,1.6e-05,0.124964,False,0,16.9
14,95,105,0.000113,2.9e-05,1.9e-05,0.124934,False,0,16.9003
14,96,104,0.000127,3.2e-05,2.3e-05,0.1249,False,0,16.9007
14,97,103,0.000141,3.5e-05,2.5e-05,0.124867,False,0,16.9009
14,98,102,0.000115,2.9e-05,2e-05,0.124843,False,0,16.9004
14,99,101,0.000104,2.6e-05,1.8e-05,0.124856,False,0,16.9002
14,100,100,0.000136,3.4e-05,2.4e-05,0.124883,False,0,16.9008
14,101,99,9.7e-05,2.5e-05,1.7e-05,0.124897,False,0,16.9001
14,102,98,7e-05,1.8e-05,1.2e-05,0.1249,False,0,16.8994
14,103,97,8e-05,2e-05,1.5e-05,0.124927,False,0,16.8997
14,104,96,8.6e-05,2.2e-05,1.5e-05,0.124939,False,0,16.8998
14,105,95,0.000139,3.5e-05,2.4e-05,0.124939,False,0,16.9009
14,106,94,0.000125,3.1e-05,2.2e-05,0.12498,False,0,16.9006
14,107,93,0.000184,4.6e-05,3.2e-05,0.125023,False,0,16.9017
14,108,92,0.000143,3.6e-05,2.4e-05,0.125024,False,0,16.9009
14,109,91,0.000146,3.7e-05,2.5e-05,0.125036,False,0,16.9009
14,110,90,0.000117,2.9e-05,2.1e-05,0.125109,False,0,16.9005
14,111,89,0.000148,3.7e-05,2.6e-05,0.125185,False,0,16.901
14,112,88,0.000108,2.7e-05,1.8e-05,0.125253,False,0,16.9003
14,113,87,0.00013,3.3e-05,2.3e-05,0.125328,False,0,16.9008
14,114,86,0.000112,2.8e-05,1.9e-05,0.125389,False,0,16.9003
14,115,85,0.000147,3.7e-05,2.6e-05,0.125436,False,0,16.901
14,116,84,0.000126,3.2e-05,2.1e-05,0.125496,False,0,16.9005
14,117,83,0.000178,4.5e-05,3.1e-05,0.125557,False,0,16.9016
14,118,82,0.000159,4e-05,2.7e-05,0.125585,False,0,16.9012
14,119,81,0.000126,3.2e-05,2.2e-05,0.125604,False,0,16.9006
14,120,80,0.000116,2.9e-05,2e-05,0.125661,False,0,16.9004
14,121,79,0.000115,2.9e-05,2e-05,0.125756,False,0,16.9004
14,122,78,0.00021,5.3e-05,3.7e-05,0.125894,False,0,16.902
14,123,77,0.000306,7.7e-05,5.4e-05,0.126024,False,0,16.9033
14,124,76,0.00033,8.3e-05,5.7e-05,0.126238,False,0,16.9035
14,125,75,0.000295,7.4e-05,5.2e-05,0.126398,False,0,16.9031
14,126,74,0.000256,6.4e-05,4.4e-05,0.126557,False,0,16.9025
14,127,73,0.000213,5.3e-05,3.7e-05,0.126694,False,0,16.902
14,128,72,0.000227,5.7e-05,4e-05,0.126867,False,0,16.9023
14,129,71,0.000175,4.4e-05,2.9e-05,0.126986,False,0,16.9013
14,130,70,0.000172,4.3e-05,3e-05,0.127084,False,0,16.9015
14,131,69,0.000196,4.9e-05,3.4e-05,0.127195,False,0,16.9018
14,132,68,0.000217,5.4e-05,3.8e-05,0.127351,False,0,16.9021
14,133,67,0.000227,5.7e-05,3.9e-05,0.127484,False,0,16.9022
14,134,66,0.000224,5.6e-05,3.9e-05,0.127604,False,0,16.9022
14,135,65,0.000189,4.7e-05,3.2e-05,0.12773,False,0,16.9016
14,136,64,0.00023,5.8e-05,4e-05,0.12789,False,0,16.9023
14,137,63,0.000321,8e-05,5.6e-05,0.128074,False,0,16.9034
14,138,62,0.000287,7.2e-05,5e-05,0.128282,False,0,16.903
14,139,61,0.000237,5.9e-05,4.1e-05,0.128459,False,0,16.9024
14,140,60,0.000191,4.8e-05,3.2e-05,0.128681,False,0,16.9016
14,141,59,0.000264,6.6e-05,4.6e-05,0.128902,False,0,16.9027
14,142,58,0.000264,6.6e-05,4.5e-05,0.129125,False,0,16.9026
14,143,57,0.000312,7.8e-05,5.4e-05,0.129384,False,0,16.9032
14,144,56,0.000414,0.000104,7.2e-05,0.12964,False,0,16.9044
14,145,55,0.00039,9.8e-05,6.7e-05,0.129824,False,0,16.9041
14,146,54,0.000314,7.9e-05,5.4e-05,0.130015,False,0,16.9032
14,147,53,0.000268,6.7e-05,4.7e-05,0.130237,False,0,16.9027
14,148,52,0.00027,6.8e-05,4.6e-05,0.130504,False,0,16.9027
14,149,51,0.000246,6.2e-05,4.3e-05,0.130739,False,0,16.9024
14,150,50,0.000293,7.3e-05,5e-05,0.130894,False,0,16.903
14,151,49,0.000279,7e-05,4.8e-05,0.131041,False,0,16.9028
14,152,48,0.000211,5.3e-05,3.6e-05,0.131209,False,0,16.9018
14,153,47,0.000225,5.6e-05,3.9e-05,0.131416,False,0,16.9021
14,154,46,0.000268,6.7e-05,4.6e-05,0.131636,False,0,16.9027
14,155,45,0.000331,8.3e-05,5.7e-05,0.131888,False,0,16.9034
14,156,44,0.000401,1e-04,6.9e-05,0.132141,False,0,16.9042
14,157,43,0.000366,9.1e-05,6.4e-05,0.132372,False,0,16.9039
14,158,42,0.000325,8.2e-05,5.6e-05,0.132667,False,0,16.9033
14,159,41,0.000426,0.000107,7.4e-05,0.132975,False,0,16.9045
14,160,40,0.000444,0.000111,7.7e-05,0.133283,False,0,16.9047
14,161,39,0.000366,9.2e-05,6.3e-05,0.133553,False,0,16.9038
14,162,38,0.000306,7.7e-05,5.2e-05,0.133874,False,0,16.9031
14,163,37,0.000388,9.7e-05,6.7e-05,0.134197,False,0,16.9041
14,164,36,0.000452,0.000113,7.7e-05,0.134648,False,0,16.9046
14,165,35,0.000532,0.000133,9.4e-05,0.135103,False,0,16.9056
14,166,34,0.000486,0.000122,8.3e-05,0.135543,False,0,16.9049
14,167,33,0.000429,0.000107,7.4e-05,0.135892,False,0,16.9045
14,168,32,0.000397,9.9e-05,6.7e-05,0.136278,False,0,16.904
14,169,31,0.000401,1e-04,6.9e-05,0.136655,False,0,16.9043
15,52,125,0.000295,7.4e-05,5e-05,0.144524,True,0,16.8893
15,53,125,0.000226,5.7e-05,3.8e-05,0.142587,False,0,16.8901
15,54,125,0.000239,6e-05,4.1e-05,0.14092,False,0,16.8898
15,55,125,0.000207,5.2e-05,3.5e-05,0.139465,False,0,16.8902
15,56,125,0.000246,6.2e-05,4.1e-05,0.138179,False,0,16.8898
15,57,125,0.000212,5.3e-05,3.6e-05,0.137007,False,0,16.8901
15,58,125,0.000324,8.1e-05,5.5e-05,0.135927,False,0,16.8889
15,59,125,0.000315,7.9e-05,5.3e-05,0.134941,False,0,16.8889
15,60,125,0.000322,8.1e-05,5.5e-05,0.134063,False,0,16.8888
15,61,125,0.000235,5.9e-05,4e-05,0.13327,False,0,16.8899
15,62,125,0.00027,6.7e-05,4.6e-05,0.132522,False,0,16.8895
15,63,125,0.000262,6.6e-05,4.6e-05,0.131814,False,0,16.8894
15,64,125,0.000299,7.5e-05,5e-05,0.131167,False,0,16.8892
15,65,125,0.000235,5.9e-05,4e-05,0.130556,False,0,16.8898
15,66,125,0.000211,5.3e-05,3.5e-05,0.129969,False,0,16.8902
15,67,125,0.000152,3.8e-05,2.6e-05,0.129467,False,0,16.8911
15,68,125,0.000187,4.7e-05,3.2e-05,0.128988,False,0,16.8906
15,69,125,0.000183,4.6e-05,3.1e-05,0.128546,False,0,16.8906
15,70,125,0.000185,4.6e-05,3.1e-05,0.12809,False,0,16.8905
15,71,125,0.000156,3.9e-05,2.6e-05,0.127667,False,0,16.8912
15,72,125,0.000177,4.4e-05,3e-05,0.127292,False,0,16.8906
15,73,125,0.000233,5.8e-05,3.9e-05,0.12695,False,0,16.89
15,74,125,0.000181,4.5e-05,3.1e-05,0.126615,False,0,16.8907
15,75,125,0.000209,5.3e-05,3.5e-05,0.126284,False,0,16.8902
15,76,125,0.000144,3.6e-05,2.4e-05,0.125981,False,0,16.8914
15,77,125,0.000118,3e-05,2e-05,0.12569,False,0,16.8916
15,78,125,5.7e-05,1.5e-05,1e-05,0.125433,False,0,16.8931
15,79,125,0.000101,2.5e-05,1.7e-05,0.125159,False,0,16.8919
15,80,125,0.000219,5.5e-05,3.7e-05,0.124925,False,0,16.8902
15,81,125,0.000238,6e-05,4.1e-05,0.124733,False,0,16.8898
15,82,125,0.000205,5.1e-05,3.4e-05,0.124548,False,0,16.8904
15,83,125,0.000236,5.9e-05,4e-05,0.124378,False,0,16.8899
15,84,125,0.000161,4e-05,2.7e-05,0.12418,False,0,16.8909
15,85,125,0.00023,5.7e-05,3.9e-05,0.124006,False,0,16.89
15,86,125,0.000143,3.6e-05,2.4e-05,0.12386,False,0,16.8913
15,87,125,0.000189,4.7e-05,3.2e-05,0.123721,False,0,16.8904
15,88,125,0.00013,3.2e-05,2.2e-05,0.123569,False,0,16.8915
15,89,125,0.000139,3.5e-05,2.3e-05,0.123418,False,0,16.8914
15,90,125,0.000124,3.1e-05,2.1e-05,0.123301,False,0,16.8916
15,91,125,0.000137,3.5e-05,2.3e-05,0.123204,False,0,16.8913
15,92,125,0.000108,2.7e-05,1.8e-05,0.123087,False,0,16.892
15,93,125,0.00013,3.3e-05,2.2e-05,0.122979,False,0,16.8914
15,94,125,0.000162,4.1e-05,2.7e-05,0.12284,False,0,16.891
15,95,125,0.00013,3.3e-05,2.1e-05,0.122737,False,0,16.8916
15,96,124,5.9e-05,1.5e-05,1e-05,0.122618,False,0,16.893
15,97,123,5.5e-05,1.4e-05,9e-06,0.122535,False,0,16.8933
15,98,122,0.000121,3e-05,2.1e-05,0.122472,False,0,16.8916
15,99,121,0.000103,2.6e-05,1.7e-05,0.122415,False,0,16.892
15,100,120,7.4e-05,1.9e-05,1.3e-05,0.122333,False,0,16.8926
15,101,119,5.3e-05,1.3e-05,9e-06,0.122271,False,0,16.8932
15,102,118,5.9e-05,1.5e-05,1e-05,0.122219,False,0,16.8931
15,103,117,5.3e-05,1.3e-05,9e-06,0.122173,False,0,16.8932
15,104,116,6.3e-05,1.6e-05,1.1e-05,0.12212,False,0,16.8929
15,105,115,9.5e-05,2.4e-05,1.6e-05,0.12205,False,0,16.8921
15,106,114,8.2e-05,2.1e-05,1.3e-05,0.121979,False,0,16.8925
15,107,113,5.5e-05,1.4e-05,9e-06,0.121912,False,0,16.8931
15,108,112,2.5e-05,6e-06,4e-06,0.121876,False,0,16.8942
15,109,111,5e-05,1.2e-05,9e-06,0.121867,False,0,16.8932
15,110,110,2.7e-05,7e-06,4e-06,0.121864,False,0,16.8941
15,111,109,2.3e-05,5e-06,4e-06,0.121841,False,0,16.8942
15,112,108,1.6e-05,4e-06,3e-06,0.121808,False,0,16.8947
16,52,125,0.001626,0.000406,0.00028,0.152753,True,0,16.8797
16,53,125,0.00184,0.00046,0.000317,0.150772,True,0,16.8787
16,54,125,0.002053,0.000513,0.000354,0.149062,True,0,16.8776
16,55,125,0.00196,0.000489,0.000336,0.147573,True,0,16.8781
16,56,125,0.001707,0.000426,0.000291,0.146235,True,0,16.8794
16,57,125,0.001492,0.000373,0.000258,0.14504,True,0,16.8804
16,58,124,0.001664,0.000416,0.000286,0.143923,True,0,16.8796
16,59,123,0.001678,0.000419,0.000288,0.142902,False,0,16.8795
16,60,122,0.001581,0.000395,0.000272,0.141976,False,0,16.8799
16,61,121,0.001884,0.000471,0.000322,0.14116,False,0,16.8785
16,62,120,0.001879,0.000469,0.000322,0.140376,False,0,16.8785
16,63,119,0.001967,0.000491,0.000339,0.139683,False,0,16.878
16,64,118,0.001807,0.000451,0.00031,0.139012,False,0,16.8789
16,65,117,0.001997,0.000499,0.000341,0.13842,False,0,16.878
16,66,116,0.001711,0.000428,0.000294,0.137847,False,0,16.8793
16,67,115,0.001475,0.000369,0.000251,0.137306,False,0,16.8807
16,68,114,0.001345,0.000336,0.00023,0.136786,False,0,16.8813
16,69,113,0.001618,0.000404,0.000277,0.13629,False,0,16.8797
16,70,112,0.001658,0.000414,0.000283,0.135835,False,0,16.8797
16,71,111,0.001645,0.000411,0.000283,0.1354,False,0,16.8795
16,72,110,0.001279,0.00032,0.000217,0.134965,False,0,16.8817
16,73,109,0.000954,0.000238,0.000163,0.134542,False,0,16.8837
16,74,108,0.001157,0.000289,0.000197,0.134165,False,0,16.8824
16,75,107,0.001359,0.00034,0.000232,0.133819,False,0,16.8813
16,76,106,0.001656,0.000414,0.000284,0.133489,False,0,16.8796
16,77,105,0.001606,0.000401,0.000275,0.133187,False,0,16.8799
16,78,104,0.001442,0.00036,0.000248,0.132924,False,0,16.8807
16,79,103,0.001495,0.000373,0.000258,0.132674,False,0,16.8803
16,80,102,0.001413,0.000353,0.000242,0.132475,False,0,16.881
16,81,101,0.001321,0.00033,0.000227,0.132256,False,0,16.8813
16,82,100,0.001386,0.000346,0.000237,0.13201,False,0,16.8811
16,83,99,0.001409,0.000352,0.00024,0.131759,False,0,16.881
16,84,98,0.001678,0.000419,0.000286,0.131564,False,0,16.8796
16,85,97,0.001585,0.000396,0.000274,0.131479,False,0,16.8799
16,86,96,0.001856,0.000464,0.000317,0.131421,False,0,16.8788
16,87,95,0.001926,0.000481,0.00033,0.131314,False,0,16.8783
16,88,94,0.001445,0.000361,0.000247,0.131203,False,0,16.8807
16,89,93,0.00153,0.000382,0.00026,0.131068,False,0,16.8804
16,90,92,0.001325,0.000331,0.000227,0.130974,False,0,16.8814
16,91,91,0.001721,0.00043,0.000294,0.130935,False,0,16.8794
16,92,90,0.001331,0.000333,0.000227,0.130844,False,0,16.8814
16,93,89,0.001026,0.000256,0.000175,0.130717,False,0,16.8833
16,94,88,0.000848,0.000212,0.000145,0.130569,False,0,16.8844
16,95,87,0.001165,0.000291,0.0002,0.130471,False,0,16.8823
16,96,86,0.001534,0.000383,0.000261,0.13046,False,0,16.8804
16,97,85,0.001802,0.00045,0.000308,0.130518,False,0,16.8788
16,98,84,0.001269,0.000317,0.000216,0.130703,False,0,16.882
16,99,83,0.001607,0.000401,0.000276,0.130776,False,0,16.8797
16,100,82,0.001768,0.000441,0.000301,0.130926,False,0,16.8793
16,101,81,0.001704,0.000426,0.000291,0.13105,False,0,16.8794
16,102,80,0.001218,0.000304,0.000209,0.131256,False,0,16.8822
16,103,79,0.001299,0.000325,0.000222,0.131368,False,0,16.8814
16,104,78,0.000714,0.000179,0.000121,0.131368,False,0,16.8855
16,105,77,0.000551,0.000138,9.4e-05,0.131288,False,0,16.8867
16,106,76,0.000684,0.000171,0.000117,0.131239,False,0,16.8856
16,107,75,0.000694,0.000174,0.000118,0.131155,False,0,16.8855
16,108,74,0.000471,0.000117,8e-05,0.131041,False,0,16.8874
16,109,73,0.00041,0.000102,6.9e-05,0.130922,False,0,16.888
16,110,72,0.000381,9.5e-05,6.5e-05,0.130793,False,0,16.8881
16,111,71,0.000424,0.000106,7.2e-05,0.130659,False,0,16.8878
16,112,70,0.000506,0.000126,8.6e-05,0.130559,False,0,16.887
16,113,69,0.0006,0.00015,0.000102,0.130484,False,0,16.8863
16,114,68,0.000597,0.000149,0.000102,0.130436,False,0,16.8861
16,115,67,0.000483,0.00012,8.2e-05,0.130368,False,0,16.8872
16,116,66,0.000487,0.000122,8.3e-05,0.130294,False,0,16.8871
16,117,65,0.000401,1e-04,6.8e-05,0.130182,False,0,16.8881
16,118,64,0.000332,8.3e-05,5.7e-05,0.130053,False,0,16.8887
16,119,63,0.000218,5.5e-05,3.7e-05,0.129922,False,0,16.8902
16,120,62,0.000256,6.4e-05,4.3e-05,0.129826,False,0,16.8896
16,121,61,0.00026,6.5e-05,4.5e-05,0.129732,False,0,16.8894
16,122,60,0.000227,5.7e-05,3.8e-05,0.129629,False,0,16.8901
16,123,59,0.000151,3.8e-05,2.6e-05,0.129524,False,0,16.891
16,124,58,0.000124,3.1e-05,2.1e-05,0.129402,False,0,16.8916
16,125,57,0.000181,4.5e-05,3.1e-05,0.129306,False,0,16.8906
16,126,56,0.000285,7.1e-05,4.8e-05,0.129232,False,0,16.8893
17,52,125,0.000121,3e-05,2.1e-05,0.144365,True,0,16.8916
17,53,125,1e-04,2.5e-05,1.7e-05,0.142452,False,0,16.892
17,54,125,6e-05,1.5e-05,1e-05,0.140753,False,0,16.8932
17,55,125,0.000112,2.8e-05,1.9e-05,0.139238,False,0,16.8918
17,56,125,0.000135,3.4e-05,2.3e-05,0.13793,False,0,16.8915
17,57,125,0.000179,4.5e-05,3.1e-05,0.136728,False,0,16.8906
17,58,125,0.000101,2.5e-05,1.7e-05,0.135684,False,0,16.8922
17,59,125,8.7e-05,2.2e-05,1.5e-05,0.134719,False,0,16.8923
17,60,125,4.7e-05,1.2e-05,8e-06,0.133831,False,0,16.8934
17,61,125,5.6e-05,1.4e-05,9e-06,0.132956,False,0,16.8931
17,62,125,5.4e-05,1.4e-05,9e-06,0.132128,False,0,16.8932
17,63,125,7.6e-05,1.9e-05,1.3e-05,0.131392,False,0,16.8928
17,64,125,8.8e-05,2.2e-05,1.5e-05,0.130732,False,0,16.8923
17,65,125,0.000101,2.5e-05,1.7e-05,0.130129,False,0,16.892
17,66,125,4.6e-05,1.1e-05,8e-06,0.12955,False,0,16.8935
17,67,125,3.8e-05,9e-06,6e-06,0.129008,False,0,16.8939
17,68,125,7.6e-05,1.9e-05,1.3e-05,0.128513,False,0,16.8925
17,69,125,9.9e-05,2.5e-05,1.7e-05,0.128063,False,0,16.8921
17,70,125,0.00012,3e-05,2.1e-05,0.127627,False,0,16.8915
17,71,125,4e-05,1e-05,7e-06,0.12724,False,0,16.8938
17,72,125,4.9e-05,1.2e-05,8e-06,0.12685,False,0,16.8934
17,73,125,1.7e-05,4e-06,3e-06,0.12652,False,0,16.8949
17,74,125,8e-06,2e-06,1e-06,0.126201,False,0,16.8951
17,75,125,2.1e-05,5e-06,4e-06,0.12587,False,0,16.8942
17,76,125,3.6e-05,9e-06,6e-06,0.125522,False,0,16.8936
17,77,125,3.8e-05,1e-05,6e-06,0.125229,False,0,16.8937
17,78,125,1.7e-05,4e-06,3e-06,0.124962,False,0,16.8944
17,79,125,9e-06,2e-06,2e-06,0.124683,False,0,16.8957
17,80,125,2.9e-05,7e-06,5e-06,0.124387,False,0,16.8939
17,81,125,2.7e-05,7e-06,5e-06,0.124125,False,0,16.894
17,82,125,2.8e-05,7e-06,5e-06,0.123896,False,0,16.894
17,83,125,2.4e-05,6e-06,4e-06,0.123705,False,0,16.8941
17,84,125,3.2e-05,8e-06,5e-06,0.123561,False,0,16.8938
17,85,125,5e-05,1.2e-05,8e-06,0.123379,False,0,16.8934
17,86,125,3.6e-05,9e-06,6e-06,0.123184,False,0,16.8937
17,87,125,4.8e-05,1.2e-05,8e-06,0.123003,False,0,16.8934
17,88,125,1.2e-05,3e-06,2e-06,0.122882,False,0,16.8947
17,89,125,3e-06,1e-06,0.0,0.122746,False,0,16.8956
17,90,125,5e-06,1e-06,1e-06,0.122629,False,0,16.8956
17,91,125,3e-06,1e-06,1e-06,0.122501,False,0,16.8953
17,92,125,6e-06,2e-06,1e-06,0.122397,False,0,16.8952
17,93,125,6e-06,1e-06,1e-06,0.122282,False,0,16.8953
17,94,125,2.8e-05,7e-06,5e-06,0.122161,False,0,16.8939
17,95,125,1.2e-05,3e-06,2e-06,0.122067,False,0,16.8948
17,96,125,2.9e-05,7e-06,5e-06,0.122013,False,0,16.8939
17,97,125,1.7e-05,4e-06,3e-06,0.121958,False,0,16.8944
17,98,125,1.2e-05,3e-06,2e-06,0.121861,False,0,16.8947
17,99,125,4e-06,1e-06,1e-06,0.121759,False,0,16.8953
17,100,125,2e-05,5e-06,3e-06,0.121678,False,0,16.8945
17,101,125,4e-06,1e-06,1e-06,0.121638,False,0,16.8953
17,102,125,4e-06,1e-06,1e-06,0.121571,False,0,16.8956
17,103,125,1e-05,2e-06,2e-06,0.121511,False,0,16.8948
17,104,125,1e-05,2e-06,2e-06,0.12145,False,0,16.8949
17,105,125,3e-06,1e-06,1e-06,0.121399,False,0,16.8954
17,106,125,6e-06,2e-06,1e-06,0.121383,False,0,16.8952
17,107,125,1.3e-05,3e-06,2e-06,0.121369,False,0,16.8947
17,108,125,7e-06,2e-06,1e-06,0.121328,False,0,16.8951
17,109,125,1.4e-05,3e-06,2e-06,0.1213,False,0,16.8946
17,110,125,2.2e-05,5e-06,3e-06,0.121289,False,0,16.8943
17,111,125,2.8e-05,7e-06,5e-06,0.121262,False,0,16.8939
17,112,125,8e-06,2e-06,1e-06,0.121229,False,0,16.895
17,113,125,1e-06,0.0,0.0,0.121209,False,0,16.8958
17,114,125,1.4e-05,3e-06,2e-06,0.121217,False,0,16.8946
17,115,125,1.7e-05,4e-06,3e-06,0.121205,False,0,16.8944
17,116,125,2.1e-05,5e-06,4e-06,0.121225,False,0,16.8943
17,117,125,1.2e-05,3e-06,2e-06,0.121219,False,0,16.8947
17,118,125,6e-06,2e-06,1e-06,0.121208,False,0,16.8952
17,119,125,0.0,-0.0,0.0,0.121194,False,0,16.8961
17,120,125,2e-06,0.0,0.0,0.121213,False,0,16.8956
17,121,125,5e-06,1e-06,1e-06,0.121241,False,0,16.896
17,122,125,1e-06,0.0,0.0,0.121287,False,0,16.896
17,123,125,3e-06,1e-06,1e-06,0.121281,False,0,16.896
17,124,125,2e-06,0.0,0.0,0.121248,False,0,16.8961
17,125,125,8e-06,2e-06,2e-06,0.121271,False,0,16.8951
17,126,125,3e-06,1e-06,1e-06,0.121324,False,0,16.8961
17,127,125,1.5e-05,4e-06,3e-06,0.121368,False,0,16.8946
17,128,125,1.6e-05,4e-06,3e-06,0.121405,False,0,16.8946
17,129,125,2.4e-05,6e-06,4e-06,0.121392,False,0,16.8942
17,130,125,8e-06,2e-06,1e-06,0.121396,False,0,16.8949
17,131,125,2e-06,0.0,0.0,0.121395,False,0,16.8957
17,132,125,5e-06,1e-06,1e-06,0.121411,False,0,16.8955
17,133,125,1e-06,0.0,0.0,0.121425,False,0,16.896
17,134,125,5e-06,1e-06,1e-06,0.121415,False,0,16.8967
17,135,125,3e-06,1e-06,0.0,0.121431,False,0,16.8955
17,136,125,6e-06,1e-06,1e-06,0.121449,False,0,16.8955
17,137,125,1e-05,2e-06,2e-06,0.121501,False,0,16.8949
17,138,125,5e-06,1e-06,1e-06,0.121508,False,0,16.8952
17,139,125,4e-06,1e-06,1e-06,0.121545,False,0,16.8954
17,140,125,1e-06,0.0,0.0,0.12156,False,0,16.8959
17,141,125,4e-06,1e-06,1e-06,0.121564,False,0,16.8953
17,142,125,2e-06,0.0,0.0,0.121581,False,0,16.896
17,143,125,1e-06,0.0,0.0,0.121591,False,0,16.8961
17,144,125,4e-06,1e-06,1e-06,0.121646,False,0,16.8967
17,145,125,1e-06,0.0,0.0,0.121653,False,0,16.8964
17,146,125,2e-06,0.0,1e-06,0.121687,False,0,16.8962
17,147,125,2e-06,0.0,0.0,0.121704,False,0,16.8965
17,148,125,6e-06,2e-06,1e-06,0.121744,False,0,16.8951
17,149,125,5e-06,1e-06,1e-06,0.121775,False,0,16.8953
17,150,125,0.0,0.0,0.0,0.121816,False,0,16.8961
17,151,125,2e-06,1e-06,0.0,0.121859,False,0,16.8966
17,152,125,7e-06,2e-06,2e-06,0.121931,False,0,16.8971
17,153,125,5e-06,1e-06,1e-06,0.122023,False,0,16.8952
17,154,125,1e-06,0.0,0.0,0.122116,False,0,16.8957
17,155,125,4e-06,1e-06,1e-06,0.122165,False,0,16.8954
17,156,125,1e-06,-0.0,0.0,0.1222,False,0,16.8962
17,157,125,2e-06,0.0,0.0,0.122241,False,0,16.8956
17,158,125,1.1e-05,3e-06,2e-06,0.122289,False,0,16.8948
17,159,125,7e-06,2e-06,1e-06,0.12234,False,0,16.8951
17,160,125,5e-06,1e-06,1e-06,0.12239,False,0,16.8967
17,161,125,3e-06,1e-06,1e-06,0.122459,False,0,16.8968
17,162,125,2e-06,0.0,1e-06,0.122533,False,0,16.8961
17,163,125,1e-06,0.0,0.0,0.122586,False,0,16.8965
17,164,125,1e-06,0.0,0.0,0.122632,False,0,16.8964
17,165,125,3e-06,1e-06,1e-06,0.122722,False,0,16.8965
17,166,125,2e-06,1e-06,1e-06,0.122827,False,0,16.8955
17,167,125,3e-06,1e-06,0.0,0.122905,False,0,16.8955
17,168,125,1e-06,0.0,0.0,0.122995,False,0,16.8962
17,169,125,1e-05,2e-06,2e-06,0.123066,False,0,16.8954
17,170,125,3e-06,1e-06,1e-06,0.12313,False,0,16.8967
17,171,125,8e-06,2e-06,1e-06,0.123175,False,0,16.8972
17,172,125,8e-06,2e-06,2e-06,0.12323,False,0,16.8972
17,173,125,1e-06,0.0,0.0,0.123305,False,0,16.8962
17,174,125,2e-06,0.0,0.0,0.123401,False,0,16.8962
17,175,125,1e-06,0.0,0.0,0.123461,False,0,16.8958
17,176,125,1e-06,0.0,0.0,0.123538,False,0,16.8964
17,177,125,2e-06,1e-06,0.0,0.123613,False,0,16.8966
17,178,125,1.9e-05,5e-06,4e-06,0.123699,False,0,16.8979
17,179,125,1e-06,0.0,0.0,0.123776,False,0,16.8962
17,180,125,1e-06,0.0,0.0,0.123871,False,0,16.8959
17,181,125,9e-06,2e-06,2e-06,0.123961,False,0,16.8949
17,182,125,2e-06,0.0,0.0,0.12406,False,0,16.8958
17,183,125,6e-06,1e-06,1e-06,0.124161,False,0,16.897
17,184,125,1e-05,2e-06,2e-06,0.12424,False,0,16.8973
17,185,125,1.9e-05,5e-06,4e-06,0.124334,False,0,16.8979
17,186,125,1.9e-05,5e-06,3e-06,0.124411,False,0,16.8976
17,187,125,2e-05,5e-06,4e-06,0.124495,False,0,16.8979
17,188,125,8e-06,2e-06,2e-06,0.124591,False,0,16.897
17,189,125,6e-06,1e-06,1e-06,0.124689,False,0,16.897
17,190,125,1.7e-05,4e-06,3e-06,0.124777,False,0,16.8977
17,191,125,1.9e-05,5e-06,3e-06,0.124862,False,0,16.8978
17,192,125,1e-05,3e-06,2e-06,0.124941,False,0,16.8973
17,193,125,9e-06,2e-06,2e-06,0.125006,False,0,16.8971
17,194,125,1.5e-05,4e-06,3e-06,0.125072,False,0,16.8976
17,195,125,1.2e-05,3e-06,2e-06,0.125144,False,0,16.8975
17,196,125,3e-06,1e-06,1e-06,0.125232,False,0,16.8965
17,197,125,1.3e-05,3e-06,3e-06,0.125306,False,0,16.8975
17,198,125,2.4e-05,6e-06,4e-06,0.125378,False,0,16.8981
17,199,125,3.7e-05,9e-06,7e-06,0.12547,False,0,16.8985
17,200,125,2.7e-05,7e-06,5e-06,0.125564,False,0,16.8982
17,201,125,1.8e-05,5e-06,3e-06,0.125667,False,0,16.8977
17,202,125,2.5e-05,6e-06,5e-06,0.125734,False,0,16.8981
17,203,125,1.3e-05,3e-06,2e-06,0.125818,False,0,16.8975
17,204,125,2e-05,5e-06,4e-06,0.125881,False,0,16.8979
17,205,125,1.7e-05,4e-06,3e-06,0.125979,False,0,16.8977
17,206,125,1.6e-05,4e-06,3e-06,0.126045,False,0,16.8977
17,207,125,3.6e-05,9e-06,7e-06,0.12611,False,0,16.8986
17,208,125,8e-06,2e-06,2e-06,0.126188,False,0,16.8972
17,209,125,2.9e-05,7e-06,5e-06,0.126282,False,0,16.8982
17,210,125,1.6e-05,4e-06,3e-06,0.126384,False,0,16.8974
17,211,125,2.1e-05,5e-06,4e-06,0.126455,False,0,16.8978
17,212,125,1e-05,3e-06,2e-06,0.126528,False,0,16.8973
17,213,125,2.1e-05,5e-06,4e-06,0.126622,False,0,16.8979
17,214,125,1.7e-05,4e-06,3e-06,0.126702,False,0,16.8978
17,215,125,1e-05,3e-06,2e-06,0.126764,False,0,16.897
17,216,125,2.2e-05,5e-06,4e-06,0.12681,False,0,16.8979
17,217,125,1.9e-05,5e-06,4e-06,0.126889,False,0,16.8978
17,218,125,4.5e-05,1.1e-05,8e-06,0.126981,False,0,16.8988
17,219,125,5.6e-05,1.4e-05,1e-05,0.127066,False,0,16.8991
17,220,125,5.1e-05,1.3e-05,9e-06,0.127144,False,0,16.899
17,221,125,2.2e-05,5e-06,4e-06,0.127209,False,0,16.8979
17,222,125,5.5e-05,1.4e-05,1e-05,0.127267,False,0,16.8991
17,223,125,4.2e-05,1.1e-05,7e-06,0.12737,False,0,16.8987
17,224,125,4.6e-05,1.2e-05,8e-06,0.127433,False,0,16.8988
17,225,125,2.4e-05,6e-06,4e-06,0.127533,False,0,16.8979
17,226,125,6.8e-05,1.7e-05,1.3e-05,0.127615,False,0,16.8994
17,227,125,5.4e-05,1.4e-05,9e-06,0.127708,False,0,16.899
17,228,125,6e-05,1.5e-05,1.1e-05,0.127768,False,0,16.8992
17,229,125,4e-05,1e-05,7e-06,0.127843,False,0,16.8985
17,230,125,8.3e-05,2.1e-05,1.5e-05,0.127937,False,0,16.8998
18,52,125,0.001508,0.000376,0.000259,0.154071,True,0,16.8805
18,53,125,0.002461,0.000615,0.000421,0.152437,True,0,16.876
18,54,125,0.001924,0.000481,0.000329,0.151065,True,0,16.8783
18,55,125,0.001067,0.000267,0.000182,0.149676,True,0,16.8829
18,56,125,0.000782,0.000196,0.000134,0.148314,True,0,16.8849
18,57,125,0.000832,0.000208,0.000142,0.147096,True,0,16.8844
18,58,125,0.000502,0.000125,8.6e-05,0.145998,True,0,16.8871
18,59,125,0.000338,8.4e-05,5.8e-05,0.144923,True,0,16.8886
18,60,125,0.00052,0.00013,8.9e-05,0.144071,True,0,16.8872
18,61,125,0.001094,0.000273,0.000189,0.143316,True,0,16.8827
18,62,125,0.00176,0.00044,0.000299,0.14263,False,0,16.8793
18,63,125,0.001632,0.000408,0.000276,0.142008,False,0,16.8798
18,64,125,0.001023,0.000256,0.000175,0.141485,False,0,16.8834
18,65,125,0.001221,0.000305,0.000209,0.140844,False,0,16.8821
18,66,125,0.001425,0.000356,0.000244,0.140327,False,0,16.8808
18,67,125,0.00079,0.000197,0.000135,0.13974,False,0,16.8848
18,68,125,0.000634,0.000158,0.000108,0.139192,False,0,16.8859
18,69,125,0.000545,0.000136,9.4e-05,0.138548,False,0,16.8867
18,70,125,0.000679,0.00017,0.000117,0.137961,False,0,16.8855
18,71,125,0.000757,0.000189,0.000129,0.13752,False,0,16.8851
18,72,125,0.000937,0.000234,0.000162,0.137166,False,0,16.8836
18,73,125,0.000656,0.000164,0.000112,0.136619,False,0,16.8858
18,74,125,0.000615,0.000154,0.000105,0.136045,False,0,16.8861
18,75,125,0.00085,0.000212,0.000145,0.135609,False,0,16.8844
18,76,125,0.000856,0.000214,0.000147,0.135176,False,0,16.8842
18,77,125,0.0006,0.00015,0.000103,0.134784,False,0,16.8862
18,78,125,0.000464,0.000116,7.9e-05,0.134349,False,0,16.8874
18,79,125,0.000544,0.000136,9.3e-05,0.133864,False,0,16.8867
18,80,125,0.000437,0.000109,7.6e-05,0.133449,False,0,16.8876
18,81,125,0.000312,7.8e-05,5.3e-05,0.133043,False,0,16.8891
18,82,125,0.000624,0.000156,0.000108,0.132993,False,0,16.8862
18,83,125,0.001141,0.000285,0.000196,0.132888,False,0,16.8823
18,84,125,0.001217,0.000304,0.000208,0.132837,False,0,16.882
18,85,125,0.001155,0.000289,0.000197,0.132752,False,0,16.8823
18,86,125,0.00074,0.000185,0.000126,0.132509,False,0,16.8851
18,87,125,0.000404,0.000101,6.9e-05,0.132203,False,0,16.8879
18,88,125,0.000607,0.000152,0.000104,0.13219,False,0,16.8864
18,89,125,0.000809,0.000202,0.000138,0.132157,False,0,16.8845
18,90,125,0.000503,0.000126,8.6e-05,0.131958,False,0,16.8871
18,91,125,0.000317,7.9e-05,5.4e-05,0.131646,False,0,16.8889
18,92,125,0.000566,0.000141,9.7e-05,0.131511,False,0,16.8866
18,93,125,0.000847,0.000212,0.000144,0.131379,False,0,16.8844
18,94,125,0.000672,0.000168,0.000115,0.131304,False,0,16.8856
18,95,125,0.000418,0.000104,7.1e-05,0.131171,False,0,16.8878
18,96,125,0.00033,8.2e-05,5.5e-05,0.131003,False,0,16.8889
18,97,125,0.000406,0.000101,7e-05,0.130692,False,0,16.8879
18,98,125,0.000401,1e-04,6.9e-05,0.130408,False,0,16.8879
18,99,125,0.000677,0.000169,0.000116,0.130525,False,0,16.8859
18,100,125,0.001,0.00025,0.000174,0.130663,False,0,16.8832
18,101,125,0.000685,0.000171,0.000115,0.130608,False,0,16.8857
18,102,125,0.000353,8.8e-05,6.1e-05,0.130322,False,0,16.8885
18,103,125,0.000445,0.000111,7.7e-05,0.130329,False,0,16.8879
18,104,125,0.000914,0.000228,0.000157,0.130365,False,0,16.8838
18,105,125,0.000554,0.000138,9.4e-05,0.13039,False,0,16.8866
18,106,125,0.00031,7.8e-05,5.3e-05,0.130201,False,0,16.889
18,107,125,0.000358,8.9e-05,6.1e-05,0.130056,False,0,16.8885
18,108,125,0.000401,1e-04,6.8e-05,0.130003,False,0,16.888
18,109,125,0.00031,7.8e-05,5.2e-05,0.129909,False,0,16.889
18,110,125,0.000282,7.1e-05,4.8e-05,0.12963,False,0,16.8892
18,111,125,0.000251,6.3e-05,4.3e-05,0.129334,False,0,16.8896
18,112,125,0.000335,8.4e-05,5.6e-05,0.129127,False,0,16.8887
18,113,125,0.000481,0.000121,8.4e-05,0.12889,False,0,16.8871
18,114,125,0.000862,0.000215,0.000147,0.129035,False,0,16.8844
18,115,125,0.00125,0.000312,0.000211,0.129244,False,0,16.8818
18,116,125,0.000666,0.000167,0.000112,0.129276,False,0,16.8857
18,117,125,0.000316,7.9e-05,5.4e-05,0.129245,False,0,16.8889
18,118,125,0.000261,6.6e-05,4.5e-05,0.12925,False,0,16.8896
18,119,125,0.000327,8.2e-05,5.6e-05,0.129211,False,0,16.8887
18,120,125,0.000365,9.1e-05,6.2e-05,0.129173,False,0,16.8884
18,121,125,0.000332,8.3e-05,5.7e-05,0.129062,False,0,16.8887
18,122,125,0.000318,8e-05,5.5e-05,0.128939,False,0,16.8888
18,123,125,0.000294,7.4e-05,5e-05,0.128891,False,0,16.8891
18,124,125,0.00038,9.5e-05,6.4e-05,0.128848,False,0,16.8882
18,125,125,0.000365,9.1e-05,6.3e-05,0.128751,False,0,16.8883
18,126,125,0.000316,7.9e-05,5.4e-05,0.128649,False,0,16.889
18,127,125,0.000323,8.1e-05,5.7e-05,0.12865,False,0,16.8887
18,128,125,0.00029,7.3e-05,5e-05,0.128637,False,0,16.8892
18,129,125,0.000298,7.5e-05,5e-05,0.128644,False,0,16.8891
18,130,125,0.0003,7.5e-05,5.2e-05,0.128679,False,0,16.8891
18,131,125,0.000495,0.000123,8.5e-05,0.128667,False,0,16.887
18,132,125,0.000456,0.000114,7.8e-05,0.128371,False,0,16.8874
18,133,125,0.000337,8.4e-05,5.8e-05,0.128051,False,0,16.8886
18,134,125,0.000284,7.1e-05,4.8e-05,0.127821,False,0,16.8893
18,135,125,0.000252,6.3e-05,4.3e-05,0.127662,False,0,16.8897
18,136,125,0.000219,5.5e-05,3.8e-05,0.127639,False,0,16.89
18,137,125,0.000219,5.5e-05,3.7e-05,0.127579,False,0,16.8901
18,138,125,0.000203,5.1e-05,3.5e-05,0.127395,False,0,16.8903
18,139,125,0.000282,7.1e-05,4.9e-05,0.127294,False,0,16.8893
18,140,125,0.00043,0.000107,7.3e-05,0.127286,False,0,16.8877
18,141,125,0.000592,0.000148,1e-04,0.127303,False,0,16.8862
18,142,125,0.000347,8.7e-05,5.8e-05,0.127174,False,0,16.8886
18,143,125,0.00025,6.2e-05,4.3e-05,0.127024,False,0,16.8897
18,144,125,0.00022,5.5e-05,3.8e-05,0.126999,False,0,16.8901
18,145,125,0.000199,5e-05,3.4e-05,0.127015,False,0,16.8903
18,146,125,0.000203,5.1e-05,3.5e-05,0.127023,False,0,16.8903
18,147,125,0.000304,7.6e-05,5.2e-05,0.127062,False,0,16.8891
18,148,125,0.000301,7.5e-05,5.2e-05,0.12704,False,0,16.889
18,149,125,0.000244,6.1e-05,4.1e-05,0.126813,False,0,16.8898
18,150,125,0.00028,7e-05,4.7e-05,0.126602,False,0,16.8894
18,151,125,0.000273,6.9e-05,4.7e-05,0.12652,False,0,16.8894
18,152,125,0.000373,9.3e-05,6.4e-05,0.126513,False,0,16.8882
18,153,125,0.000333,8.3e-05,5.7e-05,0.126242,False,0,16.8888
18,154,125,0.000367,9.2e-05,6.3e-05,0.125981,False,0,16.8883
18,155,125,0.000311,7.8e-05,5.3e-05,0.125934,False,0,16.889
18,156,125,0.000255,6.4e-05,4.4e-05,0.125984,False,0,16.8897
18,157,125,0.000339,8.5e-05,5.8e-05,0.126021,False,0,16.8886
18,158,125,0.000221,5.5e-05,3.7e-05,0.126078,False,0,16.8901
18,159,125,0.000144,3.6e-05,2.5e-05,0.126128,False,0,16.8912
18,160,125,0.000146,3.7e-05,2.5e-05,0.126177,False,0,16.8911
18,161,125,0.000153,3.8e-05,2.6e-05,0.126216,False,0,16.8911
18,162,125,0.000209,5.2e-05,3.5e-05,0.126217,False,0,16.8902
18,163,125,0.000206,5.2e-05,3.4e-05,0.126146,False,0,16.8904
18,164,125,0.000155,3.9e-05,2.7e-05,0.125765,False,0,16.891
18,165,125,0.000136,3.4e-05,2.3e-05,0.125417,False,0,16.8915
18,166,125,0.000181,4.6e-05,3.1e-05,0.125332,False,0,16.8906
18,167,125,0.000117,2.9e-05,2e-05,0.125347,False,0,16.8918
18,168,125,0.000122,3.1e-05,2.1e-05,0.125354,False,0,16.8916
18,169,125,0.00015,3.8e-05,2.5e-05,0.125399,False,0,16.8911
18,170,125,0.000123,3.1e-05,2.1e-05,0.125441,False,0,16.8916
18,171,125,0.00015,3.7e-05,2.5e-05,0.125491,False,0,16.8912
18,172,125,0.000191,4.8e-05,3.2e-05,0.12553,False,0,16.8905
18,173,125,0.0002,5e-05,3.4e-05,0.125573,False,0,16.8904
18,174,125,0.000217,5.4e-05,3.7e-05,0.125594,False,0,16.8901
18,175,125,0.000208,5.2e-05,3.5e-05,0.125605,False,0,16.8902
18,176,125,0.000247,6.2e-05,4.2e-05,0.12564,False,0,16.8897
18,177,125,0.000219,5.5e-05,3.7e-05,0.125668,False,0,16.8901
18,178,125,0.000197,4.9e-05,3.4e-05,0.125774,False,0,16.8904
18,179,125,0.000166,4.2e-05,2.8e-05,0.125825,False,0,16.8908
18,180,125,0.000224,5.6e-05,3.8e-05,0.125853,False,0,16.89
18,181,125,0.000206,5.2e-05,3.5e-05,0.1259,False,0,16.8903
18,182,125,0.000122,3.1e-05,2.1e-05,0.125955,False,0,16.8916
18,183,125,0.000118,3e-05,2e-05,0.126002,False,0,16.8917
18,184,125,0.000154,3.9e-05,2.6e-05,0.126052,False,0,16.891
18,185,125,0.000124,3.1e-05,2.1e-05,0.126097,False,0,16.8916
18,186,125,0.000151,3.8e-05,2.5e-05,0.126173,False,0,16.8911
18,187,125,0.00017,4.2e-05,2.9e-05,0.126253,False,0,16.8908
18,188,125,0.000156,3.9e-05,2.7e-05,0.126306,False,0,16.8911
18,189,125,0.000103,2.6e-05,1.7e-05,0.126283,False,0,16.892
18,190,125,0.000122,3.1e-05,2.1e-05,0.126274,False,0,16.8916
18,191,125,0.000127,3.2e-05,2.1e-05,0.12629,False,0,16.8915
18,192,125,0.000109,2.7e-05,1.8e-05,0.126361,False,0,16.8918
18,193,125,0.000111,2.8e-05,1.9e-05,0.126437,False,0,16.8918
18,194,125,9.7e-05,2.4e-05,1.6e-05,0.126507,False,0,16.8921
18,195,125,8.6e-05,2.2e-05,1.5e-05,0.126571,False,0,16.8924
18,196,125,0.000138,3.5e-05,2.4e-05,0.126642,False,0,16.8913
18,197,125,0.000142,3.5e-05,2.4e-05,0.126693,False,0,16.8913
18,198,125,0.000127,3.2e-05,2.1e-05,0.12674,False,0,16.8915
18,199,125,8.7e-05,2.2e-05,1.4e-05,0.126794,False,0,16.8924
18,200,125,6.6e-05,1.7e-05,1.1e-05,0.12685,False,0,16.8927
18,201,125,1e-04,2.5e-05,1.7e-05,0.126901,False,0,16.892
18,202,125,5.3e-05,1.3e-05,9e-06,0.12696,False,0,16.8931
18,203,125,5.3e-05,1.3e-05,9e-06,0.127003,False,0,16.8931
18,204,125,6e-05,1.5e-05,1e-05,0.127045,False,0,16.893
18,205,125,5.9e-05,1.5e-05,1e-05,0.12708,False,0,16.893
18,206,125,6.9e-05,1.7e-05,1.1e-05,0.127134,False,0,16.8927
18,207,125,6.4e-05,1.6e-05,1.1e-05,0.127182,False,0,16.8928
18,208,125,6e-05,1.5e-05,1e-05,0.127222,False,0,16.893
18,209,125,6.3e-05,1.6e-05,1e-05,0.12726,False,0,16.8931
18,210,125,4.3e-05,1.1e-05,7e-06,0.127302,False,0,16.8934
18,211,125,3.9e-05,1e-05,6e-06,0.127345,False,0,16.8936
18,212,125,1.4e-05,3e-06,2e-06,0.127376,False,0,16.8946
18,213,125,3.7e-05,9e-06,6e-06,0.127418,False,0,16.8936
18,214,125,5.4e-05,1.3e-05,9e-06,0.127494,False,0,16.8931
18,215,125,4.3e-05,1.1e-05,7e-06,0.127567,False,0,16.8934
18,216,125,5.3e-05,1.3e-05,9e-06,0.127658,False,0,16.8932
18,217,125,6.5e-05,1.6e-05,1.1e-05,0.127733,False,0,16.8928
18,218,125,6.5e-05,1.6e-05,1.1e-05,0.127824,False,0,16.8928
18,219,125,3.7e-05,9e-06,6e-06,0.127874,False,0,16.8938
18,220,125,2.3e-05,6e-06,4e-06,0.12792,False,0,16.8942
18,221,125,7e-06,2e-06,1e-06,0.127967,False,0,16.895
18,222,125,5e-06,1e-06,1e-06,0.128037,False,0,16.8953
18,223,125,6e-06,1e-06,1e-06,0.128107,False,0,16.8953
18,224,125,2.3e-05,6e-06,4e-06,0.128191,False,0,16.8942
18,225,125,4e-06,1e-06,1e-06,0.128241,False,0,16.8955
18,226,125,1e-06,0.0,0.0,0.128293,False,0,16.8961
18,227,125,4e-06,1e-06,1e-06,0.128328,False,0,16.8953
18,228,125,9e-06,2e-06,2e-06,0.128325,False,0,16.8948
18,229,125,6e-06,1e-06,1e-06,0.128357,False,0,16.8953
18,230,125,9e-06,2e-06,1e-06,0.128423,False,0,16.8951
18,231,125,2.9e-05,7e-06,6e-06,0.128478,False,0,16.894
18,232,125,2.4e-05,6e-06,4e-06,0.128525,False,0,16.8942
18,233,125,1.3e-05,3e-06,3e-06,0.128615,False,0,16.8947
18,234,125,2e-06,1e-06,0.0,0.128693,False,0,16.8956
18,235,125,8e-06,2e-06,1e-06,0.128778,False,0,16.895
18,236,125,9e-06,2e-06,1e-06,0.128819,False,0,16.895
18,237,125,3.4e-05,8e-06,6e-06,0.128869,False,0,16.8938
18,238,125,7e-06,2e-06,1e-06,0.128949,False,0,16.8951
18,239,125,1.3e-05,3e-06,2e-06,0.12903,False,0,16.8946
18,240,125,8e-06,2e-06,1e-06,0.129098,False,0,16.895
18,241,125,5e-06,1e-06,1e-06,0.129175,False,0,16.8952
18,242,125,1.1e-05,3e-06,2e-06,0.129246,False,0,16.8953
18,243,125,1e-06,0.0,0.0,0.129335,False,0,16.8957
18,244,125,2e-06,1e-06,0.0,0.129396,False,0,16.8958
19,52,125,3.2e-05,8e-06,6e-06,0.143892,True,0,16.8938
19,53,125,3.3e-05,8e-06,5e-06,0.141971,False,0,16.894
19,54,125,2.8e-05,7e-06,5e-06,0.140337,False,0,16.8939
19,55,125,2.8e-05,7e-06,5e-06,0.138927,False,0,16.8942
19,56,125,6.7e-05,1.7e-05,1.2e-05,0.13764,False,0,16.8927
19,57,125,6e-05,1.5e-05,1e-05,0.13649,False,0,16.893
19,58,125,9e-06,2e-06,2e-06,0.135413,False,0,16.8949
19,59,125,2e-06,1e-06,0.0,0.134478,False,0,16.8955
19,60,125,1e-06,0.0,0.0,0.133599,False,0,16.8957
19,61,125,9e-06,2e-06,2e-06,0.132781,False,0,16.8949
19,62,125,7e-06,2e-06,1e-06,0.131991,False,0,16.8951
19,63,125,4e-06,1e-06,1e-06,0.131267,False,0,16.8953
19,64,125,6e-06,2e-06,1e-06,0.130613,False,0,16.8953
19,65,125,2.2e-05,5e-06,4e-06,0.130015,False,0,16.8943
19,66,125,2.3e-05,6e-06,4e-06,0.129453,False,0,16.8942
19,67,125,1.2e-05,3e-06,2e-06,0.128924,False,0,16.8948
19,68,125,1e-06,0.0,0.0,0.128443,False,0,16.8959
19,69,125,3e-06,1e-06,0.0,0.128004,False,0,16.8959
19,70,125,3e-06,1e-06,0.0,0.127602,False,0,16.8958
19,71,125,6e-06,1e-06,1e-06,0.127219,False,0,16.8952
19,72,125,6e-06,1e-06,1e-06,0.126859,False,0,16.8952
19,73,125,1.3e-05,3e-06,2e-06,0.126508,False,0,16.8947
19,74,125,6e-06,1e-06,1e-06,0.126162,False,0,16.8952
19,75,125,4e-06,1e-06,1e-06,0.125826,False,0,16.8954
19,76,124,5e-06,1e-06,1e-06,0.125482,False,0,16.8952
19,77,123,0.0,0.0,0.0,0.125174,False,0,16.896
19,78,122,1e-06,0.0,0.0,0.124887,False,0,16.8964
19,79,121,4e-06,1e-06,1e-06,0.1246,False,0,16.8968
19,80,120,2e-06,1e-06,0.0,0.124349,False,0,16.8959
19,81,119,5e-06,1e-06,1e-06,0.124104,False,0,16.8969
19,82,118,5e-06,1e-06,1e-06,0.123911,False,0,16.8964
19,83,117,1e-06,0.0,0.0,0.1237,False,0,16.896
19,84,116,0.0,0.0,0.0,0.123493,False,0,16.8961
19,85,115,1e-06,-0.0,0.0,0.123264,False,0,16.8961
19,86,114,1e-06,0.0,0.0,0.123088,False,0,16.8959
19,87,113,7e-06,2e-06,1e-06,0.122944,False,0,16.8952
19,88,112,4e-06,1e-06,1e-06,0.122817,False,0,16.8957
19,89,111,1e-06,0.0,0.0,0.122699,False,0,16.896
19,90,110,2e-06,0.0,0.0,0.122561,False,0,16.8964
19,91,109,1.3e-05,3e-06,2e-06,0.122445,False,0,16.8975
19,92,108,1.1e-05,3e-06,2e-06,0.122333,False,0,16.8974
19,93,107,8e-06,2e-06,1e-06,0.122253,False,0,16.897
19,94,106,2e-05,5e-06,4e-06,0.122161,False,0,16.8979
19,95,105,2.3e-05,6e-06,4e-06,0.122061,False,0,16.898
19,96,104,5e-06,1e-06,1e-06,0.121933,False,0,16.8965
19,97,103,1e-06,0.0,0.0,0.121806,False,0,16.8964
19,98,102,1e-06,0.0,0.0,0.12173,False,0,16.8959
19,99,101,1.1e-05,3e-06,2e-06,0.121678,False,0,16.8973
19,100,100,2e-06,1e-06,0.0,0.121595,False,0,16.8966
19,101,99,2e-06,0.0,0.0,0.121521,False,0,16.8965
19,102,98,6e-06,2e-06,1e-06,0.121457,False,0,16.897
19,103,97,1e-05,2e-06,2e-06,0.121469,False,0,16.897
19,104,96,2.8e-05,7e-06,5e-06,0.121462,False,0,16.8982
19,105,95,1.5e-05,4e-06,2e-06,0.121407,False,0,16.8972
19,106,94,1.2e-05,3e-06,2e-06,0.121362,False,0,16.8975
19,107,93,9e-06,2e-06,2e-06,0.12135,False,0,16.8972
19,108,92,6e-06,2e-06,1e-06,0.121369,False,0,16.8963
19,109,91,1.2e-05,3e-06,2e-06,0.121335,False,0,16.8975
19,110,90,2.1e-05,5e-06,4e-06,0.121296,False,0,16.8979
19,111,89,1.1e-05,3e-06,2e-06,0.121296,False,0,16.8974
19,112,88,1.1e-05,3e-06,2e-06,0.121313,False,0,16.8974
19,113,87,1.7e-05,4e-06,3e-06,0.121351,False,0,16.8977
19,114,86,2.3e-05,6e-06,4e-06,0.121364,False,0,16.8979
19,115,85,3e-05,8e-06,5e-06,0.121371,False,0,16.8983
20,52,125,8e-06,2e-06,1e-06,0.144297,True,0,16.8953
20,53,125,1.2e-05,3e-06,2e-06,0.1424,False,0,16.8947
20,54,125,3e-05,7e-06,5e-06,0.14075,False,0,16.894
20,55,125,5.7e-05,1.4e-05,1e-05,0.139288,False,0,16.893
20,56,125,6e-05,1.5e-05,1e-05,0.138012,False,0,16.8931
20,57,125,4.8e-05,1.2e-05,8e-06,0.136856,False,0,16.8934
20,58,125,2.5e-05,6e-06,4e-06,0.135807,False,0,16.894
20,59,125,3e-06,1e-06,1e-06,0.134813,False,0,16.8957
20,60,125,9e-06,2e-06,2e-06,0.133906,False,0,16.8949
20,61,125,1.4e-05,4e-06,2e-06,0.133086,False,0,16.8946
20,62,125,3.3e-05,8e-06,6e-06,0.132315,False,0,16.8937
20,63,125,4.5e-05,1.1e-05,8e-06,0.131613,False,0,16.8934
20,64,125,1.2e-05,3e-06,2e-06,0.130926,False,0,16.895
20,65,125,2e-06,1e-06,0.0,0.13031,False,0,16.8955
20,66,125,5e-06,1e-06,1e-06,0.129739,False,0,16.8953
20,67,125,6e-06,1e-06,1e-06,0.129205,False,0,16.8951
20,68,125,2e-06,0.0,0.0,0.128714,False,0,16.8956
20,69,125,5e-06,1e-06,1e-06,0.128222,False,0,16.8956
20,70,125,2e-06,0.0,0.0,0.127733,False,0,16.8955
20,71,125,2e-06,1e-06,0.0,0.127309,False,0,16.8959
20,72,125,1e-05,2e-06,1e-06,0.126933,False,0,16.895
20,73,125,1.6e-05,4e-06,3e-06,0.126602,False,0,16.8945
20,74,125,8e-06,2e-06,1e-06,0.126281,False,0,16.8952
20,75,125,1.3e-05,3e-06,2e-06,0.125963,False,0,16.8948
20,76,125,1e-05,2e-06,2e-06,0.125655,False,0,16.8948
20,77,125,3e-05,7e-06,5e-06,0.125384,False,0,16.8939
20,78,125,1.1e-05,3e-06,2e-06,0.125122,False,0,16.8948
20,79,125,6e-06,2e-06,1e-06,0.124896,False,0,16.8951
20,80,125,2e-06,0.0,0.0,0.124635,False,0,16.8956
20,81,125,5e-06,1e-06,1e-06,0.124408,False,0,16.8953
20,82,125,4e-06,1e-06,1e-06,0.124171,False,0,16.8954
20,83,125,0.0,-0.0,0.0,0.12397,False,0,16.896
20,84,125,6e-06,2e-06,1e-06,0.123799,False,0,16.8954
20,85,125,1.2e-05,3e-06,2e-06,0.123632,False,0,16.8947
20,86,125,1.3e-05,3e-06,2e-06,0.123498,False,0,16.8947
20,87,125,5e-06,1e-06,1e-06,0.123371,False,0,16.8953
20,88,125,1e-06,0.0,0.0,0.123263,False,0,16.8957
20,89,125,7e-06,2e-06,2e-06,0.123152,False,0,16.8971
20,90,125,8e-06,2e-06,1e-06,0.123004,False,0,16.8972
20,91,125,2e-06,1e-06,0.0,0.122866,False,0,16.8966
20,92,125,7e-06,2e-06,2e-06,0.122746,False,0,16.8971
20,93,125,1e-06,0.0,0.0,0.122638,False,0,16.8963
20,94,125,6e-06,2e-06,1e-06,0.122551,False,0,16.8971
20,95,125,2.7e-05,7e-06,5e-06,0.122464,False,0,16.8981
20,96,125,3e-06,1e-06,1e-06,0.122398,False,0,16.8965
20,97,125,2e-06,0.0,0.0,0.122304,False,0,16.8964
20,98,125,7e-06,2e-06,1e-06,0.122222,False,0,16.8972
20,99,125,1.6e-05,4e-06,3e-06,0.122143,False,0,16.8977
20,100,125,2.3e-05,6e-06,4e-06,0.122106,False,0,16.898
20,101,125,1.2e-05,3e-06,2e-06,0.122058,False,0,16.8975
20,102,125,2e-06,0.0,0.0,0.12201,False,0,16.8965
20,103,125,7e-06,2e-06,1e-06,0.121923,False,0,16.895
20,104,125,7e-06,2e-06,1e-06,0.121871,False,0,16.8971
20,105,125,2.7e-05,7e-06,5e-06,0.12183,False,0,16.8981
20,106,125,6.1e-05,1.6e-05,1.1e-05,0.121811,False,0,16.8993
20,107,125,4.5e-05,1.1e-05,8e-06,0.121765,False,0,16.8987
20,108,125,3.5e-05,9e-06,6e-06,0.12174,False,0,16.8984
20,109,125,2.2e-05,5e-06,4e-06,0.12172,False,0,16.8979
20,110,125,2e-06,0.0,0.0,0.121687,False,0,16.8964
20,111,125,1e-06,0.0,0.0,0.121647,False,0,16.8959
20,112,125,3e-06,1e-06,1e-06,0.121624,False,0,16.8967
20,113,125,5e-06,1e-06,1e-06,0.121631,False,0,16.8969
20,114,125,6e-06,1e-06,1e-06,0.121657,False,0,16.8969
20,115,125,1.3e-05,3e-06,2e-06,0.121673,False,0,16.8974
20,116,125,5e-05,1.2e-05,9e-06,0.121665,False,0,16.8989
20,117,125,5.3e-05,1.3e-05,9e-06,0.121669,False,0,16.899
20,118,125,1.6e-05,4e-06,3e-06,0.121662,False,0,16.8977
20,119,125,7e-06,2e-06,1e-06,0.121672,False,0,16.8971
20,120,125,3e-06,1e-06,1e-06,0.121667,False,0,16.8968
20,121,125,1.9e-05,4e-06,3e-06,0.121677,False,0,16.8978
20,122,125,2e-05,5e-06,4e-06,0.121684,False,0,16.8978
20,123,125,2.2e-05,5e-06,4e-06,0.121702,False,0,16.8979
20,124,125,5e-05,1.3e-05,9e-06,0.121715,False,0,16.899
20,125,125,2.5e-05,6e-06,4e-06,0.121729,False,0,16.898
20,126,125,8e-06,2e-06,1e-06,0.121736,False,0,16.8972
20,127,125,5e-06,1e-06,1e-06,0.12176,False,0,16.897
20,128,125,1e-05,3e-06,2e-06,0.121776,False,0,16.8973
20,129,125,2e-05,5e-06,4e-06,0.121807,False,0,16.8978
20,130,125,1.4e-05,3e-06,3e-06,0.121846,False,0,16.8976
20,131,125,2.8e-05,7e-06,5e-06,0.121891,False,0,16.8981
20,132,125,2.6e-05,7e-06,5e-06,0.121944,False,0,16.8981
20,133,125,6e-05,1.5e-05,1e-05,0.122008,False,0,16.8991
20,134,125,8.2e-05,2.1e-05,1.4e-05,0.122064,False,0,16.8998
20,135,125,6.8e-05,1.8e-05,1.2e-05,0.122114,False,0,16.8993
20,136,125,3.1e-05,8e-06,6e-06,0.122169,False,0,16.8984
20,137,125,4.9e-05,1.2e-05,9e-06,0.122243,False,0,16.8988
20,138,125,5.3e-05,1.3e-05,9e-06,0.122263,False,0,16.899
20,139,124,6.7e-05,1.7e-05,1.2e-05,0.122285,False,0,16.8993
20,140,123,7.2e-05,1.8e-05,1.2e-05,0.122352,False,0,16.8994
20,141,122,6.9e-05,1.7e-05,1.2e-05,0.122431,False,0,16.8994
20,142,121,4.4e-05,1.1e-05,8e-06,0.122512,False,0,16.8988
20,143,120,4.7e-05,1.2e-05,8e-06,0.122604,False,0,16.8988
20,144,119,0.000124,3.1e-05,2.2e-05,0.12267,False,0,16.9006
20,145,118,0.000151,3.8e-05,2.6e-05,0.122709,False,0,16.901
20,146,117,0.000159,4e-05,2.8e-05,0.122756,False,0,16.9011
20,147,116,0.000136,3.4e-05,2.4e-05,0.122833,False,0,16.9008
20,148,115,0.000112,2.8e-05,1.9e-05,0.122916,False,0,16.9003
20,149,114,0.000132,3.3e-05,2.3e-05,0.123007,False,0,16.9007
20,150,113,0.000121,3e-05,2.1e-05,0.123097,False,0,16.9005
20,151,112,0.000107,2.7e-05,1.9e-05,0.123186,False,0,16.9001
20,152,111,9.8e-05,2.4e-05,1.7e-05,0.123242,False,0,16.9
20,153,110,0.000119,3e-05,2.1e-05,0.12333,False,0,16.9004
20,154,109,0.000118,3e-05,2.1e-05,0.123413,False,0,16.9005
20,155,108,9e-05,2.3e-05,1.6e-05,0.123525,False,0,16.8999
20,156,107,9.2e-05,2.3e-05,1.6e-05,0.123619,False,0,16.8999
20,157,106,0.000149,3.7e-05,2.6e-05,0.123698,False,0,16.9011
20,158,105,0.000203,5.1e-05,3.5e-05,0.123772,False,0,16.9019
20,159,104,0.000179,4.5e-05,3.1e-05,0.12384,False,0,16.9014
20,160,103,0.000186,4.7e-05,3.2e-05,0.12391,False,0,16.9016
20,161,102,0.000165,4.1e-05,2.9e-05,0.124041,False,0,16.9013
20,162,101,0.000129,3.2e-05,2.2e-05,0.124167,False,0,16.9006
20,163,100,0.000102,2.6e-05,1.8e-05,0.124298,False,0,16.9001
20,164,99,0.000168,4.2e-05,2.9e-05,0.124423,False,0,16.9012
20,165,98,0.000191,4.8e-05,3.4e-05,0.124508,False,0,16.9017
20,166,97,0.000175,4.4e-05,3e-05,0.124605,False,0,16.9014
20,167,96,0.000211,5.3e-05,3.7e-05,0.124685,False,0,16.902
20,168,95,0.00014,3.5e-05,2.4e-05,0.124777,False,0,16.9008
20,169,94,0.000163,4.1e-05,2.8e-05,0.124894,False,0,16.9012
20,170,93,0.000145,3.6e-05,2.6e-05,0.125022,False,0,16.901
20,171,92,0.000206,5.2e-05,3.6e-05,0.125131,False,0,16.9017
20,172,91,0.000188,4.7e-05,3.3e-05,0.125217,False,0,16.9016
20,173,90,0.000178,4.4e-05,3.1e-05,0.125336,False,0,16.9012
20,174,89,0.000239,6e-05,4.2e-05,0.125469,False,0,16.9024
20,175,88,0.00026,6.5e-05,4.5e-05,0.125608,False,0,16.9025
20,176,87,0.000327,8.2e-05,5.6e-05,0.125766,False,0,16.9033
20,177,86,0.000324,8.1e-05,5.7e-05,0.125937,False,0,16.9034
20,178,85,0.000364,9.1e-05,6.3e-05,0.126096,False,0,16.9038
20,179,84,0.000339,8.5e-05,5.9e-05,0.126227,False,0,16.9035
20,180,83,0.000393,9.8e-05,6.8e-05,0.126376,False,0,16.9041
20,181,82,0.000347,8.7e-05,6.1e-05,0.126522,False,0,16.9036
20,182,81,0.000369,9.2e-05,6.3e-05,0.126707,False,0,16.9038
20,183,80,0.000359,9e-05,6.3e-05,0.12688,False,0,16.9039
20,184,79,0.000288,7.2e-05,4.9e-05,0.127032,False,0,16.9028
20,185,78,0.000347,8.7e-05,6.2e-05,0.127152,False,0,16.9037
20,186,77,0.000454,0.000113,7.8e-05,0.127333,False,0,16.9046
20,187,76,0.000498,0.000125,8.7e-05,0.127509,False,0,16.9052
20,188,75,0.000493,0.000123,8.5e-05,0.127712,False,0,16.905
20,189,74,0.000418,0.000105,7.2e-05,0.127904,False,0,16.9041
20,190,73,0.000519,0.00013,9e-05,0.128065,False,0,16.9053
20,191,72,0.00051,0.000128,8.9e-05,0.128249,False,0,16.9052
20,192,71,0.000531,0.000133,9.1e-05,0.128452,False,0,16.9052
20,193,70,0.00048,0.00012,8.3e-05,0.12864,False,0,16.9049
20,194,69,0.000438,0.00011,7.6e-05,0.128813,False,0,16.9045
20,195,68,0.000468,0.000117,8.2e-05,0.129,False,0,16.9049
20,196,67,0.000483,0.000121,8.4e-05,0.129199,False,0,16.905
20,197,66,0.000541,0.000135,9.4e-05,0.12941,False,0,16.9055
20,198,65,0.000549,0.000137,9.5e-05,0.129649,False,0,16.9055
20,199,64,0.000554,0.000139,9.5e-05,0.12983,False,0,16.9055
20,200,63,0.00052,0.00013,9e-05,0.130034,False,0,16.9053
20,201,62,0.000509,0.000127,8.8e-05,0.130232,False,0,16.9052
20,202,61,0.000542,0.000136,9.5e-05,0.130492,False,0,16.9056
20,203,60,0.0006,0.00015,0.000104,0.130731,False,0,16.9059
20,204,59,0.000627,0.000157,0.000109,0.130968,False,0,16.9062
20,205,58,0.000638,0.00016,0.00011,0.13123,False,0,16.9063
20,206,57,0.000591,0.000148,0.000102,0.13151,False,0,16.9058
20,207,56,0.000714,0.000179,0.000124,0.131805,False,0,16.9068
21,52,125,0.001564,0.000391,0.000269,0.151744,True,0,16.88
21,53,125,0.001653,0.000413,0.000282,0.149803,True,0,16.8797
21,54,125,0.001456,0.000364,0.000249,0.148094,True,0,16.8806
21,55,125,0.001657,0.000414,0.000285,0.14659,True,0,16.8795
21,56,125,0.001795,0.000448,0.000307,0.145307,True,0,16.8791
21,57,125,0.002218,0.000554,0.000382,0.14418,True,0,16.877
21,58,125,0.001969,0.000492,0.000337,0.143152,True,0,16.8781
21,59,125,0.001498,0.000374,0.000258,0.142178,False,0,16.8804
21,60,125,0.001382,0.000345,0.000239,0.141258,False,0,16.8809
21,61,125,0.001252,0.000313,0.000214,0.140383,False,0,16.8818
21,62,125,0.001319,0.000329,0.000227,0.139577,False,0,16.8814
21,63,125,0.001461,0.000365,0.000251,0.138883,False,0,16.8806
21,64,125,0.001808,0.000452,0.000308,0.138259,False,0,16.8789
21,65,125,0.001652,0.000412,0.000283,0.137668,False,0,16.8796
21,66,125,0.001697,0.000424,0.00029,0.137084,False,0,16.8795
21,67,125,0.001669,0.000417,0.000286,0.13656,False,0,16.8795
21,68,125,0.001742,0.000435,0.000298,0.136122,False,0,16.8792
21,69,125,0.001804,0.00045,0.00031,0.13567,False,0,16.8789
21,70,125,0.001706,0.000426,0.000292,0.135251,False,0,16.8794
21,71,125,0.001374,0.000343,0.000234,0.134837,False,0,16.8811
21,72,125,0.001106,0.000276,0.00019,0.134449,False,0,16.8827
21,73,125,0.00153,0.000382,0.000263,0.134086,False,0,16.8803
21,74,125,0.001729,0.000432,0.000296,0.133756,False,0,16.8793
21,75,125,0.001553,0.000388,0.000268,0.133456,False,0,16.8801
21,76,125,0.001642,0.00041,0.000282,0.133135,False,0,16.8797
21,77,125,0.001734,0.000433,0.000296,0.132857,False,0,16.8793
21,78,125,0.001759,0.000439,0.000302,0.132606,False,0,16.8792
21,79,125,0.00148,0.000369,0.000254,0.132387,False,0,16.8805
21,80,125,0.001497,0.000374,0.000255,0.132164,False,0,16.8805
21,81,125,0.001435,0.000358,0.000246,0.131876,False,0,16.8808
21,82,125,0.001481,0.00037,0.000253,0.131635,False,0,16.8805
21,83,125,0.001275,0.000318,0.000218,0.131455,False,0,16.8818
21,84,125,0.001119,0.00028,0.000194,0.131254,False,0,16.8825
21,85,125,0.001231,0.000307,0.00021,0.13111,False,0,16.882
21,86,125,0.001472,0.000367,0.000252,0.130956,False,0,16.8806
21,87,125,0.001507,0.000376,0.000257,0.130818,False,0,16.8804
21,88,125,0.00134,0.000335,0.000229,0.130645,False,0,16.8813
21,89,125,0.001177,0.000294,0.0002,0.130499,False,0,16.8823
21,90,125,0.00124,0.00031,0.000213,0.130322,False,0,16.8818
21,91,125,0.001079,0.00027,0.000185,0.130214,False,0,16.8829
21,92,125,0.001327,0.000332,0.000226,0.130129,False,0,16.8815
21,93,125,0.001465,0.000366,0.00025,0.130088,False,0,16.8807
21,94,125,0.001298,0.000324,0.000223,0.129996,False,0,16.8816
21,95,125,0.001136,0.000284,0.000194,0.129983,False,0,16.8826
21,96,125,0.001239,0.00031,0.000211,0.129915,False,0,16.882
21,97,125,0.001331,0.000332,0.000226,0.12986,False,0,16.8814
21,98,125,0.00109,0.000272,0.000186,0.129809,False,0,16.8829
21,99,125,0.001216,0.000304,0.000208,0.129778,False,0,16.8821
21,100,125,0.001245,0.000311,0.000213,0.129751,False,0,16.8819
21,101,125,0.001279,0.00032,0.000218,0.129715,False,0,16.8817
21,102,125,0.001311,0.000327,0.000225,0.129701,False,0,16.8814
21,103,125,0.001484,0.000371,0.000253,0.129743,False,0,16.8806
21,104,125,0.00145,0.000362,0.000248,0.129782,False,0,16.8807
21,105,125,0.001406,0.000351,0.000241,0.12979,False,0,16.8809
21,106,125,0.001359,0.00034,0.000233,0.129768,False,0,16.8812
21,107,125,0.001435,0.000358,0.000247,0.129765,False,0,16.8807
21,108,125,0.001341,0.000335,0.000228,0.129812,False,0,16.8815
21,109,125,0.001602,0.0004,0.000274,0.129832,False,0,16.8799
21,110,125,0.00153,0.000382,0.000262,0.129897,False,0,16.8803
21,111,125,0.001509,0.000377,0.000257,0.12994,False,0,16.8805
21,112,125,0.001324,0.000331,0.000225,0.130009,False,0,16.8815
21,113,125,0.00153,0.000382,0.000264,0.130252,False,0,16.8804
21,114,125,0.002197,0.000549,0.000377,0.130521,False,0,16.8771
21,115,125,0.002257,0.000564,0.000386,0.130779,False,0,16.8768
21,116,125,0.001774,0.000443,0.000303,0.131029,False,0,16.8793
21,117,125,0.001666,0.000416,0.000283,0.131271,False,0,16.8796
21,118,125,0.001059,0.000264,0.00018,0.131531,False,0,16.8831
21,119,125,0.0011,0.000275,0.000187,0.131664,False,0,16.8828
21,120,125,0.00156,0.000389,0.000267,0.131999,False,0,16.8803
21,121,125,0.002136,0.000533,0.000364,0.132337,False,0,16.8775
21,122,125,0.001618,0.000404,0.000276,0.132681,False,0,16.8799
21,123,125,0.001395,0.000349,0.000236,0.132943,False,0,16.8812
21,124,125,0.001481,0.00037,0.000253,0.13314,False,0,16.8806
21,125,125,0.001675,0.000418,0.000284,0.133331,False,0,16.8797
21,126,125,0.001456,0.000364,0.00025,0.133473,False,0,16.8807
21,127,125,0.001011,0.000253,0.000171,0.133605,False,0,16.8832
21,128,125,0.000732,0.000183,0.000125,0.133737,False,0,16.8853
21,129,125,0.000724,0.000181,0.000123,0.13378,False,0,16.8853
21,130,125,0.00093,0.000233,0.00016,0.134079,False,0,16.8841
21,131,125,0.001144,0.000286,0.000196,0.134333,False,0,16.8824
21,132,125,0.001163,0.00029,0.000197,0.134626,False,0,16.8824
21,133,125,0.000854,0.000213,0.000145,0.134855,False,0,16.8845
21,134,125,0.001281,0.00032,0.000218,0.135059,False,0,16.8817
21,135,125,0.001578,0.000394,0.000269,0.135334,False,0,16.8802
21,136,125,0.001581,0.000395,0.00027,0.135606,False,0,16.8801
21,137,125,0.001243,0.00031,0.000212,0.135825,False,0,16.8819
21,138,125,0.000742,0.000186,0.000126,0.135917,False,0,16.8851
21,139,125,0.000606,0.000151,0.000103,0.135949,False,0,16.8862
21,140,125,0.000492,0.000123,8.4e-05,0.135961,False,0,16.8871
21,141,125,0.00054,0.000135,9.2e-05,0.135906,False,0,16.8867
21,142,125,0.000432,0.000108,7.4e-05,0.135843,False,0,16.8876
21,143,125,0.000331,8.3e-05,5.6e-05,0.135807,False,0,16.889
21,144,125,0.000359,9e-05,6.2e-05,0.135726,False,0,16.8884
21,145,125,0.000387,9.7e-05,6.6e-05,0.135589,False,0,16.8881
21,146,125,0.000448,0.000112,7.6e-05,0.135503,False,0,16.8875
21,147,125,0.000393,9.8e-05,6.6e-05,0.135477,False,0,16.8882
21,148,125,0.000428,0.000107,7.4e-05,0.135447,False,0,16.8876
21,149,125,0.000356,8.9e-05,6e-05,0.135406,False,0,16.8885
21,150,125,0.000336,8.4e-05,5.7e-05,0.135334,False,0,16.8886
21,151,125,0.000236,5.9e-05,4e-05,0.135249,False,0,16.8899
21,152,125,0.000255,6.4e-05,4.3e-05,0.135173,False,0,16.8897
21,153,125,0.000321,8e-05,5.6e-05,0.135071,False,0,16.8887
21,154,125,0.000305,7.6e-05,5.2e-05,0.134967,False,0,16.889
21,155,125,0.000267,6.7e-05,4.5e-05,0.134881,False,0,16.8896
21,156,125,0.000215,5.4e-05,3.7e-05,0.13479,False,0,16.8901
21,157,124,0.000227,5.7e-05,3.8e-05,0.134715,False,0,16.89
21,158,123,0.000213,5.3e-05,3.6e-05,0.134604,False,0,16.8901
21,159,122,0.000204,5.1e-05,3.5e-05,0.134495,False,0,16.8903
21,160,121,0.000186,4.7e-05,3.2e-05,0.13437,False,0,16.8905
21,161,120,0.000199,5e-05,3.3e-05,0.134267,False,0,16.8904
21,162,119,0.000133,3.3e-05,2.2e-05,0.134101,False,0,16.8914
21,163,118,0.000109,2.8e-05,1.8e-05,0.133726,False,0,16.8919
21,164,117,8.7e-05,2.2e-05,1.5e-05,0.133348,False,0,16.8924
21,165,116,0.000185,4.7e-05,3.1e-05,0.132999,False,0,16.8906
21,166,115,0.000257,6.4e-05,4.3e-05,0.132722,False,0,16.8896
21,167,114,0.000203,5.1e-05,3.4e-05,0.132401,False,0,16.8903
21,168,113,0.000144,3.6e-05,2.4e-05,0.132079,False,0,16.8914
21,169,112,0.000182,4.6e-05,3.1e-05,0.131837,False,0,16.8905
21,170,111,0.000184,4.6e-05,3.1e-05,0.131443,False,0,16.8907
21,171,110,0.000168,4.2e-05,2.8e-05,0.131053,False,0,16.8909
21,172,109,0.000153,3.9e-05,2.6e-05,0.130656,False,0,16.891
21,173,108,7.6e-05,1.9e-05,1.3e-05,0.13036,False,0,16.8926
21,174,107,0.000173,4.3e-05,3e-05,0.130134,False,0,16.8907
21,175,106,0.000168,4.2e-05,2.8e-05,0.129931,False,0,16.8909
21,176,105,0.000113,2.8e-05,1.9e-05,0.129788,False,0,16.8917
21,177,104,9.3e-05,2.3e-05,1.6e-05,0.129613,False,0,16.8922
21,178,103,0.000119,3e-05,2e-05,0.129452,False,0,16.8916
21,179,102,0.000135,3.4e-05,2.3e-05,0.129265,False,0,16.8914
21,180,101,7.4e-05,1.9e-05,1.2e-05,0.128944,False,0,16.8927
21,181,100,4.8e-05,1.2e-05,8e-06,0.128671,False,0,16.8933
21,182,99,4.2e-05,1e-05,7e-06,0.128357,False,0,16.8935
21,183,98,7e-05,1.8e-05,1.2e-05,0.128049,False,0,16.8927
21,184,97,6e-05,1.5e-05,1e-05,0.127752,False,0,16.8929
21,185,96,5.6e-05,1.4e-05,9e-06,0.127409,False,0,16.8932
21,186,95,3e-05,7e-06,5e-06,0.127131,False,0,16.894
21,187,94,1.6e-05,4e-06,3e-06,0.126945,False,0,16.8945
21,188,93,2.5e-05,6e-06,4e-06,0.126899,False,0,16.8941
21,189,92,1.6e-05,4e-06,2e-06,0.12686,False,0,16.8946
21,190,91,6e-06,1e-06,1e-06,0.126827,False,0,16.8952
21,191,90,3e-06,1e-06,0.0,0.12682,False,0,16.8957
21,192,89,5e-06,1e-06,1e-06,0.126814,False,0,16.8954
21,193,88,2e-05,5e-06,4e-06,0.126834,False,0,16.8942
21,194,87,2.8e-05,7e-06,4e-06,0.126851,False,0,16.8941
21,195,86,1.3e-05,3e-06,2e-06,0.126862,False,0,16.8947
21,196,85,3e-06,1e-06,1e-06,0.126847,False,0,16.8959
21,197,84,2e-06,1e-06,0.0,0.126838,False,0,16.8961
21,198,83,5e-06,1e-06,1e-06,0.126843,False,0,16.8952
21,199,82,2e-06,1e-06,1e-06,0.126833,False,0,16.8967
21,200,81,2e-06,0.0,0.0,0.126832,False,0,16.8962
21,201,80,1.1e-05,3e-06,2e-06,0.126863,False,0,16.8948
21,202,79,2e-06,1e-06,0.0,0.126902,False,0,16.8963
21,203,78,4e-06,1e-06,1e-06,0.12695,False,0,16.8965
21,204,77,1e-06,0.0,0.0,0.126992,False,0,16.8963
21,205,76,3e-06,1e-06,1e-06,0.127052,False,0,16.8957
21,206,75,1e-06,0.0,0.0,0.127096,False,0,16.8959
21,207,74,1.1e-05,3e-06,2e-06,0.127134,False,0,16.8972
21,208,73,1.7e-05,4e-06,3e-06,0.127183,False,0,16.8977
21,209,72,3.4e-05,8e-06,6e-06,0.127245,False,0,16.8984
21,210,71,1.4e-05,4e-06,3e-06,0.12731,False,0,16.8975
21,211,70,3.5e-05,9e-06,6e-06,0.127398,False,0,16.8985
21,212,69,3.1e-05,8e-06,6e-06,0.12748,False,0,16.8983
21,213,68,3.8e-05,9e-06,7e-06,0.127571,False,0,16.8984
21,214,67,2e-05,5e-06,4e-06,0.127626,False,0,16.8978
21,215,66,5.2e-05,1.3e-05,1e-05,0.127703,False,0,16.899
21,216,65,9.4e-05,2.3e-05,1.7e-05,0.127812,False,0,16.9
21,217,64,0.000108,2.7e-05,1.9e-05,0.127912,False,0,16.9002
21,218,63,8.9e-05,2.2e-05,1.6e-05,0.128004,False,0,16.8999
21,219,62,7.5e-05,1.9e-05,1.3e-05,0.128087,False,0,16.8996
21,220,61,0.00012,3e-05,2.2e-05,0.128208,False,0,16.9006
21,221,60,0.000158,4e-05,2.7e-05,0.12836,False,0,16.9011
21,222,59,0.000134,3.4e-05,2.4e-05,0.12849,False,0,16.9008
21,223,58,0.000122,3.1e-05,2.2e-05,0.128572,False,0,16.9005
21,224,57,0.000114,2.8e-05,2e-05,0.128664,False,0,16.9003
21,225,56,0.000197,4.9e-05,3.6e-05,0.128801,False,0,16.9019
21,226,55,0.000204,5.1e-05,3.5e-05,0.128958,False,0,16.9017
21,227,54,0.000265,6.6e-05,4.7e-05,0.129095,False,0,16.9028
21,228,53,0.000197,4.9e-05,3.4e-05,0.129265,False,0,16.9016
21,229,52,0.000266,6.6e-05,4.7e-05,0.129443,False,0,16.9027
21,230,51,0.000288,7.2e-05,5.1e-05,0.12959,False,0,16.903
21,231,50,0.000262,6.5e-05,4.6e-05,0.129749,False,0,16.9026
21,232,49,0.000291,7.3e-05,5.1e-05,0.129897,False,0,16.903
21,233,48,0.000265,6.7e-05,4.6e-05,0.130064,False,0,16.9026
21,234,47,0.000272,6.8e-05,4.8e-05,0.130266,False,0,16.9027
21,235,46,0.000337,8.5e-05,6e-05,0.130482,False,0,16.9036
21,236,45,0.000323,8.1e-05,5.6e-05,0.130706,False,0,16.9032
21,237,44,0.000311,7.8e-05,5.5e-05,0.130937,False,0,16.9031
21,238,43,0.000303,7.6e-05,5.3e-05,0.131142,False,0,16.9031
21,239,42,0.000374,9.3e-05,6.6e-05,0.131373,False,0,16.9038
21,240,41,0.000451,0.000113,8e-05,0.131607,False,0,16.9047
21,241,40,0.0005,0.000125,8.7e-05,0.131835,False,0,16.905
21,242,39,0.000625,0.000157,0.00011,0.132098,False,0,16.9062
21,243,38,0.000611,0.000153,0.000107,0.13234,False,0,16.906
21,244,37,0.000611,0.000153,0.000106,0.132647,False,0,16.906
21,245,36,0.000616,0.000154,0.000108,0.132948,False,0,16.9062
21,246,35,0.000606,0.000152,0.000105,0.133289,False,0,16.9059
21,247,34,0.000603,0.000151,0.000105,0.133604,False,0,16.906
21,248,33,0.00057,0.000143,1e-04,0.133948,False,0,16.9056
21,249,32,0.000691,0.000173,0.000121,0.13435,False,0,16.9067
21,250,31,0.000905,0.000226,0.000158,0.134814,False,0,16.9083
21,251,30,0.000945,0.000237,0.000164,0.135315,False,0,16.9085
21,252,29,0.001049,0.000262,0.000183,0.135818,False,0,16.9092
21,253,28,0.001036,0.000259,0.000181,0.136328,False,0,16.9091
21,254,27,0.001029,0.000258,0.000178,0.136831,False,0,16.909
21,255,26,0.001058,0.000265,0.000184,0.137327,False,0,16.9092
21,256,25,0.001061,0.000266,0.000185,0.137892,False,0,16.9092
21,257,24,0.001003,0.000251,0.000175,0.138449,False,0,16.9088
21,258,23,0.001128,0.000282,0.000196,0.139074,False,0,16.9096
21,259,22,0.001194,0.000299,0.000207,0.13969,False,0,16.91
21,260,21,0.001283,0.000321,0.000222,0.140411,False,0,16.9104
21,261,20,0.001328,0.000333,0.000231,0.141164,False,0,16.9108
21,262,19,0.001422,0.000356,0.000246,0.141992,False,0,16.9112
21,263,18,0.001506,0.000377,0.000261,0.142821,False,0,16.9118
22,52,125,0.000115,2.9e-05,2e-05,0.144615,True,0,16.8917
22,53,125,0.000109,2.7e-05,1.9e-05,0.142707,False,0,16.8918
22,54,125,7.9e-05,2e-05,1.3e-05,0.141042,False,0,16.8926
22,55,125,7.2e-05,1.8e-05,1.2e-05,0.13958,False,0,16.8928
22,56,125,0.000108,2.7e-05,1.9e-05,0.138273,False,0,16.8918
22,57,125,0.000103,2.6e-05,1.7e-05,0.137072,False,0,16.892
22,58,125,5e-05,1.3e-05,9e-06,0.136006,False,0,16.8933
22,59,125,6.1e-05,1.5e-05,1.1e-05,0.135024,False,0,16.8929
22,60,125,3.5e-05,9e-06,6e-06,0.134137,False,0,16.8939
22,61,125,3.4e-05,8e-06,6e-06,0.133281,False,0,16.8937
22,62,125,3.3e-05,8e-06,6e-06,0.132525,False,0,16.8937
22,63,125,1.6e-05,4e-06,3e-06,0.131821,False,0,16.8948
22,64,125,1.9e-05,5e-06,3e-06,0.131136,False,0,16.8944
22,65,125,3e-06,1e-06,1e-06,0.130497,False,0,16.8958
22,66,125,1.3e-05,3e-06,2e-06,0.129936,False,0,16.895
22,67,125,1.7e-05,4e-06,3e-06,0.129455,False,0,16.8945
22,68,125,7.2e-05,1.8e-05,1.3e-05,0.128977,False,0,16.8927
22,69,125,2.8e-05,7e-06,5e-06,0.12853,False,0,16.8942
22,70,125,1.1e-05,3e-06,2e-06,0.128081,False,0,16.8949
22,71,125,1.8e-05,5e-06,3e-06,0.127705,False,0,16.8948
22,72,125,1.6e-05,4e-06,3e-06,0.127324,False,0,16.8945
22,73,125,1.6e-05,4e-06,3e-06,0.126983,False,0,16.8947
22,74,125,1.5e-05,4e-06,2e-06,0.126683,False,0,16.8947
22,75,125,2.3e-05,6e-06,4e-06,0.126386,False,0,16.8942
22,76,125,2.4e-05,6e-06,4e-06,0.126082,False,0,16.8943
22,77,125,6e-06,1e-06,1e-06,0.125778,False,0,16.8954
22,78,125,1.9e-05,5e-06,3e-06,0.125493,False,0,16.8944
22,79,125,1.8e-05,4e-06,3e-06,0.125225,False,0,16.8945
22,80,125,2.7e-05,7e-06,5e-06,0.124988,False,0,16.894
22,81,125,8e-06,2e-06,1e-06,0.124781,False,0,16.8949
22,82,125,7e-06,2e-06,1e-06,0.124584,False,0,16.8951
22,83,125,4e-06,1e-06,1e-06,0.124383,False,0,16.8953
22,84,125,7e-06,1e-06,1e-06,0.124223,False,0,16.8955
22,85,125,1.3e-05,3e-06,2e-06,0.124081,False,0,16.8946
22,86,125,1e-06,1e-06,0.0,0.123897,False,0,16.8965
22,87,125,2e-06,1e-06,0.0,0.123734,False,0,16.8955
22,88,125,1e-06,0.0,0.0,0.123568,False,0,16.8958
22,89,125,2e-06,1e-06,0.0,0.12345,False,0,16.8962
22,90,125,7e-06,2e-06,1e-06,0.12333,False,0,16.897
22,91,125,4e-06,1e-06,1e-06,0.12324,False,0,16.8968
22,92,125,6e-06,2e-06,1e-06,0.123086,False,0,16.8951
22,93,125,9e-06,3e-06,2e-06,0.122956,False,0,16.8949
22,94,125,2e-06,1e-06,0.0,0.122803,False,0,16.8964
22,95,125,8e-06,2e-06,1e-06,0.122673,False,0,16.8971
22,96,125,1.6e-05,4e-06,3e-06,0.122569,False,0,16.8976
22,97,125,1e-06,0.0,0.0,0.122476,False,0,16.8964
22,98,125,5e-06,1e-06,1e-06,0.122381,False,0,16.8969
22,99,125,4e-06,1e-06,1e-06,0.122266,False,0,16.8968
22,100,125,2e-06,1e-06,0.0,0.122182,False,0,16.8965
22,101,125,1e-06,0.0,0.0,0.122106,False,0,16.8958
22,102,125,3e-06,0.0,1e-06,0.122072,False,0,16.8964
22,103,125,4.1e-05,1e-05,7e-06,0.122013,False,0,16.8986
22,104,125,2.3e-05,6e-06,4e-06,0.121954,False,0,16.8979
22,105,125,2.2e-05,6e-06,4e-06,0.121873,False,0,16.898
22,106,125,1.1e-05,3e-06,2e-06,0.121815,False,0,16.8974
22,107,125,1.3e-05,3e-06,2e-06,0.121804,False,0,16.8974
22,108,125,5e-06,1e-06,1e-06,0.121793,False,0,16.8969
22,109,125,1.3e-05,3e-06,2e-06,0.121786,False,0,16.8975
22,110,125,3e-05,7e-06,5e-06,0.121773,False,0,16.8983
22,111,125,2.8e-05,7e-06,5e-06,0.121757,False,0,16.8982
22,112,125,2.2e-05,6e-06,4e-06,0.121749,False,0,16.898
22,113,125,1.5e-05,4e-06,3e-06,0.121724,False,0,16.8976
22,114,124,3e-06,1e-06,1e-06,0.121725,False,0,16.8964
22,115,123,1e-05,3e-06,2e-06,0.121707,False,0,16.8974
22,116,122,2.8e-05,7e-06,5e-06,0.121664,False,0,16.8982
22,117,121,2.8e-05,7e-06,5e-06,0.121625,False,0,16.8981
22,118,120,1.9e-05,5e-06,3e-06,0.121639,False,0,16.8978
22,119,119,1.7e-05,4e-06,3e-06,0.121683,False,0,16.8976
23,52,125,0.000147,3.7e-05,2.5e-05,0.143852,True,0,16.8912
23,53,125,0.00014,3.5e-05,2.4e-05,0.141941,False,0,16.8913
23,54,125,0.000211,5.3e-05,3.6e-05,0.140281,False,0,16.8902
23,55,125,0.000136,3.4e-05,2.3e-05,0.138834,False,0,16.8914
23,56,125,8.6e-05,2.2e-05,1.5e-05,0.137511,False,0,16.8924
23,57,125,7.2e-05,1.8e-05,1.2e-05,0.136334,False,0,16.8928
23,58,125,0.000112,2.8e-05,1.9e-05,0.135274,False,0,16.8919
23,59,125,0.000119,3e-05,2e-05,0.13432,False,0,16.8917
23,60,125,0.000105,2.6e-05,1.8e-05,0.133437,False,0,16.892
23,61,125,7.9e-05,2e-05,1.4e-05,0.132622,False,0,16.8927
23,62,125,8e-05,2e-05,1.4e-05,0.131885,False,0,16.8925
23,63,125,0.00015,3.8e-05,2.6e-05,0.131212,False,0,16.8913
23,64,125,0.000151,3.8e-05,2.6e-05,0.130574,False,0,16.8912
23,65,125,0.000136,3.4e-05,2.3e-05,0.129969,False,0,16.8915
23,66,125,0.000131,3.3e-05,2.3e-05,0.129411,False,0,16.8914
23,67,125,0.000115,2.9e-05,1.9e-05,0.128872,False,0,16.8918
23,68,125,0.000174,4.4e-05,2.9e-05,0.128401,False,0,16.8909
23,69,125,0.000158,4e-05,2.7e-05,0.127947,False,0,16.891
23,70,125,0.000171,4.3e-05,2.9e-05,0.127505,False,0,16.8909
23,71,125,9.3e-05,2.3e-05,1.6e-05,0.127065,False,0,16.8921
23,72,125,0.000117,2.9e-05,2e-05,0.126671,False,0,16.8917
23,73,125,8.2e-05,2e-05,1.4e-05,0.126316,False,0,16.8924
23,74,125,9.3e-05,2.3e-05,1.6e-05,0.125967,False,0,16.8922
23,75,125,0.000129,3.2e-05,2.3e-05,0.125639,False,0,16.8914
23,76,125,0.000123,3.1e-05,2.1e-05,0.125319,False,0,16.8917
23,77,125,0.000144,3.6e-05,2.5e-05,0.125028,False,0,16.8912
23,78,125,9.3e-05,2.3e-05,1.6e-05,0.124769,False,0,16.8922
23,79,125,0.000112,2.8e-05,1.9e-05,0.124525,False,0,16.8919
23,80,125,9.8e-05,2.5e-05,1.7e-05,0.12428,False,0,16.892
23,81,125,0.000102,2.5e-05,1.7e-05,0.124061,False,0,16.892
23,82,125,6.8e-05,1.7e-05,1.1e-05,0.123893,False,0,16.8927
23,83,125,5.5e-05,1.4e-05,9e-06,0.12369,False,0,16.8932
23,84,125,0.000102,2.6e-05,1.7e-05,0.123477,False,0,16.892
23,85,125,6.7e-05,1.7e-05,1.1e-05,0.123285,False,0,16.8929
23,86,125,0.000112,2.8e-05,1.9e-05,0.123108,False,0,16.8917
23,87,125,9.1e-05,2.3e-05,1.5e-05,0.122959,False,0,16.8923
23,88,125,9.6e-05,2.4e-05,1.7e-05,0.122798,False,0,16.8921
23,89,125,7.2e-05,1.8e-05,1.2e-05,0.122663,False,0,16.8926
23,90,125,0.000118,3e-05,2e-05,0.122517,False,0,16.8917
23,91,125,9.6e-05,2.4e-05,1.6e-05,0.122369,False,0,16.8921
23,92,125,8.3e-05,2.1e-05,1.4e-05,0.122236,False,0,16.8924
23,93,125,4.3e-05,1.1e-05,7e-06,0.122107,False,0,16.8936
23,94,125,6.3e-05,1.6e-05,1.1e-05,0.122012,False,0,16.8929
23,95,125,4.8e-05,1.2e-05,8e-06,0.121957,False,0,16.8932
23,96,125,3.4e-05,8e-06,5e-06,0.121873,False,0,16.8939
23,97,125,4.4e-05,1.1e-05,8e-06,0.121782,False,0,16.8934
23,98,125,4.6e-05,1.1e-05,8e-06,0.121689,False,0,16.8933
23,99,125,5.2e-05,1.3e-05,9e-06,0.121598,False,0,16.8932
23,100,125,5.1e-05,1.3e-05,8e-06,0.121529,False,0,16.8932
23,101,125,6.6e-05,1.7e-05,1.1e-05,0.121483,False,0,16.8928
23,102,125,7.6e-05,1.9e-05,1.3e-05,0.121442,False,0,16.8926
23,103,125,0.000117,2.9e-05,2e-05,0.121371,False,0,16.8917
23,104,125,0.000101,2.6e-05,1.7e-05,0.121351,False,0,16.892
23,105,125,6.3e-05,1.6e-05,1e-05,0.121312,False,0,16.8929
23,106,125,2.8e-05,7e-06,5e-06,0.121293,False,0,16.8941
23,107,125,2.5e-05,6e-06,4e-06,0.121245,False,0,16.894
23,108,125,2.9e-05,7e-06,5e-06,0.121205,False,0,16.8939
23,109,125,3.9e-05,1e-05,6e-06,0.121187,False,0,16.8937
23,110,125,1.1e-05,3e-06,2e-06,0.121188,False,0,16.8948
23,111,125,2.2e-05,6e-06,4e-06,0.12118,False,0,16.8944
23,112,125,2.7e-05,7e-06,4e-06,0.121142,False,0,16.894
23,113,125,2.6e-05,6e-06,4e-06,0.121105,False,0,16.8943
23,114,125,3.4e-05,9e-06,6e-06,0.121054,False,0,16.8937
23,115,125,4.4e-05,1.1e-05,7e-06,0.121026,False,0,16.8935
23,116,125,2.7e-05,7e-06,5e-06,0.120995,False,0,16.8941
23,117,125,2.2e-05,6e-06,4e-06,0.120974,False,0,16.8942
23,118,125,2e-05,5e-06,3e-06,0.120967,False,0,16.8943
23,119,125,5.5e-05,1.4e-05,9e-06,0.120997,False,0,16.8932
23,120,125,0.000128,3.2e-05,2.2e-05,0.121039,False,0,16.8914
23,121,125,8.1e-05,2e-05,1.3e-05,0.121059,False,0,16.8926
23,122,125,7.1e-05,1.8e-05,1.2e-05,0.121062,False,0,16.8927
23,123,125,6.8e-05,1.7e-05,1.2e-05,0.121075,False,0,16.8927
23,124,125,3.8e-05,1e-05,6e-06,0.121078,False,0,16.8936
23,125,125,5.4e-05,1.4e-05,9e-06,0.121087,False,0,16.893
23,126,125,3.4e-05,9e-06,6e-06,0.121077,False,0,16.8938
23,127,125,3.2e-05,8e-06,5e-06,0.121102,False,0,16.8939
23,128,125,3.2e-05,8e-06,5e-06,0.121104,False,0,16.8938
23,129,125,2e-05,5e-06,3e-06,0.121101,False,0,16.8945
23,130,125,1e-05,3e-06,2e-06,0.121122,False,0,16.8952
23,131,125,3.3e-05,8e-06,6e-06,0.121144,False,0,16.8937
23,132,125,2.9e-05,7e-06,5e-06,0.121178,False,0,16.894
23,133,125,3.9e-05,1e-05,6e-06,0.121201,False,0,16.8936
23,134,125,3.4e-05,9e-06,6e-06,0.121258,False,0,16.8936
23,135,125,4.7e-05,1.2e-05,8e-06,0.121289,False,0,16.8934
23,136,125,1.9e-05,5e-06,3e-06,0.121353,False,0,16.8947
23,137,125,2.2e-05,5e-06,4e-06,0.121456,False,0,16.8943
23,138,125,2e-05,5e-06,3e-06,0.121523,False,0,16.8946
23,139,125,1e-05,3e-06,2e-06,0.121545,False,0,16.8949
23,140,125,1.5e-05,3e-06,2e-06,0.121584,False,0,16.8947
23,141,125,8e-06,2e-06,1e-06,0.121629,False,0,16.895
23,142,125,5.1e-05,1.3e-05,8e-06,0.121709,False,0,16.8933
23,143,125,5.4e-05,1.4e-05,9e-06,0.121761,False,0,16.8932
23,144,125,6.2e-05,1.6e-05,1.1e-05,0.121817,False,0,16.8928
23,145,125,2.3e-05,6e-06,4e-06,0.121864,False,0,16.8942
23,146,125,2.7e-05,7e-06,5e-06,0.121908,False,0,16.894
23,147,125,1.4e-05,4e-06,2e-06,0.12197,False,0,16.8946
23,148,125,2.5e-05,6e-06,4e-06,0.122011,False,0,16.894
23,149,125,2.6e-05,6e-06,4e-06,0.122087,False,0,16.894
23,150,125,3.8e-05,9e-06,6e-06,0.122119,False,0,16.8937
23,151,125,3.9e-05,1e-05,6e-06,0.122161,False,0,16.8936
23,152,125,9e-06,3e-06,2e-06,0.12221,False,0,16.8951
23,153,125,1.5e-05,4e-06,2e-06,0.122263,False,0,16.8945
23,154,125,4e-06,1e-06,1e-06,0.122317,False,0,16.8962
23,155,125,1e-05,3e-06,2e-06,0.122418,False,0,16.8947
23,156,125,7e-06,2e-06,1e-06,0.122509,False,0,16.8951
23,157,125,1.8e-05,4e-06,3e-06,0.122572,False,0,16.8944
23,158,125,1.2e-05,3e-06,2e-06,0.122645,False,0,16.8948
23,159,125,3.7e-05,9e-06,7e-06,0.12273,False,0,16.8935
23,160,125,2.4e-05,6e-06,4e-06,0.12277,False,0,16.8942
23,161,125,1.8e-05,5e-06,3e-06,0.122798,False,0,16.8944
23,162,125,1.2e-05,3e-06,2e-06,0.122851,False,0,16.8948
23,163,125,5e-06,1e-06,1e-06,0.122941,False,0,16.8954
23,164,125,1e-05,2e-06,2e-06,0.123004,False,0,16.8948
23,165,125,4.4e-05,1.1e-05,7e-06,0.123076,False,0,16.8934
23,166,125,5.2e-05,1.3e-05,9e-06,0.123158,False,0,16.8931
23,167,125,4.7e-05,1.2e-05,8e-06,0.12325,False,0,16.8935
23,168,125,1e-05,2e-06,2e-06,0.12333,False,0,16.8948
23,169,125,1e-06,0.0,0.0,0.123354,False,0,16.896
23,170,125,5e-06,1e-06,1e-06,0.123375,False,0,16.8954
23,171,125,2e-05,5e-06,3e-06,0.123414,False,0,16.8943
23,172,125,2.6e-05,6e-06,4e-06,0.12349,False,0,16.8941
23,173,125,2.6e-05,6e-06,4e-06,0.123572,False,0,16.894
23,174,125,1.1e-05,3e-06,2e-06,0.123636,False,0,16.8948
23,175,125,2e-06,1e-06,0.0,0.123708,False,0,16.8956
23,176,125,4e-06,1e-06,1e-06,0.123799,False,0,16.8953
23,177,125,1e-06,0.0,0.0,0.123897,False,0,16.896
23,178,125,4e-06,1e-06,1e-06,0.123984,False,0,16.8957
23,179,125,1e-06,0.0,0.0,0.124085,False,0,16.8957
23,180,125,1e-06,0.0,0.0,0.124168,False,0,16.8959
23,181,125,7e-06,1e-06,1e-06,0.124247,False,0,16.895
23,182,125,5.2e-05,1.3e-05,9e-06,0.124293,False,0,16.8931
23,183,125,2.6e-05,6e-06,4e-06,0.124346,False,0,16.8941
23,184,125,2.2e-05,5e-06,4e-06,0.124401,False,0,16.8942
23,185,125,3.3e-05,8e-06,5e-06,0.124472,False,0,16.8939
23,186,125,4.2e-05,1e-05,7e-06,0.124539,False,0,16.8934
23,187,125,3.3e-05,8e-06,6e-06,0.124551,False,0,16.8938
23,188,125,1.9e-05,5e-06,3e-06,0.124616,False,0,16.8944
23,189,125,3.7e-05,9e-06,6e-06,0.124706,False,0,16.8936
23,190,125,1.3e-05,3e-06,2e-06,0.124821,False,0,16.8947
23,191,125,6e-06,2e-06,1e-06,0.124875,False,0,16.8951
23,192,125,1e-06,0.0,0.0,0.12491,False,0,16.8957
23,193,125,9e-06,2e-06,1e-06,0.124981,False,0,16.895
23,194,125,9e-06,2e-06,2e-06,0.125069,False,0,16.8949
23,195,125,1.5e-05,4e-06,3e-06,0.125148,False,0,16.8946
23,196,125,1.6e-05,4e-06,3e-06,0.12522,False,0,16.8945
23,197,125,2.9e-05,7e-06,5e-06,0.12529,False,0,16.8939
23,198,125,2.9e-05,7e-06,5e-06,0.125363,False,0,16.8939
23,199,125,1.1e-05,3e-06,2e-06,0.12541,False,0,16.8947
23,200,125,9e-06,2e-06,2e-06,0.125479,False,0,16.895
23,201,125,1e-06,0.0,0.0,0.125545,False,0,16.8958
23,202,125,5e-06,1e-06,1e-06,0.125634,False,0,16.8951
23,203,125,8e-06,2e-06,1e-06,0.125751,False,0,16.895
23,204,125,6e-06,1e-06,1e-06,0.125835,False,0,16.8952
23,205,125,8e-06,2e-06,1e-06,0.125872,False,0,16.895
23,206,125,2e-06,1e-06,0.0,0.12591,False,0,16.8955
23,207,125,1.2e-05,3e-06,2e-06,0.125977,False,0,16.8947
23,208,125,6e-06,1e-06,1e-06,0.126039,False,0,16.8952
23,209,125,8e-06,2e-06,1e-06,0.126115,False,0,16.895
23,210,125,1e-05,2e-06,2e-06,0.126225,False,0,16.8948
23,211,125,1.9e-05,5e-06,3e-06,0.126348,False,0,16.8943
23,212,125,2.3e-05,6e-06,4e-06,0.126418,False,0,16.8941
23,213,125,2e-06,1e-06,0.0,0.126483,False,0,16.8957
23,214,125,3e-06,1e-06,1e-06,0.126566,False,0,16.8963
23,215,125,2e-06,1e-06,0.0,0.126669,False,0,16.8955
23,216,125,4e-06,1e-06,1e-06,0.126753,False,0,16.8957
23,217,125,5e-06,1e-06,1e-06,0.126856,False,0,16.8956
23,218,125,1e-06,0.0,0.0,0.12693,False,0,16.8962
23,219,125,2e-06,1e-06,0.0,0.12699,False,0,16.8966
23,220,125,5e-06,1e-06,1e-06,0.127064,False,0,16.8953
23,221,125,2e-06,0.0,0.0,0.12714,False,0,16.8957
23,222,125,2e-06,0.0,0.0,0.127224,False,0,16.8957
23,223,125,7e-06,2e-06,1e-06,0.127315,False,0,16.8951
23,224,125,1.9e-05,4e-06,3e-06,0.127411,False,0,16.8943
23,225,125,1.4e-05,3e-06,2e-06,0.127506,False,0,16.8946
23,226,125,9e-06,2e-06,2e-06,0.127595,False,0,16.895
23,227,125,1e-06,0.0,0.0,0.12767,False,0,16.8959
23,228,125,2e-06,0.0,1e-06,0.127774,False,0,16.8957
23,229,125,3e-06,1e-06,0.0,0.12786,False,0,16.8955
23,230,125,1e-06,0.0,0.0,0.127936,False,0,16.8958
23,231,125,5e-06,1e-06,1e-06,0.128006,False,0,16.8952
23,232,125,3e-06,1e-06,0.0,0.128089,False,0,16.8955
23,233,125,7e-06,2e-06,1e-06,0.128164,False,0,16.8951
23,234,125,7e-06,2e-06,1e-06,0.128243,False,0,16.8951
23,235,125,1.4e-05,3e-06,2e-06,0.128327,False,0,16.8946
23,236,125,7e-06,2e-06,1e-06,0.128415,False,0,16.895
23,237,125,7e-06,2e-06,1e-06,0.128499,False,0,16.8951
23,238,125,1.1e-05,3e-06,2e-06,0.12858,False,0,16.8948
23,239,125,5e-06,1e-06,1e-06,0.128656,False,0,16.8952
23,240,125,4e-06,1e-06,1e-06,0.128756,False,0,16.8956
23,241,125,1e-06,0.0,0.0,0.128876,False,0,16.8959
23,242,125,2e-06,1e-06,1e-06,0.128982,False,0,16.8964
23,243,125,1e-06,0.0,0.0,0.129064,False,0,16.8964
23,244,125,5e-06,1e-06,1e-06,0.129123,False,0,16.8969
23,245,125,2e-06,1e-06,1e-06,0.129198,False,0,16.8966
23,246,125,3e-06,1e-06,1e-06,0.129279,False,0,16.8967
23,247,125,5e-06,1e-06,1e-06,0.129352,False,0,16.8968
23,248,125,5e-06,1e-06,1e-06,0.129444,False,0,16.8969
23,249,125,2e-06,1e-06,0.0,0.129558,False,0,16.8963
23,250,125,3e-06,1e-06,1e-06,0.129716,False,0,16.8964
23,251,125,2.3e-05,6e-06,4e-06,0.12983,False,0,16.898
23,252,125,5e-06,1e-06,1e-06,0.129947,False,0,16.897
23,253,125,6e-06,2e-06,1e-06,0.130004,False,0,16.8952
23,254,125,7e-06,2e-06,1e-06,0.130095,False,0,16.8951
23,255,125,7e-06,2e-06,1e-06,0.130205,False,0,16.895
23,256,125,1e-05,2e-06,2e-06,0.130315,False,0,16.895
23,257,125,1e-06,0.0,0.0,0.130421,False,0,16.8961
23,258,125,5e-06,1e-06,1e-06,0.13051,False,0,16.8966
23,259,125,7e-06,2e-06,1e-06,0.130592,False,0,16.8969
23,260,125,1e-06,0.0,0.0,0.130672,False,0,16.8958
23,261,125,1.1e-05,3e-06,2e-06,0.130799,False,0,16.8954
23,262,125,2e-06,0.0,0.0,0.130943,False,0,16.8963
23,263,125,3e-06,0.0,1e-06,0.131021,False,0,16.8964
23,264,125,2e-06,0.0,0.0,0.131087,False,0,16.8957
23,265,125,2.1e-05,6e-06,4e-06,0.13114,False,0,16.898
23,266,125,1.4e-05,4e-06,3e-06,0.131223,False,0,16.8976
23,267,125,6e-06,2e-06,1e-06,0.131294,False,0,16.8971
23,268,125,3e-06,1e-06,1e-06,0.131361,False,0,16.8963
23,269,125,3e-06,1e-06,1e-06,0.13142,False,0,16.8967
23,270,125,0.0,-0.0,0.0,0.131498,False,0,16.896
23,271,125,1e-06,0.0,0.0,0.131589,False,0,16.8961
23,272,125,3e-06,1e-06,0.0,0.13167,False,0,16.8955
23,273,125,1e-06,0.0,0.0,0.131748,False,0,16.8959
23,274,125,3e-06,1e-06,1e-06,0.131853,False,0,16.8966
23,275,125,1.2e-05,3e-06,2e-06,0.13197,False,0,16.8975
23,276,125,4e-06,1e-06,1e-06,0.132053,False,0,16.8966
23,277,125,1e-05,3e-06,2e-06,0.132136,False,0,16.8973
23,278,125,1.7e-05,5e-06,3e-06,0.132217,False,0,16.8978
23,279,125,1.6e-05,4e-06,3e-06,0.132287,False,0,16.8976
23,280,125,2e-05,5e-06,4e-06,0.132353,False,0,16.8978
23,281,125,3.7e-05,1e-05,7e-06,0.132427,False,0,16.8986
23,282,125,8e-06,2e-06,1e-06,0.132549,False,0,16.8971
23,283,125,2e-06,1e-06,0.0,0.13267,False,0,16.8965
23,284,125,1e-06,0.0,0.0,0.132771,False,0,16.8964
23,285,125,8e-06,2e-06,1e-06,0.132852,False,0,16.8972
23,286,125,1.4e-05,3e-06,3e-06,0.132932,False,0,16.8976
23,287,125,1.3e-05,3e-06,3e-06,0.13303,False,0,16.8975
23,288,125,3.2e-05,8e-06,6e-06,0.133152,False,0,16.8984
23,289,125,5.7e-05,1.4e-05,1e-05,0.133257,False,0,16.8991
23,290,125,3.4e-05,9e-06,7e-06,0.13331,False,0,16.8985
23,291,125,1.8e-05,4e-06,3e-06,0.133365,False,0,16.8977
23,292,125,1e-05,3e-06,2e-06,0.133427,False,0,16.8972
23,293,125,3.7e-05,9e-06,7e-06,0.133513,False,0,16.8985
23,294,125,4e-05,1e-05,7e-06,0.13358,False,0,16.8985
23,295,125,4e-05,1e-05,7e-06,0.133674,False,0,16.8987
23,296,125,1.7e-05,4e-06,3e-06,0.133794,False,0,16.8976
23,297,125,6e-06,2e-06,1e-06,0.133926,False,0,16.8969
23,298,125,1.8e-05,4e-06,3e-06,0.134032,False,0,16.8978
23,299,125,3.4e-05,9e-06,6e-06,0.134115,False,0,16.8983
23,300,125,6.2e-05,1.6e-05,1.1e-05,0.134155,False,0,16.8993
23,301,125,5.8e-05,1.4e-05,1e-05,0.134192,False,0,16.8991
23,302,125,4e-05,1e-05,7e-06,0.134212,False,0,16.8986
23,303,125,4.3e-05,1e-05,8e-06,0.134276,False,0,16.8987
23,304,125,4.6e-05,1.2e-05,8e-06,0.134342,False,0,16.8988
23,305,125,3.8e-05,1e-05,7e-06,0.134432,False,0,16.8984
23,306,125,7.5e-05,1.9e-05,1.4e-05,0.134525,False,0,16.8996
23,307,125,7.8e-05,1.9e-05,1.4e-05,0.134629,False,0,16.8996
23,308,125,7e-05,1.8e-05,1.3e-05,0.134732,False,0,16.8995
23,309,125,5.8e-05,1.4e-05,1.1e-05,0.134828,False,0,16.8992
23,310,125,5.6e-05,1.4e-05,1e-05,0.134911,False,0,16.899
23,311,125,4.4e-05,1.1e-05,8e-06,0.134956,False,0,16.8987
23,312,125,4.8e-05,1.2e-05,9e-06,0.135009,False,0,16.8988
23,313,125,4.9e-05,1.2e-05,9e-06,0.13508,False,0,16.8989
23,314,125,7.3e-05,1.9e-05,1.3e-05,0.135224,False,0,16.8995
23,315,125,7.3e-05,1.8e-05,1.3e-05,0.135348,False,0,16.8994
23,316,125,9.1e-05,2.3e-05,1.6e-05,0.13548,False,0,16.8999
23,317,125,5.6e-05,1.4e-05,1e-05,0.135576,False,0,16.8991
23,318,125,5.9e-05,1.5e-05,1.1e-05,0.135678,False,0,16.899
23,319,125,4.7e-05,1.2e-05,8e-06,0.135782,False,0,16.8988
23,320,125,8.9e-05,2.2e-05,1.6e-05,0.135884,False,0,16.8999
23,321,125,6.6e-05,1.7e-05,1.2e-05,0.13597,False,0,16.8992
23,322,125,5.7e-05,1.4e-05,1e-05,0.136059,False,0,16.8991
23,323,125,6.8e-05,1.7e-05,1.3e-05,0.13615,False,0,16.8995
23,324,125,0.000106,2.7e-05,1.9e-05,0.136239,False,0,16.9003
23,325,125,9.2e-05,2.3e-05,1.6e-05,0.136303,False,0,16.8999
23,326,125,0.000133,3.3e-05,2.4e-05,0.13643,False,0,16.9008
23,327,125,0.00013,3.3e-05,2.3e-05,0.136544,False,0,16.9007
23,328,125,0.00015,3.8e-05,2.6e-05,0.136674,False,0,16.901
23,329,125,0.000142,3.5e-05,2.5e-05,0.13682,False,0,16.9009
23,330,125,7.8e-05,1.9e-05,1.4e-05,0.136934,False,0,16.8995
23,331,125,5.7e-05,1.4e-05,1.1e-05,0.137009,False,0,16.8991
23,332,125,8.4e-05,2.1e-05,1.5e-05,0.137042,False,0,16.8998
23,333,125,0.000108,2.7e-05,1.9e-05,0.137123,False,0,16.9003
23,334,125,6e-05,1.5e-05,1.1e-05,0.137237,False,0,16.8992
23,335,125,2.3e-05,6e-06,4e-06,0.13736,False,0,16.898
23,336,125,4.4e-05,1.1e-05,8e-06,0.137479,False,0,16.8987
23,337,125,7.3e-05,1.8e-05,1.3e-05,0.137594,False,0,16.8996
23,338,125,4.8e-05,1.2e-05,9e-06,0.137704,False,0,16.8986
23,339,125,8.1e-05,2e-05,1.4e-05,0.137804,False,0,16.8996
23,340,125,0.000137,3.4e-05,2.5e-05,0.13791,False,0,16.9008
23,341,125,0.00014,3.5e-05,2.5e-05,0.138029,False,0,16.9008
23,342,125,0.000109,2.7e-05,1.9e-05,0.138164,False,0,16.9001
23,343,125,9.8e-05,2.5e-05,1.8e-05,0.138299,False,0,16.9001
23,344,125,0.000144,3.6e-05,2.6e-05,0.138447,False,0,16.9009
23,345,125,0.000166,4.2e-05,2.9e-05,0.13854,False,0,16.9013
23,346,125,0.00018,4.5e-05,3.2e-05,0.13865,False,0,16.9014
23,347,125,0.000122,3e-05,2.1e-05,0.138727,False,0,16.9005
23,348,125,0.00013,3.3e-05,2.3e-05,0.138854,False,0,16.9007
23,349,125,0.000139,3.5e-05,2.5e-05,0.138968,False,0,16.9008
23,350,125,0.00015,3.7e-05,2.6e-05,0.13908,False,0,16.901
23,351,125,0.000135,3.4e-05,2.4e-05,0.13919,False,0,16.9007
23,352,125,0.000195,4.9e-05,3.4e-05,0.139333,False,0,16.9016
23,353,125,0.000242,6.1e-05,4.3e-05,0.139503,False,0,16.9024
23,354,125,0.000211,5.3e-05,3.7e-05,0.139663,False,0,16.9019
23,355,125,0.000221,5.6e-05,3.9e-05,0.13982,False,0,16.9021
23,356,125,0.000198,5e-05,3.5e-05,0.139952,False,0,16.9017
23,357,125,0.000258,6.5e-05,4.5e-05,0.140072,False,0,16.9026
23,358,125,0.000218,5.5e-05,3.8e-05,0.140161,False,0,16.902
23,359,124,0.000197,4.9e-05,3.5e-05,0.140255,False,0,16.9017
23,360,123,0.000221,5.5e-05,3.9e-05,0.140416,False,0,16.9021
23,361,122,0.000203,5.1e-05,3.5e-05,0.140575,False,0,16.9017
23,362,121,0.000163,4.1e-05,2.9e-05,0.140713,False,0,16.9012
23,363,120,0.000171,4.3e-05,3e-05,0.140846,False,0,16.9013
23,364,119,0.000224,5.6e-05,3.9e-05,0.140941,False,0,16.902
23,365,118,0.000246,6.2e-05,4.4e-05,0.141053,False,0,16.9025
23,366,117,0.000269,6.8e-05,4.7e-05,0.141144,False,0,16.9026
23,367,116,0.000307,7.7e-05,5.5e-05,0.141288,False,0,16.9032
23,368,115,0.000352,8.8e-05,6.1e-05,0.141428,False,0,16.9037
23,369,114,0.00032,8e-05,5.6e-05,0.141585,False,0,16.9033
23,370,113,0.000256,6.4e-05,4.5e-05,0.141741,False,0,16.9026
23,371,112,0.000237,6e-05,4.1e-05,0.141894,False,0,16.9022
23,372,111,0.000272,6.8e-05,4.8e-05,0.142083,False,0,16.9026
23,373,110,0.000336,8.4e-05,5.9e-05,0.142283,False,0,16.9036
23,374,109,0.000257,6.5e-05,4.5e-05,0.14247,False,0,16.9024
23,375,108,0.000185,4.6e-05,3.3e-05,0.142633,False,0,16.9016
23,376,107,0.000234,5.9e-05,4.1e-05,0.142762,False,0,16.9021
23,377,106,0.000316,7.9e-05,5.6e-05,0.142922,False,0,16.9034
23,378,105,0.000345,8.7e-05,6e-05,0.143069,True,0,16.9033
23,379,104,0.000437,0.000109,7.8e-05,0.143207,True,0,16.9047
23,380,103,0.000395,9.9e-05,6.9e-05,0.143382,True,0,16.9039
23,381,102,0.000411,0.000103,7.2e-05,0.143548,True,0,16.9043
23,382,101,0.000374,9.4e-05,6.6e-05,0.143732,True,0,16.9039
23,383,100,0.000362,9.1e-05,6.3e-05,0.143886,True,0,16.9037
23,384,99,0.00041,0.000103,7.2e-05,0.144057,True,0,16.9042
23,385,98,0.000413,0.000104,7.2e-05,0.144246,True,0,16.9043
23,386,97,0.000369,9.2e-05,6.5e-05,0.144425,True,0,16.9038
23,387,96,0.000407,0.000102,7.1e-05,0.144594,True,0,16.9042
23,388,95,0.000398,1e-04,7e-05,0.144735,True,0,16.9042
23,389,94,0.000396,9.9e-05,6.9e-05,0.144914,True,0,16.904
23,390,93,0.000411,0.000103,7.2e-05,0.145111,True,0,16.9043
23,391,92,0.000408,0.000102,7.1e-05,0.145304,True,0,16.9042
23,392,91,0.000483,0.000121,8.5e-05,0.145523,True,0,16.9049
23,393,90,0.000496,0.000124,8.7e-05,0.145756,True,0,16.9051
23,394,89,0.000531,0.000133,9.2e-05,0.145962,True,0,16.9053
23,395,88,0.000517,0.000129,9.1e-05,0.146169,True,0,16.9053
23,396,87,0.000539,0.000135,9.4e-05,0.14634,True,0,16.9055
23,397,86,0.000489,0.000122,8.6e-05,0.146549,True,0,16.9051
23,398,85,0.000443,0.000111,7.7e-05,0.146742,True,0,16.9045
23,399,84,0.000473,0.000118,8.2e-05,0.146963,True,0,16.9048
23,400,83,0.000561,0.00014,9.8e-05,0.147232,True,0,16.9056
23,401,82,0.000643,0.000161,0.000113,0.147519,True,0,16.9064
23,402,81,0.000608,0.000152,0.000106,0.147781,True,0,16.906
23,403,80,0.000573,0.000144,1e-04,0.147997,True,0,16.9057
23,404,79,0.000526,0.000132,9.2e-05,0.148213,True,0,16.9053
23,405,78,0.000591,0.000148,0.000104,0.148445,True,0,16.906
24,52,125,0.000272,6.8e-05,4.5e-05,0.145,True,0,16.8895
24,53,125,0.000389,9.7e-05,6.6e-05,0.143087,True,0,16.888
24,54,125,0.000336,8.4e-05,5.7e-05,0.141457,False,0,16.8887
24,55,125,0.000369,9.2e-05,6.2e-05,0.140015,False,0,16.8884
24,56,125,0.00033,8.2e-05,5.7e-05,0.138706,False,0,16.8886
24,57,125,0.000359,9e-05,6e-05,0.137526,False,0,16.8885
24,58,125,0.000252,6.3e-05,4.3e-05,0.136451,False,0,16.8896
24,59,125,0.000336,8.4e-05,5.7e-05,0.135439,False,0,16.8887
24,60,125,0.0004,1e-04,6.8e-05,0.13453,False,0,16.8879
24,61,125,0.000396,9.9e-05,6.6e-05,0.133715,False,0,16.8881
24,62,125,0.000315,7.8e-05,5.3e-05,0.132957,False,0,16.8889
24,63,125,0.000281,7e-05,4.7e-05,0.132258,False,0,16.8893
24,64,125,0.000283,7.1e-05,4.8e-05,0.131608,False,0,16.8894
24,65,125,0.000308,7.7e-05,5.3e-05,0.131053,False,0,16.8889
24,66,125,0.000326,8.2e-05,5.5e-05,0.130502,False,0,16.8887
24,67,125,0.000246,6.2e-05,4.1e-05,0.12998,False,0,16.8899
24,68,125,0.000241,6e-05,4.1e-05,0.129466,False,0,16.8898
24,69,125,0.000242,6.1e-05,4.1e-05,0.128995,False,0,16.8899
24,70,125,0.000272,6.8e-05,4.6e-05,0.128564,False,0,16.8894
24,71,125,0.000181,4.5e-05,3e-05,0.128169,False,0,16.8909
24,72,125,0.000182,4.6e-05,3.1e-05,0.127805,False,0,16.8909
24,73,125,0.000204,5.1e-05,3.5e-05,0.127453,False,0,16.8903
24,74,125,0.00032,8e-05,5.4e-05,0.127114,False,0,16.8889
24,75,125,0.000202,5.1e-05,3.4e-05,0.126783,False,0,16.8903
24,76,125,0.000243,6.1e-05,4.1e-05,0.126474,False,0,16.8899
24,77,125,0.000153,3.8e-05,2.6e-05,0.12617,False,0,16.8911
24,78,125,0.000206,5.2e-05,3.4e-05,0.125889,False,0,16.8904
24,79,125,0.00017,4.3e-05,2.9e-05,0.125689,False,0,16.8908
24,80,125,0.000241,6e-05,4.1e-05,0.125501,False,0,16.8899
24,81,125,0.000294,7.4e-05,5.1e-05,0.125314,False,0,16.889
24,82,125,0.000299,7.5e-05,5.1e-05,0.125092,False,0,16.8891
24,83,125,0.000233,5.8e-05,3.9e-05,0.124842,False,0,16.89
24,84,125,0.000265,6.6e-05,4.5e-05,0.124607,False,0,16.8895
24,85,125,0.000233,5.8e-05,4e-05,0.124421,False,0,16.8898
24,86,125,0.000235,5.9e-05,3.9e-05,0.124205,False,0,16.89
24,87,125,0.000233,5.9e-05,3.9e-05,0.124015,False,0,16.8899
24,88,125,0.000198,4.9e-05,3.4e-05,0.123853,False,0,16.8904
24,89,125,0.000297,7.4e-05,5e-05,0.123699,False,0,16.8891
24,90,125,0.000383,9.6e-05,6.5e-05,0.123588,False,0,16.8882
24,91,125,0.000327,8.2e-05,5.6e-05,0.123493,False,0,16.8887
24,92,125,0.000231,5.8e-05,3.9e-05,0.123426,False,0,16.8901
24,93,125,0.000236,5.9e-05,4e-05,0.123344,False,0,16.8899
24,94,125,0.000277,6.9e-05,4.8e-05,0.123244,False,0,16.8893
24,95,125,0.000198,5e-05,3.3e-05,0.123151,False,0,16.8906
24,96,125,0.000208,5.2e-05,3.5e-05,0.123053,False,0,16.8902
24,97,125,0.000189,4.7e-05,3.2e-05,0.122954,False,0,16.8905
24,98,125,0.000163,4.1e-05,2.8e-05,0.122843,False,0,16.8909
24,99,125,0.000138,3.5e-05,2.3e-05,0.122766,False,0,16.8913
24,100,125,0.000143,3.6e-05,2.4e-05,0.122711,False,0,16.8914
24,101,125,0.000196,4.9e-05,3.3e-05,0.122671,False,0,16.8904
24,102,125,0.00018,4.5e-05,3e-05,0.122632,False,0,16.8907
24,103,125,0.000124,3.1e-05,2.1e-05,0.122612,False,0,16.8917
24,104,125,7.8e-05,1.9e-05,1.3e-05,0.122541,False,0,16.8925
24,105,125,9.6e-05,2.4e-05,1.6e-05,0.122474,False,0,16.8923
24,106,125,9.7e-05,2.4e-05,1.6e-05,0.122421,False,0,16.8921
24,107,125,0.000166,4.2e-05,2.8e-05,0.122389,False,0,16.8909
24,108,125,0.000186,4.7e-05,3.2e-05,0.122356,False,0,16.8905
24,109,125,0.000166,4.2e-05,2.8e-05,0.122342,False,0,16.891
24,110,125,0.000154,3.9e-05,2.6e-05,0.122312,False,0,16.8911
24,111,125,0.000159,4e-05,2.7e-05,0.12228,False,0,16.891
24,112,125,8.5e-05,2.1e-05,1.4e-05,0.122256,False,0,16.8925
24,113,125,5e-05,1.3e-05,8e-06,0.122242,False,0,16.8933
24,114,125,5.2e-05,1.3e-05,9e-06,0.122251,False,0,16.8934
24,115,125,5e-05,1.3e-05,8e-06,0.122205,False,0,16.8934
24,116,125,6.4e-05,1.6e-05,1.1e-05,0.122168,False,0,16.8928
24,117,125,6.3e-05,1.6e-05,1.1e-05,0.122159,False,0,16.8929
24,118,125,0.000116,2.9e-05,2e-05,0.122169,False,0,16.8916
24,119,125,0.000127,3.2e-05,2.1e-05,0.122189,False,0,16.8917
24,120,125,0.000156,3.9e-05,2.7e-05,0.122212,False,0,16.8909
24,121,125,0.000151,3.8e-05,2.6e-05,0.122237,False,0,16.891
24,122,125,0.000112,2.8e-05,1.8e-05,0.122235,False,0,16.8919
24,123,125,1e-04,2.5e-05,1.7e-05,0.122213,False,0,16.8921
24,124,125,0.000109,2.7e-05,1.8e-05,0.122236,False,0,16.892
24,125,125,0.000132,3.3e-05,2.3e-05,0.122308,False,0,16.8914
24,126,125,0.00011,2.8e-05,1.8e-05,0.12236,False,0,16.892
24,127,125,0.000132,3.3e-05,2.2e-05,0.122376,False,0,16.8914
24,128,125,9.3e-05,2.3e-05,1.5e-05,0.122384,False,0,16.8923
24,129,125,7.6e-05,1.9e-05,1.3e-05,0.122335,False,0,16.8927
24,130,125,7.3e-05,1.8e-05,1.2e-05,0.122281,False,0,16.8927
24,131,125,9.1e-05,2.3e-05,1.5e-05,0.122269,False,0,16.8923
24,132,125,9.2e-05,2.3e-05,1.6e-05,0.122298,False,0,16.8922
24,133,125,9.9e-05,2.5e-05,1.7e-05,0.12235,False,0,16.8921
24,134,125,8.8e-05,2.2e-05,1.5e-05,0.122396,False,0,16.8922
24,135,125,8.3e-05,2.1e-05,1.4e-05,0.122433,False,0,16.8925
24,136,125,0.000115,2.8e-05,1.9e-05,0.122487,False,0,16.8918
24,137,125,0.000105,2.6e-05,1.8e-05,0.122535,False,0,16.892
24,138,125,8.6e-05,2.1e-05,1.4e-05,0.122553,False,0,16.8924
24,139,125,0.000123,3.1e-05,2.1e-05,0.122582,False,0,16.8916
24,140,125,8.7e-05,2.2e-05,1.4e-05,0.122607,False,0,16.8924
24,141,125,7.4e-05,1.8e-05,1.2e-05,0.122616,False,0,16.8927
24,142,125,6.9e-05,1.7e-05,1.2e-05,0.122609,False,0,16.8927
24,143,125,0.000107,2.7e-05,1.8e-05,0.122632,False,0,16.892
24,144,125,0.000128,3.2e-05,2.2e-05,0.122677,False,0,16.8915
24,145,125,7.4e-05,1.8e-05,1.2e-05,0.122726,False,0,16.8926
24,146,125,4.4e-05,1.1e-05,7e-06,0.122773,False,0,16.8934
24,147,125,6e-05,1.5e-05,1e-05,0.122822,False,0,16.8929
24,148,125,9.2e-05,2.3e-05,1.5e-05,0.122897,False,0,16.8922
24,149,125,6.3e-05,1.6e-05,1.1e-05,0.122962,False,0,16.8928
24,150,125,8.9e-05,2.2e-05,1.5e-05,0.123022,False,0,16.8923
24,151,125,8.9e-05,2.2e-05,1.5e-05,0.123074,False,0,16.8923
24,152,125,8.6e-05,2.2e-05,1.4e-05,0.123097,False,0,16.8924
24,153,125,5.1e-05,1.3e-05,9e-06,0.123131,False,0,16.8932
24,154,125,7.5e-05,1.9e-05,1.3e-05,0.123173,False,0,16.8926
24,155,125,7.7e-05,1.9e-05,1.3e-05,0.123229,False,0,16.8925
24,156,125,2.8e-05,7e-06,5e-06,0.123271,False,0,16.894
24,157,125,7.6e-05,1.9e-05,1.3e-05,0.123341,False,0,16.8926
24,158,125,6.7e-05,1.7e-05,1.1e-05,0.123398,False,0,16.8927
24,159,125,6.2e-05,1.6e-05,1e-05,0.123442,False,0,16.8929
24,160,125,6.4e-05,1.6e-05,1.1e-05,0.123483,False,0,16.8928
24,161,125,9.1e-05,2.3e-05,1.5e-05,0.123564,False,0,16.8922
24,162,125,0.000106,2.6e-05,1.7e-05,0.123666,False,0,16.892
24,163,125,7.7e-05,1.9e-05,1.3e-05,0.123759,False,0,16.8925
24,164,125,3.2e-05,8e-06,5e-06,0.123822,False,0,16.8942
24,165,125,2e-05,5e-06,4e-06,0.123888,False,0,16.8943
24,166,125,6e-06,1e-06,1e-06,0.123954,False,0,16.8957
24,167,125,5e-06,1e-06,1e-06,0.123998,False,0,16.8952
24,168,125,1.1e-05,3e-06,2e-06,0.124046,False,0,16.8948
24,169,125,2.6e-05,7e-06,4e-06,0.124096,False,0,16.894
24,170,125,2.6e-05,7e-06,4e-06,0.124152,False,0,16.8941
24,171,125,5.7e-05,1.5e-05,9e-06,0.124184,False,0,16.8931
24,172,125,5.9e-05,1.5e-05,1e-05,0.124256,False,0,16.893
24,173,125,3.6e-05,9e-06,6e-06,0.124328,False,0,16.8937
24,174,125,2.3e-05,6e-06,4e-06,0.124395,False,0,16.8942
24,175,125,3.2e-05,8e-06,5e-06,0.124402,False,0,16.8939
24,176,125,3.4e-05,9e-06,6e-06,0.124432,False,0,16.8937
24,177,125,1.7e-05,4e-06,3e-06,0.124496,False,0,16.8944
24,178,125,1.2e-05,3e-06,2e-06,0.124569,False,0,16.8948
24,179,125,1.9e-05,5e-06,3e-06,0.124636,False,0,16.8944
24,180,125,4.5e-05,1.2e-05,8e-06,0.124702,False,0,16.8934
24,181,125,4.6e-05,1.2e-05,8e-06,0.124753,False,0,16.8933
24,182,125,2.6e-05,7e-06,4e-06,0.1248,False,0,16.894
24,183,125,3.2e-05,8e-06,5e-06,0.124863,False,0,16.8938
24,184,125,1.7e-05,4e-06,3e-06,0.124939,False,0,16.8945
24,185,125,2.3e-05,6e-06,4e-06,0.125026,False,0,16.8944
24,186,125,1e-05,3e-06,2e-06,0.125081,False,0,16.8948
24,187,125,1.5e-05,4e-06,2e-06,0.125152,False,0,16.8948
24,188,125,3.4e-05,8e-06,6e-06,0.125205,False,0,16.8938
24,189,125,7.2e-05,1.8e-05,1.2e-05,0.125287,False,0,16.8926
24,190,125,0.00011,2.8e-05,1.8e-05,0.125376,False,0,16.8919
24,191,125,7.3e-05,1.8e-05,1.3e-05,0.125458,False,0,16.8926
24,192,125,3.1e-05,8e-06,5e-06,0.125529,False,0,16.894
24,193,125,1.8e-05,4e-06,3e-06,0.125588,False,0,16.8945
24,194,125,9e-06,2e-06,1e-06,0.125648,False,0,16.8949
24,195,125,2.2e-05,5e-06,4e-06,0.125704,False,0,16.8942
24,196,125,3.7e-05,9e-06,6e-06,0.125764,False,0,16.8936
24,197,125,3.7e-05,9e-06,6e-06,0.125838,False,0,16.8938
24,198,125,5.3e-05,1.3e-05,9e-06,0.125933,False,0,16.8932
24,199,125,2.6e-05,6e-06,4e-06,0.125984,False,0,16.894
24,200,125,6e-06,2e-06,1e-06,0.126035,False,0,16.8957
24,201,125,2e-06,1e-06,0.0,0.1261,False,0,16.8956
24,202,125,1e-06,0.0,0.0,0.126182,False,0,16.8964
24,203,125,6e-06,1e-06,1e-06,0.126264,False,0,16.8952
24,204,125,3e-06,1e-06,1e-06,0.126351,False,0,16.8955
24,205,125,8e-06,2e-06,1e-06,0.126428,False,0,16.895
24,206,125,2e-06,0.0,0.0,0.126486,False,0,16.8957
24,207,125,5e-06,1e-06,1e-06,0.126573,False,0,16.8955
24,208,125,2e-06,0.0,0.0,0.126628,False,0,16.8957
24,209,125,5e-06,1e-06,1e-06,0.126709,False,0,16.8956
24,210,125,5e-06,1e-06,1e-06,0.126801,False,0,16.8953
24,211,125,1e-06,0.0,0.0,0.126886,False,0,16.896
24,212,125,2e-06,0.0,0.0,0.126963,False,0,16.8958
24,213,125,5e-06,1e-06,1e-06,0.127009,False,0,16.8952
24,214,125,1.5e-05,4e-06,3e-06,0.127097,False,0,16.8945
24,215,125,1.4e-05,3e-06,2e-06,0.127192,False,0,16.8946
24,216,125,1.2e-05,3e-06,2e-06,0.127286,False,0,16.8949
24,217,125,9e-06,2e-06,1e-06,0.12737,False,0,16.8949
24,218,125,1e-06,0.0,0.0,0.127439,False,0,16.896
24,219,125,2e-06,0.0,1e-06,0.1275,False,0,16.8965
24,220,125,3e-06,1e-06,1e-06,0.127566,False,0,16.8967
24,221,125,4e-06,1e-06,1e-06,0.12764,False,0,16.8964
24,222,125,7e-06,2e-06,1e-06,0.127703,False,0,16.8953
24,223,125,3e-06,1e-06,1e-06,0.127793,False,0,16.8954
24,224,125,5e-06,1e-06,1e-06,0.127874,False,0,16.8953
24,225,125,1e-05,2e-06,2e-06,0.127957,False,0,16.8949
24,226,125,9e-06,2e-06,1e-06,0.128052,False,0,16.895
24,227,125,9e-06,2e-06,1e-06,0.128128,False,0,16.8949
24,228,125,1.7e-05,4e-06,3e-06,0.128186,False,0,16.8945
24,229,125,6e-06,1e-06,1e-06,0.128278,False,0,16.8951
24,230,125,2e-06,0.0,0.0,0.128394,False,0,16.8959
24,231,125,2e-06,1e-06,0.0,0.128518,False,0,16.8958
24,232,125,1.3e-05,3e-06,2e-06,0.128616,False,0,16.8946
24,233,125,7e-06,2e-06,1e-06,0.128701,False,0,16.8951
24,234,125,1.1e-05,3e-06,2e-06,0.128786,False,0,16.8949
24,235,125,9e-06,2e-06,1e-06,0.128884,False,0,16.8952
24,236,125,9e-06,2e-06,2e-06,0.128951,False,0,16.8949
24,237,125,6e-06,2e-06,1e-06,0.129043,False,0,16.8957
24,238,125,2e-06,1e-06,1e-06,0.12912,False,0,16.8961
24,239,125,1e-06,0.0,0.0,0.129176,False,0,16.896
24,240,125,3e-06,1e-06,1e-06,0.129225,False,0,16.8965
24,241,125,1e-06,0.0,0.0,0.129321,False,0,16.8958
24,242,125,3e-06,0.0,0.0,0.129421,False,0,16.8955
24,243,125,5e-06,1e-06,1e-06,0.129517,False,0,16.8953
24,244,125,1.1e-05,3e-06,2e-06,0.129604,False,0,16.8949
24,245,125,1e-06,1e-06,0.0,0.129705,False,0,16.8959
24,246,125,1e-05,2e-06,2e-06,0.129815,False,0,16.8949
24,247,125,2.9e-05,7e-06,5e-06,0.129934,False,0,16.8939
24,248,125,1.5e-05,4e-06,3e-06,0.130029,False,0,16.8945
24,249,125,9e-06,2e-06,2e-06,0.130143,False,0,16.8971
24,250,125,2e-06,0.0,1e-06,0.130234,False,0,16.8961
24,251,125,1e-06,1e-06,0.0,0.130336,False,0,16.8959
24,252,125,2e-06,0.0,0.0,0.130416,False,0,16.896
24,253,125,6e-06,1e-06,1e-06,0.130511,False,0,16.8954
24,254,125,1e-06,0.0,0.0,0.130602,False,0,16.8959
24,255,125,4e-06,1e-06,1e-06,0.130708,False,0,16.8953
24,256,125,7e-06,2e-06,1e-06,0.130832,False,0,16.8953
24,257,125,6e-06,2e-06,1e-06,0.130909,False,0,16.8969
24,258,125,6e-06,2e-06,1e-06,0.13098,False,0,16.897
24,259,125,9e-06,2e-06,2e-06,0.131061,False,0,16.8972
24,260,125,1.4e-05,4e-06,3e-06,0.131142,False,0,16.8976
24,261,125,1.6e-05,4e-06,3e-06,0.131238,False,0,16.8977
24,262,125,8e-06,2e-06,2e-06,0.131346,False,0,16.8972
24,263,125,1.4e-05,4e-06,3e-06,0.131434,False,0,16.8976
24,264,125,1e-06,0.0,0.0,0.131528,False,0,16.8961
24,265,125,3e-06,1e-06,1e-06,0.131643,False,0,16.8957
24,266,125,8e-06,2e-06,2e-06,0.131743,False,0,16.8972
24,267,125,4e-06,1e-06,1e-06,0.131858,False,0,16.8959
24,268,125,2e-06,0.0,0.0,0.131954,False,0,16.896
24,269,125,1e-06,0.0,0.0,0.132032,False,0,16.8963
24,270,125,9e-06,2e-06,2e-06,0.132108,False,0,16.8973
24,271,125,1.3e-05,3e-06,3e-06,0.132185,False,0,16.8974
24,272,125,6e-06,1e-06,1e-06,0.132285,False,0,16.8969
24,273,125,3e-06,1e-06,1e-06,0.132367,False,0,16.8959
24,274,125,2e-06,1e-06,1e-06,0.132492,False,0,16.8965
24,275,125,1.3e-05,3e-06,3e-06,0.132603,False,0,16.8975
24,276,125,1.6e-05,4e-06,3e-06,0.132709,False,0,16.8975
24,277,125,1.2e-05,3e-06,2e-06,0.132817,False,0,16.8975
24,278,125,3.7e-05,9e-06,7e-06,0.132942,False,0,16.8986
24,279,125,2.6e-05,6e-06,5e-06,0.133031,False,0,16.8981
24,280,125,1.9e-05,5e-06,3e-06,0.133105,False,0,16.8978
24,281,125,8e-06,2e-06,2e-06,0.13318,False,0,16.897
24,282,125,3e-05,7e-06,6e-06,0.133275,False,0,16.8983
24,283,125,2.7e-05,7e-06,5e-06,0.133383,False,0,16.8982
24,284,125,2.3e-05,6e-06,4e-06,0.133471,False,0,16.8979
24,285,125,1.9e-05,5e-06,4e-06,0.133563,False,0,16.8978
24,286,125,4.6e-05,1.2e-05,8e-06,0.13365,False,0,16.8988
24,287,125,7.2e-05,1.8e-05,1.3e-05,0.133742,False,0,16.8995
24,288,125,4.1e-05,1e-05,7e-06,0.133815,False,0,16.8987
24,289,125,3.6e-05,9e-06,6e-06,0.133935,False,0,16.8983
24,290,125,3.4e-05,8e-06,6e-06,0.134033,False,0,16.8984
24,291,125,3.8e-05,9e-06,7e-06,0.134121,False,0,16.8986
24,292,125,4.3e-05,1.1e-05,8e-06,0.134242,False,0,16.8984
24,293,125,4e-05,1e-05,8e-06,0.134369,False,0,16.8987
24,294,125,3.3e-05,8e-06,6e-06,0.134469,False,0,16.8982
24,295,125,4.5e-05,1.1e-05,8e-06,0.134543,False,0,16.8988
24,296,125,5e-05,1.3e-05,9e-06,0.134622,False,0,16.899
24,297,125,3.6e-05,9e-06,6e-06,0.134717,False,0,16.8984
24,298,125,4e-05,1e-05,8e-06,0.134832,False,0,16.8987
24,299,125,1.9e-05,5e-06,4e-06,0.134913,False,0,16.8977
24,300,125,4.2e-05,1.1e-05,8e-06,0.134987,False,0,16.8987
24,301,125,4.4e-05,1.1e-05,8e-06,0.135067,False,0,16.8987
24,302,125,7.8e-05,2e-05,1.4e-05,0.135158,False,0,16.8997
24,303,125,7e-05,1.7e-05,1.3e-05,0.135219,False,0,16.8995
24,304,125,7e-05,1.7e-05,1.2e-05,0.135301,False,0,16.8994
24,305,125,4.9e-05,1.2e-05,9e-06,0.135407,False,0,16.8989
24,306,125,5.1e-05,1.3e-05,1e-05,0.135512,False,0,16.899
24,307,125,2.5e-05,6e-06,4e-06,0.135609,False,0,16.8978
24,308,125,1.7e-05,4e-06,3e-06,0.135717,False,0,16.8978
24,309,125,3.9e-05,1e-05,7e-06,0.135835,False,0,16.8986
24,310,125,8.9e-05,2.2e-05,1.6e-05,0.135985,False,0,16.8998
24,311,125,0.000149,3.8e-05,2.7e-05,0.136077,False,0,16.9011
24,312,125,0.000144,3.6e-05,2.5e-05,0.136166,False,0,16.9009
24,313,125,0.000115,2.9e-05,2e-05,0.136227,False,0,16.9004
24,314,125,0.000116,2.9e-05,2.1e-05,0.136341,False,0,16.9004
24,315,125,0.000145,3.6e-05,2.6e-05,0.13643,False,0,16.901
24,316,125,0.000119,3e-05,2.1e-05,0.136516,False,0,16.9004
24,317,125,5.4e-05,1.4e-05,1e-05,0.136599,False,0,16.8991
24,318,125,4.8e-05,1.2e-05,9e-06,0.136723,False,0,16.8986
24,319,125,7.7e-05,1.9e-05,1.4e-05,0.136862,False,0,16.8996
24,320,125,7e-05,1.7e-05,1.3e-05,0.136971,False,0,16.8994
24,321,125,6e-05,1.5e-05,1.1e-05,0.137057,False,0,16.8993
24,322,125,8.1e-05,2e-05,1.4e-05,0.137161,False,0,16.8995
24,323,125,0.000126,3.1e-05,2.3e-05,0.137271,False,0,16.9006
24,324,125,0.00011,2.7e-05,1.9e-05,0.137372,False,0,16.9002
24,325,125,1e-04,2.5e-05,1.8e-05,0.137485,False,0,16.9002
24,326,125,0.000104,2.6e-05,1.9e-05,0.137579,False,0,16.9001
24,327,125,0.000118,3e-05,2.1e-05,0.137702,False,0,16.9005
24,328,125,0.000142,3.6e-05,2.5e-05,0.137794,False,0,16.9009
24,329,125,0.000111,2.8e-05,2e-05,0.137869,False,0,16.9003
24,330,125,0.000162,4.1e-05,2.9e-05,0.137958,False,0,16.9012
24,331,125,0.000124,3.1e-05,2.2e-05,0.138086,False,0,16.9006
24,332,125,0.000108,2.7e-05,1.9e-05,0.138219,False,0,16.9002
24,333,125,0.000111,2.8e-05,2e-05,0.138333,False,0,16.9004
24,334,125,0.000115,2.9e-05,2.1e-05,0.138456,False,0,16.9003
24,335,125,8.7e-05,2.2e-05,1.5e-05,0.138567,False,0,16.8998
24,336,125,7e-05,1.7e-05,1.2e-05,0.138687,False,0,16.8994
24,337,125,8.8e-05,2.2e-05,1.6e-05,0.138784,False,0,16.8997
24,338,125,0.000127,3.2e-05,2.3e-05,0.138925,False,0,16.9007
24,339,125,0.000138,3.5e-05,2.4e-05,0.139043,False,0,16.9007
24,340,125,0.000147,3.7e-05,2.6e-05,0.139171,False,0,16.9009
24,341,125,0.000178,4.4e-05,3.2e-05,0.139286,False,0,16.9015
24,342,125,0.000213,5.3e-05,3.8e-05,0.13936,False,0,16.902
24,343,125,0.000228,5.7e-05,4e-05,0.139465,False,0,16.9021
24,344,125,0.000245,6.1e-05,4.3e-05,0.139585,False,0,16.9024
24,345,125,0.000251,6.3e-05,4.5e-05,0.139718,False,0,16.9026
24,346,125,0.000269,6.7e-05,4.7e-05,0.139839,False,0,16.9027
24,347,125,0.000318,8e-05,5.6e-05,0.139963,False,0,16.9033
24,348,125,0.000262,6.6e-05,4.6e-05,0.140114,False,0,16.9027
24,349,125,0.00017,4.3e-05,3e-05,0.140254,False,0,16.9013
24,350,125,0.000157,3.9e-05,2.8e-05,0.140407,False,0,16.901
24,351,125,0.000166,4.2e-05,3e-05,0.140561,False,0,16.9013
24,352,125,0.00023,5.7e-05,4e-05,0.140722,False,0,16.9022
24,353,125,0.000293,7.3e-05,5.2e-05,0.140905,False,0,16.903
24,354,125,0.000304,7.6e-05,5.3e-05,0.141058,False,0,16.9031
24,355,125,0.000344,8.6e-05,6.1e-05,0.141196,False,0,16.9036
24,356,125,0.000217,5.4e-05,3.8e-05,0.141314,False,0,16.902
24,357,125,0.0002,5e-05,3.6e-05,0.141449,False,0,16.9018
24,358,125,0.00023,5.7e-05,4.1e-05,0.141608,False,0,16.9023
24,359,125,0.000205,5.2e-05,3.6e-05,0.141754,False,0,16.9019
24,360,124,0.000238,6e-05,4.2e-05,0.141873,False,0,16.9023
24,361,123,0.0003,7.5e-05,5.3e-05,0.142011,False,0,16.9031
24,362,122,0.000385,9.6e-05,6.7e-05,0.142157,False,0,16.904
24,363,121,0.000381,9.5e-05,6.6e-05,0.14234,False,0,16.9038
24,364,120,0.000358,9e-05,6.3e-05,0.142473,False,0,16.9037
24,365,119,0.00036,9e-05,6.3e-05,0.142645,False,0,16.9037
24,366,118,0.0004,1e-04,7e-05,0.142779,False,0,16.9042
24,367,117,0.000373,9.3e-05,6.5e-05,0.142967,False,0,16.9038
24,368,116,0.000359,9e-05,6.3e-05,0.143099,True,0,16.9037
24,369,115,0.000324,8.2e-05,5.7e-05,0.143254,True,0,16.9033
24,370,114,0.000359,9e-05,6.3e-05,0.143417,True,0,16.9038
24,371,113,0.000378,9.5e-05,6.6e-05,0.143605,True,0,16.9039
24,372,112,0.000442,0.000111,7.8e-05,0.143765,True,0,16.9046
24,373,111,0.000437,0.000109,7.6e-05,0.143942,True,0,16.9045
24,374,110,0.000369,9.2e-05,6.4e-05,0.144097,True,0,16.9038
24,375,109,0.000381,9.5e-05,6.7e-05,0.144286,True,0,16.9041
24,376,108,0.000399,1e-04,6.9e-05,0.144485,True,0,16.9041
24,377,107,0.00048,0.00012,8.5e-05,0.144719,True,0,16.905
24,378,106,0.000391,9.8e-05,6.8e-05,0.144908,True,0,16.904
24,379,105,0.000345,8.6e-05,6e-05,0.1451,True,0,16.9036
24,380,104,0.000392,9.8e-05,6.9e-05,0.145249,True,0,16.9041
24,381,103,0.000403,0.000101,7.1e-05,0.145412,True,0,16.9042
24,382,102,0.000384,9.6e-05,6.7e-05,0.145547,True,0,16.9039
24,383,101,0.000386,9.6e-05,6.8e-05,0.145719,True,0,16.904
24,384,100,0.000441,0.00011,7.8e-05,0.1459,True,0,16.9046
24,385,99,0.00052,0.00013,9.1e-05,0.146127,True,0,16.9053
24,386,98,0.00049,0.000123,8.6e-05,0.146369,True,0,16.905
24,387,97,0.000449,0.000113,7.9e-05,0.146595,True,0,16.9046
24,388,96,0.000503,0.000126,8.8e-05,0.1468,True,0,16.9051
24,389,95,0.000549,0.000137,9.6e-05,0.14703,True,0,16.9055
24,390,94,0.000617,0.000154,0.000108,0.147304,True,0,16.9062
24,391,93,0.000622,0.000156,0.000108,0.147586,True,0,16.9061
24,392,92,0.000699,0.000175,0.000122,0.147864,True,0,16.9068
24,393,91,0.000771,0.000193,0.000135,0.148156,True,0,16.9074
24,394,90,0.000664,0.000166,0.000115,0.148419,True,0,16.9064
24,395,89,0.000578,0.000144,0.000101,0.148658,True,0,16.9057
24,396,88,0.000518,0.00013,9.1e-05,0.148879,True,0,16.9053
24,397,87,0.000556,0.000139,9.8e-05,0.14911,True,0,16.9056
24,398,86,0.000673,0.000168,0.000117,0.149344,True,0,16.9065
24,399,85,0.00076,0.00019,0.000132,0.14964,True,0,16.9072
24,400,84,0.000702,0.000176,0.000123,0.149934,True,0,16.9067
24,401,83,0.000683,0.000171,0.000119,0.150243,True,0,16.9065
24,402,82,0.000691,0.000173,0.000121,0.150533,True,0,16.9066
24,403,81,0.000751,0.000188,0.000131,0.150795,True,0,16.9072
24,404,80,0.000749,0.000188,0.00013,0.151068,True,0,16.9071
24,405,79,0.000723,0.000181,0.000126,0.151316,True,0,16.9069
24,406,78,0.000717,0.000179,0.000125,0.151606,True,0,16.9069
24,407,77,0.000646,0.000162,0.000114,0.151889,True,0,16.9064
24,408,76,0.000774,0.000194,0.000135,0.152206,True,0,16.9073
24,409,75,0.000841,0.00021,0.000146,0.152546,True,0,16.9078
24,410,74,0.000861,0.000215,0.00015,0.152928,True,0,16.9079
24,411,73,0.000824,0.000206,0.000144,0.15329,True,0,16.9077
24,412,72,0.00079,0.000198,0.000138,0.153591,True,0,16.9073
24,413,71,0.000783,0.000196,0.000136,0.153821,True,0,16.9073
24,414,70,0.000762,0.000191,0.000134,0.154098,True,0,16.9073
24,415,69,0.000886,0.000222,0.000155,0.154407,True,0,16.9081
24,416,68,0.000998,0.00025,0.000174,0.154783,True,0,16.9088
24,417,67,0.000913,0.000229,0.000159,0.155145,True,0,16.9082
24,418,66,0.000758,0.00019,0.000132,0.155489,True,0,16.9069
24,419,65,0.000843,0.000211,0.000148,0.155827,True,0,16.9079
24,420,64,0.000953,0.000239,0.000165,0.156234,True,0,16.9084
24,421,63,0.001022,0.000256,0.000178,0.156603,True,0,16.909
24,422,62,0.000928,0.000233,0.000161,0.15698,True,0,16.9081
24,423,61,0.001012,0.000253,0.000177,0.157302,True,0,16.9089
24,424,60,0.001023,0.000256,0.000178,0.157681,True,0,16.9089
24,425,59,0.001139,0.000285,0.000198,0.158096,True,0,16.9098
24,426,58,0.00105,0.000263,0.000182,0.158519,True,0,16.909
24,427,57,0.001055,0.000264,0.000184,0.158864,True,0,16.9092
24,428,56,0.001026,0.000257,0.000178,0.159207,True,0,16.9089
24,429,55,0.001082,0.000271,0.000188,0.159646,True,0,16.9092
24,430,54,0.001118,0.00028,0.000195,0.160114,True,0,16.9096
24,431,53,0.00107,0.000268,0.000186,0.160578,True,0,16.9092
24,432,52,0.001059,0.000265,0.000185,0.161084,True,0,16.9092
24,433,51,0.001183,0.000296,0.000205,0.161662,True,0,16.9099
24,434,50,0.001294,0.000324,0.000225,0.162246,True,0,16.9105
24,435,49,0.001271,0.000318,0.000221,0.162749,True,0,16.9104
24,436,48,0.001288,0.000322,0.000224,0.163254,True,0,16.9105
24,437,47,0.001333,0.000334,0.000231,0.163815,True,0,16.9108
24,438,46,0.001434,0.000359,0.00025,0.164425,True,0,16.9114
24,439,45,0.001336,0.000334,0.000231,0.164992,True,0,16.9107
24,440,44,0.001365,0.000342,0.000238,0.165528,True,0,16.911
24,441,43,0.001316,0.000329,0.000228,0.166046,True,0,16.9106
24,442,42,0.001304,0.000326,0.000226,0.166566,True,0,16.9106
24,443,41,0.001246,0.000312,0.000216,0.167026,True,0,16.9102
24,444,40,0.001315,0.000329,0.000228,0.167504,True,0,16.9106
24,445,39,0.001469,0.000368,0.000255,0.168137,True,0,16.9115
24,446,38,0.001589,0.000398,0.000276,0.168861,True,0,16.9122
24,447,37,0.001574,0.000394,0.000273,0.169616,True,0,16.9119
24,448,36,0.001537,0.000385,0.000267,0.170256,True,0,16.9118
24,449,35,0.001559,0.00039,0.000271,0.170855,True,0,16.912
24,450,34,0.001544,0.000387,0.000268,0.171448,True,0,16.9119
24,451,33,0.00161,0.000403,0.00028,0.172104,True,0,16.9122
24,452,32,0.00161,0.000403,0.000279,0.172823,True,0,16.9121
24,453,31,0.001687,0.000422,0.000292,0.173609,True,0,16.9125
24,454,30,0.001819,0.000455,0.000317,0.174405,True,0,16.9133
24,455,29,0.001695,0.000424,0.000293,0.175197,True,0,16.9126
24,456,28,0.001732,0.000434,0.0003,0.175976,True,0,16.9128
24,457,27,0.001731,0.000433,0.0003,0.176804,True,0,16.9128
24,458,26,0.001742,0.000436,0.000302,0.177608,True,0,16.9128
24,459,25,0.001658,0.000415,0.000287,0.178479,True,0,16.9121
24,460,24,0.001832,0.000459,0.000319,0.179343,True,0,16.9134
24,461,23,0.001814,0.000455,0.000315,0.18023,True,0,16.9132
24,462,22,0.001774,0.000444,0.000307,0.18106,True,0,16.913
24,463,21,0.001801,0.000451,0.000311,0.18193,True,0,16.913
24,464,20,0.001783,0.000446,0.00031,0.182845,True,0,16.9131
24,465,19,0.001842,0.000461,0.000319,0.183728,True,0,16.9132
24,466,18,0.001837,0.00046,0.000319,0.184542,True,0,16.9133
24,467,17,0.001811,0.000453,0.000312,0.185413,True,0,16.9128
24,468,16,0.002022,0.000506,0.000353,0.186373,True,0,16.9143
24,469,15,0.001985,0.000497,0.000343,0.187422,True,0,16.9139
24,470,14,0.001992,0.000499,0.000346,0.188429,True,0,16.9139
24,471,13,0.002017,0.000505,0.000349,0.189528,True,0,16.914
24,472,12,0.00205,0.000513,0.000355,0.190609,True,0,16.9142
24,473,11,0.002018,0.000505,0.00035,0.191755,True,0,16.9141
24,474,10,0.002171,0.000544,0.000377,0.192857,True,0,16.9149
24,475,9,0.002175,0.000545,0.000377,0.19396,True,0,16.9147
25,52,125,1.4e-05,3e-06,2e-06,0.147144,True,0,16.8975
25,53,125,2.9e-05,7e-06,5e-06,0.145219,True,0,16.8983
25,54,125,2.8e-05,7e-06,5e-06,0.143577,True,0,16.8982
25,55,125,2.4e-05,6e-06,5e-06,0.142099,False,0,16.8981
25,56,125,3.4e-05,8e-06,6e-06,0.140808,False,0,16.8984
25,57,125,1.6e-05,4e-06,3e-06,0.139681,False,0,16.8976
25,58,125,2.1e-05,5e-06,4e-06,0.138643,False,0,16.8979
25,59,125,8e-06,2e-06,2e-06,0.137685,False,0,16.8971
25,60,125,1e-06,0.0,0.0,0.136796,False,0,16.8963
25,61,125,1.4e-05,4e-06,3e-06,0.136012,False,0,16.8976
25,62,125,3.1e-05,8e-06,5e-06,0.135314,False,0,16.8983
25,63,125,5.9e-05,1.5e-05,1.1e-05,0.134625,False,0,16.8992
25,64,125,3.2e-05,8e-06,5e-06,0.133989,False,0,16.8983
25,65,125,2.8e-05,7e-06,5e-06,0.13338,False,0,16.8982
25,66,125,4.1e-05,1e-05,7e-06,0.132836,False,0,16.8986
25,67,125,2e-05,5e-06,3e-06,0.132333,False,0,16.8978
25,68,125,1.9e-05,5e-06,3e-06,0.131859,False,0,16.8978
25,69,125,6e-06,2e-06,1e-06,0.131405,False,0,16.897
25,70,125,1.2e-05,3e-06,2e-06,0.130973,False,0,16.8974
25,71,125,1.8e-05,5e-06,3e-06,0.130586,False,0,16.8977
25,72,125,5.6e-05,1.4e-05,1e-05,0.130193,False,0,16.8992
25,73,125,6.4e-05,1.6e-05,1.1e-05,0.129807,False,0,16.8993
25,74,125,4.5e-05,1.2e-05,8e-06,0.129439,False,0,16.8988
25,75,125,2.5e-05,6e-06,5e-06,0.129114,False,0,16.8981
25,76,125,1.1e-05,3e-06,2e-06,0.128856,False,0,16.8974
25,77,125,3.6e-05,9e-06,6e-06,0.128616,False,0,16.8984
25,78,125,4.9e-05,1.2e-05,8e-06,0.128418,False,0,16.8989
25,79,125,6.8e-05,1.7e-05,1.2e-05,0.128225,False,0,16.8994
25,80,125,4.9e-05,1.2e-05,9e-06,0.128059,False,0,16.899
25,81,125,5.3e-05,1.3e-05,9e-06,0.127875,False,0,16.899
25,82,125,8.9e-05,2.2e-05,1.6e-05,0.127705,False,0,16.9
25,83,125,7.1e-05,1.8e-05,1.2e-05,0.127546,False,0,16.8994
25,84,125,8.8e-05,2.2e-05,1.6e-05,0.127411,False,0,16.9
25,85,125,5.7e-05,1.4e-05,1e-05,0.127285,False,0,16.8991
25,86,125,9.7e-05,2.4e-05,1.7e-05,0.127194,False,0,16.9001
25,87,125,7.7e-05,1.9e-05,1.3e-05,0.12712,False,0,16.8997
25,88,125,9e-05,2.3e-05,1.6e-05,0.127024,False,0,16.8999
25,89,125,9.7e-05,2.5e-05,1.7e-05,0.126896,False,0,16.9001
25,90,125,8.3e-05,2.1e-05,1.4e-05,0.126776,False,0,16.8998
25,91,125,8e-05,2e-05,1.4e-05,0.126656,False,0,16.8997
25,92,125,7.3e-05,1.8e-05,1.3e-05,0.126551,False,0,16.8996
25,93,125,7.2e-05,1.8e-05,1.2e-05,0.126478,False,0,16.8995
25,94,125,0.000116,2.9e-05,2e-05,0.126404,False,0,16.9005
25,95,125,9.5e-05,2.4e-05,1.6e-05,0.126371,False,0,16.9001
25,96,125,7.3e-05,1.8e-05,1.2e-05,0.126322,False,0,16.8995
25,97,125,9.1e-05,2.3e-05,1.6e-05,0.126301,False,0,16.8999
25,98,125,6.5e-05,1.6e-05,1.1e-05,0.12628,False,0,16.8994
25,99,125,6.2e-05,1.5e-05,1.1e-05,0.126247,False,0,16.8993
25,100,125,4.3e-05,1.1e-05,7e-06,0.126197,False,0,16.8987
25,101,125,5.7e-05,1.4e-05,1.1e-05,0.126145,False,0,16.8992
25,102,125,5.1e-05,1.3e-05,8e-06,0.126117,False,0,16.8988
25,103,124,7.4e-05,1.9e-05,1.4e-05,0.126069,False,0,16.8996
25,104,123,5.1e-05,1.3e-05,9e-06,0.126053,False,0,16.899
25,105,122,9.9e-05,2.5e-05,1.7e-05,0.126073,False,0,16.9
25,106,121,0.000178,4.5e-05,3.2e-05,0.126109,False,0,16.9016
25,107,120,0.000174,4.4e-05,3.1e-05,0.126126,False,0,16.9015
25,108,119,0.00011,2.8e-05,1.8e-05,0.126124,False,0,16.9002
25,109,118,0.000103,2.6e-05,1.8e-05,0.126128,False,0,16.9002
25,110,117,0.000101,2.5e-05,1.8e-05,0.126142,False,0,16.9002
25,111,116,0.000125,3.1e-05,2.1e-05,0.126154,False,0,16.9005
25,112,115,0.000119,3e-05,2.1e-05,0.126195,False,0,16.9005
25,113,114,7e-05,1.8e-05,1.2e-05,0.126208,False,0,16.8995
25,114,113,8.4e-05,2.1e-05,1.4e-05,0.126203,False,0,16.8998
25,115,112,0.000122,3.1e-05,2.2e-05,0.126208,False,0,16.9006
25,116,111,0.00012,3e-05,2.1e-05,0.126224,False,0,16.9005
25,117,110,0.000108,2.7e-05,1.9e-05,0.12627,False,0,16.9003
25,118,109,9.1e-05,2.3e-05,1.6e-05,0.126333,False,0,16.8999
25,119,108,0.000172,4.3e-05,3e-05,0.126437,False,0,16.9015
25,120,107,0.000128,3.2e-05,2.1e-05,0.126532,False,0,16.9006
25,121,106,0.000105,2.6e-05,1.8e-05,0.126618,False,0,16.9002
25,122,105,7.6e-05,1.9e-05,1.3e-05,0.126679,False,0,16.8996
25,123,104,0.000111,2.8e-05,1.9e-05,0.126729,False,0,16.9003
25,124,103,0.000128,3.2e-05,2.2e-05,0.126781,False,0,16.9007
25,125,102,0.000137,3.4e-05,2.4e-05,0.12688,False,0,16.9008
25,126,101,0.000129,3.2e-05,2.3e-05,0.126981,False,0,16.9008
25,127,100,0.000162,4.1e-05,2.8e-05,0.127081,False,0,16.9012
25,128,99,0.000157,3.9e-05,2.7e-05,0.12717,False,0,16.9012
25,129,98,0.000171,4.3e-05,2.9e-05,0.127262,False,0,16.9014
25,130,97,0.000172,4.3e-05,3e-05,0.127329,False,0,16.9015
25,131,96,0.000171,4.3e-05,3e-05,0.127434,False,0,16.9014
25,132,95,0.000163,4.1e-05,2.8e-05,0.127524,False,0,16.9012
25,133,94,0.000177,4.4e-05,3.1e-05,0.127656,False,0,16.9015
25,134,93,0.00017,4.3e-05,2.9e-05,0.127752,False,0,16.9013
25,135,92,0.000163,4.1e-05,2.9e-05,0.127841,False,0,16.9013
25,136,91,0.000151,3.8e-05,2.6e-05,0.127913,False,0,16.901
25,137,90,0.000189,4.7e-05,3.3e-05,0.127988,False,0,16.9017
25,138,89,0.000185,4.6e-05,3.2e-05,0.128112,False,0,16.9016
25,139,88,0.00022,5.5e-05,3.8e-05,0.128261,False,0,16.9021
25,140,87,0.000259,6.5e-05,4.6e-05,0.128417,False,0,16.9027
25,141,86,0.000285,7.1e-05,4.9e-05,0.128578,False,0,16.9029
25,142,85,0.000249,6.2e-05,4.3e-05,0.128772,False,0,16.9025
25,143,84,0.000215,5.4e-05,3.7e-05,0.128933,False,0,16.9021
25,144,83,0.000215,5.4e-05,3.7e-05,0.129091,False,0,16.9021
25,145,82,0.000218,5.4e-05,3.8e-05,0.129199,False,0,16.9021
25,146,81,0.000241,6.1e-05,4.2e-05,0.129343,False,0,16.9024
25,147,80,0.00025,6.3e-05,4.3e-05,0.129511,False,0,16.9025
25,148,79,0.000289,7.2e-05,4.9e-05,0.12975,False,0,16.9029
25,149,78,0.000285,7.1e-05,5e-05,0.129966,False,0,16.903
25,150,77,0.000241,6e-05,4.1e-05,0.130184,False,0,16.9023
25,151,76,0.000276,6.9e-05,4.9e-05,0.130375,False,0,16.9029
25,152,75,0.000219,5.5e-05,3.7e-05,0.130592,False,0,16.9019
25,153,74,0.000287,7.2e-05,5e-05,0.130816,False,0,16.903
25,154,73,0.000271,6.8e-05,4.7e-05,0.131056,False,0,16.9028
25,155,72,0.000236,5.9e-05,4.1e-05,0.131224,False,0,16.9023
25,156,71,0.000193,4.8e-05,3.3e-05,0.131361,False,0,16.9016
25,157,70,0.000263,6.6e-05,4.6e-05,0.131512,False,0,16.9027
25,158,69,0.000253,6.3e-05,4.4e-05,0.13165,False,0,16.9026
25,159,68,0.000251,6.3e-05,4.3e-05,0.131851,False,0,16.9025
25,160,67,0.000198,4.9e-05,3.4e-05,0.132054,False,0,16.9018
25,161,66,0.000228,5.7e-05,3.9e-05,0.132242,False,0,16.9022
25,162,65,0.000291,7.3e-05,5.1e-05,0.132432,False,0,16.9031
25,163,64,0.000331,8.3e-05,5.7e-05,0.132626,False,0,16.9035
25,164,63,0.00034,8.5e-05,5.8e-05,0.132861,False,0,16.9036
25,165,62,0.00028,7e-05,4.8e-05,0.133055,False,0,16.9028
25,166,61,0.000316,7.9e-05,5.4e-05,0.13332,False,0,16.9033
25,167,60,0.000297,7.4e-05,5.2e-05,0.133587,False,0,16.9031
25,168,59,0.000337,8.4e-05,5.9e-05,0.133894,False,0,16.9036
25,169,58,0.000369,9.2e-05,6.4e-05,0.134141,False,0,16.9039
26,52,89,8e-06,2e-06,1e-06,0.1441,True,0,16.8951
26,53,88,6e-06,1e-06,1e-06,0.142181,False,0,16.8955
26,54,87,8e-06,2e-06,1e-06,0.140526,False,0,16.895
26,55,86,2e-06,0.0,0.0,0.139057,False,0,16.8956
26,56,85,8e-06,2e-06,1e-06,0.137755,False,0,16.8952
26,57,84,7e-06,2e-06,1e-06,0.136573,False,0,16.8951
26,58,83,8e-06,2e-06,1e-06,0.135528,False,0,16.8953
26,59,82,1.1e-05,2e-06,2e-06,0.134558,False,0,16.8947
26,60,81,7e-06,2e-06,1e-06,0.133669,False,0,16.895
26,61,80,2e-06,0.0,1e-06,0.132835,False,0,16.896
26,62,79,6e-06,1e-06,1e-06,0.13209,False,0,16.8964
26,63,78,1e-06,0.0,0.0,0.131423,False,0,16.8961
26,64,77,5e-06,1e-06,1e-06,0.130791,False,0,16.8963
26,65,76,1e-06,0.0,0.0,0.130196,False,0,16.8963
26,66,75,7e-06,2e-06,2e-06,0.129636,False,0,16.8968
26,67,74,1e-06,0.0,0.0,0.129119,False,0,16.8961
26,68,73,6e-06,2e-06,1e-06,0.12863,False,0,16.8953
26,69,72,1e-06,0.0,0.0,0.128181,False,0,16.8959
26,70,71,3e-06,1e-06,1e-06,0.127745,False,0,16.8964
26,71,70,1e-06,0.0,0.0,0.12733,False,0,16.8965
26,72,69,1e-06,0.0,0.0,0.126944,False,0,16.8963
26,73,68,3e-06,1e-06,1e-06,0.126578,False,0,16.8967
26,74,67,1e-06,0.0,0.0,0.126245,False,0,16.8964
26,75,66,2e-06,0.0,0.0,0.12591,False,0,16.8959
26,76,65,2e-06,0.0,0.0,0.125628,False,0,16.8964
26,77,64,8e-06,2e-06,2e-06,0.125339,False,0,16.8972
26,78,63,4e-06,1e-06,1e-06,0.125076,False,0,16.8968
26,79,62,2e-06,0.0,0.0,0.124854,False,0,16.8958
26,80,61,5e-06,1e-06,1e-06,0.124635,False,0,16.8956
26,81,60,2e-06,0.0,0.0,0.124428,False,0,16.8958
26,82,59,5e-06,1e-06,1e-06,0.124256,False,0,16.8969
26,83,58,4e-06,1e-06,1e-06,0.124074,False,0,16.8969
26,84,57,3e-06,1e-06,1e-06,0.123889,False,0,16.8967
26,85,56,8e-06,2e-06,2e-06,0.123715,False,0,16.8972
26,86,55,6e-06,2e-06,1e-06,0.123571,False,0,16.897
26,87,54,1.2e-05,3e-06,2e-06,0.123472,False,0,16.8974
26,88,53,1.1e-05,3e-06,2e-06,0.123374,False,0,16.8973
26,89,52,1e-05,2e-06,2e-06,0.123262,False,0,16.8973
26,90,51,3.5e-05,9e-06,7e-06,0.123193,False,0,16.8984
26,91,50,4.8e-05,1.2e-05,9e-06,0.123113,False,0,16.8987
26,92,49,3.6e-05,9e-06,6e-06,0.123027,False,0,16.8985
26,93,48,5.2e-05,1.3e-05,1e-05,0.122978,False,0,16.899
26,94,47,3.9e-05,1e-05,7e-06,0.122975,False,0,16.8986
26,95,46,5.9e-05,1.5e-05,1.1e-05,0.122961,False,0,16.8991
26,96,45,3.3e-05,8e-06,6e-06,0.122943,False,0,16.8984
26,97,44,2.2e-05,5e-06,4e-06,0.12292,False,0,16.8979
26,98,43,4.2e-05,1e-05,7e-06,0.122914,False,0,16.8987
26,99,42,3.6e-05,9e-06,7e-06,0.122918,False,0,16.8985
26,100,41,2.1e-05,5e-06,4e-06,0.12288,False,0,16.8979
26,101,40,3.2e-05,8e-06,6e-06,0.12284,False,0,16.8984
26,102,39,2.7e-05,7e-06,5e-06,0.122837,False,0,16.8982
26,103,38,5.2e-05,1.3e-05,9e-06,0.122921,False,0,16.899
26,104,37,4.9e-05,1.3e-05,8e-06,0.123028,False,0,16.8989
26,105,36,4.5e-05,1.1e-05,8e-06,0.123112,False,0,16.8988
26,106,35,4e-05,1e-05,7e-06,0.123231,False,0,16.8987
26,107,34,4.2e-05,1.1e-05,8e-06,0.123326,False,0,16.8988
26,108,33,0.000146,3.7e-05,2.5e-05,0.123491,False,0,16.901
26,109,32,0.000146,3.7e-05,2.6e-05,0.123647,False,0,16.901
26,110,31,0.000159,4e-05,2.8e-05,0.123849,False,0,16.9013
26,111,30,0.000131,3.3e-05,2.3e-05,0.124036,False,0,16.9007
26,112,29,0.000161,4e-05,2.8e-05,0.124222,False,0,16.9013
26,113,28,0.000112,2.8e-05,1.9e-05,0.124379,False,0,16.9004
26,114,27,0.000153,3.8e-05,2.7e-05,0.124584,False,0,16.9012
26,115,26,0.000157,4e-05,2.7e-05,0.124803,False,0,16.9012
26,116,25,0.000182,4.6e-05,3.2e-05,0.125009,False,0,16.9016
26,117,24,0.000121,3e-05,2.1e-05,0.125235,False,0,16.9006
26,118,23,0.000171,4.3e-05,3e-05,0.125492,False,0,16.9014
26,119,22,0.000157,3.9e-05,2.8e-05,0.125806,False,0,16.9012
26,120,21,0.000137,3.4e-05,2.4e-05,0.126108,False,0,16.9009
26,121,20,0.000155,3.9e-05,2.8e-05,0.126377,False,0,16.9012
26,122,19,0.000172,4.3e-05,3e-05,0.126684,False,0,16.9014
26,123,18,0.000229,5.8e-05,4.1e-05,0.127011,False,0,16.9023
26,124,17,0.000223,5.6e-05,3.8e-05,0.127348,False,0,16.9021
26,125,16,0.000265,6.6e-05,4.7e-05,0.127713,False,0,16.9028
26,126,15,0.000305,7.6e-05,5.3e-05,0.128138,False,0,16.9033
26,127,14,0.000377,9.4e-05,6.6e-05,0.128649,False,0,16.904
26,128,13,0.000409,0.000102,7.2e-05,0.129184,False,0,16.9044
26,129,12,0.000313,7.8e-05,5.4e-05,0.129676,False,0,16.9033
26,130,11,0.00033,8.2e-05,5.8e-05,0.130206,False,0,16.9035
27,52,125,3.2e-05,8e-06,6e-06,0.146306,True,0,16.8983
27,53,125,4.8e-05,1.2e-05,8e-06,0.144372,True,0,16.8988
27,54,125,4.7e-05,1.2e-05,8e-06,0.14267,False,0,16.8989
27,55,125,2.4e-05,6e-06,4e-06,0.141172,False,0,16.898
27,56,125,6.3e-05,1.6e-05,1.1e-05,0.139869,False,0,16.8993
27,57,125,8.8e-05,2.2e-05,1.5e-05,0.138724,False,0,16.8998
27,58,125,8.5e-05,2.2e-05,1.5e-05,0.137634,False,0,16.8998
27,59,125,9.8e-05,2.5e-05,1.7e-05,0.136636,False,0,16.9001
27,60,125,7.9e-05,2e-05,1.4e-05,0.135735,False,0,16.8997
27,61,125,4e-05,1e-05,7e-06,0.134934,False,0,16.8985
27,62,125,3.8e-05,1e-05,7e-06,0.134178,False,0,16.8986
27,63,125,2.7e-05,7e-06,5e-06,0.133488,False,0,16.898
27,64,125,4.9e-05,1.2e-05,9e-06,0.132842,False,0,16.8989
27,65,125,8.5e-05,2.1e-05,1.5e-05,0.132237,False,0,16.8998
27,66,125,9e-05,2.2e-05,1.5e-05,0.131683,False,0,16.8998
27,67,125,8e-05,2e-05,1.4e-05,0.131167,False,0,16.8997
27,68,124,6.9e-05,1.7e-05,1.2e-05,0.130707,False,0,16.8994
27,69,123,8.2e-05,2.1e-05,1.5e-05,0.130225,False,0,16.8998
27,70,122,5.9e-05,1.5e-05,1.1e-05,0.12979,False,0,16.8992
27,71,121,7.3e-05,1.8e-05,1.3e-05,0.12939,False,0,16.8995
27,72,120,6.1e-05,1.6e-05,1.1e-05,0.129024,False,0,16.8992
27,73,119,0.00011,2.8e-05,2e-05,0.128655,False,0,16.9004
27,74,118,9.3e-05,2.4e-05,1.6e-05,0.128301,False,0,16.8999
27,75,117,8.7e-05,2.2e-05,1.5e-05,0.128002,False,0,16.8998
27,76,116,8.3e-05,2.1e-05,1.5e-05,0.127733,False,0,16.8998
27,77,115,5.6e-05,1.4e-05,1e-05,0.12742,False,0,16.899
27,78,114,7.8e-05,2e-05,1.4e-05,0.127119,False,0,16.8997
27,79,113,7.8e-05,2e-05,1.4e-05,0.12683,False,0,16.8997
27,80,112,0.000131,3.3e-05,2.3e-05,0.126612,False,0,16.9006
27,81,111,0.000107,2.7e-05,1.9e-05,0.126412,False,0,16.9002
27,82,110,0.000108,2.7e-05,1.9e-05,0.126227,False,0,16.9003
27,83,109,8e-05,2e-05,1.4e-05,0.126034,False,0,16.8996
27,84,108,7.1e-05,1.8e-05,1.2e-05,0.125865,False,0,16.8994
27,85,107,0.000142,3.6e-05,2.5e-05,0.125723,False,0,16.9009
27,86,106,0.000155,3.9e-05,2.7e-05,0.125594,False,0,16.9011
27,87,105,0.000164,4.1e-05,2.9e-05,0.125492,False,0,16.9013
27,88,104,0.000169,4.2e-05,2.9e-05,0.125381,False,0,16.9014
27,89,103,0.00014,3.5e-05,2.4e-05,0.125269,False,0,16.9008
27,90,102,0.000146,3.7e-05,2.6e-05,0.125152,False,0,16.901
27,91,101,9.6e-05,2.4e-05,1.7e-05,0.125048,False,0,16.9
27,92,100,0.000156,3.9e-05,2.7e-05,0.124954,False,0,16.9011
27,93,99,0.000181,4.5e-05,3.1e-05,0.124881,False,0,16.9015
27,94,98,0.000194,4.9e-05,3.4e-05,0.124839,False,0,16.9017
27,95,97,0.000196,4.9e-05,3.4e-05,0.12481,False,0,16.9017
27,96,96,0.000204,5.1e-05,3.6e-05,0.124744,False,0,16.9019
27,97,95,0.000175,4.4e-05,3.1e-05,0.124652,False,0,16.9014
27,98,94,0.000166,4.2e-05,2.9e-05,0.124581,False,0,16.9013
27,99,93,0.000204,5.1e-05,3.6e-05,0.124535,False,0,16.9019
27,100,92,0.000252,6.3e-05,4.4e-05,0.124493,False,0,16.9025
27,101,91,0.000179,4.5e-05,3.1e-05,0.124439,False,0,16.9014
27,102,90,0.000153,3.8e-05,2.6e-05,0.124387,False,0,16.901
27,103,89,0.000169,4.2e-05,3e-05,0.124362,False,0,16.9014
27,104,88,0.000244,6.1e-05,4.3e-05,0.124355,False,0,16.9024
28,52,125,2.5e-05,6e-06,4e-06,0.144122,True,0,16.8941
28,53,125,1.5e-05,4e-06,2e-06,0.142234,False,0,16.8945
28,54,125,1.2e-05,3e-06,2e-06,0.140585,False,0,16.8948
28,55,125,2e-05,5e-06,3e-06,0.1391,False,0,16.8943
28,56,125,5e-05,1.3e-05,9e-06,0.137767,False,0,16.8931
28,57,125,3.8e-05,9e-06,6e-06,0.136549,False,0,16.8937
28,58,125,3.9e-05,9e-06,7e-06,0.135464,False,0,16.8936
28,59,125,3.6e-05,9e-06,6e-06,0.134482,False,0,16.8936
28,60,125,3.2e-05,8e-06,6e-06,0.133589,False,0,16.8938
28,61,125,2.4e-05,6e-06,4e-06,0.132759,False,0,16.8941
28,62,125,4.1e-05,1e-05,7e-06,0.132008,False,0,16.8936
28,63,125,2.4e-05,6e-06,4e-06,0.131299,False,0,16.8941
28,64,125,2.5e-05,6e-06,4e-06,0.130662,False,0,16.8941
28,65,125,3.3e-05,8e-06,6e-06,0.130058,False,0,16.8937
28,66,125,2.4e-05,6e-06,4e-06,0.129564,False,0,16.8942
28,67,125,1.9e-05,5e-06,3e-06,0.129051,False,0,16.8944
28,68,125,1.8e-05,5e-06,3e-06,0.128555,False,0,16.8944
28,69,125,2e-05,5e-06,3e-06,0.128053,False,0,16.8943
28,70,125,5e-06,1e-06,1e-06,0.127589,False,0,16.8952
29,52,125,1.9e-05,5e-06,3e-06,0.144907,True,0,16.8945
29,53,125,1.4e-05,3e-06,2e-06,0.142997,False,0,16.8946
29,54,125,2e-06,0.0,0.0,0.141368,False,0,16.8958
29,55,125,4e-06,1e-06,1e-06,0.13993,False,0,16.8967
29,56,125,3e-06,0.0,1e-06,0.138637,False,0,16.8964
29,57,125,4e-06,1e-06,1e-06,0.137454,False,0,16.8954
29,58,125,5e-06,1e-06,1e-06,0.136374,False,0,16.8955
29,59,125,9e-06,2e-06,2e-06,0.135385,False,0,16.895
29,60,125,9e-06,2e-06,2e-06,0.134483,False,0,16.895
29,61,125,1.2e-05,3e-06,2e-06,0.133652,False,0,16.8948
29,62,125,9e-06,2e-06,2e-06,0.132887,False,0,16.8953
29,63,125,2e-06,0.0,0.0,0.132187,False,0,16.8963
29,64,125,6e-06,1e-06,1e-06,0.131575,False,0,16.8968
29,65,125,1.1e-05,3e-06,2e-06,0.131001,False,0,16.8973
29,66,125,4e-06,1e-06,1e-06,0.130435,False,0,16.8963
29,67,125,5e-06,1e-06,1e-06,0.12992,False,0,16.8965
29,68,125,1.2e-05,3e-06,2e-06,0.129468,False,0,16.8973
29,69,125,1e-06,0.0,0.0,0.129059,False,0,16.8963
29,70,125,2e-06,0.0,0.0,0.128654,False,0,16.8958
29,71,125,1e-06,0.0,0.0,0.128245,False,0,16.896
29,72,125,9e-06,2e-06,2e-06,0.127859,False,0,16.8972
29,73,125,1.2e-05,3e-06,2e-06,0.127495,False,0,16.8975
29,74,125,1.2e-05,3e-06,2e-06,0.127154,False,0,16.8974
29,75,125,9e-06,2e-06,2e-06,0.126866,False,0,16.8971
29,76,125,1.2e-05,3e-06,2e-06,0.126581,False,0,16.8973
29,77,125,2.2e-05,5e-06,4e-06,0.126357,False,0,16.8979
29,78,125,2.9e-05,7e-06,5e-06,0.126119,False,0,16.8983
29,79,125,2.1e-05,5e-06,4e-06,0.125934,False,0,16.8979
29,80,125,1.1e-05,3e-06,2e-06,0.125725,False,0,16.8973
29,81,125,8e-06,2e-06,2e-06,0.125483,False,0,16.8972
29,82,125,1.4e-05,3e-06,3e-06,0.12528,False,0,16.8976
29,83,125,2.3e-05,6e-06,4e-06,0.12511,False,0,16.8978
29,84,125,1.3e-05,4e-06,3e-06,0.124961,False,0,16.8971
29,85,125,3e-06,1e-06,1e-06,0.124787,False,0,16.8965
29,86,125,5e-06,1e-06,1e-06,0.124662,False,0,16.8966
29,87,125,1.2e-05,3e-06,2e-06,0.124565,False,0,16.8975
29,88,125,8e-06,2e-06,1e-06,0.124461,False,0,16.8972
29,89,124,2.9e-05,7e-06,5e-06,0.124358,False,0,16.8982
30,52,125,0.002131,0.000532,0.000366,0.156019,True,0,16.8774
30,53,125,0.002343,0.000585,0.0004,0.154256,True,0,16.8765
30,54,125,0.002334,0.000583,0.000398,0.152803,True,0,16.8768
30,55,125,0.001906,0.000476,0.000325,0.151596,True,0,16.8785
30,56,125,0.002203,0.00055,0.00038,0.150445,True,0,16.877
30,57,125,0.002274,0.000568,0.000386,0.149357,True,0,16.8771
30,58,125,0.002463,0.000615,0.000421,0.14835,True,0,16.876
30,59,125,0.001126,0.000281,0.000192,0.147309,True,0,16.8826
30,60,125,0.000753,0.000188,0.000128,0.146243,True,0,16.8851
30,61,125,0.000697,0.000174,0.000119,0.145305,True,0,16.8855
30,62,125,0.000638,0.000159,0.000109,0.144376,True,0,16.886
30,63,125,0.0008,0.0002,0.000137,0.143396,True,0,16.8846
30,64,125,0.000896,0.000224,0.000155,0.142504,False,0,16.8839
30,65,125,0.000918,0.000229,0.000157,0.141659,False,0,16.8838
30,66,125,0.000907,0.000226,0.000152,0.140786,False,0,16.8841
30,67,125,0.000929,0.000232,0.00016,0.140071,False,0,16.8837
30,68,125,0.001319,0.000329,0.000224,0.13944,False,0,16.8815
30,69,125,0.001157,0.000289,0.000197,0.138815,False,0,16.8823
30,70,125,0.000912,0.000228,0.000156,0.138273,False,0,16.8838
30,71,125,0.000657,0.000164,0.000112,0.137725,False,0,16.8857
30,72,125,0.000744,0.000186,0.000128,0.137237,False,0,16.885
30,73,125,0.000697,0.000174,0.000118,0.136825,False,0,16.8855
30,74,125,0.001046,0.000261,0.00018,0.136582,False,0,16.8831
30,75,125,0.001361,0.00034,0.000233,0.136263,False,0,16.8811
30,76,125,0.001511,0.000378,0.000256,0.136048,False,0,16.8806
30,77,125,0.001511,0.000377,0.000258,0.135911,False,0,16.8803
30,78,125,0.001229,0.000307,0.000211,0.135693,False,0,16.8819
30,79,125,0.001104,0.000276,0.000187,0.135366,False,0,16.8829
30,80,125,0.001012,0.000253,0.000173,0.135026,False,0,16.8833
30,81,125,0.000924,0.000231,0.000158,0.134711,False,0,16.8838
30,82,125,0.000956,0.000239,0.000164,0.134203,False,0,16.8836
30,83,125,0.0015,0.000375,0.000258,0.133749,False,0,16.8803
30,84,125,0.00118,0.000295,0.0002,0.13347,False,0,16.8822
30,85,125,0.000811,0.000203,0.000137,0.13325,False,0,16.8847
30,86,125,0.00075,0.000187,0.000129,0.132988,False,0,16.8849
30,87,125,0.000641,0.00016,0.000109,0.132717,False,0,16.8859
30,88,125,0.000686,0.000171,0.000118,0.13243,False,0,16.8854
30,89,125,0.000846,0.000212,0.000144,0.132081,False,0,16.8843
30,90,125,0.000822,0.000205,0.000141,0.13175,False,0,16.8845
30,91,125,0.000841,0.00021,0.000143,0.131511,False,0,16.8844
30,92,125,0.000827,0.000207,0.000143,0.13131,False,0,16.8843
30,93,125,0.000736,0.000184,0.000125,0.131218,False,0,16.8851
30,94,125,0.000801,0.0002,0.000137,0.131117,False,0,16.8845
30,95,125,0.000718,0.000179,0.000122,0.13104,False,0,16.8853
30,96,125,0.000743,0.000186,0.000127,0.130929,False,0,16.885
30,97,125,0.001019,0.000254,0.000175,0.130989,False,0,16.8831
30,98,125,0.001213,0.000303,0.000207,0.130918,False,0,16.882
30,99,125,0.000977,0.000244,0.000166,0.130829,False,0,16.8835
30,100,125,0.000704,0.000176,0.00012,0.130582,False,0,16.8855
30,101,125,0.000765,0.000191,0.000133,0.130218,False,0,16.8847
30,102,125,0.001107,0.000276,0.000188,0.130121,False,0,16.8828
30,103,125,0.001615,0.000403,0.000276,0.129962,False,0,16.8798
30,104,125,0.001042,0.000261,0.000178,0.129807,False,0,16.883
30,105,125,0.00085,0.000212,0.000145,0.129489,False,0,16.8842
30,106,125,0.000791,0.000198,0.000135,0.129205,False,0,16.8847
30,107,125,0.000782,0.000195,0.000134,0.128953,False,0,16.8846
30,108,125,0.000595,0.000149,0.000101,0.12869,False,0,16.8862
30,109,125,0.000598,0.00015,0.000101,0.128573,False,0,16.8862
30,110,125,0.000553,0.000139,9.5e-05,0.128523,False,0,16.8865
30,111,125,0.000499,0.000125,8.4e-05,0.128464,False,0,16.8872
30,112,125,0.000576,0.000144,9.9e-05,0.128426,False,0,16.8864
30,113,125,0.000628,0.000157,0.000108,0.128392,False,0,16.8859
30,114,125,0.000768,0.000192,0.00013,0.128407,False,0,16.8848
30,115,125,0.000737,0.000184,0.000125,0.128394,False,0,16.8851
30,116,125,0.000664,0.000166,0.000113,0.128331,False,0,16.8856
30,117,125,0.000766,0.000191,0.000131,0.128184,False,0,16.8849
30,118,125,0.000757,0.000189,0.000129,0.128042,False,0,16.8849
30,119,125,0.00066,0.000165,0.000111,0.128003,False,0,16.8857
30,120,125,0.000585,0.000146,1e-04,0.128046,False,0,16.8862
30,121,125,0.000615,0.000154,0.000104,0.128063,False,0,16.886
30,122,125,0.000576,0.000144,9.8e-05,0.128035,False,0,16.8864
30,123,125,0.000406,0.000102,7e-05,0.128002,False,0,16.8878
30,124,125,0.000529,0.000132,8.9e-05,0.127863,False,0,16.8869
30,125,125,0.000613,0.000153,0.000106,0.127713,False,0,16.886
30,126,125,0.000722,0.00018,0.000122,0.127551,False,0,16.8853
30,127,125,0.000756,0.000189,0.000129,0.127387,False,0,16.885
30,128,125,0.000558,0.000139,9.6e-05,0.127316,False,0,16.8865
30,129,125,0.000531,0.000132,9e-05,0.127229,False,0,16.8868
30,130,125,0.000628,0.000157,0.000108,0.127136,False,0,16.8858
30,131,125,0.000543,0.000136,9.3e-05,0.127069,False,0,16.8866
30,132,125,0.000443,0.000111,7.5e-05,0.126995,False,0,16.8876
30,133,125,0.000552,0.000138,9.4e-05,0.126973,False,0,16.8865
30,134,125,0.000495,0.000124,8.5e-05,0.126983,False,0,16.887
30,135,125,0.000486,0.000121,8.2e-05,0.127006,False,0,16.8873
30,136,125,0.000338,8.5e-05,5.8e-05,0.127024,False,0,16.8886
30,137,125,0.0004,1e-04,6.9e-05,0.127061,False,0,16.8879
30,138,125,0.000417,0.000104,6.9e-05,0.127098,False,0,16.888
30,139,125,0.000548,0.000137,9.5e-05,0.127135,False,0,16.8865
30,140,125,0.000709,0.000177,0.000121,0.127185,False,0,16.8852
30,141,125,0.000685,0.000171,0.000116,0.127212,False,0,16.8855
30,142,125,0.000777,0.000194,0.000133,0.12726,False,0,16.8847
30,143,125,0.000503,0.000126,8.5e-05,0.12728,False,0,16.8871
30,144,125,0.000484,0.000121,8.2e-05,0.127304,False,0,16.8872
30,145,125,0.000359,9e-05,6.1e-05,0.127278,False,0,16.8885
30,146,125,0.000309,7.7e-05,5.2e-05,0.127237,False,0,16.889
30,147,125,0.000358,9e-05,6.1e-05,0.127022,False,0,16.8884
30,148,125,0.000398,1e-04,6.9e-05,0.126844,False,0,16.8879
30,149,125,0.000401,1e-04,6.7e-05,0.126821,False,0,16.888
30,150,125,0.000396,9.9e-05,6.8e-05,0.126833,False,0,16.888
30,151,125,0.000414,0.000103,7e-05,0.126799,False,0,16.8879
30,152,125,0.000249,6.2e-05,4.2e-05,0.126586,False,0,16.8897
30,153,125,0.000264,6.6e-05,4.5e-05,0.126418,False,0,16.8895
30,154,125,0.000404,0.000101,7e-05,0.126404,False,0,16.8878
30,155,125,0.000457,0.000114,7.7e-05,0.126454,False,0,16.8875
30,156,125,0.000499,0.000125,8.6e-05,0.126494,False,0,16.887
30,157,125,0.00041,0.000103,6.9e-05,0.126552,False,0,16.888
30,158,125,0.000451,0.000113,7.7e-05,0.126614,False,0,16.8874
30,159,125,0.000348,8.7e-05,5.9e-05,0.12665,False,0,16.8886
30,160,125,0.000233,5.8e-05,3.9e-05,0.126671,False,0,16.8899
30,161,125,0.000248,6.2e-05,4.2e-05,0.126714,False,0,16.8897
30,162,125,0.000416,0.000104,7e-05,0.126779,False,0,16.8878
30,163,125,0.000535,0.000134,9.2e-05,0.126842,False,0,16.8866
30,164,125,0.000458,0.000115,7.7e-05,0.126858,False,0,16.8876
30,165,125,0.000541,0.000135,9.2e-05,0.126904,False,0,16.8866
30,166,125,0.000551,0.000138,9.4e-05,0.126956,False,0,16.8865
30,167,125,0.000465,0.000116,7.9e-05,0.127012,False,0,16.8874
30,168,125,0.000348,8.7e-05,5.8e-05,0.127045,False,0,16.8886
30,169,125,0.000335,8.4e-05,5.7e-05,0.127059,False,0,16.8886
30,170,125,0.000368,9.2e-05,6.3e-05,0.127089,False,0,16.8882
30,171,125,0.000369,9.2e-05,6.2e-05,0.127126,False,0,16.8884
30,172,125,0.000347,8.7e-05,5.9e-05,0.127203,False,0,16.8885
30,173,125,0.000305,7.6e-05,5.1e-05,0.127223,False,0,16.8891
30,174,125,0.000292,7.3e-05,5e-05,0.12721,False,0,16.8891
30,175,125,0.000246,6.2e-05,4.1e-05,0.127189,False,0,16.8897
30,176,125,0.000292,7.3e-05,4.9e-05,0.127212,False,0,16.8891
30,177,125,0.000365,9.2e-05,6.1e-05,0.127262,False,0,16.8884
30,178,125,0.000383,9.6e-05,6.6e-05,0.127328,False,0,16.8881
30,179,125,0.000396,9.9e-05,6.7e-05,0.127398,False,0,16.888
30,180,125,0.000477,0.000119,8.1e-05,0.127468,False,0,16.8872
30,181,125,0.000366,9.1e-05,6.1e-05,0.127528,False,0,16.8884
30,182,125,0.000329,8.2e-05,5.5e-05,0.1276,False,0,16.8887
30,183,125,0.000433,0.000108,7.4e-05,0.127686,False,0,16.8876
30,184,125,0.000571,0.000143,9.7e-05,0.127816,False,0,16.8864
30,185,125,0.000575,0.000144,9.7e-05,0.127953,False,0,16.8864
30,186,125,0.000352,8.8e-05,6e-05,0.128036,False,0,16.8885
30,187,125,0.000173,4.3e-05,2.9e-05,0.128071,False,0,16.8908
30,188,125,0.00022,5.5e-05,3.7e-05,0.128079,False,0,16.8901
30,189,125,0.000199,5e-05,3.4e-05,0.1281,False,0,16.8903
30,190,125,0.000298,7.5e-05,5e-05,0.128142,False,0,16.8892
30,191,125,0.000318,8e-05,5.4e-05,0.128173,False,0,16.8889
30,192,125,0.000296,7.4e-05,5e-05,0.128202,False,0,16.8891
30,193,125,0.000344,8.6e-05,5.8e-05,0.128266,False,0,16.8886
30,194,125,0.000297,7.4e-05,5e-05,0.128387,False,0,16.8892
30,195,125,0.000243,6.1e-05,4.1e-05,0.128482,False,0,16.8898
30,196,125,0.000218,5.5e-05,3.7e-05,0.128591,False,0,16.8902
30,197,125,0.000353,8.8e-05,6e-05,0.128692,False,0,16.8884
30,198,125,0.000369,9.2e-05,6.3e-05,0.128771,False,0,16.8883
30,199,125,0.000332,8.3e-05,5.6e-05,0.128838,False,0,16.8887
30,200,125,0.000215,5.4e-05,3.6e-05,0.128893,False,0,16.8903
30,201,125,0.000152,3.8e-05,2.6e-05,0.128978,False,0,16.891
30,202,125,0.000134,3.4e-05,2.2e-05,0.129045,False,0,16.8916
30,203,125,0.000155,3.9e-05,2.7e-05,0.1291,False,0,16.891
30,204,125,0.000211,5.3e-05,3.6e-05,0.129122,False,0,16.8902
30,205,125,0.000236,5.9e-05,4e-05,0.129166,False,0,16.8898
30,206,125,0.000263,6.6e-05,4.4e-05,0.129277,False,0,16.8896
30,207,125,0.000293,7.3e-05,5e-05,0.129348,False,0,16.8891
30,208,125,0.000314,7.9e-05,5.3e-05,0.129439,False,0,16.8889
30,209,125,0.00024,6e-05,4e-05,0.12952,False,0,16.8898
30,210,125,0.0002,5e-05,3.4e-05,0.129604,False,0,16.8903
30,211,125,0.00012,3e-05,2e-05,0.129649,False,0,16.8919
30,212,125,0.000214,5.4e-05,3.6e-05,0.12969,False,0,16.8902
30,213,125,0.000303,7.6e-05,5.2e-05,0.129783,False,0,16.889
30,214,125,0.000192,4.8e-05,3.2e-05,0.129852,False,0,16.8905
30,215,125,0.000144,3.6e-05,2.4e-05,0.1299,False,0,16.8914
30,216,125,0.000167,4.2e-05,2.8e-05,0.12994,False,0,16.8908
30,217,125,0.000145,3.6e-05,2.4e-05,0.130003,False,0,16.8912
30,218,125,0.000108,2.7e-05,1.8e-05,0.130059,False,0,16.8919
30,219,125,0.000107,2.7e-05,1.8e-05,0.130116,False,0,16.8919
30,220,125,9.8e-05,2.5e-05,1.7e-05,0.130152,False,0,16.8921
30,221,125,0.00016,4e-05,2.7e-05,0.130236,False,0,16.8911
30,222,125,0.000128,3.2e-05,2.2e-05,0.130303,False,0,16.8915
30,223,125,0.000147,3.7e-05,2.5e-05,0.130366,False,0,16.8911
30,224,125,9.3e-05,2.3e-05,1.5e-05,0.130424,False,0,16.8923
30,225,125,0.000117,3e-05,2e-05,0.130481,False,0,16.8916
30,226,125,0.00015,3.8e-05,2.5e-05,0.130546,False,0,16.8911
30,227,125,0.00014,3.5e-05,2.4e-05,0.130591,False,0,16.8913
30,228,125,8.1e-05,2e-05,1.4e-05,0.130625,False,0,16.8925
30,229,125,0.000176,4.4e-05,3e-05,0.130679,False,0,16.8907
30,230,125,0.00012,3e-05,2e-05,0.13073,False,0,16.8917
30,231,125,0.000146,3.7e-05,2.4e-05,0.130803,False,0,16.8912
30,232,125,9.8e-05,2.5e-05,1.6e-05,0.130843,False,0,16.8922
30,233,125,0.000116,2.9e-05,2e-05,0.130878,False,0,16.8917
30,234,125,5.9e-05,1.5e-05,1e-05,0.130888,False,0,16.8931
30,235,125,0.000106,2.7e-05,1.8e-05,0.130917,False,0,16.8918
30,236,125,0.000173,4.3e-05,2.9e-05,0.131006,False,0,16.8908
30,237,125,0.000154,3.9e-05,2.6e-05,0.131096,False,0,16.8911
30,238,125,7.3e-05,1.8e-05,1.2e-05,0.131156,False,0,16.8926
30,239,125,4.9e-05,1.2e-05,8e-06,0.131224,False,0,16.8932
30,240,125,3.9e-05,1e-05,7e-06,0.131302,False,0,16.8936
30,241,125,5.1e-05,1.3e-05,8e-06,0.131382,False,0,16.8933
30,242,125,3.6e-05,9e-06,6e-06,0.131453,False,0,16.8937
30,243,125,5.4e-05,1.3e-05,9e-06,0.131517,False,0,16.8931
30,244,125,2.5e-05,6e-06,4e-06,0.131549,False,0,16.8941
30,245,125,4.3e-05,1.1e-05,7e-06,0.131585,False,0,16.8935
30,246,125,3.4e-05,8e-06,6e-06,0.131618,False,0,16.8937
30,247,125,4.2e-05,1.1e-05,7e-06,0.131655,False,0,16.8935
30,248,125,3.9e-05,1e-05,7e-06,0.131702,False,0,16.8935
30,249,125,2.4e-05,6e-06,4e-06,0.13176,False,0,16.8942
30,250,125,1.6e-05,4e-06,2e-06,0.13182,False,0,16.8945
30,251,125,3.1e-05,8e-06,5e-06,0.131872,False,0,16.8939
30,252,125,1.6e-05,4e-06,3e-06,0.131909,False,0,16.8945
30,253,125,6.7e-05,1.7e-05,1.1e-05,0.131964,False,0,16.8927
30,254,125,0.000115,2.9e-05,2e-05,0.13203,False,0,16.8917
30,255,125,5.8e-05,1.5e-05,9e-06,0.132126,False,0,16.8931
30,256,125,3e-05,7e-06,5e-06,0.132139,False,0,16.8939
30,257,125,2.3e-05,6e-06,4e-06,0.13218,False,0,16.8943
30,258,125,4.9e-05,1.2e-05,8e-06,0.13223,False,0,16.8933
30,259,125,8.1e-05,2e-05,1.4e-05,0.132305,False,0,16.8924
30,260,125,4.8e-05,1.2e-05,8e-06,0.132362,False,0,16.8933
30,261,125,4.3e-05,1.1e-05,7e-06,0.132408,False,0,16.8935
30,262,125,5e-05,1.3e-05,8e-06,0.132452,False,0,16.8932
30,263,125,6.3e-05,1.6e-05,1e-05,0.132502,False,0,16.893
30,264,125,4e-05,1e-05,7e-06,0.132585,False,0,16.8935
30,265,125,8e-06,2e-06,1e-06,0.132656,False,0,16.8952
30,266,125,5e-06,1e-06,1e-06,0.132742,False,0,16.8953
30,267,125,1.5e-05,4e-06,3e-06,0.132818,False,0,16.8945
30,268,125,5e-06,1e-06,1e-06,0.132907,False,0,16.8953
30,269,125,2e-06,0.0,0.0,0.132997,False,0,16.8958
30,270,125,9e-06,2e-06,1e-06,0.133092,False,0,16.8949
30,271,125,8e-06,2e-06,1e-06,0.133165,False,0,16.895
30,272,125,3e-06,1e-06,0.0,0.133221,False,0,16.8955
30,273,125,2e-06,0.0,0.0,0.133295,False,0,16.8962
30,274,125,3e-06,1e-06,0.0,0.133381,False,0,16.8955
30,275,125,2.3e-05,6e-06,4e-06,0.133466,False,0,16.8942
30,276,125,3.2e-05,8e-06,5e-06,0.13353,False,0,16.8938
30,277,125,1.3e-05,3e-06,2e-06,0.133624,False,0,16.8948
30,278,125,3e-06,1e-06,1e-06,0.133709,False,0,16.8967
30,279,125,1.5e-05,4e-06,3e-06,0.133796,False,0,16.8976
30,280,125,4e-06,1e-06,1e-06,0.133871,False,0,16.8966
30,281,125,2e-06,1e-06,0.0,0.133972,False,0,16.8959
30,282,125,3e-06,1e-06,1e-06,0.13406,False,0,16.8966
30,283,125,5e-06,1e-06,1e-06,0.134116,False,0,16.8969
30,284,125,6e-06,2e-06,1e-06,0.134149,False,0,16.8971
30,285,125,2e-05,5e-06,4e-06,0.134193,False,0,16.8979
30,286,125,9e-06,2e-06,2e-06,0.134281,False,0,16.897
30,287,125,1.1e-05,3e-06,2e-06,0.134366,False,0,16.8974
30,288,125,7e-06,2e-06,1e-06,0.134456,False,0,16.8971
30,289,125,7e-06,2e-06,1e-06,0.134535,False,0,16.897
30,290,125,2.4e-05,6e-06,5e-06,0.134579,False,0,16.898
30,291,125,3.5e-05,9e-06,6e-06,0.134656,False,0,16.8983
30,292,125,3e-05,7e-06,6e-06,0.134724,False,0,16.8983
30,293,125,1.2e-05,3e-06,2e-06,0.134802,False,0,16.8975
30,294,125,7e-06,2e-06,1e-06,0.134887,False,0,16.897
30,295,125,8e-06,2e-06,2e-06,0.134983,False,0,16.897
30,296,125,1.9e-05,4e-06,4e-06,0.135057,False,0,16.8977
30,297,125,2.4e-05,6e-06,5e-06,0.135147,False,0,16.898
30,298,124,2.7e-05,7e-06,5e-06,0.135245,False,0,16.8982
30,299,123,4.3e-05,1.1e-05,8e-06,0.135343,False,0,16.8987
30,300,122,1.9e-05,5e-06,4e-06,0.135417,False,0,16.8978
30,301,121,2.8e-05,7e-06,5e-06,0.135495,False,0,16.8982
30,302,120,2.6e-05,6e-06,5e-06,0.135614,False,0,16.8978
30,303,119,3.9e-05,1e-05,7e-06,0.135699,False,0,16.8985
30,304,118,1.6e-05,4e-06,3e-06,0.135819,False,0,16.8976
30,305,117,2.9e-05,8e-06,5e-06,0.135923,False,0,16.8982
30,306,116,3.1e-05,8e-06,6e-06,0.136021,False,0,16.8981
30,307,115,7.8e-05,2e-05,1.4e-05,0.136103,False,0,16.8997
30,308,114,7.5e-05,1.9e-05,1.3e-05,0.136205,False,0,16.8995
30,309,113,8.4e-05,2.1e-05,1.5e-05,0.136324,False,0,16.8998
30,310,112,5.3e-05,1.3e-05,1e-05,0.136436,False,0,16.899
30,311,111,3.2e-05,8e-06,6e-06,0.136568,False,0,16.8983
30,312,110,6.4e-05,1.6e-05,1.2e-05,0.136663,False,0,16.8991
30,313,109,0.000106,2.7e-05,1.9e-05,0.136764,False,0,16.9002
30,314,108,9.9e-05,2.5e-05,1.8e-05,0.136854,False,0,16.9001
30,315,107,0.000112,2.8e-05,2e-05,0.136962,False,0,16.9003
30,316,106,5.7e-05,1.5e-05,1e-05,0.137058,False,0,16.8991
30,317,105,5e-05,1.2e-05,9e-06,0.137173,False,0,16.8987
30,318,104,4.2e-05,1e-05,8e-06,0.137259,False,0,16.8986
30,319,103,5.7e-05,1.4e-05,1.1e-05,0.137334,False,0,16.899
30,320,102,0.000117,2.9e-05,2.2e-05,0.137432,False,0,16.9005
30,321,101,0.000157,3.9e-05,2.8e-05,0.137544,False,0,16.9011
30,322,100,0.000139,3.5e-05,2.4e-05,0.137681,False,0,16.9007
30,323,99,0.000132,3.3e-05,2.4e-05,0.137785,False,0,16.9007
30,324,98,0.000133,3.4e-05,2.4e-05,0.137894,False,0,16.9007
30,325,97,0.000133,3.4e-05,2.4e-05,0.138009,False,0,16.9006
30,326,96,0.00012,3e-05,2.1e-05,0.138168,False,0,16.9004
30,327,95,0.000154,3.9e-05,2.8e-05,0.138322,False,0,16.9012
30,328,94,0.000176,4.4e-05,3.1e-05,0.138463,False,0,16.9013
30,329,93,0.000267,6.7e-05,4.7e-05,0.138574,False,0,16.9027
30,330,92,0.000277,6.9e-05,4.9e-05,0.138715,False,0,16.9029
30,331,91,0.000286,7.2e-05,5e-05,0.138883,False,0,16.9029
30,332,90,0.000271,6.8e-05,4.7e-05,0.139028,False,0,16.9027
30,333,89,0.00031,7.7e-05,5.5e-05,0.13921,False,0,16.9033
31,52,125,2e-06,1e-06,0.0,0.144088,True,0,16.8955
31,53,125,1e-06,0.0,0.0,0.142142,False,0,16.8963
31,54,125,0.0,0.0,0.0,0.140454,False,0,16.8962
31,55,125,1e-06,0.0,0.0,0.138976,False,0,16.896
31,56,125,6e-06,2e-06,1e-06,0.137662,False,0,16.8952
31,57,125,4e-06,1e-06,1e-06,0.136476,False,0,16.8955
31,58,125,6e-06,1e-06,1e-06,0.13539,False,0,16.8952
31,59,125,1e-06,0.0,0.0,0.134392,False,0,16.8962
31,60,125,1e-06,0.0,0.0,0.133466,False,0,16.8961
31,61,125,7e-06,2e-06,1e-06,0.132642,False,0,16.8969
31,62,125,2e-06,1e-06,0.0,0.131909,False,0,16.8965
31,63,125,4e-06,1e-06,1e-06,0.131242,False,0,16.8968
31,64,125,6e-06,1e-06,1e-06,0.130601,False,0,16.897
31,65,125,1e-06,-0.0,0.0,0.129981,False,0,16.896
31,66,125,4e-06,1e-06,1e-06,0.129398,False,0,16.8956
31,67,125,2e-06,0.0,0.0,0.128867,False,0,16.8958
31,68,125,2e-06,0.0,0.0,0.128369,False,0,16.8962
31,69,125,5e-06,1e-06,1e-06,0.12791,False,0,16.897
31,70,125,2e-06,1e-06,0.0,0.127451,False,0,16.8965
31,71,125,4e-06,1e-06,1e-06,0.127038,False,0,16.8967
31,72,125,2e-06,1e-06,0.0,0.126648,False,0,16.8964
31,73,125,2e-06,0.0,0.0,0.126287,False,0,16.8964
31,74,125,1e-06,0.0,0.0,0.125909,False,0,16.8959
31,75,125,1e-06,0.0,0.0,0.125552,False,0,16.8958
31,76,125,3e-06,0.0,1e-06,0.125229,False,0,16.8958
31,77,125,1e-06,-0.0,0.0,0.124956,False,0,16.8961
31,78,125,1e-06,0.0,0.0,0.124685,False,0,16.8959
31,79,125,4e-06,1e-06,1e-06,0.12444,False,0,16.8968
31,80,125,1.1e-05,3e-06,2e-06,0.124228,False,0,16.8972
31,81,125,4e-06,1e-06,1e-06,0.124007,False,0,16.8968
31,82,125,3e-06,1e-06,1e-06,0.123771,False,0,16.8967
31,83,125,5e-06,1e-06,1e-06,0.123552,False,0,16.8967
31,84,125,8e-06,2e-06,1e-06,0.123343,False,0,16.8972
31,85,125,8e-06,2e-06,2e-06,0.123166,False,0,16.897
31,86,125,2.1e-05,5e-06,4e-06,0.123018,False,0,16.8979
31,87,125,1.4e-05,3e-06,2e-06,0.122862,False,0,16.8975
31,88,125,0.0,0.0,0.0,0.122744,False,0,16.8961
31,89,125,6e-06,2e-06,1e-06,0.122615,False,0,16.897
31,90,125,7e-06,2e-06,1e-06,0.122486,False,0,16.8971
31,91,125,4e-06,1e-06,1e-06,0.122378,False,0,16.8962
31,92,125,2e-06,1e-06,0.0,0.122255,False,0,16.8966
31,93,125,1.4e-05,4e-06,2e-06,0.122172,False,0,16.8975
31,94,125,1e-05,2e-06,2e-06,0.122054,False,0,16.8972
31,95,125,4e-06,1e-06,1e-06,0.12195,False,0,16.8968
31,96,125,4e-06,1e-06,1e-06,0.121843,False,0,16.8967
31,97,125,1.1e-05,3e-06,2e-06,0.121752,False,0,16.8973
31,98,125,1.2e-05,3e-06,2e-06,0.121648,False,0,16.8975
31,99,125,1.4e-05,3e-06,3e-06,0.121566,False,0,16.8976
31,100,125,3e-06,1e-06,1e-06,0.121516,False,0,16.8966
31,101,125,1.5e-05,3e-06,3e-06,0.121491,False,0,16.8976
31,102,125,2.1e-05,5e-06,4e-06,0.121473,False,0,16.8979
31,103,125,1.9e-05,5e-06,3e-06,0.121448,False,0,16.8978
31,104,125,2.3e-05,6e-06,4e-06,0.121417,False,0,16.898
31,105,125,3e-05,8e-06,5e-06,0.121358,False,0,16.8983
31,106,125,1.1e-05,3e-06,2e-06,0.12135,False,0,16.8973
31,107,124,2.9e-05,7e-06,5e-06,0.121318,False,0,16.8982
31,108,123,4.9e-05,1.2e-05,8e-06,0.12131,False,0,16.8989
31,109,122,7.4e-05,1.9e-05,1.3e-05,0.121304,False,0,16.8996
31,110,121,7.1e-05,1.8e-05,1.2e-05,0.121317,False,0,16.8995
31,111,120,5.7e-05,1.4e-05,1e-05,0.121312,False,0,16.8992
31,112,119,4.6e-05,1.1e-05,8e-06,0.121312,False,0,16.8988
31,113,118,5.3e-05,1.3e-05,9e-06,0.121308,False,0,16.8989
31,114,117,3.9e-05,1e-05,7e-06,0.12129,False,0,16.8986
31,115,116,3.2e-05,8e-06,6e-06,0.121272,False,0,16.8984
31,116,115,1.6e-05,4e-06,3e-06,0.121265,False,0,16.8976
31,117,114,4.7e-05,1.2e-05,8e-06,0.121262,False,0,16.8988
31,118,113,6.3e-05,1.6e-05,1.2e-05,0.121292,False,0,16.8994
31,119,112,5.7e-05,1.4e-05,9e-06,0.121331,False,0,16.8989
31,120,111,6.5e-05,1.7e-05,1.1e-05,0.121367,False,0,16.8993
31,121,110,5.4e-05,1.4e-05,9e-06,0.121402,False,0,16.8989
31,122,109,6.9e-05,1.7e-05,1.2e-05,0.121462,False,0,16.8995
31,123,108,4.7e-05,1.2e-05,8e-06,0.121499,False,0,16.8988
31,124,107,3.7e-05,9e-06,6e-06,0.12153,False,0,16.8984
31,125,106,4.9e-05,1.2e-05,9e-06,0.121577,False,0,16.8989
31,126,105,6.8e-05,1.7e-05,1.2e-05,0.12165,False,0,16.8994
31,127,104,9.2e-05,2.3e-05,1.5e-05,0.121704,False,0,16.8998
31,128,103,0.000128,3.2e-05,2.2e-05,0.12177,False,0,16.9007
31,129,102,0.000108,2.7e-05,1.8e-05,0.121809,False,0,16.9002
31,130,101,0.000123,3.1e-05,2.1e-05,0.121871,False,0,16.9004
31,131,100,9.3e-05,2.3e-05,1.6e-05,0.121937,False,0,16.8999
31,132,99,1e-04,2.5e-05,1.7e-05,0.122016,False,0,16.9001
31,133,98,8.5e-05,2.2e-05,1.5e-05,0.122096,False,0,16.8998
31,134,97,5.7e-05,1.4e-05,1e-05,0.122184,False,0,16.899
31,135,96,8e-05,2e-05,1.4e-05,0.122228,False,0,16.8996
31,136,95,7.1e-05,1.8e-05,1.2e-05,0.122253,False,0,16.8993
31,137,94,7.3e-05,1.9e-05,1.3e-05,0.122308,False,0,16.8996
31,138,93,5.3e-05,1.3e-05,8e-06,0.122412,False,0,16.8987
31,139,92,6.7e-05,1.7e-05,1.2e-05,0.122491,False,0,16.8994
31,140,91,6.3e-05,1.6e-05,1.1e-05,0.122541,False,0,16.8992
31,141,90,0.000102,2.6e-05,1.7e-05,0.122608,False,0,16.9
31,142,89,0.000115,2.9e-05,1.9e-05,0.122667,False,0,16.9003
31,143,88,0.000104,2.6e-05,1.8e-05,0.122721,False,0,16.9002
31,144,87,0.000103,2.6e-05,1.8e-05,0.122768,False,0,16.9001
31,145,86,8.7e-05,2.2e-05,1.5e-05,0.122845,False,0,16.8997
31,146,85,8.9e-05,2.2e-05,1.5e-05,0.12294,False,0,16.8997
31,147,84,9.5e-05,2.4e-05,1.6e-05,0.123029,False,0,16.8999
31,148,83,7.4e-05,1.9e-05,1.3e-05,0.123111,False,0,16.8994
31,149,82,8.1e-05,2e-05,1.4e-05,0.123186,False,0,16.8994
31,150,81,8.8e-05,2.2e-05,1.5e-05,0.123286,False,0,16.8996
31,151,80,0.000115,2.9e-05,2e-05,0.123392,False,0,16.9002
31,152,79,0.000127,3.2e-05,2.2e-05,0.123498,False,0,16.9005
32,52,123,7.2e-05,1.8e-05,1.3e-05,0.151845,True,0,16.8996
32,53,122,5.8e-05,1.5e-05,1e-05,0.149982,True,0,16.8992
32,54,121,0.000116,2.9e-05,2.1e-05,0.14836,True,0,16.9005
32,55,120,0.000119,3e-05,2.1e-05,0.146929,True,0,16.9005
32,56,119,0.00011,2.8e-05,1.9e-05,0.145623,True,0,16.9004
32,57,118,0.000109,2.7e-05,1.9e-05,0.144445,True,0,16.9004
32,58,117,9.9e-05,2.5e-05,1.7e-05,0.143438,True,0,16.9001
32,59,116,0.000104,2.6e-05,1.9e-05,0.142503,False,0,16.9003
32,60,115,9.2e-05,2.3e-05,1.6e-05,0.141659,False,0,16.9
32,61,114,0.000106,2.7e-05,1.8e-05,0.140906,False,0,16.9003
32,62,113,9.1e-05,2.3e-05,1.6e-05,0.140209,False,0,16.9
32,63,112,3.4e-05,8e-06,6e-06,0.139534,False,0,16.8984
32,64,111,1.6e-05,4e-06,3e-06,0.138836,False,0,16.8976
32,65,110,3.4e-05,8e-06,6e-06,0.138188,False,0,16.8984
32,66,109,5.5e-05,1.4e-05,1e-05,0.137656,False,0,16.8991
32,67,108,6.2e-05,1.6e-05,1.1e-05,0.137205,False,0,16.8992
32,68,107,0.000114,2.8e-05,2e-05,0.136763,False,0,16.9004
32,69,106,8.7e-05,2.2e-05,1.5e-05,0.136352,False,0,16.8999
32,70,105,6.5e-05,1.6e-05,1.1e-05,0.135896,False,0,16.8993
32,71,104,4.9e-05,1.2e-05,8e-06,0.135446,False,0,16.8989
32,72,103,5.7e-05,1.4e-05,1e-05,0.134991,False,0,16.8991
32,73,102,0.000121,3e-05,2.1e-05,0.13462,False,0,16.9006
32,74,101,8.4e-05,2.1e-05,1.5e-05,0.134319,False,0,16.8998
32,75,100,0.000109,2.7e-05,1.9e-05,0.13407,False,0,16.9003
32,76,99,0.000102,2.6e-05,1.8e-05,0.133795,False,0,16.9002
32,77,98,0.00019,4.8e-05,3.2e-05,0.133574,False,0,16.9016
32,78,97,0.000232,5.8e-05,4.1e-05,0.133382,False,0,16.9023
32,79,96,0.000192,4.8e-05,3.4e-05,0.133171,False,0,16.9018
32,80,95,0.000134,3.4e-05,2.3e-05,0.132952,False,0,16.9006
32,81,94,0.000144,3.6e-05,2.5e-05,0.132746,False,0,16.901
32,82,93,0.000154,3.9e-05,2.6e-05,0.132604,False,0,16.9011
32,83,92,7.5e-05,1.9e-05,1.3e-05,0.132423,False,0,16.8995
32,84,91,0.000151,3.8e-05,2.6e-05,0.132296,False,0,16.9011
32,85,90,0.000165,4.2e-05,2.9e-05,0.132155,False,0,16.9013
32,86,89,0.000208,5.2e-05,3.6e-05,0.132058,False,0,16.902
32,87,88,0.000173,4.4e-05,3e-05,0.131917,False,0,16.9015
32,88,87,0.000149,3.7e-05,2.5e-05,0.131795,False,0,16.901
32,89,86,0.000213,5.3e-05,3.7e-05,0.131692,False,0,16.902
32,90,85,0.000233,5.8e-05,4.1e-05,0.131623,False,0,16.9024
32,91,84,0.000169,4.3e-05,2.8e-05,0.131569,False,0,16.9012
32,92,83,0.00012,3e-05,2.1e-05,0.131499,False,0,16.9006
32,93,82,0.000114,2.9e-05,2e-05,0.131432,False,0,16.9004
32,94,81,0.000196,4.9e-05,3.5e-05,0.131398,False,0,16.9018
32,95,80,0.000221,5.5e-05,3.8e-05,0.13136,False,0,16.9021
32,96,79,0.000284,7.1e-05,4.9e-05,0.131335,False,0,16.903
32,97,78,0.00019,4.7e-05,3.3e-05,0.131305,False,0,16.9016
32,98,77,0.000237,6e-05,4.2e-05,0.131337,False,0,16.9024
32,99,76,0.000211,5.3e-05,3.6e-05,0.131361,False,0,16.902
32,100,75,0.000197,4.9e-05,3.3e-05,0.131345,False,0,16.9017
32,101,74,0.000224,5.6e-05,4e-05,0.131343,False,0,16.9022
32,102,73,0.00023,5.8e-05,3.9e-05,0.131355,False,0,16.9022
32,103,72,0.000169,4.2e-05,2.9e-05,0.131335,False,0,16.9012
32,104,71,0.000163,4e-05,2.8e-05,0.131268,False,0,16.9011
32,105,70,0.000241,6e-05,4.3e-05,0.131249,False,0,16.9025
32,106,69,0.000204,5.1e-05,3.5e-05,0.131226,False,0,16.9019
32,107,68,0.00024,6e-05,4.1e-05,0.131211,False,0,16.9024
32,108,67,0.000194,4.9e-05,3.3e-05,0.131147,False,0,16.9017
32,109,66,0.000248,6.2e-05,4.3e-05,0.131134,False,0,16.9025
32,110,65,0.000227,5.7e-05,3.9e-05,0.131149,False,0,16.9022
32,111,64,0.000246,6.2e-05,4.3e-05,0.13119,False,0,16.9025
32,112,63,0.000273,6.8e-05,4.7e-05,0.131274,False,0,16.9028
32,113,62,0.000339,8.5e-05,5.8e-05,0.131422,False,0,16.9036
32,114,61,0.000323,8.1e-05,5.6e-05,0.131582,False,0,16.9034
32,115,60,0.000288,7.2e-05,4.9e-05,0.131716,False,0,16.9029
32,116,59,0.000207,5.2e-05,3.5e-05,0.131805,False,0,16.9018
32,117,58,0.00023,5.8e-05,4e-05,0.131857,False,0,16.9023
32,118,57,0.00022,5.5e-05,3.8e-05,0.131909,False,0,16.902
32,119,56,0.000303,7.6e-05,5.2e-05,0.131992,False,0,16.9031
32,120,55,0.000361,9.1e-05,6.3e-05,0.132175,False,0,16.9038
33,52,125,2.1e-05,5e-06,4e-06,0.143795,True,0,16.8942
33,53,125,1.8e-05,4e-06,3e-06,0.14188,False,0,16.8947
33,54,125,1.4e-05,3e-06,2e-06,0.14022,False,0,16.8946
33,55,125,4e-06,1e-06,1e-06,0.138774,False,0,16.8957
33,56,125,4e-06,1e-06,1e-06,0.137444,False,0,16.8954
33,57,125,4e-06,1e-06,1e-06,0.136231,False,0,16.8954
33,58,125,1e-06,0.0,0.0,0.135169,False,0,16.8959
33,59,125,6e-06,1e-06,1e-06,0.134249,False,0,16.8952
33,60,125,1.2e-05,3e-06,2e-06,0.133385,False,0,16.8947
33,61,125,3.1e-05,8e-06,5e-06,0.132589,False,0,16.8939
33,62,125,2e-05,5e-06,3e-06,0.131847,False,0,16.8944
33,63,125,3.8e-05,9e-06,7e-06,0.131147,False,0,16.8935
33,64,125,1.2e-05,3e-06,2e-06,0.130498,False,0,16.8947
33,65,125,1.1e-05,3e-06,2e-06,0.129901,False,0,16.8947
33,66,125,4e-06,1e-06,1e-06,0.129354,False,0,16.8956
33,67,125,1e-06,0.0,0.0,0.128842,False,0,16.8959
33,68,125,6e-06,1e-06,1e-06,0.128374,False,0,16.8952
33,69,125,1.9e-05,5e-06,3e-06,0.12792,False,0,16.8944
33,70,125,1.6e-05,4e-06,3e-06,0.12748,False,0,16.8948
33,71,125,1.4e-05,4e-06,3e-06,0.127103,False,0,16.8946
33,72,125,3e-06,1e-06,1e-06,0.126716,False,0,16.8956
33,73,125,3e-06,0.0,0.0,0.126358,False,0,16.896
33,74,125,0.0,0.0,0.0,0.125971,False,0,16.8963
33,75,125,3e-06,1e-06,1e-06,0.12563,False,0,16.8961
33,76,125,6e-06,1e-06,1e-06,0.125359,False,0,16.8961
33,77,125,5e-06,1e-06,1e-06,0.125087,False,0,16.8953
33,78,125,0.0,0.0,0.0,0.124786,False,0,16.8961
33,79,125,2e-06,0.0,0.0,0.124487,False,0,16.8966
33,80,125,3e-06,1e-06,1e-06,0.124229,False,0,16.8967
33,81,125,1e-06,0.0,0.0,0.123991,False,0,16.8957
33,82,125,4e-06,1e-06,1e-06,0.123748,False,0,16.8953
33,83,125,8e-06,2e-06,1e-06,0.123519,False,0,16.8949
33,84,125,5e-06,1e-06,1e-06,0.123346,False,0,16.8953
33,85,125,1.1e-05,3e-06,2e-06,0.123182,False,0,16.8947
33,86,125,1e-06,0.0,0.0,0.123024,False,0,16.8958
33,87,125,2e-06,1e-06,1e-06,0.122858,False,0,16.8967
33,88,125,6e-06,1e-06,1e-06,0.122727,False,0,16.8971
33,89,125,1.3e-05,3e-06,2e-06,0.122586,False,0,16.8975
33,90,125,4e-06,1e-06,1e-06,0.122442,False,0,16.8969
33,91,125,1.7e-05,4e-06,3e-06,0.122298,False,0,16.8977
33,92,125,2.1e-05,5e-06,4e-06,0.122181,False,0,16.8978
33,93,125,7e-06,2e-06,1e-06,0.122092,False,0,16.8971
33,94,125,1e-06,0.0,0.0,0.121997,False,0,16.8961
33,95,125,3e-06,1e-06,1e-06,0.121911,False,0,16.8954
33,96,125,4e-06,1e-06,1e-06,0.121832,False,0,16.8954
33,97,125,0.0,0.0,0.0,0.121759,False,0,16.896
33,98,125,1e-06,-0.0,0.0,0.121704,False,0,16.896
33,99,125,2e-06,1e-06,0.0,0.121674,False,0,16.8958
33,100,125,9e-06,2e-06,2e-06,0.121637,False,0,16.895
33,101,125,2e-06,0.0,0.0,0.121587,False,0,16.8957
33,102,125,5e-06,1e-06,1e-06,0.121527,False,0,16.8967
33,103,125,3e-06,1e-06,1e-06,0.121476,False,0,16.896
33,104,125,1e-06,0.0,0.0,0.121455,False,0,16.8962
33,105,125,1.2e-05,3e-06,2e-06,0.121412,False,0,16.8974
33,106,125,1.7e-05,5e-06,3e-06,0.121375,False,0,16.8977
33,107,125,2e-06,1e-06,0.0,0.121353,False,0,16.8964
33,108,125,1e-06,0.0,0.0,0.121296,False,0,16.8961
33,109,125,1e-06,-0.0,0.0,0.121213,False,0,16.8961
33,110,125,6e-06,2e-06,1e-06,0.121164,False,0,16.8969
33,111,125,1.2e-05,3e-06,3e-06,0.121152,False,0,16.8974
33,112,125,9e-06,2e-06,2e-06,0.121106,False,0,16.8972
33,113,125,3e-06,1e-06,0.0,0.121086,False,0,16.8964
33,114,125,2e-06,1e-06,0.0,0.121072,False,0,16.8966
33,115,125,1.1e-05,3e-06,2e-06,0.121066,False,0,16.8974
33,116,125,1.8e-05,4e-06,3e-06,0.121064,False,0,16.8978
33,117,125,3.7e-05,9e-06,6e-06,0.12105,False,0,16.8985
33,118,125,2.3e-05,6e-06,4e-06,0.121045,False,0,16.898
33,119,125,8e-06,2e-06,1e-06,0.121032,False,0,16.8972
33,120,125,2.8e-05,7e-06,5e-06,0.121036,False,0,16.8982
33,121,125,3e-05,7e-06,5e-06,0.12106,False,0,16.8983
33,122,125,3.8e-05,9e-06,7e-06,0.121095,False,0,16.8985
33,123,125,1.9e-05,5e-06,3e-06,0.121132,False,0,16.8978
33,124,125,1.3e-05,4e-06,2e-06,0.121134,False,0,16.8972
33,125,125,1.5e-05,4e-06,3e-06,0.121129,False,0,16.8976
33,126,125,2.8e-05,7e-06,5e-06,0.121104,False,0,16.8981
33,127,124,3.8e-05,1e-05,7e-06,0.121134,False,0,16.8985
33,128,123,5.6e-05,1.4e-05,1e-05,0.121184,False,0,16.8991
33,129,122,5.7e-05,1.4e-05,1e-05,0.121218,False,0,16.8991
33,130,121,4.9e-05,1.3e-05,8e-06,0.121245,False,0,16.8987
33,131,120,5.7e-05,1.4e-05,1e-05,0.121281,False,0,16.8991
33,132,119,6.6e-05,1.7e-05,1.2e-05,0.12132,False,0,16.8994
33,133,118,4.4e-05,1.1e-05,8e-06,0.121375,False,0,16.8987
33,134,117,3.3e-05,9e-06,6e-06,0.121412,False,0,16.8983
33,135,116,6.4e-05,1.6e-05,1.1e-05,0.12147,False,0,16.8992
33,136,115,9.7e-05,2.4e-05,1.7e-05,0.12153,False,0,16.9001
33,137,114,1e-04,2.5e-05,1.7e-05,0.121593,False,0,16.9
33,138,113,8e-05,2e-05,1.3e-05,0.121684,False,0,16.8994
33,139,112,9e-05,2.3e-05,1.6e-05,0.121772,False,0,16.9
33,140,111,4.7e-05,1.2e-05,8e-06,0.121832,False,0,16.8986
33,141,110,7.7e-05,1.9e-05,1.3e-05,0.121897,False,0,16.8996
33,142,109,5.9e-05,1.5e-05,1e-05,0.121923,False,0,16.8991
33,143,108,7.4e-05,1.8e-05,1.3e-05,0.121943,False,0,16.8995
33,144,107,7e-05,1.8e-05,1.2e-05,0.121997,False,0,16.8995
33,145,106,7.6e-05,1.9e-05,1.3e-05,0.122074,False,0,16.8996
33,146,105,7.2e-05,1.8e-05,1.2e-05,0.122144,False,0,16.8994
33,147,104,7.1e-05,1.8e-05,1.2e-05,0.122208,False,0,16.8994
33,148,103,4.6e-05,1.2e-05,8e-06,0.122281,False,0,16.8989
33,149,102,4.9e-05,1.2e-05,8e-06,0.122325,False,0,16.8988
33,150,101,3.6e-05,9e-06,6e-06,0.12239,False,0,16.8984
33,151,100,8.4e-05,2.1e-05,1.5e-05,0.122465,False,0,16.8998
33,152,99,0.000125,3.2e-05,2.2e-05,0.122562,False,0,16.9006
33,153,98,0.000116,2.9e-05,2e-05,0.122671,False,0,16.9003
33,154,97,0.000117,2.9e-05,2e-05,0.122769,False,0,16.9005
33,155,96,7.8e-05,1.9e-05,1.4e-05,0.122872,False,0,16.8996
33,156,95,7.3e-05,1.8e-05,1.3e-05,0.12296,False,0,16.8996
33,157,94,8.6e-05,2.1e-05,1.4e-05,0.123046,False,0,16.8997
33,158,93,7.8e-05,2e-05,1.4e-05,0.123152,False,0,16.8997
33,159,92,0.000104,2.6e-05,1.8e-05,0.123301,False,0,16.9001
33,160,91,0.000124,3.1e-05,2.2e-05,0.123417,False,0,16.9007
33,161,90,7.2e-05,1.8e-05,1.2e-05,0.123507,False,0,16.8994
33,162,89,5.6e-05,1.4e-05,1e-05,0.123601,False,0,16.899
33,163,88,0.000124,3.1e-05,2.2e-05,0.123722,False,0,16.9006
33,164,87,0.000126,3.2e-05,2.1e-05,0.12384,False,0,16.9006
33,165,86,0.000141,3.5e-05,2.4e-05,0.123949,False,0,16.9009
33,166,85,0.000167,4.2e-05,2.9e-05,0.124047,False,0,16.9014
33,167,84,0.000161,4e-05,2.7e-05,0.124136,False,0,16.9011
33,168,83,0.00017,4.3e-05,2.9e-05,0.124243,False,0,16.9014
33,169,82,0.000146,3.6e-05,2.5e-05,0.124414,False,0,16.9009
33,170,81,0.000174,4.4e-05,3e-05,0.124571,False,0,16.9014
33,171,80,0.000158,3.9e-05,2.7e-05,0.124674,False,0,16.901
33,172,79,0.00016,4e-05,2.8e-05,0.12476,False,0,16.9013
33,173,78,0.000177,4.4e-05,3e-05,0.124892,False,0,16.9012
33,174,77,0.000191,4.8e-05,3.4e-05,0.125066,False,0,16.9018
33,175,76,0.000108,2.7e-05,1.8e-05,0.125229,False,0,16.9001
33,176,75,0.000128,3.2e-05,2.2e-05,0.125378,False,0,16.9005
33,177,74,0.000202,5e-05,3.5e-05,0.125511,False,0,16.9018
33,178,73,0.000156,3.9e-05,2.7e-05,0.125638,False,0,16.9011
33,179,72,0.000164,4.1e-05,2.9e-05,0.125784,False,0,16.9013
33,180,71,0.00019,4.8e-05,3.2e-05,0.125944,False,0,16.9015
34,52,118,1.5e-05,4e-06,3e-06,0.150071,True,0,16.8976
34,53,117,1.2e-05,3e-06,2e-06,0.148201,True,0,16.8974
34,54,116,3.6e-05,9e-06,6e-06,0.14658,True,0,16.8985
34,55,115,3.6e-05,9e-06,6e-06,0.145148,True,0,16.8985
34,56,114,2.9e-05,7e-06,5e-06,0.143873,True,0,16.8982
34,57,113,1.6e-05,4e-06,3e-06,0.142767,False,0,16.8976
34,58,112,3.3e-05,8e-06,6e-06,0.141782,False,0,16.8984
34,59,111,5.4e-05,1.3e-05,1e-05,0.140895,False,0,16.8991
34,60,110,5.2e-05,1.3e-05,9e-06,0.14006,False,0,16.899
34,61,109,6.4e-05,1.6e-05,1.2e-05,0.139266,False,0,16.8994
34,62,108,4.1e-05,1e-05,7e-06,0.138567,False,0,16.8986
34,63,107,6.8e-05,1.7e-05,1.2e-05,0.137923,False,0,16.8994
34,64,106,5.9e-05,1.5e-05,1.1e-05,0.13731,False,0,16.8992
34,65,105,2.6e-05,6e-06,5e-06,0.136726,False,0,16.8981
34,66,104,2.1e-05,5e-06,4e-06,0.136168,False,0,16.8979
34,67,103,4.6e-05,1.2e-05,8e-06,0.135653,False,0,16.8988
34,68,102,4.4e-05,1.1e-05,8e-06,0.135187,False,0,16.8988
34,69,101,7.9e-05,2e-05,1.4e-05,0.134739,False,0,16.8997
34,70,100,9.4e-05,2.4e-05,1.6e-05,0.134366,False,0,16.9
34,71,99,8.4e-05,2.1e-05,1.5e-05,0.13401,False,0,16.8998
34,72,98,9e-05,2.2e-05,1.6e-05,0.133694,False,0,16.9
34,73,97,9.5e-05,2.4e-05,1.7e-05,0.133398,False,0,16.9
34,74,96,8.8e-05,2.2e-05,1.6e-05,0.133151,False,0,16.8999
34,75,95,0.000107,2.7e-05,1.8e-05,0.132922,False,0,16.9003
34,76,94,0.000151,3.8e-05,2.7e-05,0.132722,False,0,16.9011
34,77,93,5.6e-05,1.4e-05,9e-06,0.132535,False,0,16.8991
34,78,92,6.1e-05,1.5e-05,1.1e-05,0.132335,False,0,16.8993
34,79,91,5.8e-05,1.4e-05,1e-05,0.132152,False,0,16.8992
34,80,90,5.8e-05,1.4e-05,1e-05,0.131933,False,0,16.8992
34,81,89,4.3e-05,1.1e-05,7e-06,0.13175,False,0,16.8987
34,82,88,8.1e-05,2e-05,1.5e-05,0.131629,False,0,16.8998
34,83,87,9.4e-05,2.4e-05,1.7e-05,0.131571,False,0,16.9001
34,84,86,0.000112,2.8e-05,2e-05,0.131492,False,0,16.9004
34,85,85,0.00014,3.5e-05,2.5e-05,0.13143,False,0,16.9009
34,86,84,0.00014,3.5e-05,2.5e-05,0.1313,False,0,16.9009
34,87,83,0.000135,3.4e-05,2.4e-05,0.131208,False,0,16.9008
34,88,82,8.1e-05,2e-05,1.3e-05,0.131089,False,0,16.8996
34,89,81,8.8e-05,2.2e-05,1.6e-05,0.130963,False,0,16.8999
34,90,80,0.000103,2.6e-05,1.8e-05,0.130872,False,0,16.9002
34,91,79,8.9e-05,2.2e-05,1.5e-05,0.130776,False,0,16.8999
34,92,78,0.000122,3.1e-05,2.1e-05,0.130726,False,0,16.9006
34,93,77,0.000131,3.3e-05,2.4e-05,0.130673,False,0,16.9008
34,94,76,0.000128,3.2e-05,2.2e-05,0.130671,False,0,16.9007
34,95,75,0.000129,3.2e-05,2.3e-05,0.130639,False,0,16.9007
34,96,74,0.000148,3.7e-05,2.6e-05,0.130619,False,0,16.9011
34,97,73,0.000115,2.9e-05,2e-05,0.130587,False,0,16.9005
34,98,72,0.00014,3.5e-05,2.4e-05,0.130589,False,0,16.9009
34,99,71,0.000158,4e-05,2.8e-05,0.130632,False,0,16.9012
34,100,70,0.000132,3.3e-05,2.3e-05,0.130622,False,0,16.9008
34,101,69,0.000108,2.7e-05,1.8e-05,0.130614,False,0,16.9003
34,102,68,0.000105,2.6e-05,1.8e-05,0.130572,False,0,16.9003
34,103,67,0.000106,2.7e-05,1.8e-05,0.130592,False,0,16.9002
34,104,66,9.7e-05,2.4e-05,1.7e-05,0.130604,False,0,16.9001
34,105,65,0.000109,2.7e-05,1.9e-05,0.13066,False,0,16.9004
35,52,125,6.7e-05,1.7e-05,1.1e-05,0.14397,True,0,16.8928
35,53,125,5.5e-05,1.4e-05,9e-06,0.142031,False,0,16.8931
35,54,125,4.5e-05,1.1e-05,8e-06,0.140379,False,0,16.8933
35,55,125,5.5e-05,1.4e-05,9e-06,0.138896,False,0,16.8932
35,56,125,5.4e-05,1.4e-05,9e-06,0.137573,False,0,16.8932
35,57,125,7.2e-05,1.8e-05,1.2e-05,0.136358,False,0,16.8927
35,58,125,6.8e-05,1.7e-05,1.2e-05,0.135291,False,0,16.8927
35,59,125,8.1e-05,2e-05,1.3e-05,0.134326,False,0,16.8927
35,60,125,1e-04,2.5e-05,1.7e-05,0.133423,False,0,16.892
35,61,125,8.9e-05,2.2e-05,1.6e-05,0.13261,False,0,16.8922
35,62,125,5.9e-05,1.5e-05,1e-05,0.131869,False,0,16.893
35,63,125,4.7e-05,1.2e-05,8e-06,0.131172,False,0,16.8932
35,64,125,4.7e-05,1.2e-05,8e-06,0.130465,False,0,16.8934
35,65,125,2.5e-05,6e-06,4e-06,0.129833,False,0,16.894
35,66,125,1.8e-05,5e-06,3e-06,0.129272,False,0,16.8944
35,67,125,5e-06,1e-06,1e-06,0.12877,False,0,16.8953
35,68,125,1.8e-05,4e-06,3e-06,0.128294,False,0,16.8944
35,69,125,1.3e-05,3e-06,2e-06,0.127832,False,0,16.8949
35,70,125,2.4e-05,6e-06,4e-06,0.127393,False,0,16.8941
35,71,125,3e-06,1e-06,1e-06,0.127003,False,0,16.8964
35,72,125,1e-06,0.0,0.0,0.126655,False,0,16.8958
35,73,125,5e-06,1e-06,1e-06,0.126308,False,0,16.8952
35,74,125,2.1e-05,5e-06,3e-06,0.125973,False,0,16.8943
35,75,125,3e-06,1e-06,0.0,0.125603,False,0,16.8955
35,76,125,6e-06,1e-06,1e-06,0.125279,False,0,16.8952
35,77,125,3.2e-05,8e-06,5e-06,0.124986,False,0,16.8938
35,78,125,2.9e-05,7e-06,5e-06,0.1247,False,0,16.8939
35,79,125,1.4e-05,4e-06,2e-06,0.124402,False,0,16.8947
35,80,125,1.2e-05,3e-06,2e-06,0.124125,False,0,16.8947
35,81,125,2e-06,0.0,0.0,0.123864,False,0,16.8956
35,82,125,4e-06,1e-06,1e-06,0.123648,False,0,16.8954
35,83,125,3e-06,1e-06,0.0,0.123444,False,0,16.8955
35,84,125,8e-06,2e-06,1e-06,0.123265,False,0,16.8952
35,85,125,0.0,0.0,0.0,0.123071,False,0,16.8959
35,86,125,8e-06,2e-06,2e-06,0.122916,False,0,16.8966
35,87,125,4e-06,1e-06,1e-06,0.122772,False,0,16.8953
35,88,125,7e-06,2e-06,1e-06,0.122639,False,0,16.8952
35,89,125,3e-06,1e-06,1e-06,0.122517,False,0,16.8954
35,90,125,1e-06,0.0,0.0,0.122373,False,0,16.8959
35,91,125,4e-06,1e-06,1e-06,0.122254,False,0,16.8963
35,92,125,5e-06,1e-06,1e-06,0.122122,False,0,16.8952
35,93,125,2e-06,0.0,0.0,0.121992,False,0,16.8956
35,94,125,1e-06,0.0,0.0,0.121876,False,0,16.896
35,95,125,2e-06,0.0,0.0,0.121781,False,0,16.8966
35,96,125,4e-06,1e-06,1e-06,0.121714,False,0,16.8968
35,97,125,7e-06,2e-06,1e-06,0.121649,False,0,16.8971
35,98,125,2e-06,0.0,0.0,0.121617,False,0,16.8957
35,99,125,7e-06,2e-06,2e-06,0.121589,False,0,16.8953
35,100,125,1.3e-05,3e-06,3e-06,0.121555,False,0,16.8975
35,101,125,1e-05,2e-06,2e-06,0.121527,False,0,16.8973
35,102,125,2e-05,5e-06,4e-06,0.121485,False,0,16.8979
35,103,125,1e-05,2e-06,2e-06,0.121457,False,0,16.8973
35,104,125,1.5e-05,4e-06,3e-06,0.121421,False,0,16.8975
35,105,125,3.2e-05,8e-06,6e-06,0.121392,False,0,16.8984
35,106,125,3.8e-05,9e-06,7e-06,0.12139,False,0,16.8985
35,107,124,1.7e-05,4e-06,3e-06,0.121376,False,0,16.8976
35,108,123,4e-06,1e-06,1e-06,0.12134,False,0,16.8969
35,109,122,6e-06,1e-06,1e-06,0.121308,False,0,16.8969
35,110,121,5e-06,1e-06,1e-06,0.121284,False,0,16.8969
35,111,120,1.1e-05,2e-06,2e-06,0.121282,False,0,16.8974
35,112,119,1.7e-05,4e-06,3e-06,0.121259,False,0,16.8977
35,113,118,2.8e-05,7e-06,5e-06,0.12123,False,0,16.8982
35,114,117,2.2e-05,5e-06,4e-06,0.121228,False,0,16.898
35,115,116,1.5e-05,4e-06,3e-06,0.121236,False,0,16.8977
35,116,115,3e-06,1e-06,1e-06,0.121268,False,0,16.8958
35,117,114,1e-06,0.0,0.0,0.121254,False,0,16.8962
35,118,113,8e-06,2e-06,2e-06,0.121269,False,0,16.8971
35,119,112,2.9e-05,7e-06,5e-06,0.121286,False,0,16.8982
35,120,111,3.8e-05,1e-05,7e-06,0.121313,False,0,16.8986
35,121,110,7.7e-05,1.9e-05,1.4e-05,0.121304,False,0,16.8997
35,122,109,5.3e-05,1.3e-05,9e-06,0.121297,False,0,16.899
35,123,108,3.9e-05,1e-05,7e-06,0.121309,False,0,16.8986
35,124,107,3.1e-05,8e-06,6e-06,0.121369,False,0,16.8983
35,125,106,3.8e-05,9e-06,7e-06,0.121418,False,0,16.8986
35,126,105,3.2e-05,8e-06,6e-06,0.121452,False,0,16.8983
35,127,104,5.2e-05,1.3e-05,9e-06,0.121475,False,0,16.8989
35,128,103,3.2e-05,8e-06,6e-06,0.121502,False,0,16.8983
35,129,102,3.4e-05,8e-06,6e-06,0.12154,False,0,16.8983
35,130,101,4.6e-05,1.2e-05,8e-06,0.121583,False,0,16.8989
35,131,100,4.2e-05,1e-05,7e-06,0.121612,False,0,16.8986
35,132,99,3.2e-05,8e-06,6e-06,0.121648,False,0,16.8984
35,133,98,3.5e-05,9e-06,6e-06,0.121684,False,0,16.8985
35,134,97,2.7e-05,7e-06,5e-06,0.121728,False,0,16.8982
35,135,96,3.1e-05,8e-06,6e-06,0.121779,False,0,16.8983
35,136,95,8.2e-05,2.1e-05,1.5e-05,0.121786,False,0,16.8997
35,137,94,0.000149,3.7e-05,2.6e-05,0.121833,False,0,16.901
35,138,93,0.000111,2.8e-05,1.9e-05,0.121927,False,0,16.9003
35,139,92,6.2e-05,1.5e-05,1.1e-05,0.121999,False,0,16.8991
35,140,91,7.7e-05,1.9e-05,1.4e-05,0.122083,False,0,16.8997
35,141,90,8.3e-05,2.1e-05,1.5e-05,0.12214,False,0,16.8998
35,142,89,0.000111,2.8e-05,1.9e-05,0.122215,False,0,16.9003
35,143,88,0.000139,3.5e-05,2.5e-05,0.122316,False,0,16.9009
35,144,87,0.000121,3.1e-05,2.1e-05,0.122436,False,0,16.9006
36,52,125,0.00032,8e-05,5.4e-05,0.144833,True,0,16.8891
36,53,125,0.000399,1e-04,6.9e-05,0.142917,False,0,16.8879
36,54,125,0.000365,9.1e-05,6.1e-05,0.141272,False,0,16.8885
36,55,125,0.000282,7.1e-05,4.8e-05,0.139794,False,0,16.8892
36,56,125,0.000303,7.6e-05,5.1e-05,0.138469,False,0,16.8891
36,57,125,0.000352,8.8e-05,6e-05,0.137321,False,0,16.8886
36,58,125,0.000363,9.1e-05,6.2e-05,0.13629,False,0,16.8883
36,59,125,0.000317,7.9e-05,5.3e-05,0.135375,False,0,16.8891
36,60,125,0.00028,7e-05,4.9e-05,0.134504,False,0,16.8893
36,61,125,0.000356,8.9e-05,6e-05,0.133679,False,0,16.8885
36,62,125,0.00046,0.000115,7.8e-05,0.132914,False,0,16.8874
36,63,125,0.000324,8.1e-05,5.5e-05,0.132189,False,0,16.8888
36,64,125,0.000408,0.000102,6.9e-05,0.131518,False,0,16.888
36,65,125,0.000354,8.9e-05,6.1e-05,0.130894,False,0,16.8884
36,66,125,0.000324,8.1e-05,5.4e-05,0.130279,False,0,16.8889
36,67,125,0.000399,1e-04,6.8e-05,0.129736,False,0,16.888
36,68,125,0.000322,8.1e-05,5.5e-05,0.129203,False,0,16.8888
36,69,125,0.000269,6.7e-05,4.5e-05,0.128728,False,0,16.8894
36,70,125,0.000264,6.6e-05,4.5e-05,0.128255,False,0,16.8895
36,71,125,0.000214,5.3e-05,3.6e-05,0.127856,False,0,16.8902
36,72,125,0.000153,3.8e-05,2.6e-05,0.127484,False,0,16.8911
36,73,125,0.000147,3.7e-05,2.5e-05,0.127142,False,0,16.8912
36,74,125,0.000231,5.8e-05,4e-05,0.126822,False,0,16.8899
36,75,125,0.00024,6e-05,4e-05,0.126494,False,0,16.8898
36,76,125,0.00022,5.5e-05,3.7e-05,0.126197,False,0,16.8901
36,77,125,0.000188,4.7e-05,3.2e-05,0.125899,False,0,16.8904
36,78,125,0.000216,5.4e-05,3.6e-05,0.125632,False,0,16.8901
36,79,125,0.00016,4e-05,2.7e-05,0.125358,False,0,16.891
36,80,125,0.000214,5.4e-05,3.7e-05,0.125129,False,0,16.8901
36,81,125,0.000212,5.3e-05,3.6e-05,0.124904,False,0,16.8903
36,82,125,0.0003,7.5e-05,5.1e-05,0.124686,False,0,16.889
36,83,125,0.00027,6.8e-05,4.6e-05,0.124475,False,0,16.8895
36,84,125,0.00024,6e-05,4.1e-05,0.1243,False,0,16.8898
36,85,125,0.000253,6.3e-05,4.3e-05,0.12413,False,0,16.8897
36,86,125,0.000293,7.3e-05,5.1e-05,0.12399,False,0,16.8891
36,87,125,0.000201,5e-05,3.3e-05,0.123839,False,0,16.8905
36,88,125,9.8e-05,2.5e-05,1.7e-05,0.123654,False,0,16.8922
36,89,125,8.5e-05,2.1e-05,1.4e-05,0.123481,False,0,16.8924
36,90,125,8e-05,2e-05,1.3e-05,0.123342,False,0,16.8925
38,52,103,1e-06,0.0,0.0,0.144268,True,0,16.8964
38,53,102,2e-06,1e-06,1e-06,0.142324,False,0,16.8966
38,54,101,3e-06,1e-06,1e-06,0.140648,False,0,16.8967
38,55,100,6e-06,1e-06,1e-06,0.139222,False,0,16.896
38,56,99,1e-06,0.0,0.0,0.137947,False,0,16.8962
38,57,98,3e-06,1e-06,1e-06,0.136793,False,0,16.8958
38,58,97,1e-06,0.0,0.0,0.135743,False,0,16.896
38,59,96,1e-05,3e-06,2e-06,0.134799,False,0,16.8972
38,60,95,2e-06,1e-06,0.0,0.133894,False,0,16.896
38,61,94,4e-06,1e-06,1e-06,0.133083,False,0,16.8968
38,62,93,3e-06,1e-06,1e-06,0.132302,False,0,16.8967
38,63,92,2e-06,1e-06,0.0,0.131653,False,0,16.8966
38,64,91,3e-06,1e-06,1e-06,0.131006,False,0,16.8967
38,65,90,5e-06,1e-06,1e-06,0.130404,False,0,16.8969
38,66,89,7e-06,2e-06,1e-06,0.129847,False,0,16.8971
38,67,88,1.5e-05,4e-06,3e-06,0.129306,False,0,16.8976
38,68,87,9e-06,2e-06,1e-06,0.128841,False,0,16.8972
38,69,86,9e-06,2e-06,2e-06,0.12841,False,0,16.8973
38,70,85,1.2e-05,3e-06,2e-06,0.127995,False,0,16.8975
38,71,84,3e-06,1e-06,0.0,0.127646,False,0,16.8959
38,72,83,1e-06,0.0,0.0,0.127278,False,0,16.8963
38,73,82,4e-06,1e-06,1e-06,0.126937,False,0,16.8969
38,74,81,3.3e-05,9e-06,6e-06,0.126619,False,0,16.8984
38,75,80,4.6e-05,1.2e-05,8e-06,0.126341,False,0,16.8989
38,76,79,5.3e-05,1.3e-05,9e-06,0.126121,False,0,16.899
38,77,78,1e-05,3e-06,2e-06,0.125874,False,0,16.8971
38,78,77,7e-06,2e-06,2e-06,0.125684,False,0,16.8971
38,79,76,2.4e-05,6e-06,4e-06,0.125442,False,0,16.898
38,80,75,2e-05,5e-06,4e-06,0.125207,False,0,16.8979
38,81,74,2.4e-05,6e-06,4e-06,0.124976,False,0,16.898
38,82,73,1.1e-05,3e-06,2e-06,0.124775,False,0,16.8973
38,83,72,1.1e-05,2e-06,2e-06,0.124582,False,0,16.8972
38,84,71,2.7e-05,7e-06,5e-06,0.124428,False,0,16.8982
38,85,70,4.1e-05,1e-05,7e-06,0.1243,False,0,16.8986
38,86,69,4.3e-05,1.1e-05,8e-06,0.124173,False,0,16.8988
38,87,68,4.1e-05,1e-05,7e-06,0.124059,False,0,16.8986
38,88,67,7.9e-05,2e-05,1.4e-05,0.12397,False,0,16.8997
38,89,66,5e-05,1.3e-05,9e-06,0.123883,False,0,16.8989
38,90,65,3.2e-05,8e-06,6e-06,0.123765,False,0,16.8983
38,91,64,4.4e-05,1.1e-05,8e-06,0.123674,False,0,16.8988
38,92,63,5.3e-05,1.3e-05,9e-06,0.123612,False,0,16.899
38,93,62,7.4e-05,1.8e-05,1.3e-05,0.123546,False,0,16.8996
38,94,61,8.5e-05,2.1e-05,1.4e-05,0.123465,False,0,16.8998
38,95,60,9.6e-05,2.4e-05,1.7e-05,0.1234,False,0,16.9001
38,96,59,6.5e-05,1.6e-05,1.1e-05,0.123382,False,0,16.8994
38,97,58,7.4e-05,1.9e-05,1.3e-05,0.123371,False,0,16.8996
38,98,57,8.4e-05,2.1e-05,1.4e-05,0.123355,False,0,16.8997
38,99,56,0.000149,3.7e-05,2.7e-05,0.123379,False,0,16.9011
38,100,55,0.000107,2.7e-05,1.8e-05,0.123393,False,0,16.9002
38,101,54,0.000131,3.3e-05,2.3e-05,0.123433,False,0,16.9008
38,102,53,8.5e-05,2.1e-05,1.4e-05,0.123471,False,0,16.8997
38,103,52,9.4e-05,2.4e-05,1.6e-05,0.12349,False,0,16.9
38,104,51,7.4e-05,1.9e-05,1.3e-05,0.123501,False,0,16.8995
38,105,50,7.2e-05,1.8e-05,1.2e-05,0.123512,False,0,16.8994
38,106,49,7.9e-05,2e-05,1.4e-05,0.123533,False,0,16.8997
38,107,48,7.6e-05,1.9e-05,1.3e-05,0.12356,False,0,16.8994
38,108,47,8.7e-05,2.2e-05,1.5e-05,0.12363,False,0,16.8999
38,109,46,9.9e-05,2.5e-05,1.7e-05,0.123697,False,0,16.9001
38,110,45,0.000137,3.5e-05,2.4e-05,0.12379,False,0,16.9008
38,111,44,0.000176,4.4e-05,3.1e-05,0.123852,False,0,16.9015
38,112,43,0.000202,5.1e-05,3.6e-05,0.123945,False,0,16.9019
38,113,42,0.00014,3.5e-05,2.4e-05,0.123979,False,0,16.9009
38,114,41,0.000166,4.2e-05,2.8e-05,0.124077,False,0,16.9013
38,115,40,0.000143,3.6e-05,2.5e-05,0.124175,False,0,16.901
38,116,39,0.00011,2.8e-05,1.9e-05,0.124284,False,0,16.9003
38,117,38,0.000136,3.4e-05,2.4e-05,0.12441,False,0,16.9008
38,118,37,0.000185,4.6e-05,3.2e-05,0.124555,False,0,16.9017
38,119,36,0.000284,7.1e-05,4.9e-05,0.124781,False,0,16.903
38,120,35,0.000206,5.2e-05,3.6e-05,0.124999,False,0,16.9019
38,121,34,0.000215,5.4e-05,3.8e-05,0.125183,False,0,16.9021
38,122,33,0.000228,5.7e-05,4e-05,0.125365,False,0,16.9023
38,123,32,0.000212,5.3e-05,3.6e-05,0.125553,False,0,16.902
38,124,31,0.000218,5.5e-05,3.8e-05,0.125737,False,0,16.9021
38,125,30,0.000279,7e-05,4.8e-05,0.12592,False,0,16.9029
38,126,29,0.000291,7.3e-05,5e-05,0.126089,False,0,16.903
38,127,28,0.000315,7.9e-05,5.5e-05,0.126313,False,0,16.9034
38,128,27,0.000294,7.4e-05,5.1e-05,0.126544,False,0,16.9031
38,129,26,0.000294,7.4e-05,5.2e-05,0.126807,False,0,16.9031
38,130,25,0.00024,6e-05,4.1e-05,0.127028,False,0,16.9024
38,131,24,0.000231,5.8e-05,3.9e-05,0.127277,False,0,16.9022
38,132,23,0.000279,7e-05,4.9e-05,0.12757,False,0,16.9029
38,133,22,0.000369,9.2e-05,6.5e-05,0.127923,False,0,16.904
39,52,125,0.001839,0.000459,0.000312,0.159788,True,0,16.8789
39,53,125,0.001362,0.00034,0.00023,0.15779,True,0,16.8814
39,54,125,0.001287,0.000321,0.00022,0.156157,True,0,16.8818
39,55,125,0.002132,0.000532,0.000365,0.154704,True,0,16.8775
39,56,125,0.002166,0.000541,0.000369,0.153454,True,0,16.8773
39,57,125,0.001656,0.000413,0.000283,0.152356,True,0,16.8799
39,58,125,0.002329,0.000581,0.000402,0.151461,True,0,16.8766
39,59,125,0.002702,0.000675,0.000462,0.150753,True,0,16.875
39,60,125,0.001491,0.000372,0.000252,0.149877,True,0,16.8806
39,61,125,0.001032,0.000258,0.000177,0.148983,True,0,16.8831
39,62,125,0.00139,0.000347,0.000238,0.14812,True,0,16.8812
39,63,125,0.001424,0.000356,0.000243,0.147378,True,0,16.8809
39,64,125,0.001347,0.000336,0.000231,0.146711,True,0,16.8813
39,65,125,0.001638,0.000409,0.000279,0.146215,True,0,16.8799
39,66,125,0.001905,0.000476,0.000325,0.145741,True,0,16.8784
39,67,125,0.000999,0.00025,0.00017,0.145171,True,0,16.8834
39,68,125,0.000757,0.000189,0.00013,0.144503,True,0,16.8849
39,69,125,0.000894,0.000223,0.000154,0.143986,True,0,16.8841
39,70,125,0.001257,0.000314,0.000213,0.143644,True,0,16.8819
39,71,125,0.001369,0.000342,0.000234,0.143348,True,0,16.8812
39,72,125,0.001153,0.000288,0.000197,0.143039,True,0,16.8825
39,73,125,0.001233,0.000308,0.000209,0.142701,False,0,16.8819
39,74,125,0.001201,0.0003,0.000206,0.142429,False,0,16.8821
39,75,125,0.001,0.00025,0.00017,0.142044,False,0,16.8833
39,76,125,0.000802,0.000201,0.000138,0.141647,False,0,16.8847
39,77,125,0.000736,0.000184,0.000127,0.141146,False,0,16.8852
39,78,125,0.001155,0.000289,0.000198,0.140799,False,0,16.8826
39,79,125,0.001205,0.000301,0.000205,0.140521,False,0,16.8821
39,80,125,0.00097,0.000242,0.000166,0.140152,False,0,16.8835
39,81,125,0.000704,0.000176,0.00012,0.139829,False,0,16.8854
39,82,125,0.000659,0.000165,0.000113,0.139485,False,0,16.8857
39,83,125,0.000512,0.000128,8.8e-05,0.139132,False,0,16.8869
39,84,125,0.000485,0.000121,8.2e-05,0.138688,False,0,16.8871
39,85,125,0.000462,0.000116,7.8e-05,0.13821,False,0,16.8875
39,86,125,0.000391,9.8e-05,6.7e-05,0.137715,False,0,16.888
39,87,125,0.000418,0.000104,7.2e-05,0.137323,False,0,16.8877
39,88,125,0.000663,0.000166,0.000114,0.136904,False,0,16.8855
39,89,125,0.000633,0.000158,0.000108,0.136491,False,0,16.8859
39,90,125,0.000516,0.000129,8.7e-05,0.136146,False,0,16.8869
39,91,125,0.000479,0.00012,8.3e-05,0.135795,False,0,16.8871
39,92,125,0.000549,0.000137,9.3e-05,0.135428,False,0,16.8866
39,93,125,0.000639,0.00016,0.000109,0.135027,False,0,16.8859
39,94,125,0.00074,0.000185,0.000126,0.134656,False,0,16.8851
39,95,125,0.000673,0.000168,0.000117,0.134281,False,0,16.8855
39,96,125,0.000577,0.000144,9.8e-05,0.133904,False,0,16.8864
39,97,125,0.000602,0.00015,0.000103,0.133577,False,0,16.8861
39,98,125,0.000468,0.000117,8e-05,0.133192,False,0,16.8873
39,99,125,0.000485,0.000121,8.3e-05,0.132713,False,0,16.8871
39,100,125,0.000525,0.000131,9e-05,0.132306,False,0,16.8869
39,101,125,0.000592,0.000148,1e-04,0.132029,False,0,16.8863
39,102,125,0.000555,0.000139,9.4e-05,0.131722,False,0,16.8866
39,103,125,0.000509,0.000127,8.8e-05,0.131328,False,0,16.8869
39,104,125,0.000488,0.000122,8.3e-05,0.130894,False,0,16.8872
39,105,125,0.000453,0.000113,7.8e-05,0.130546,False,0,16.8874
39,106,125,0.000536,0.000134,9e-05,0.130175,False,0,16.8868
39,107,125,0.000598,0.000149,0.000103,0.129776,False,0,16.8861
39,108,125,0.000561,0.00014,9.5e-05,0.129393,False,0,16.8865
39,109,125,0.000502,0.000125,8.6e-05,0.128917,False,0,16.887
39,110,125,0.000485,0.000121,8.3e-05,0.128714,False,0,16.8872
39,111,125,0.000389,9.7e-05,6.6e-05,0.128512,False,0,16.8882
39,112,125,0.000478,0.000119,8.3e-05,0.128319,False,0,16.8871
39,113,125,0.000317,7.9e-05,5.4e-05,0.128036,False,0,16.8889
39,114,125,0.000344,8.6e-05,5.9e-05,0.127822,False,0,16.8885
39,115,125,0.000453,0.000113,7.7e-05,0.127528,False,0,16.8875
39,116,125,0.000522,0.00013,8.9e-05,0.127215,False,0,16.8868
39,117,125,0.000479,0.000119,8.1e-05,0.127053,False,0,16.8873
39,118,125,0.000474,0.000118,8.1e-05,0.12693,False,0,16.8873
39,119,125,0.000405,0.000101,6.8e-05,0.126687,False,0,16.8879
39,120,125,0.000278,7e-05,4.7e-05,0.126385,False,0,16.8895
39,121,125,0.00028,7e-05,4.8e-05,0.125999,False,0,16.8893
39,122,125,0.000341,8.6e-05,5.9e-05,0.125646,False,0,16.8886
39,123,125,0.0004,1e-04,6.8e-05,0.125334,False,0,16.888
39,124,125,0.000438,0.000109,7.4e-05,0.125118,False,0,16.8876
39,125,125,0.000299,7.5e-05,5.1e-05,0.124975,False,0,16.8891
39,126,125,0.000408,0.000102,7e-05,0.124904,False,0,16.8879
39,127,125,0.000406,0.000102,7e-05,0.124857,False,0,16.8879
39,128,125,0.000471,0.000118,8e-05,0.124706,False,0,16.8873
39,129,125,0.000352,8.8e-05,5.9e-05,0.124492,False,0,16.8886
39,130,125,0.000303,7.6e-05,5.2e-05,0.124388,False,0,16.889
39,131,125,0.000318,8e-05,5.4e-05,0.124378,False,0,16.8888
39,132,125,0.000413,0.000103,7e-05,0.124415,False,0,16.8879
39,133,125,0.00031,7.8e-05,5.2e-05,0.124446,False,0,16.8889
39,134,125,0.000244,6.1e-05,4.2e-05,0.124474,False,0,16.8898
39,135,125,0.000188,4.7e-05,3.1e-05,0.12449,False,0,16.8906
39,136,125,0.000347,8.7e-05,5.9e-05,0.124511,False,0,16.8885
39,137,125,0.00048,0.00012,8.1e-05,0.124529,False,0,16.8872
39,138,125,0.000357,8.9e-05,6e-05,0.12454,False,0,16.8884
39,139,125,0.000327,8.2e-05,5.5e-05,0.124545,False,0,16.8888
39,140,125,0.000291,7.3e-05,5e-05,0.124553,False,0,16.8892
39,141,125,0.000311,7.8e-05,5.3e-05,0.124571,False,0,16.8889
39,142,125,0.000409,0.000102,7.1e-05,0.124598,False,0,16.8878
39,143,125,0.00034,8.5e-05,5.6e-05,0.12465,False,0,16.8888
39,144,125,0.000383,9.5e-05,6.6e-05,0.12468,False,0,16.8881
39,145,125,0.000323,8.1e-05,5.5e-05,0.124688,False,0,16.8888
39,146,125,0.000301,7.5e-05,5.1e-05,0.124675,False,0,16.889
39,147,125,0.000257,6.4e-05,4.4e-05,0.12469,False,0,16.8895
39,148,125,0.000201,5.1e-05,3.4e-05,0.124702,False,0,16.8904
39,149,125,0.000211,5.3e-05,3.6e-05,0.124707,False,0,16.8901
39,150,125,0.000227,5.7e-05,3.9e-05,0.124719,False,0,16.8899
39,151,125,0.00021,5.3e-05,3.5e-05,0.12474,False,0,16.8904
39,152,125,0.000166,4.2e-05,2.8e-05,0.124757,False,0,16.8909
39,153,125,0.000143,3.6e-05,2.5e-05,0.124797,False,0,16.8912
39,154,125,0.00013,3.3e-05,2.2e-05,0.124822,False,0,16.8915
39,155,125,0.000139,3.5e-05,2.4e-05,0.124871,False,0,16.8913
39,156,125,0.000211,5.3e-05,3.6e-05,0.124883,False,0,16.8902
39,157,125,0.00023,5.8e-05,3.9e-05,0.124885,False,0,16.89
39,158,125,0.000204,5.1e-05,3.5e-05,0.1249,False,0,16.8902
39,159,125,0.000177,4.4e-05,3e-05,0.124933,False,0,16.8909
39,160,125,0.000128,3.2e-05,2.2e-05,0.124967,False,0,16.8915
39,161,125,0.000118,3e-05,2e-05,0.124991,False,0,16.8918
39,162,125,0.000138,3.5e-05,2.4e-05,0.12503,False,0,16.8912
39,163,125,0.000239,6e-05,4e-05,0.125065,False,0,16.8898
39,164,125,0.000236,5.9e-05,4e-05,0.125099,False,0,16.8898
39,165,125,0.000197,4.9e-05,3.3e-05,0.125132,False,0,16.8906
39,166,125,9.8e-05,2.5e-05,1.7e-05,0.125177,False,0,16.8921
39,167,125,0.00014,3.5e-05,2.3e-05,0.125268,False,0,16.8914
39,168,125,0.000116,2.9e-05,2e-05,0.125357,False,0,16.8918
39,169,125,0.000212,5.3e-05,3.6e-05,0.125465,False,0,16.8904
39,170,125,0.000169,4.3e-05,2.9e-05,0.125541,False,0,16.8907
39,171,125,8.8e-05,2.2e-05,1.4e-05,0.125593,False,0,16.8926
39,172,125,9.6e-05,2.4e-05,1.6e-05,0.125637,False,0,16.8921
39,173,125,0.000166,4.2e-05,2.8e-05,0.12569,False,0,16.8908
39,174,125,0.000185,4.6e-05,3.1e-05,0.125754,False,0,16.8906
39,175,125,0.000101,2.5e-05,1.7e-05,0.125787,False,0,16.8921
39,176,125,5.5e-05,1.4e-05,9e-06,0.125781,False,0,16.8932
39,177,125,6.8e-05,1.7e-05,1.1e-05,0.125779,False,0,16.8927
39,178,125,4.8e-05,1.2e-05,8e-06,0.125781,False,0,16.8934
39,179,125,4.9e-05,1.2e-05,8e-06,0.125823,False,0,16.8933
39,180,125,4.2e-05,1e-05,7e-06,0.125865,False,0,16.8934
39,181,125,4.1e-05,1e-05,7e-06,0.125895,False,0,16.8936
39,182,125,3.5e-05,9e-06,6e-06,0.125929,False,0,16.8937
39,183,125,5.1e-05,1.3e-05,9e-06,0.12593,False,0,16.8932
39,184,125,2.1e-05,5e-06,3e-06,0.125971,False,0,16.8943
39,185,125,3.3e-05,8e-06,5e-06,0.125991,False,0,16.8938
39,186,125,1.6e-05,4e-06,3e-06,0.125985,False,0,16.8945
39,187,125,4.5e-05,1.1e-05,8e-06,0.126015,False,0,16.8934
39,188,125,5e-05,1.3e-05,8e-06,0.126061,False,0,16.8933
39,189,125,7.9e-05,2e-05,1.4e-05,0.126151,False,0,16.8924
39,190,125,2.8e-05,7e-06,4e-06,0.126211,False,0,16.8941
39,191,125,2.6e-05,7e-06,4e-06,0.126221,False,0,16.894
39,192,125,3.3e-05,8e-06,6e-06,0.126237,False,0,16.8938
39,193,125,2.8e-05,7e-06,5e-06,0.126241,False,0,16.8939
39,194,124,3e-05,8e-06,5e-06,0.126303,False,0,16.894
39,195,123,2e-05,5e-06,3e-06,0.126363,False,0,16.8944
39,196,122,1.1e-05,3e-06,2e-06,0.126427,False,0,16.8948
39,197,121,1e-06,0.0,0.0,0.126499,False,0,16.8963
39,198,120,1.9e-05,5e-06,3e-06,0.126601,False,0,16.8943
39,199,119,1.9e-05,5e-06,3e-06,0.126672,False,0,16.8944
39,200,118,1.5e-05,4e-06,2e-06,0.126713,False,0,16.8946
39,201,117,5e-06,1e-06,1e-06,0.126745,False,0,16.8953
39,202,116,2e-06,1e-06,0.0,0.126802,False,0,16.8958
39,203,115,3e-06,1e-06,1e-06,0.126852,False,0,16.8965
39,204,114,1e-06,0.0,0.0,0.126898,False,0,16.896
39,205,113,3e-06,1e-06,0.0,0.126917,False,0,16.8957
39,206,112,7e-06,2e-06,1e-06,0.126959,False,0,16.8951
39,207,111,9e-06,2e-06,1e-06,0.127001,False,0,16.8949
39,208,110,1e-05,3e-06,2e-06,0.127077,False,0,16.8951
39,209,109,3e-06,1e-06,0.0,0.127173,False,0,16.8956
39,210,108,8e-06,2e-06,2e-06,0.127248,False,0,16.8972
39,211,107,1.2e-05,3e-06,2e-06,0.127328,False,0,16.8975
39,212,106,1e-05,2e-06,2e-06,0.127378,False,0,16.8973
39,213,105,8e-06,2e-06,2e-06,0.127456,False,0,16.8971
39,214,104,2e-06,0.0,0.0,0.12752,False,0,16.8964
39,215,103,2e-06,1e-06,1e-06,0.1276,False,0,16.8965
39,216,102,8e-06,2e-06,2e-06,0.127637,False,0,16.8972
39,217,101,2e-05,5e-06,4e-06,0.127659,False,0,16.8979
39,218,100,1.1e-05,3e-06,2e-06,0.127691,False,0,16.8974
39,219,99,1.5e-05,4e-06,3e-06,0.127748,False,0,16.8976
39,220,98,2e-05,5e-06,4e-06,0.127801,False,0,16.8979
39,221,97,2.3e-05,6e-06,4e-06,0.127876,False,0,16.898
39,222,96,6e-06,1e-06,1e-06,0.127915,False,0,16.897
39,223,95,1e-06,0.0,0.0,0.127984,False,0,16.896
39,224,94,4e-06,1e-06,1e-06,0.128068,False,0,16.8967
39,225,93,1.5e-05,4e-06,3e-06,0.128185,False,0,16.8976
39,226,92,3.1e-05,8e-06,6e-06,0.128319,False,0,16.8983
39,227,91,3.2e-05,8e-06,6e-06,0.128421,False,0,16.8983
39,228,90,3e-05,8e-06,6e-06,0.128513,False,0,16.8981
39,229,89,3.7e-05,9e-06,7e-06,0.128609,False,0,16.8986
39,230,88,5e-05,1.3e-05,9e-06,0.128701,False,0,16.899
39,231,87,7.4e-05,1.9e-05,1.3e-05,0.128793,False,0,16.8995
39,232,86,4.7e-05,1.2e-05,9e-06,0.12888,False,0,16.8988
39,233,85,7.4e-05,1.9e-05,1.3e-05,0.128981,False,0,16.8996
39,234,84,0.000131,3.3e-05,2.3e-05,0.129089,False,0,16.9008
39,235,83,9.4e-05,2.4e-05,1.7e-05,0.129218,False,0,16.9
39,236,82,7e-05,1.8e-05,1.3e-05,0.129314,False,0,16.8995
39,237,81,7.4e-05,1.9e-05,1.3e-05,0.129421,False,0,16.8994
39,238,80,0.000105,2.6e-05,1.9e-05,0.129501,False,0,16.9003
39,239,79,0.000137,3.4e-05,2.4e-05,0.129599,False,0,16.9007
39,240,78,0.000168,4.2e-05,3e-05,0.129722,False,0,16.9013
39,241,77,0.000144,3.6e-05,2.5e-05,0.129881,False,0,16.9009
39,242,76,0.000105,2.6e-05,1.9e-05,0.130048,False,0,16.9001
39,243,75,0.000129,3.2e-05,2.3e-05,0.130165,False,0,16.9007
39,244,74,0.000133,3.3e-05,2.3e-05,0.130287,False,0,16.9008
39,245,73,0.00013,3.3e-05,2.3e-05,0.130397,False,0,16.9006
39,246,72,0.000139,3.5e-05,2.5e-05,0.130537,False,0,16.9009
39,247,71,0.000236,6e-05,4.1e-05,0.130642,False,0,16.9023
39,248,70,0.000239,6e-05,4.2e-05,0.130753,False,0,16.9024
39,249,69,0.000267,6.7e-05,4.7e-05,0.130899,False,0,16.9026
39,250,68,0.000264,6.6e-05,4.6e-05,0.131111,False,0,16.9025
39,251,67,0.000316,7.9e-05,5.6e-05,0.131327,False,0,16.9034
39,252,66,0.000284,7.1e-05,5e-05,0.131517,False,0,16.9029
39,253,65,0.000289,7.2e-05,5.1e-05,0.131687,False,0,16.903
39,254,64,0.000308,7.7e-05,5.4e-05,0.131872,False,0,16.9031
39,255,63,0.000376,9.4e-05,6.6e-05,0.132074,False,0,16.9039
39,256,62,0.000363,9.1e-05,6.3e-05,0.132291,False,0,16.9037
39,257,61,0.000338,8.5e-05,6e-05,0.132492,False,0,16.9036
39,258,60,0.000295,7.4e-05,5.2e-05,0.132683,False,0,16.903
39,259,59,0.000329,8.2e-05,5.8e-05,0.132912,False,0,16.9033
39,260,58,0.000413,0.000104,7.3e-05,0.133143,False,0,16.9043
39,261,57,0.000466,0.000117,8.2e-05,0.133379,False,0,16.9048
39,262,56,0.000424,0.000106,7.4e-05,0.133604,False,0,16.9044
39,263,55,0.000358,9e-05,6.2e-05,0.13381,False,0,16.9036
39,264,54,0.000399,1e-04,7e-05,0.134059,False,0,16.9041
39,265,53,0.000476,0.000119,8.3e-05,0.134308,False,0,16.9049
39,266,52,0.000516,0.000129,9e-05,0.13459,False,0,16.9052
39,267,51,0.000541,0.000135,9.4e-05,0.134863,False,0,16.9055
39,268,50,0.000646,0.000162,0.000113,0.13522,False,0,16.9063
39,269,49,0.000701,0.000176,0.000123,0.135571,False,0,16.9068
39,270,48,0.000612,0.000153,0.000106,0.135906,False,0,16.9059
39,271,47,0.000616,0.000154,0.000107,0.1362,False,0,16.906
39,272,46,0.000638,0.00016,0.000111,0.136519,False,0,16.9063
39,273,45,0.000739,0.000185,0.00013,0.136884,False,0,16.9072
39,274,44,0.00073,0.000183,0.000127,0.13724,False,0,16.9069
39,275,43,0.000736,0.000184,0.000127,0.1376,False,0,16.9069
39,276,42,0.000723,0.000181,0.000127,0.13796,False,0,16.9069
39,277,41,0.000867,0.000217,0.000151,0.13838,False,0,16.908
39,278,40,0.000976,0.000244,0.000169,0.138858,False,0,16.9086
39,279,39,0.00102,0.000256,0.000178,0.139323,False,0,16.909
39,280,38,0.000996,0.00025,0.000172,0.139842,False,0,16.9088
39,281,37,0.001025,0.000257,0.000179,0.140338,False,0,16.9091
39,282,36,0.000937,0.000234,0.000161,0.140864,False,0,16.9081
39,283,35,0.000995,0.000249,0.000174,0.141352,False,0,16.9088
39,284,34,0.001066,0.000267,0.000184,0.141877,False,0,16.9091
39,285,33,0.001202,0.000301,0.00021,0.142433,False,0,16.9102
39,286,32,0.001123,0.000281,0.000194,0.143029,True,0,16.9095
39,287,31,0.001135,0.000284,0.000197,0.143636,True,0,16.9095
39,288,30,0.001144,0.000286,0.000199,0.144222,True,0,16.9097
39,289,29,0.001152,0.000288,0.0002,0.144834,True,0,16.9096
39,290,28,0.001164,0.000291,0.000202,0.145429,True,0,16.9097
39,291,27,0.001224,0.000306,0.000212,0.146037,True,0,16.9101
39,292,26,0.001403,0.000351,0.000244,0.146721,True,0,16.9112
39,293,25,0.001475,0.000369,0.000257,0.147478,True,0,16.9116
39,294,24,0.001631,0.000408,0.000284,0.14833,True,0,16.9124
39,295,23,0.001606,0.000402,0.000278,0.149214,True,0,16.9122
39,296,22,0.001617,0.000405,0.000279,0.150095,True,0,16.9122
39,297,21,0.00158,0.000395,0.000274,0.150956,True,0,16.9121
39,298,20,0.001638,0.00041,0.000284,0.151867,True,0,16.9124
39,299,19,0.001671,0.000418,0.000288,0.152824,True,0,16.9124
39,300,18,0.001703,0.000426,0.000295,0.153828,True,0,16.9125
39,301,17,0.001758,0.00044,0.000305,0.154827,True,0,16.9129
39,302,16,0.001817,0.000455,0.000316,0.155904,True,0,16.9133
39,303,15,0.001865,0.000467,0.000323,0.15697,True,0,16.9135
39,304,14,0.001743,0.000437,0.0003,0.158027,True,0,16.9127
39,305,13,0.001747,0.000437,0.000304,0.159056,True,0,16.9129
39,306,12,0.001868,0.000468,0.000323,0.160144,True,0,16.9134
39,307,11,0.001989,0.000498,0.000345,0.161304,True,0,16.914
39,308,10,0.001959,0.000491,0.000338,0.162557,True,0,16.9138
39,309,9,0.001988,0.000498,0.000345,0.163791,True,0,16.914
39,310,8,0.001956,0.00049,0.000338,0.165044,True,0,16.9137
40,52,125,0.000631,0.000158,0.000108,0.145657,True,0,16.8859
40,53,125,0.000706,0.000176,0.00012,0.143732,True,0,16.8854
40,54,125,0.000535,0.000134,9.1e-05,0.142055,False,0,16.8867
40,55,125,0.000541,0.000135,9.2e-05,0.140563,False,0,16.8867
40,56,125,0.000486,0.000121,8.4e-05,0.139191,False,0,16.8871
40,57,125,0.000523,0.000131,8.9e-05,0.137995,False,0,16.8869
40,58,125,0.000403,0.000101,6.9e-05,0.136905,False,0,16.888
40,59,125,0.000481,0.00012,8.2e-05,0.135936,False,0,16.8872
40,60,125,0.000528,0.000132,9e-05,0.135058,False,0,16.8868
40,61,125,0.000726,0.000181,0.000125,0.134279,False,0,16.8851
40,62,125,0.000602,0.000151,0.000102,0.13355,False,0,16.8862
40,63,125,0.000457,0.000114,7.9e-05,0.132885,False,0,16.8874
40,64,125,0.000523,0.000131,9e-05,0.132283,False,0,16.8867
40,65,125,0.000568,0.000142,9.6e-05,0.131716,False,0,16.8864
40,66,125,0.000519,0.00013,8.9e-05,0.131179,False,0,16.8868
40,67,125,0.000365,9.1e-05,6.1e-05,0.130677,False,0,16.8886
40,68,125,0.000383,9.6e-05,6.6e-05,0.130185,False,0,16.8881
40,69,125,0.000409,0.000102,6.9e-05,0.129707,False,0,16.8879
40,70,125,0.000527,0.000132,9.1e-05,0.12928,False,0,16.8867
40,71,125,0.000514,0.000128,8.7e-05,0.128887,False,0,16.8869
40,72,125,0.000331,8.3e-05,5.6e-05,0.12855,False,0,16.8888
40,73,125,0.000309,7.7e-05,5.3e-05,0.128194,False,0,16.889
40,74,125,0.000445,0.000111,7.6e-05,0.127851,False,0,16.8875
40,75,125,0.000258,6.4e-05,4.4e-05,0.127502,False,0,16.8897
40,76,125,0.000401,1e-04,6.9e-05,0.127157,False,0,16.888
40,77,125,0.000426,0.000107,7.2e-05,0.126836,False,0,16.8877
40,78,125,0.000502,0.000125,8.5e-05,0.126553,False,0,16.8871
40,79,125,0.000338,8.4e-05,5.7e-05,0.126285,False,0,16.8886
40,80,125,0.000389,9.7e-05,6.5e-05,0.126074,False,0,16.8882
40,81,125,0.000407,0.000102,7e-05,0.125821,False,0,16.8878
40,82,125,0.000459,0.000114,7.9e-05,0.125596,False,0,16.8873
40,83,125,0.000319,8e-05,5.3e-05,0.125372,False,0,16.8891
40,84,125,0.000443,0.000111,7.7e-05,0.125189,False,0,16.8874
40,85,125,0.000312,7.8e-05,5.3e-05,0.125002,False,0,16.8891
40,86,125,0.000322,8e-05,5.5e-05,0.124817,False,0,16.8888
40,87,125,0.000295,7.4e-05,5e-05,0.124632,False,0,16.8891
40,88,125,0.000378,9.5e-05,6.5e-05,0.124473,False,0,16.8882
40,89,125,0.000433,0.000108,7.4e-05,0.124329,False,0,16.8876
40,90,125,0.000449,0.000112,7.7e-05,0.124225,False,0,16.8876
40,91,125,0.000366,9.2e-05,6.3e-05,0.124116,False,0,16.8882
40,92,125,0.000359,9e-05,6.1e-05,0.124035,False,0,16.8885
40,93,125,0.000354,8.9e-05,6e-05,0.123961,False,0,16.8884
40,94,125,0.000301,7.5e-05,5.1e-05,0.123888,False,0,16.8891
40,95,125,0.0003,7.5e-05,5.1e-05,0.123779,False,0,16.8891
40,96,125,0.000279,7e-05,4.7e-05,0.12369,False,0,16.8896
40,97,125,0.000433,0.000108,7.5e-05,0.123623,False,0,16.8875
40,98,125,0.00033,8.2e-05,5.6e-05,0.123581,False,0,16.8889
40,99,125,0.000136,3.4e-05,2.3e-05,0.123526,False,0,16.8915
40,100,125,8.4e-05,2.1e-05,1.4e-05,0.12344,False,0,16.8926
40,101,125,0.000137,3.4e-05,2.4e-05,0.123358,False,0,16.8912
40,102,125,0.00019,4.8e-05,3.2e-05,0.123263,False,0,16.8905
40,103,125,0.000278,6.9e-05,4.7e-05,0.123205,False,0,16.8895
40,104,125,0.000308,7.7e-05,5.3e-05,0.123154,False,0,16.8889
40,105,125,0.000437,0.000109,7.5e-05,0.123131,False,0,16.8876
40,106,125,0.000324,8.1e-05,5.5e-05,0.123104,False,0,16.8889
40,107,125,0.000319,8e-05,5.4e-05,0.123085,False,0,16.8889
40,108,125,0.000252,6.3e-05,4.3e-05,0.123039,False,0,16.8896
40,109,125,0.000248,6.2e-05,4.2e-05,0.122989,False,0,16.8897
40,110,125,0.000223,5.6e-05,3.7e-05,0.122938,False,0,16.8901
40,111,125,0.000239,6e-05,4.1e-05,0.122884,False,0,16.8898
40,112,125,0.000209,5.2e-05,3.5e-05,0.122841,False,0,16.8902
40,113,125,0.000249,6.2e-05,4.2e-05,0.122811,False,0,16.8898
40,114,125,0.000266,6.6e-05,4.6e-05,0.122755,False,0,16.8895
40,115,125,0.000328,8.2e-05,5.7e-05,0.122769,False,0,16.8886
40,116,125,0.000327,8.2e-05,5.5e-05,0.122769,False,0,16.8888
40,117,125,0.000309,7.7e-05,5.3e-05,0.122769,False,0,16.8889
40,118,125,0.000288,7.2e-05,4.8e-05,0.122782,False,0,16.8894
40,119,125,0.000219,5.5e-05,3.7e-05,0.122781,False,0,16.8901
40,120,125,0.000206,5.1e-05,3.5e-05,0.122815,False,0,16.8905
40,121,125,0.000197,5e-05,3.4e-05,0.122798,False,0,16.8903
40,122,125,0.000171,4.3e-05,2.9e-05,0.122762,False,0,16.8908
40,123,125,0.000144,3.6e-05,2.4e-05,0.122721,False,0,16.8912
40,124,125,0.000112,2.8e-05,1.9e-05,0.122701,False,0,16.8917
40,125,125,0.000146,3.6e-05,2.5e-05,0.122675,False,0,16.8914
40,126,125,0.000202,5e-05,3.4e-05,0.122676,False,0,16.8904
40,127,125,0.000266,6.7e-05,4.6e-05,0.122691,False,0,16.8895
40,128,125,0.000203,5.1e-05,3.5e-05,0.122732,False,0,16.8903
40,129,125,0.000191,4.8e-05,3.2e-05,0.122763,False,0,16.8905
40,130,125,0.000201,5e-05,3.4e-05,0.122778,False,0,16.8903
40,131,125,0.000256,6.4e-05,4.3e-05,0.122805,False,0,16.8896
40,132,125,0.000301,7.5e-05,5.1e-05,0.122831,False,0,16.8891
40,133,125,0.0002,5e-05,3.4e-05,0.122827,False,0,16.8904
40,134,125,0.000203,5.1e-05,3.5e-05,0.122842,False,0,16.8902
40,135,125,0.000201,5e-05,3.4e-05,0.122877,False,0,16.8904
40,136,125,0.000254,6.4e-05,4.4e-05,0.122913,False,0,16.8896
40,137,125,0.000311,7.8e-05,5.3e-05,0.122956,False,0,16.8889
40,138,125,0.000244,6.1e-05,4.1e-05,0.12298,False,0,16.8898
40,139,125,0.000283,7.1e-05,4.8e-05,0.123,False,0,16.8893
40,140,125,0.00024,6e-05,4.1e-05,0.123023,False,0,16.8898
40,141,125,0.000185,4.6e-05,3.1e-05,0.123073,False,0,16.8906
40,142,125,0.000142,3.6e-05,2.4e-05,0.123095,False,0,16.8913
40,143,125,0.000166,4.1e-05,2.8e-05,0.1231,False,0,16.891
40,144,125,0.000205,5.1e-05,3.5e-05,0.123105,False,0,16.8902
40,145,125,0.000183,4.6e-05,3.1e-05,0.12316,False,0,16.8906
40,146,125,0.000176,4.4e-05,2.9e-05,0.123196,False,0,16.8908
40,147,125,0.000256,6.4e-05,4.4e-05,0.123253,False,0,16.8895
40,148,125,0.000267,6.7e-05,4.5e-05,0.123324,False,0,16.8895
40,149,125,0.000167,4.2e-05,2.8e-05,0.123378,False,0,16.8909
40,150,125,0.000104,2.6e-05,1.8e-05,0.123417,False,0,16.8919
40,151,125,0.000118,3e-05,2e-05,0.123461,False,0,16.8918
40,152,125,0.000173,4.3e-05,2.9e-05,0.123507,False,0,16.8907
40,153,125,0.000218,5.5e-05,3.7e-05,0.123549,False,0,16.8901
40,154,125,0.000142,3.6e-05,2.4e-05,0.123572,False,0,16.8912
40,155,125,0.000183,4.6e-05,3.1e-05,0.123642,False,0,16.8906
40,156,125,0.000139,3.5e-05,2.4e-05,0.12372,False,0,16.8913
40,157,125,0.000135,3.4e-05,2.3e-05,0.123804,False,0,16.8914
40,158,125,0.000102,2.5e-05,1.7e-05,0.123875,False,0,16.892
40,159,125,0.000143,3.6e-05,2.4e-05,0.123962,False,0,16.8912
40,160,125,8.3e-05,2.1e-05,1.4e-05,0.124022,False,0,16.8925
40,161,125,9.8e-05,2.5e-05,1.7e-05,0.124108,False,0,16.8921
40,162,125,8.9e-05,2.3e-05,1.5e-05,0.124166,False,0,16.8922
40,163,125,0.000102,2.6e-05,1.7e-05,0.124212,False,0,16.8921
40,164,125,9.2e-05,2.3e-05,1.6e-05,0.12424,False,0,16.8921
40,165,125,9.9e-05,2.5e-05,1.7e-05,0.124255,False,0,16.8921
40,166,125,9.4e-05,2.4e-05,1.6e-05,0.124308,False,0,16.8922
40,167,125,0.000133,3.3e-05,2.2e-05,0.124372,False,0,16.8915
40,168,125,0.000132,3.3e-05,2.2e-05,0.124433,False,0,16.8914
40,169,125,0.000135,3.4e-05,2.3e-05,0.124502,False,0,16.8914
40,170,125,0.000166,4.2e-05,2.8e-05,0.124559,False,0,16.8908
40,171,125,0.000138,3.5e-05,2.3e-05,0.124651,False,0,16.8914
40,172,125,0.000172,4.3e-05,2.9e-05,0.124738,False,0,16.8907
40,173,125,0.0002,5e-05,3.3e-05,0.124838,False,0,16.8904
40,174,125,9.2e-05,2.3e-05,1.5e-05,0.124932,False,0,16.8922
40,175,125,8.7e-05,2.2e-05,1.4e-05,0.125015,False,0,16.8924
40,176,125,3.1e-05,8e-06,5e-06,0.125057,False,0,16.8938
40,177,125,3.7e-05,9e-06,6e-06,0.125119,False,0,16.8936
40,178,125,6.7e-05,1.7e-05,1.2e-05,0.125183,False,0,16.8927
40,179,125,0.000117,2.9e-05,1.9e-05,0.125251,False,0,16.8918
40,180,125,0.000177,4.4e-05,3e-05,0.125313,False,0,16.8906
40,181,125,0.000104,2.6e-05,1.8e-05,0.125356,False,0,16.892
40,182,125,5.2e-05,1.3e-05,9e-06,0.125428,False,0,16.8932
40,183,125,4.9e-05,1.2e-05,8e-06,0.125512,False,0,16.8934
40,184,125,8.1e-05,2e-05,1.4e-05,0.125607,False,0,16.8924
40,185,125,6.1e-05,1.5e-05,1e-05,0.125691,False,0,16.893
40,186,125,5.1e-05,1.3e-05,9e-06,0.125779,False,0,16.8932
40,187,125,4.1e-05,1e-05,7e-06,0.125836,False,0,16.8936
40,188,125,4.1e-05,1e-05,7e-06,0.125874,False,0,16.8936
40,189,125,3.8e-05,1e-05,7e-06,0.125925,False,0,16.8935
40,190,125,3.7e-05,9e-06,6e-06,0.125999,False,0,16.8937
40,191,125,5.8e-05,1.4e-05,1e-05,0.126041,False,0,16.893
40,192,125,7.4e-05,1.8e-05,1.2e-05,0.126105,False,0,16.8927
40,193,125,6.4e-05,1.6e-05,1.1e-05,0.126145,False,0,16.8928
40,194,125,3.1e-05,8e-06,5e-06,0.126186,False,0,16.8938
40,195,125,3.6e-05,9e-06,6e-06,0.126229,False,0,16.8937
40,196,125,2.8e-05,7e-06,5e-06,0.126227,False,0,16.894
40,197,125,3e-05,7e-06,5e-06,0.126255,False,0,16.894
40,198,125,2.2e-05,6e-06,4e-06,0.126287,False,0,16.8943
40,199,125,3.3e-05,8e-06,6e-06,0.126355,False,0,16.8937
40,200,125,5e-05,1.2e-05,8e-06,0.126436,False,0,16.8934
40,201,125,5.7e-05,1.4e-05,1e-05,0.126541,False,0,16.893
40,202,125,5.1e-05,1.3e-05,8e-06,0.126653,False,0,16.8933
40,203,125,1.8e-05,4e-06,3e-06,0.126746,False,0,16.8946
40,204,125,1.5e-05,4e-06,3e-06,0.126824,False,0,16.8945
40,205,125,6.3e-05,1.6e-05,1e-05,0.126888,False,0,16.8929
40,206,125,6.9e-05,1.7e-05,1.1e-05,0.126924,False,0,16.8928
40,207,125,1.7e-05,4e-06,3e-06,0.126971,False,0,16.8945
40,208,125,9e-06,2e-06,1e-06,0.127032,False,0,16.895
40,209,125,1.2e-05,3e-06,2e-06,0.127122,False,0,16.8947
40,210,125,1.4e-05,4e-06,2e-06,0.127192,False,0,16.8947
40,211,125,5e-06,1e-06,1e-06,0.127277,False,0,16.8953
40,212,125,2e-06,1e-06,0.0,0.127354,False,0,16.8956
40,213,125,6e-06,1e-06,1e-06,0.127427,False,0,16.8952
40,214,125,1.2e-05,3e-06,2e-06,0.12751,False,0,16.8947
40,215,125,1e-06,0.0,0.0,0.12758,False,0,16.896
40,216,125,2e-06,1e-06,0.0,0.127636,False,0,16.8957
40,217,125,5e-06,1e-06,1e-06,0.127693,False,0,16.8952
40,218,125,2e-06,0.0,0.0,0.127753,False,0,16.8958
40,219,125,1e-06,0.0,0.0,0.127819,False,0,16.8959
40,220,125,3e-06,1e-06,1e-06,0.127887,False,0,16.8967
40,221,125,2e-06,0.0,0.0,0.127929,False,0,16.8956
40,222,125,8e-06,2e-06,1e-06,0.127981,False,0,16.8949
40,223,125,8e-06,2e-06,1e-06,0.128042,False,0,16.895
40,224,125,1.1e-05,3e-06,2e-06,0.128101,False,0,16.8949
40,225,125,5e-06,1e-06,1e-06,0.12819,False,0,16.897
40,226,125,1.2e-05,3e-06,2e-06,0.128268,False,0,16.8975
40,227,125,5e-06,1e-06,1e-06,0.128313,False,0,16.897
40,228,125,9e-06,2e-06,2e-06,0.128364,False,0,16.8951
40,229,125,1e-06,1e-06,0.0,0.128433,False,0,16.8964
40,230,124,1e-06,0.0,0.0,0.128517,False,0,16.8963
40,231,123,1e-05,3e-06,2e-06,0.128629,False,0,16.8972
40,232,122,1e-06,0.0,0.0,0.128705,False,0,16.8961
40,233,121,6e-06,1e-06,1e-06,0.128758,False,0,16.897
40,234,120,3e-06,1e-06,1e-06,0.128793,False,0,16.8966
40,235,119,1e-06,0.0,0.0,0.128858,False,0,16.8966
40,236,118,7e-06,1e-06,1e-06,0.128922,False,0,16.8971
40,237,117,1.8e-05,5e-06,3e-06,0.129022,False,0,16.8977
40,238,116,1.5e-05,4e-06,3e-06,0.129139,False,0,16.8977
40,239,115,1.8e-05,5e-06,3e-06,0.129233,False,0,16.8976
40,240,114,7e-06,2e-06,1e-06,0.129309,False,0,16.8971
40,241,113,1.4e-05,4e-06,3e-06,0.12941,False,0,16.8976
40,242,112,3e-06,1e-06,1e-06,0.129526,False,0,16.896
40,243,111,4e-06,1e-06,1e-06,0.129655,False,0,16.8969
40,244,110,1e-06,0.0,0.0,0.129759,False,0,16.8963
40,245,109,4e-06,1e-06,1e-06,0.129851,False,0,16.8967
40,246,108,1.4e-05,3e-06,3e-06,0.12994,False,0,16.8975
40,247,107,3.4e-05,9e-06,6e-06,0.130042,False,0,16.8985
40,248,106,7.6e-05,1.9e-05,1.4e-05,0.130152,False,0,16.8995
40,249,105,5.9e-05,1.5e-05,1.1e-05,0.130265,False,0,16.8992
40,250,104,6e-05,1.5e-05,1.1e-05,0.130353,False,0,16.8992
40,251,103,5.3e-05,1.3e-05,1e-05,0.130404,False,0,16.899
40,252,102,9.1e-05,2.3e-05,1.6e-05,0.130452,False,0,16.8999
40,253,101,6.9e-05,1.7e-05,1.2e-05,0.130537,False,0,16.8994
40,254,100,5.7e-05,1.4e-05,1e-05,0.130594,False,0,16.8991
40,255,99,4.1e-05,1e-05,7e-06,0.130672,False,0,16.8986
40,256,98,4.7e-05,1.2e-05,9e-06,0.130781,False,0,16.8989
40,257,97,5.9e-05,1.5e-05,1e-05,0.13087,False,0,16.8991
40,258,96,8.6e-05,2.2e-05,1.5e-05,0.130984,False,0,16.8998
40,259,95,0.000106,2.7e-05,1.9e-05,0.13108,False,0,16.9003
40,260,94,0.000115,2.9e-05,2.1e-05,0.13121,False,0,16.9004
40,261,93,9.2e-05,2.3e-05,1.6e-05,0.131296,False,0,16.8999
40,262,92,0.000112,2.8e-05,2e-05,0.131391,False,0,16.9004
40,263,91,0.00015,3.8e-05,2.7e-05,0.131541,False,0,16.9011
40,264,90,0.000132,3.3e-05,2.3e-05,0.131693,False,0,16.9007
40,265,89,0.000139,3.5e-05,2.5e-05,0.131848,False,0,16.9009
40,266,88,0.000129,3.2e-05,2.3e-05,0.132006,False,0,16.9006
40,267,87,0.000158,4e-05,2.8e-05,0.132157,False,0,16.9012
40,268,86,0.000104,2.6e-05,1.9e-05,0.13229,False,0,16.9002
40,269,85,9.2e-05,2.3e-05,1.6e-05,0.132437,False,0,16.9
40,270,84,0.000141,3.5e-05,2.5e-05,0.132633,False,0,16.9007
40,271,83,0.000198,5e-05,3.6e-05,0.132808,False,0,16.9018
40,272,82,0.000233,5.8e-05,4.1e-05,0.132971,False,0,16.9022
40,273,81,0.000195,4.9e-05,3.4e-05,0.133118,False,0,16.9017
40,274,80,0.000175,4.4e-05,3.1e-05,0.133287,False,0,16.9014
40,275,79,0.000182,4.6e-05,3.2e-05,0.133455,False,0,16.9015
40,276,78,0.00019,4.8e-05,3.4e-05,0.133608,False,0,16.9016
40,277,77,0.000215,5.4e-05,3.8e-05,0.133749,False,0,16.9021
40,278,76,0.000224,5.6e-05,3.9e-05,0.133915,False,0,16.902
40,279,75,0.000191,4.8e-05,3.4e-05,0.134075,False,0,16.9018
40,280,74,0.000216,5.4e-05,3.8e-05,0.134259,False,0,16.9019
40,281,73,0.000223,5.6e-05,4e-05,0.134396,False,0,16.9022
40,282,72,0.000265,6.6e-05,4.7e-05,0.134566,False,0,16.9027
40,283,71,0.000264,6.6e-05,4.6e-05,0.134749,False,0,16.9026
40,284,70,0.000314,7.8e-05,5.5e-05,0.134948,False,0,16.9033
40,285,69,0.000338,8.5e-05,6e-05,0.135174,False,0,16.9035
40,286,68,0.000337,8.5e-05,5.9e-05,0.13539,False,0,16.9035
40,287,67,0.000356,8.9e-05,6.3e-05,0.13558,False,0,16.9036
40,288,66,0.000354,8.9e-05,6.2e-05,0.135792,False,0,16.9037
40,289,65,0.000317,8e-05,5.6e-05,0.13602,False,0,16.9033
40,290,64,0.000328,8.2e-05,5.8e-05,0.136268,False,0,16.9034
40,291,63,0.000417,0.000105,7.3e-05,0.136477,False,0,16.9044
40,292,62,0.000366,9.2e-05,6.4e-05,0.136708,False,0,16.9038
40,293,61,0.000358,9e-05,6.3e-05,0.13694,False,0,16.9037
40,294,60,0.000409,0.000103,7.2e-05,0.137205,False,0,16.9042
40,295,59,0.000443,0.000111,7.8e-05,0.137474,False,0,16.9046
40,296,58,0.000536,0.000134,9.3e-05,0.137778,False,0,16.9054
40,297,57,0.000576,0.000144,0.000101,0.138074,False,0,16.9057
40,298,56,0.000571,0.000143,1e-04,0.138325,False,0,16.9057
40,299,55,0.000515,0.000129,9e-05,0.138585,False,0,16.9051
40,300,54,0.000504,0.000126,8.9e-05,0.138865,False,0,16.9051
40,301,53,0.000457,0.000115,8.1e-05,0.139186,False,0,16.9047
40,302,52,0.000547,0.000137,9.6e-05,0.13949,False,0,16.9056
40,303,51,0.00057,0.000143,1e-04,0.139791,False,0,16.9057
40,304,50,0.000601,0.00015,0.000104,0.140117,False,0,16.9059
40,305,49,0.000649,0.000162,0.000114,0.140487,False,0,16.9064
40,306,48,0.000639,0.00016,0.000111,0.140876,False,0,16.9061
40,307,47,0.000816,0.000204,0.000143,0.141311,False,0,16.9076
40,308,46,0.000801,0.000201,0.00014,0.141704,False,0,16.9076
40,309,45,0.000785,0.000197,0.000136,0.1421,False,0,16.9073
40,310,44,0.000804,0.000201,0.000141,0.14249,False,0,16.9076
40,311,43,0.000809,0.000203,0.000142,0.142951,False,0,16.9075
40,312,42,0.000965,0.000242,0.000169,0.143445,True,0,16.9087
40,313,41,0.000929,0.000232,0.000162,0.143875,True,0,16.9084
41,52,125,0.000372,9.3e-05,6.3e-05,0.144976,True,0,16.8882
41,53,125,0.000313,7.9e-05,5.3e-05,0.143046,True,0,16.889
41,54,125,0.000391,9.8e-05,6.8e-05,0.141402,False,0,16.888
41,55,125,0.000427,0.000107,7.2e-05,0.139978,False,0,16.8879
41,56,125,0.000468,0.000117,7.9e-05,0.138667,False,0,16.8873
41,57,125,0.000294,7.4e-05,4.9e-05,0.137482,False,0,16.8892
41,58,125,0.000282,7.1e-05,4.8e-05,0.136418,False,0,16.8893
41,59,125,0.000192,4.8e-05,3.2e-05,0.135446,False,0,16.8906
41,60,125,0.000317,7.9e-05,5.4e-05,0.134558,False,0,16.8889
41,61,125,0.00025,6.3e-05,4.2e-05,0.133743,False,0,16.8897
41,62,125,0.000294,7.4e-05,4.9e-05,0.132986,False,0,16.8892
41,63,125,0.00015,3.8e-05,2.5e-05,0.132261,False,0,16.8913
41,64,125,0.000138,3.5e-05,2.4e-05,0.131587,False,0,16.8913
41,65,125,0.0002,5e-05,3.3e-05,0.130942,False,0,16.8905
41,66,125,0.000241,6e-05,4.1e-05,0.130348,False,0,16.8899
41,67,125,0.000293,7.3e-05,5e-05,0.129815,False,0,16.8891
41,68,125,0.000264,6.6e-05,4.5e-05,0.129327,False,0,16.8895
41,69,125,0.00024,6e-05,4e-05,0.128901,False,0,16.8901
41,70,125,0.000269,6.7e-05,4.6e-05,0.128498,False,0,16.8895
41,71,125,0.000218,5.5e-05,3.7e-05,0.128115,False,0,16.8901
41,72,125,0.000217,5.4e-05,3.7e-05,0.127741,False,0,16.8902
41,73,125,0.000246,6.2e-05,4.2e-05,0.127382,False,0,16.8897
41,74,125,0.0002,5e-05,3.4e-05,0.127032,False,0,16.8905
41,75,125,0.00015,3.8e-05,2.6e-05,0.126689,False,0,16.8912
41,76,125,0.000139,3.5e-05,2.3e-05,0.126364,False,0,16.8914
41,77,125,0.000213,5.3e-05,3.6e-05,0.126076,False,0,16.8903
41,78,125,0.000217,5.4e-05,3.6e-05,0.125821,False,0,16.8902
41,79,125,0.000256,6.4e-05,4.3e-05,0.125573,False,0,16.8897
41,80,125,0.00021,5.3e-05,3.6e-05,0.125334,False,0,16.8902
41,81,125,0.00019,4.7e-05,3.2e-05,0.125092,False,0,16.8905
41,82,125,0.000138,3.5e-05,2.3e-05,0.124866,False,0,16.8913
41,83,125,0.000168,4.2e-05,2.8e-05,0.124651,False,0,16.8909
41,84,125,0.000201,5.1e-05,3.4e-05,0.124443,False,0,16.8903
41,85,125,0.000211,5.3e-05,3.5e-05,0.12427,False,0,16.8903
41,86,125,0.000139,3.5e-05,2.3e-05,0.124074,False,0,16.8915
41,87,125,0.000128,3.2e-05,2.1e-05,0.123893,False,0,16.8915
41,88,125,0.000155,3.9e-05,2.7e-05,0.12372,False,0,16.891
41,89,125,0.000166,4.1e-05,2.8e-05,0.123562,False,0,16.891
41,90,125,0.000189,4.8e-05,3.2e-05,0.123417,False,0,16.8905
41,91,125,0.000184,4.6e-05,3.1e-05,0.123274,False,0,16.8907
41,92,125,0.000159,4e-05,2.7e-05,0.123132,False,0,16.891
41,93,125,0.000111,2.8e-05,1.8e-05,0.123001,False,0,16.892
41,94,125,7.1e-05,1.8e-05,1.2e-05,0.122883,False,0,16.8927
41,95,125,6.4e-05,1.6e-05,1.1e-05,0.122769,False,0,16.8929
41,96,125,0.000115,2.9e-05,1.9e-05,0.12267,False,0,16.8917
41,97,125,0.000108,2.7e-05,1.8e-05,0.122584,False,0,16.892
41,98,125,0.000192,4.8e-05,3.2e-05,0.12251,False,0,16.8905
41,99,125,0.000169,4.2e-05,2.9e-05,0.122433,False,0,16.8908
41,100,125,0.000177,4.4e-05,3e-05,0.122355,False,0,16.8907
41,101,125,0.000173,4.3e-05,2.9e-05,0.122298,False,0,16.8909
42,52,125,5.1e-05,1.3e-05,1e-05,0.151856,True,0,16.899
42,53,125,4e-05,1e-05,6e-06,0.149952,True,0,16.8985
42,54,125,9.3e-05,2.3e-05,1.7e-05,0.148329,True,0,16.9001
42,55,125,7.9e-05,2e-05,1.4e-05,0.146888,True,0,16.8997
42,56,125,0.000108,2.7e-05,1.9e-05,0.14561,True,0,16.9003
42,57,125,5.9e-05,1.5e-05,1e-05,0.144477,True,0,16.8991
42,58,125,7e-05,1.8e-05,1.2e-05,0.143466,True,0,16.8994
42,59,125,6.7e-05,1.7e-05,1.2e-05,0.142542,False,0,16.8994
42,60,125,5e-05,1.3e-05,9e-06,0.141673,False,0,16.8989
42,61,125,3e-05,8e-06,5e-06,0.140859,False,0,16.8981
42,62,125,4.6e-05,1.1e-05,8e-06,0.140105,False,0,16.8989
42,63,125,9.1e-05,2.3e-05,1.6e-05,0.139455,False,0,16.9
42,64,125,0.000121,3.1e-05,2.1e-05,0.138883,False,0,16.9006
42,65,125,9.2e-05,2.3e-05,1.6e-05,0.138339,False,0,16.9
42,66,125,8.6e-05,2.2e-05,1.5e-05,0.137801,False,0,16.8998
42,67,125,7.5e-05,1.9e-05,1.3e-05,0.13728,False,0,16.8996
42,68,125,7.4e-05,1.8e-05,1.3e-05,0.136862,False,0,16.8995
42,69,125,9.5e-05,2.4e-05,1.7e-05,0.136485,False,0,16.9001
42,70,125,0.000111,2.8e-05,1.9e-05,0.136122,False,0,16.9003
42,71,125,0.000117,2.9e-05,2.1e-05,0.135728,False,0,16.9005
42,72,125,0.000104,2.6e-05,1.8e-05,0.135347,False,0,16.9003
42,73,125,0.000103,2.6e-05,1.8e-05,0.135059,False,0,16.9002
42,74,125,0.000124,3.1e-05,2.2e-05,0.134813,False,0,16.9006
42,75,125,9.9e-05,2.5e-05,1.7e-05,0.134507,False,0,16.9001
42,76,125,8.1e-05,2.1e-05,1.4e-05,0.134214,False,0,16.8997
42,77,125,8.5e-05,2.1e-05,1.5e-05,0.133934,False,0,16.8999
42,78,124,9.9e-05,2.5e-05,1.7e-05,0.133752,False,0,16.9001
42,79,123,9.1e-05,2.3e-05,1.6e-05,0.133572,False,0,16.9
42,80,122,0.000105,2.6e-05,1.8e-05,0.133408,False,0,16.9003
42,81,121,1e-04,2.5e-05,1.7e-05,0.133242,False,0,16.9001
42,82,120,9.5e-05,2.4e-05,1.6e-05,0.133043,False,0,16.9
42,83,119,8e-05,2e-05,1.4e-05,0.132835,False,0,16.8998
42,84,118,0.000105,2.6e-05,1.8e-05,0.132671,False,0,16.9002
42,85,117,0.000177,4.5e-05,3.1e-05,0.132554,False,0,16.9015
42,86,116,0.000179,4.5e-05,3.1e-05,0.132495,False,0,16.9015
42,87,115,0.000134,3.4e-05,2.3e-05,0.13238,False,0,16.9008
43,52,125,0.000361,9e-05,6.2e-05,0.145484,True,0,16.8884
43,53,125,0.00042,0.000105,7e-05,0.143554,True,0,16.888
43,54,125,0.000352,8.8e-05,6e-05,0.141892,False,0,16.8885
43,55,125,0.000589,0.000147,0.000101,0.140412,False,0,16.8862
43,56,125,0.000539,0.000135,9.2e-05,0.139103,False,0,16.8867
43,57,125,0.000557,0.000139,9.4e-05,0.137917,False,0,16.8866
43,58,125,0.000495,0.000123,8.4e-05,0.13683,False,0,16.887
43,59,125,0.000607,0.000152,0.000104,0.135831,False,0,16.886
43,60,125,0.000454,0.000113,7.6e-05,0.134925,False,0,16.8876
43,61,125,0.000534,0.000133,9e-05,0.134078,False,0,16.8868
43,62,125,0.000417,0.000104,7.1e-05,0.133304,False,0,16.8878
43,63,125,0.000547,0.000137,9.3e-05,0.132622,False,0,16.8867
43,64,125,0.00038,9.5e-05,6.4e-05,0.132004,False,0,16.8882
43,65,125,0.000346,8.6e-05,5.8e-05,0.131408,False,0,16.8886
43,66,125,0.000234,5.9e-05,4e-05,0.130806,False,0,16.8899
43,67,125,0.000333,8.3e-05,5.6e-05,0.130268,False,0,16.8888
43,68,125,0.000312,7.8e-05,5.3e-05,0.129788,False,0,16.8889
43,69,125,0.00029,7.3e-05,4.9e-05,0.129314,False,0,16.8892
43,70,125,0.000278,6.9e-05,4.7e-05,0.128865,False,0,16.8893
43,71,125,0.000226,5.7e-05,3.8e-05,0.128422,False,0,16.89
43,72,125,0.000252,6.3e-05,4.3e-05,0.128009,False,0,16.8897
43,73,125,0.000315,7.9e-05,5.3e-05,0.127639,False,0,16.8891
43,74,125,0.000304,7.6e-05,5.2e-05,0.127314,False,0,16.8889
43,75,125,0.000244,6.1e-05,4.1e-05,0.126991,False,0,16.8898
43,76,125,0.000266,6.7e-05,4.5e-05,0.126661,False,0,16.8895
43,77,125,0.000296,7.4e-05,5e-05,0.126356,False,0,16.8891
43,78,125,0.000318,7.9e-05,5.4e-05,0.126076,False,0,16.8889
43,79,125,0.000314,7.9e-05,5.3e-05,0.125806,False,0,16.8888
43,80,125,0.000355,8.9e-05,5.9e-05,0.125573,False,0,16.8885
43,81,125,0.000295,7.4e-05,5e-05,0.125344,False,0,16.8891
43,82,125,0.000373,9.3e-05,6.4e-05,0.125141,False,0,16.8882
43,83,125,0.00028,7e-05,4.7e-05,0.12492,False,0,16.8894
43,84,125,0.000294,7.3e-05,5e-05,0.124718,False,0,16.8892
43,85,125,0.000323,8.1e-05,5.5e-05,0.124515,False,0,16.8888
43,86,125,0.000319,8e-05,5.4e-05,0.124335,False,0,16.8889
43,87,125,0.000343,8.6e-05,5.8e-05,0.124159,False,0,16.8886
43,88,125,0.000386,9.7e-05,6.6e-05,0.123977,False,0,16.8881
43,89,125,0.000451,0.000113,7.6e-05,0.12384,False,0,16.8875
43,90,125,0.00023,5.8e-05,3.9e-05,0.123717,False,0,16.89
43,91,125,0.000192,4.8e-05,3.3e-05,0.12359,False,0,16.8904
43,92,125,0.000109,2.7e-05,1.8e-05,0.123433,False,0,16.892
43,93,125,0.000148,3.7e-05,2.5e-05,0.123278,False,0,16.8912
43,94,125,0.000139,3.5e-05,2.4e-05,0.123097,False,0,16.8913
43,95,125,0.000229,5.8e-05,3.9e-05,0.123022,False,0,16.8901
43,96,125,0.000164,4.1e-05,2.8e-05,0.122941,False,0,16.8909
43,97,125,9.4e-05,2.3e-05,1.5e-05,0.122859,False,0,16.8922
43,98,125,6e-05,1.5e-05,1e-05,0.122789,False,0,16.893
43,99,125,0.000127,3.2e-05,2.2e-05,0.122748,False,0,16.8914
43,100,125,0.000183,4.6e-05,3.1e-05,0.122711,False,0,16.8907
43,101,125,0.00021,5.2e-05,3.5e-05,0.122651,False,0,16.8902
43,102,125,0.000205,5.1e-05,3.5e-05,0.122587,False,0,16.8903
43,103,125,0.000283,7.1e-05,4.8e-05,0.122534,False,0,16.8892
43,104,125,0.00025,6.2e-05,4.2e-05,0.122451,False,0,16.8897
43,105,125,0.000347,8.7e-05,5.9e-05,0.122414,False,0,16.8885
43,106,125,0.000333,8.4e-05,5.7e-05,0.122356,False,0,16.8887
43,107,125,0.000201,5.1e-05,3.4e-05,0.122315,False,0,16.8904
43,108,125,0.000151,3.8e-05,2.5e-05,0.122271,False,0,16.8912
43,109,125,0.000179,4.5e-05,3.1e-05,0.122245,False,0,16.8906
43,110,125,0.000138,3.5e-05,2.3e-05,0.122196,False,0,16.8914
43,111,125,0.000106,2.7e-05,1.8e-05,0.122152,False,0,16.8919
43,112,125,8.7e-05,2.2e-05,1.5e-05,0.122079,False,0,16.8922
43,113,125,0.000165,4.1e-05,2.8e-05,0.12205,False,0,16.8909
43,114,125,0.000167,4.2e-05,2.8e-05,0.121991,False,0,16.8909
43,115,125,0.000158,3.9e-05,2.6e-05,0.121989,False,0,16.8911
43,116,125,9.9e-05,2.5e-05,1.7e-05,0.12197,False,0,16.8921
43,117,125,7e-05,1.8e-05,1.2e-05,0.121992,False,0,16.8926
43,118,125,0.000115,2.9e-05,1.9e-05,0.122006,False,0,16.8918
43,119,125,0.000113,2.8e-05,1.9e-05,0.122033,False,0,16.8918
43,120,125,9.3e-05,2.3e-05,1.5e-05,0.122045,False,0,16.8923
43,121,125,4.8e-05,1.2e-05,8e-06,0.122032,False,0,16.8934
43,122,125,0.000142,3.6e-05,2.5e-05,0.122032,False,0,16.8912
43,123,125,0.000161,4e-05,2.7e-05,0.12205,False,0,16.891
43,124,125,0.000144,3.6e-05,2.4e-05,0.12206,False,0,16.8913
43,125,125,6.1e-05,1.5e-05,1e-05,0.122075,False,0,16.8931
43,126,125,3.7e-05,9e-06,6e-06,0.1221,False,0,16.8937
43,127,125,4.7e-05,1.2e-05,8e-06,0.122084,False,0,16.8933
43,128,125,6.4e-05,1.6e-05,1.1e-05,0.122085,False,0,16.8929
43,129,125,3.4e-05,8e-06,6e-06,0.122093,False,0,16.8937
43,130,125,4.3e-05,1.1e-05,7e-06,0.122093,False,0,16.8935
43,131,125,4.3e-05,1.1e-05,7e-06,0.122104,False,0,16.8934
43,132,125,5.8e-05,1.5e-05,1e-05,0.122132,False,0,16.8931
43,133,125,5e-05,1.3e-05,9e-06,0.122152,False,0,16.8932
44,52,125,4e-06,1e-06,1e-06,0.148023,True,0,16.8965
44,53,125,1.1e-05,3e-06,2e-06,0.146141,True,0,16.8974
44,54,125,1.8e-05,4e-06,4e-06,0.144488,True,0,16.8977
44,55,125,1.7e-05,4e-06,3e-06,0.14308,True,0,16.8977
44,56,125,1.3e-05,3e-06,3e-06,0.141768,False,0,16.8975
44,57,125,1.5e-05,4e-06,3e-06,0.140627,False,0,16.8976
44,58,125,1.8e-05,5e-06,3e-06,0.13952,False,0,16.8977
44,59,125,2.6e-05,6e-06,4e-06,0.138534,False,0,16.8981
44,60,125,3.1e-05,8e-06,6e-06,0.137642,False,0,16.8983
44,61,125,1.2e-05,3e-06,2e-06,0.136861,False,0,16.8975
44,62,125,7e-06,2e-06,1e-06,0.136089,False,0,16.8969
44,63,125,6e-06,1e-06,1e-06,0.135394,False,0,16.8969
44,64,125,3.6e-05,9e-06,6e-06,0.134785,False,0,16.8985
44,65,125,3.8e-05,1e-05,7e-06,0.13422,False,0,16.8986
44,66,125,1.5e-05,4e-06,3e-06,0.133664,False,0,16.8975
44,67,125,7e-06,2e-06,1e-06,0.133116,False,0,16.8969
44,68,125,9e-06,2e-06,2e-06,0.132626,False,0,16.8971
44,69,125,4.8e-05,1.2e-05,9e-06,0.132223,False,0,16.8988
44,70,125,2.5e-05,6e-06,4e-06,0.131818,False,0,16.898
44,71,125,5e-05,1.3e-05,9e-06,0.131403,False,0,16.8989
44,72,125,4.3e-05,1.1e-05,7e-06,0.131026,False,0,16.8987
44,73,125,4.2e-05,1.1e-05,8e-06,0.130688,False,0,16.8987
44,74,125,4.7e-05,1.1e-05,8e-06,0.130381,False,0,16.8988
44,75,125,2.4e-05,6e-06,4e-06,0.13009,False,0,16.8981
44,76,125,1.5e-05,4e-06,2e-06,0.129855,False,0,16.8973
44,77,125,2.5e-05,6e-06,5e-06,0.129674,False,0,16.898
44,78,125,1.8e-05,5e-06,3e-06,0.129442,False,0,16.8977
44,79,125,2.1e-05,5e-06,4e-06,0.129184,False,0,16.8979
44,80,125,3.6e-05,9e-06,7e-06,0.128908,False,0,16.8985
44,81,125,5.2e-05,1.3e-05,9e-06,0.128693,False,0,16.899
44,82,125,6.9e-05,1.7e-05,1.2e-05,0.128496,False,0,16.8995
44,83,125,6.5e-05,1.6e-05,1.2e-05,0.128352,False,0,16.8994
44,84,125,4.5e-05,1.1e-05,8e-06,0.128222,False,0,16.8988
44,85,125,4e-05,1e-05,7e-06,0.12806,False,0,16.8987
44,86,125,4.7e-05,1.2e-05,8e-06,0.127901,False,0,16.8989
44,87,125,3.3e-05,8e-06,6e-06,0.127751,False,0,16.8984
44,88,125,3.7e-05,9e-06,7e-06,0.127617,False,0,16.8986
44,89,125,2.8e-05,7e-06,5e-06,0.127493,False,0,16.8982
44,90,125,4.5e-05,1.1e-05,8e-06,0.127387,False,0,16.8988
44,91,124,5e-05,1.3e-05,9e-06,0.127275,False,0,16.899
44,92,123,9.5e-05,2.4e-05,1.7e-05,0.127143,False,0,16.9001
44,93,122,9.1e-05,2.3e-05,1.6e-05,0.127018,False,0,16.9
44,94,121,0.000125,3.2e-05,2.2e-05,0.126918,False,0,16.9007
44,95,120,8.6e-05,2.2e-05,1.5e-05,0.126857,False,0,16.8999
44,96,119,9.6e-05,2.4e-05,1.6e-05,0.12683,False,0,16.9
44,97,118,0.000124,3.1e-05,2.2e-05,0.126875,False,0,16.9007
44,98,117,0.000147,3.7e-05,2.5e-05,0.126903,False,0,16.901
44,99,116,0.000104,2.6e-05,1.8e-05,0.126903,False,0,16.9002
44,100,115,0.000107,2.7e-05,1.9e-05,0.126882,False,0,16.9003
44,101,114,9.8e-05,2.5e-05,1.8e-05,0.126884,False,0,16.9001
44,102,113,1e-04,2.5e-05,1.7e-05,0.126921,False,0,16.9001
44,103,112,9.1e-05,2.3e-05,1.6e-05,0.126908,False,0,16.9
44,104,111,8.1e-05,2e-05,1.3e-05,0.126895,False,0,16.8995
44,105,110,0.000109,2.7e-05,2e-05,0.126872,False,0,16.9004
44,106,109,0.000109,2.7e-05,1.9e-05,0.126911,False,0,16.9004
44,107,108,8e-05,2e-05,1.4e-05,0.126935,False,0,16.8997
44,108,107,0.000102,2.5e-05,1.8e-05,0.126947,False,0,16.9002
44,109,106,8.3e-05,2.1e-05,1.4e-05,0.12692,False,0,16.8997
44,110,105,0.000129,3.3e-05,2.3e-05,0.126919,False,0,16.9008
44,111,104,0.000162,4.1e-05,2.9e-05,0.126922,False,0,16.9013
44,112,103,0.000117,2.9e-05,2e-05,0.127004,False,0,16.9004
44,113,102,0.000143,3.6e-05,2.6e-05,0.127142,False,0,16.901
44,114,101,0.000105,2.6e-05,1.8e-05,0.12721,False,0,16.9002
44,115,100,0.000132,3.3e-05,2.3e-05,0.127232,False,0,16.9008
44,116,99,0.000166,4.2e-05,2.9e-05,0.127267,False,0,16.9013
44,117,98,0.000232,5.8e-05,4e-05,0.127404,False,0,16.9023
44,118,97,0.000228,5.7e-05,4e-05,0.127563,False,0,16.9023
44,119,96,0.000252,6.3e-05,4.4e-05,0.127664,False,0,16.9026
44,120,95,0.000236,5.9e-05,4.2e-05,0.127747,False,0,16.9024
44,121,94,0.000188,4.7e-05,3.2e-05,0.127848,False,0,16.9016
44,122,93,0.000171,4.3e-05,2.9e-05,0.127966,False,0,16.9014
44,123,92,0.000168,4.2e-05,2.9e-05,0.12806,False,0,16.9014
44,124,91,0.000107,2.7e-05,1.8e-05,0.128107,False,0,16.9002
44,125,90,8.8e-05,2.2e-05,1.5e-05,0.128164,False,0,16.8999
44,126,89,0.000133,3.3e-05,2.4e-05,0.128218,False,0,16.9008
44,127,88,0.000178,4.5e-05,3.1e-05,0.128303,False,0,16.9015
44,128,87,0.00019,4.8e-05,3.4e-05,0.128434,False,0,16.9018
44,129,86,0.00015,3.7e-05,2.5e-05,0.128607,False,0,16.9009
44,130,85,0.000204,5.1e-05,3.6e-05,0.128762,False,0,16.902
44,131,84,0.000152,3.8e-05,2.6e-05,0.128868,False,0,16.9011
44,132,83,0.000162,4.1e-05,2.8e-05,0.128998,False,0,16.9012
44,133,82,0.000194,4.9e-05,3.4e-05,0.129138,False,0,16.9018
44,134,81,0.000266,6.7e-05,4.7e-05,0.129305,False,0,16.9028
44,135,80,0.000316,7.9e-05,5.4e-05,0.129525,False,0,16.9033
44,136,79,0.000317,7.9e-05,5.5e-05,0.129801,False,0,16.9034
44,137,78,0.000273,6.8e-05,4.8e-05,0.130081,False,0,16.9029
44,138,77,0.000296,7.4e-05,5e-05,0.13032,False,0,16.903
44,139,76,0.000308,7.7e-05,5.3e-05,0.130556,False,0,16.9032
44,140,75,0.000335,8.4e-05,5.8e-05,0.130787,False,0,16.9035
44,141,74,0.000282,7.1e-05,4.8e-05,0.130997,False,0,16.9029
44,142,73,0.000215,5.4e-05,3.6e-05,0.131167,False,0,16.902
44,143,72,0.000172,4.3e-05,3e-05,0.131313,False,0,16.9014
44,144,71,0.000195,4.9e-05,3.3e-05,0.13144,False,0,16.9017
44,145,70,0.000224,5.6e-05,3.9e-05,0.131605,False,0,16.9022
44,146,69,0.000259,6.5e-05,4.5e-05,0.13178,False,0,16.9026
45,52,125,2.2e-05,5e-06,4e-06,0.14398,True,0,16.8942
45,53,125,1.2e-05,3e-06,2e-06,0.142069,False,0,16.8948
45,54,125,1.1e-05,3e-06,2e-06,0.14044,False,0,16.8949
45,55,125,4e-06,1e-06,1e-06,0.139009,False,0,16.8955
45,56,125,5e-06,1e-06,1e-06,0.137723,False,0,16.8954
45,57,125,1.2e-05,3e-06,2e-06,0.136507,False,0,16.8947
45,58,125,2.2e-05,5e-06,4e-06,0.135437,False,0,16.8943
45,59,125,1.2e-05,3e-06,2e-06,0.134441,False,0,16.8947
45,60,125,1.7e-05,4e-06,3e-06,0.133541,False,0,16.8944
45,61,125,1.3e-05,3e-06,2e-06,0.132692,False,0,16.8947
45,62,125,3e-06,1e-06,1e-06,0.131956,False,0,16.896
45,63,125,9e-06,2e-06,1e-06,0.131268,False,0,16.8949
45,64,125,4e-06,1e-06,1e-06,0.130629,False,0,16.8954
45,65,125,0.0,0.0,0.0,0.130029,False,0,16.8961
45,66,125,2e-06,0.0,0.0,0.12948,False,0,16.8961
45,67,125,3e-06,1e-06,1e-06,0.128947,False,0,16.8955
45,68,125,4e-06,1e-06,1e-06,0.128444,False,0,16.8963
45,69,125,2e-06,0.0,0.0,0.127984,False,0,16.8958
45,70,125,6e-06,1e-06,1e-06,0.127556,False,0,16.8952
45,71,125,1e-05,3e-06,2e-06,0.127129,False,0,16.8949
45,72,125,8e-06,2e-06,1e-06,0.126724,False,0,16.895
45,73,125,6e-06,1e-06,1e-06,0.12635,False,0,16.8965
45,74,125,1e-06,0.0,0.0,0.126012,False,0,16.8959
45,75,124,3e-06,1e-06,1e-06,0.125682,False,0,16.8954
45,76,123,1e-06,0.0,0.0,0.12539,False,0,16.8962
45,77,122,2e-06,0.0,1e-06,0.125105,False,0,16.8961
45,78,121,4e-06,1e-06,1e-06,0.124849,False,0,16.8966
45,79,120,6e-06,1e-06,1e-06,0.124584,False,0,16.897
45,80,119,1.1e-05,3e-06,2e-06,0.124325,False,0,16.8973
45,81,118,3e-06,1e-06,0.0,0.1241,False,0,16.8965
45,82,117,1e-06,0.0,0.0,0.123881,False,0,16.8961
45,83,116,1e-06,-0.0,0.0,0.123669,False,0,16.896
45,84,115,2e-06,0.0,0.0,0.123439,False,0,16.8964
45,85,114,2e-06,1e-06,0.0,0.123256,False,0,16.8956
45,86,113,1e-06,0.0,0.0,0.123076,False,0,16.8959
45,87,112,2e-06,0.0,0.0,0.122899,False,0,16.8962
45,88,111,0.0,0.0,0.0,0.122735,False,0,16.8962
46,52,125,0.00058,0.000145,9.9e-05,0.145325,True,0,16.8863
46,53,125,0.000368,9.2e-05,6.3e-05,0.143386,True,0,16.8883
46,54,125,0.000382,9.6e-05,6.5e-05,0.141683,False,0,16.8882
46,55,125,0.000366,9.2e-05,6.2e-05,0.140193,False,0,16.8884
46,56,125,0.000405,0.000101,6.9e-05,0.138849,False,0,16.888
46,57,125,0.000376,9.4e-05,6.5e-05,0.137667,False,0,16.8882
46,58,125,0.000307,7.7e-05,5.1e-05,0.136552,False,0,16.8892
46,59,125,0.000255,6.4e-05,4.4e-05,0.135514,False,0,16.8896
46,60,125,0.000346,8.7e-05,5.9e-05,0.134584,False,0,16.8885
46,61,125,0.000392,9.8e-05,6.6e-05,0.13374,False,0,16.8881
46,62,125,0.000344,8.6e-05,5.9e-05,0.132983,False,0,16.8885
46,63,124,0.000327,8.2e-05,5.5e-05,0.132264,False,0,16.8888
46,64,123,0.000283,7.1e-05,4.8e-05,0.131585,False,0,16.8893
46,65,122,0.000312,7.8e-05,5.3e-05,0.130966,False,0,16.8889
46,66,121,0.000261,6.5e-05,4.4e-05,0.13044,False,0,16.8897
46,67,120,0.000252,6.3e-05,4.3e-05,0.129902,False,0,16.8896
46,68,119,0.000335,8.4e-05,5.7e-05,0.129409,False,0,16.8886
46,69,118,0.000367,9.2e-05,6.3e-05,0.128909,False,0,16.8883
46,70,117,0.000288,7.2e-05,4.8e-05,0.128438,False,0,16.8892
46,71,116,0.00016,4e-05,2.7e-05,0.127977,False,0,16.891
46,72,115,0.000205,5.1e-05,3.5e-05,0.127585,False,0,16.8903
46,73,114,0.000325,8.1e-05,5.5e-05,0.127217,False,0,16.8887
46,74,113,0.000406,0.000102,6.9e-05,0.126897,False,0,16.8879
46,75,112,0.000334,8.4e-05,5.7e-05,0.126571,False,0,16.8886
46,76,111,0.00026,6.5e-05,4.4e-05,0.126273,False,0,16.8896
46,77,110,0.000139,3.5e-05,2.4e-05,0.125954,False,0,16.8914
46,78,109,0.000169,4.2e-05,2.9e-05,0.125625,False,0,16.8908
46,79,108,0.00025,6.3e-05,4.2e-05,0.125365,False,0,16.8898
46,80,107,0.000337,8.4e-05,5.8e-05,0.125134,False,0,16.8886
46,81,106,0.000243,6.1e-05,4.1e-05,0.124923,False,0,16.8897
46,82,105,0.00016,4e-05,2.7e-05,0.124739,False,0,16.8909
46,83,104,0.000177,4.4e-05,2.9e-05,0.12455,False,0,16.8908
46,84,103,0.000173,4.3e-05,2.9e-05,0.124341,False,0,16.8907
46,85,102,9.7e-05,2.4e-05,1.6e-05,0.124104,False,0,16.8922
46,86,101,0.000128,3.2e-05,2.2e-05,0.123878,False,0,16.8915
46,87,100,0.000109,2.7e-05,1.9e-05,0.123651,False,0,16.8919
46,88,99,0.00032,8e-05,5.5e-05,0.123487,False,0,16.8888
46,89,98,0.000265,6.7e-05,4.5e-05,0.123361,False,0,16.8895
46,90,97,0.00029,7.3e-05,5e-05,0.123262,False,0,16.8892
46,91,96,0.000183,4.6e-05,3.1e-05,0.123144,False,0,16.8906
46,92,95,0.000147,3.7e-05,2.5e-05,0.123023,False,0,16.8912
46,93,94,0.000111,2.8e-05,1.8e-05,0.122891,False,0,16.8919
46,94,93,9e-05,2.3e-05,1.6e-05,0.122784,False,0,16.8922
46,95,92,0.000114,2.8e-05,1.9e-05,0.122699,False,0,16.8918
46,96,91,0.000139,3.5e-05,2.3e-05,0.122621,False,0,16.8913
46,97,90,9.2e-05,2.3e-05,1.6e-05,0.122572,False,0,16.8922
46,98,89,4.2e-05,1e-05,7e-06,0.122478,False,0,16.8937
46,99,88,9.5e-05,2.4e-05,1.6e-05,0.122376,False,0,16.8921
46,100,87,0.000107,2.7e-05,1.8e-05,0.122285,False,0,16.892
46,101,86,5.7e-05,1.4e-05,1e-05,0.122211,False,0,16.8931
46,102,85,5e-05,1.2e-05,9e-06,0.122152,False,0,16.8932
46,103,84,3.6e-05,9e-06,6e-06,0.122095,False,0,16.8936
46,104,83,2.6e-05,7e-06,5e-06,0.122101,False,0,16.8945
46,105,82,3.1e-05,8e-06,6e-06,0.122092,False,0,16.8938
46,106,81,3e-05,8e-06,5e-06,0.122049,False,0,16.8941
46,107,80,5.5e-05,1.4e-05,9e-06,0.121991,False,0,16.8932
46,108,79,9.3e-05,2.3e-05,1.6e-05,0.121973,False,0,16.8921
46,109,78,8.7e-05,2.2e-05,1.4e-05,0.121951,False,0,16.8924
46,110,77,3.6e-05,9e-06,6e-06,0.12192,False,0,16.8937
46,111,76,3.3e-05,8e-06,5e-06,0.121895,False,0,16.8939
46,112,75,1.8e-05,4e-06,3e-06,0.121886,False,0,16.8944
46,113,74,1.2e-05,3e-06,2e-06,0.121868,False,0,16.8951
46,114,73,1e-06,-0.0,0.0,0.12184,False,0,16.896
46,115,72,1e-06,0.0,0.0,0.121798,False,0,16.896
46,116,71,0.0,0.0,0.0,0.121723,False,0,16.8963
46,117,70,2e-06,1e-06,1e-06,0.121689,False,0,16.8967
46,118,69,1e-06,0.0,0.0,0.121646,False,0,16.8963
46,119,68,5e-06,1e-06,1e-06,0.121643,False,0,16.8969
46,120,67,1e-05,3e-06,2e-06,0.121648,False,0,16.8973
46,121,66,1e-06,0.0,0.0,0.121689,False,0,16.8961
46,122,65,2e-06,0.0,0.0,0.12172,False,0,16.8957
46,123,64,3e-06,1e-06,0.0,0.121761,False,0,16.8956
46,124,63,2e-06,0.0,0.0,0.121776,False,0,16.8964
46,125,62,1.1e-05,3e-06,2e-06,0.121805,False,0,16.8973
46,126,61,1e-06,0.0,0.0,0.121832,False,0,16.8964
46,127,60,2e-06,1e-06,0.0,0.121853,False,0,16.8967
46,128,59,2e-05,5e-06,4e-06,0.121855,False,0,16.8979
46,129,58,2.4e-05,6e-06,4e-06,0.12184,False,0,16.8981
46,130,57,1.3e-05,3e-06,2e-06,0.121836,False,0,16.8975
46,131,56,7e-06,2e-06,1e-06,0.121857,False,0,16.8971
46,132,55,4e-06,1e-06,1e-06,0.121893,False,0,16.8969
46,133,54,1.9e-05,5e-06,4e-06,0.121938,False,0,16.8976
46,134,53,3.1e-05,8e-06,6e-06,0.122,False,0,16.8983
46,135,52,3.7e-05,9e-06,7e-06,0.122043,False,0,16.8985
46,136,51,8.6e-05,2.2e-05,1.5e-05,0.122121,False,0,16.8998
46,137,50,0.000112,2.8e-05,2e-05,0.122171,False,0,16.9004
46,138,49,7.6e-05,1.9e-05,1.4e-05,0.122228,False,0,16.8995
46,139,48,8.2e-05,2.1e-05,1.5e-05,0.122289,False,0,16.8997
46,140,47,0.000152,3.8e-05,2.7e-05,0.122399,False,0,16.9011
46,141,46,0.000195,4.9e-05,3.4e-05,0.122533,False,0,16.9017
46,142,45,0.000169,4.2e-05,3e-05,0.122666,False,0,16.9013
46,143,44,0.000112,2.8e-05,2e-05,0.122756,False,0,16.9002
46,144,43,0.000124,3.1e-05,2.2e-05,0.122809,False,0,16.9006
46,145,42,0.000153,3.8e-05,2.7e-05,0.122897,False,0,16.9011
46,146,41,0.000165,4.1e-05,2.9e-05,0.123029,False,0,16.9011
46,147,40,0.000229,5.7e-05,4e-05,0.123145,False,0,16.9023
46,148,39,0.000263,6.6e-05,4.6e-05,0.123288,False,0,16.9026
46,149,38,0.000289,7.2e-05,5.1e-05,0.123437,False,0,16.903
46,150,37,0.000353,8.8e-05,6.2e-05,0.123628,False,0,16.9037
46,151,36,0.00031,7.8e-05,5.4e-05,0.123804,False,0,16.9032
46,152,35,0.000374,9.4e-05,6.6e-05,0.12402,False,0,16.9039
46,153,34,0.000454,0.000114,8e-05,0.12426,False,0,16.9048
46,154,33,0.000457,0.000115,7.9e-05,0.124472,False,0,16.9046
46,155,32,0.000453,0.000113,7.9e-05,0.124689,False,0,16.9046
46,156,31,0.000563,0.000141,9.8e-05,0.124947,False,0,16.9057
46,157,30,0.000588,0.000147,0.000102,0.125212,False,0,16.9058
46,158,29,0.000561,0.00014,9.8e-05,0.125451,False,0,16.9057
46,159,28,0.000539,0.000135,9.4e-05,0.125748,False,0,16.9054
46,160,27,0.000619,0.000155,0.000108,0.126094,False,0,16.9061
46,161,26,0.000718,0.00018,0.000126,0.126489,False,0,16.907
46,162,25,0.000777,0.000195,0.000135,0.126858,False,0,16.9074
46,163,24,0.000785,0.000197,0.000136,0.127294,False,0,16.9073
46,164,23,0.000841,0.00021,0.000146,0.127729,False,0,16.9078
46,165,22,0.000914,0.000229,0.000159,0.128231,False,0,16.9083
46,166,21,0.000905,0.000227,0.000158,0.128711,False,0,16.9082
46,167,20,0.000901,0.000226,0.000156,0.129211,False,0,16.9081
46,168,19,0.001058,0.000265,0.000184,0.129736,False,0,16.9092
46,169,18,0.001069,0.000268,0.000185,0.130307,False,0,16.9093
46,170,17,0.001123,0.000281,0.000195,0.130902,False,0,16.9097
46,171,16,0.001139,0.000285,0.000198,0.131493,False,0,16.9097
46,172,15,0.001268,0.000318,0.000222,0.132138,False,0,16.9106
46,173,14,0.001261,0.000315,0.000217,0.132863,False,0,16.9102
46,174,13,0.001439,0.00036,0.000252,0.133672,False,0,16.9115
46,175,12,0.001387,0.000347,0.000239,0.134581,False,0,16.9109
46,176,11,0.001592,0.000398,0.000277,0.135528,False,0,16.9122
46,177,10,0.001679,0.00042,0.000291,0.13658,False,0,16.9127
46,178,9,0.00181,0.000453,0.000313,0.137711,False,0,16.9132
46,179,8,0.001757,0.00044,0.000304,0.138834,False,0,16.913
46,180,7,0.001786,0.000447,0.000309,0.140007,False,0,16.913
47,52,125,2e-06,1e-06,1e-06,0.145044,True,0,16.8958
47,53,125,1e-06,-0.0,0.0,0.143126,True,0,16.8964
47,54,125,3e-06,1e-06,1e-06,0.141448,False,0,16.8965
47,55,125,4e-06,1e-06,1e-06,0.139993,False,0,16.8968
47,56,125,1e-06,0.0,0.0,0.138671,False,0,16.8961
48,52,125,1.7e-05,4e-06,3e-06,0.148058,True,0,16.8977
48,53,125,1.7e-05,4e-06,3e-06,0.14617,True,0,16.8977
48,54,125,2.6e-05,6e-06,4e-06,0.144529,True,0,16.8981
48,55,125,3.7e-05,9e-06,7e-06,0.143073,True,0,16.8986
48,56,125,4.5e-05,1.1e-05,8e-06,0.14176,False,0,16.8988
48,57,125,5.2e-05,1.3e-05,9e-06,0.140583,False,0,16.899
48,58,125,4.4e-05,1.1e-05,8e-06,0.139556,False,0,16.8988
48,59,125,1.3e-05,3e-06,2e-06,0.13862,False,0,16.8973
48,60,125,4.8e-05,1.2e-05,8e-06,0.137793,False,0,16.8989
48,61,125,6.9e-05,1.7e-05,1.2e-05,0.137052,False,0,16.8995
48,62,125,0.000115,2.9e-05,2e-05,0.136359,False,0,16.9004
48,63,125,9.8e-05,2.5e-05,1.7e-05,0.1357,False,0,16.9001
48,64,125,4.4e-05,1.1e-05,8e-06,0.135091,False,0,16.8988
48,65,125,6.4e-05,1.6e-05,1.1e-05,0.134519,False,0,16.8993
48,66,125,9.1e-05,2.3e-05,1.6e-05,0.133981,False,0,16.9
48,67,125,0.000109,2.7e-05,1.9e-05,0.133479,False,0,16.9003
48,68,125,8.8e-05,2.2e-05,1.6e-05,0.133024,False,0,16.8999
48,69,125,5.6e-05,1.4e-05,1e-05,0.132606,False,0,16.8991
48,70,125,5.7e-05,1.4e-05,1e-05,0.132216,False,0,16.8991
48,71,125,6.7e-05,1.7e-05,1.1e-05,0.131869,False,0,16.8994
48,72,125,9.6e-05,2.4e-05,1.8e-05,0.131594,False,0,16.9001
48,73,125,6.5e-05,1.7e-05,1.1e-05,0.131306,False,0,16.8992
48,74,125,0.000101,2.5e-05,1.8e-05,0.131025,False,0,16.9002
48,75,125,0.000135,3.4e-05,2.3e-05,0.130739,False,0,16.9008
48,76,125,0.000159,4e-05,2.7e-05,0.130479,False,0,16.9012
48,77,125,7.5e-05,1.9e-05,1.3e-05,0.130233,False,0,16.8996
48,78,125,7.9e-05,2e-05,1.3e-05,0.129992,False,0,16.8996
48,79,125,6.3e-05,1.6e-05,1.2e-05,0.129767,False,0,16.8993
48,80,125,5.6e-05,1.4e-05,1e-05,0.129553,False,0,16.8991
48,81,125,7.6e-05,1.9e-05,1.3e-05,0.129345,False,0,16.8996
48,82,125,8e-05,2e-05,1.4e-05,0.129133,False,0,16.8997
48,83,125,5.6e-05,1.4e-05,1e-05,0.128938,False,0,16.8992
48,84,125,8.9e-05,2.2e-05,1.5e-05,0.128833,False,0,16.8998
48,85,125,0.000116,2.9e-05,2.1e-05,0.128669,False,0,16.9005
48,86,125,0.000157,3.9e-05,2.7e-05,0.128548,False,0,16.9011
48,87,125,8.1e-05,2e-05,1.4e-05,0.128322,False,0,16.8998
48,88,125,9.3e-05,2.3e-05,1.6e-05,0.128127,False,0,16.9
48,89,125,7e-05,1.8e-05,1.2e-05,0.127948,False,0,16.8995
48,90,125,8.6e-05,2.2e-05,1.5e-05,0.127837,False,0,16.8999
48,91,125,3.2e-05,8e-06,5e-06,0.127763,False,0,16.8981
48,92,125,6.6e-05,1.7e-05,1.1e-05,0.127698,False,0,16.8994
48,93,125,9.6e-05,2.4e-05,1.7e-05,0.127581,False,0,16.9001
48,94,125,9.6e-05,2.4e-05,1.7e-05,0.127513,False,0,16.9001
48,95,125,0.000114,2.9e-05,1.9e-05,0.12748,False,0,16.9003
48,96,125,0.000136,3.4e-05,2.4e-05,0.127454,False,0,16.9009
48,97,125,0.000128,3.2e-05,2.2e-05,0.12742,False,0,16.9006
48,98,125,0.000128,3.2e-05,2.2e-05,0.127375,False,0,16.9007
48,99,125,0.000124,3.1e-05,2.2e-05,0.127331,False,0,16.9006
48,100,125,0.000111,2.8e-05,2e-05,0.127277,False,0,16.9004
48,101,125,9.1e-05,2.3e-05,1.5e-05,0.127267,False,0,16.8995
48,102,125,0.000113,2.8e-05,2e-05,0.127254,False,0,16.9004
48,103,125,9.8e-05,2.4e-05,1.7e-05,0.127241,False,0,16.9001
48,104,125,0.000113,2.8e-05,1.9e-05,0.127246,False,0,16.9003
48,105,125,0.000125,3.1e-05,2.2e-05,0.127218,False,0,16.9007
48,106,125,0.000118,3e-05,2e-05,0.127226,False,0,16.9004
48,107,125,8.9e-05,2.3e-05,1.6e-05,0.127192,False,0,16.8999
48,108,125,0.00013,3.2e-05,2.2e-05,0.127151,False,0,16.9007
48,109,125,0.000149,3.8e-05,2.6e-05,0.127162,False,0,16.9011
48,110,124,0.000203,5.1e-05,3.5e-05,0.127173,False,0,16.9019
48,111,123,0.000176,4.4e-05,3.1e-05,0.127181,False,0,16.9015
48,112,122,0.000159,4e-05,2.7e-05,0.12717,False,0,16.9011
48,113,121,0.000167,4.2e-05,2.9e-05,0.127193,False,0,16.9014
48,114,120,0.000183,4.6e-05,3.2e-05,0.127273,False,0,16.9016
48,115,119,0.000189,4.7e-05,3.3e-05,0.127382,False,0,16.9017
48,116,118,0.00015,3.8e-05,2.5e-05,0.127436,False,0,16.901
48,117,117,0.000146,3.7e-05,2.6e-05,0.127463,False,0,16.901
48,118,116,0.000174,4.4e-05,3e-05,0.127505,False,0,16.9014
48,119,115,0.000175,4.4e-05,3e-05,0.127562,False,0,16.9015
48,120,114,0.000158,4e-05,2.7e-05,0.127594,False,0,16.9012
48,121,113,0.000139,3.5e-05,2.4e-05,0.127596,False,0,16.9008
48,122,112,0.000148,3.7e-05,2.5e-05,0.127575,False,0,16.901
48,123,111,0.000166,4.2e-05,2.9e-05,0.127584,False,0,16.9013
48,124,110,0.000154,3.9e-05,2.7e-05,0.127603,False,0,16.9011
48,125,109,0.000196,4.9e-05,3.4e-05,0.127635,False,0,16.9018
48,126,108,0.000136,3.4e-05,2.3e-05,0.12768,False,0,16.9005
48,127,107,0.000124,3.1e-05,2.2e-05,0.127755,False,0,16.9006
48,128,106,0.000104,2.6e-05,1.8e-05,0.127815,False,0,16.9002
48,129,105,0.000137,3.4e-05,2.3e-05,0.127897,False,0,16.9008
48,130,104,0.000136,3.4e-05,2.3e-05,0.128047,False,0,16.9007
48,131,103,0.000188,4.7e-05,3.4e-05,0.128178,False,0,16.9018
48,132,102,0.000228,5.7e-05,3.9e-05,0.128336,False,0,16.902
48,133,101,0.000253,6.3e-05,4.4e-05,0.128491,False,0,16.9026
48,134,100,0.000234,5.9e-05,4e-05,0.128609,False,0,16.9022
48,135,99,0.000262,6.6e-05,4.6e-05,0.128768,False,0,16.9027
48,136,98,0.000215,5.4e-05,3.7e-05,0.128891,False,0,16.902
48,137,97,0.000235,5.9e-05,4.1e-05,0.129048,False,0,16.9023
48,138,96,0.000219,5.5e-05,3.8e-05,0.129168,False,0,16.902
48,139,95,0.000233,5.8e-05,4e-05,0.129266,False,0,16.9023
48,140,94,0.000193,4.9e-05,3.4e-05,0.129367,False,0,16.9018
48,141,93,0.000193,4.9e-05,3.3e-05,0.129417,False,0,16.9017
48,142,92,0.000188,4.7e-05,3.2e-05,0.12955,False,0,16.9015
48,143,91,0.000249,6.2e-05,4.4e-05,0.129663,False,0,16.9026
48,144,90,0.000247,6.2e-05,4.2e-05,0.129761,False,0,16.9025
48,145,89,0.000218,5.5e-05,3.7e-05,0.129801,False,0,16.902
48,146,88,0.000164,4.1e-05,2.8e-05,0.129889,False,0,16.9012
48,147,87,0.000155,3.9e-05,2.7e-05,0.129995,False,0,16.901
48,148,86,0.000205,5.1e-05,3.6e-05,0.130111,False,0,16.9019
48,149,85,0.000204,5.1e-05,3.6e-05,0.130236,False,0,16.9019
48,150,84,0.000173,4.3e-05,2.9e-05,0.130364,False,0,16.9013
48,151,83,0.000239,6e-05,4.1e-05,0.130491,False,0,16.9024
48,152,82,0.000237,5.9e-05,4e-05,0.130627,False,0,16.9023
48,153,81,0.000272,6.8e-05,4.7e-05,0.130773,False,0,16.9028
48,154,80,0.000268,6.7e-05,4.6e-05,0.130916,False,0,16.9027
48,155,79,0.000306,7.7e-05,5.3e-05,0.13109,False,0,16.9031
48,156,78,0.000305,7.7e-05,5.3e-05,0.131242,False,0,16.9031
48,157,77,0.000321,8e-05,5.5e-05,0.131463,False,0,16.9033
48,158,76,0.000287,7.2e-05,5e-05,0.131661,False,0,16.903
48,159,75,0.000284,7.1e-05,4.8e-05,0.131895,False,0,16.9028
48,160,74,0.0003,7.5e-05,5.2e-05,0.132085,False,0,16.9032
48,161,73,0.000304,7.6e-05,5.3e-05,0.13227,False,0,16.9032
48,162,72,0.000253,6.4e-05,4.3e-05,0.132449,False,0,16.9023
48,163,71,0.000262,6.6e-05,4.6e-05,0.132603,False,0,16.9027
48,164,70,0.000291,7.3e-05,5e-05,0.132749,False,0,16.903
48,165,69,0.000327,8.2e-05,5.6e-05,0.132872,False,0,16.9034
48,166,68,0.000372,9.3e-05,6.4e-05,0.133081,False,0,16.9039
48,167,67,0.000302,7.6e-05,5.2e-05,0.133282,False,0,16.9031
48,168,66,0.000294,7.4e-05,5.1e-05,0.133443,False,0,16.9031
48,169,65,0.000336,8.4e-05,5.7e-05,0.133625,False,0,16.9035
48,170,64,0.000383,9.6e-05,6.6e-05,0.133875,False,0,16.904
48,171,63,0.000424,0.000106,7.5e-05,0.134188,False,0,16.9046
48,172,62,0.00036,9e-05,6.1e-05,0.134491,False,0,16.9036
48,173,61,0.000378,9.5e-05,6.5e-05,0.134726,False,0,16.904
48,174,60,0.00032,8e-05,5.5e-05,0.134958,False,0,16.9033
48,175,59,0.000315,7.9e-05,5.4e-05,0.135179,False,0,16.9032
48,176,58,0.000365,9.1e-05,6.3e-05,0.13541,False,0,16.9039
48,177,57,0.000388,9.7e-05,6.6e-05,0.135659,False,0,16.904
48,178,56,0.000394,9.9e-05,6.8e-05,0.135926,False,0,16.9042
48,179,55,0.000395,9.9e-05,6.8e-05,0.13619,False,0,16.9042
49,52,125,0.002157,0.000539,0.000371,0.157895,True,0,16.8774
49,53,125,0.002445,0.00061,0.000415,0.15625,True,0,16.8762
49,54,125,0.001828,0.000457,0.000313,0.154685,True,0,16.8789
49,55,125,0.001558,0.000389,0.000268,0.153179,True,0,16.8803
49,56,125,0.001928,0.000482,0.000329,0.151897,True,0,16.8785
49,57,125,0.001996,0.000498,0.00034,0.150804,True,0,16.8782
49,58,125,0.002124,0.00053,0.000362,0.149858,True,0,16.8775
49,59,125,0.001947,0.000486,0.000333,0.148947,True,0,16.8783
49,60,125,0.001914,0.000478,0.000326,0.148119,True,0,16.8787
49,61,125,0.001939,0.000484,0.000332,0.147303,True,0,16.8783
49,62,125,0.001711,0.000427,0.000293,0.146561,True,0,16.8795
49,63,125,0.001524,0.000381,0.000259,0.145924,True,0,16.8807
49,64,125,0.001627,0.000406,0.000279,0.145308,True,0,16.8798
49,65,125,0.00147,0.000367,0.000252,0.144732,True,0,16.8807
49,66,125,0.001577,0.000394,0.000269,0.144149,True,0,16.8803
49,67,125,0.001593,0.000398,0.000272,0.143628,True,0,16.88
49,68,125,0.001682,0.00042,0.000289,0.143345,True,0,16.8798
49,69,125,0.001992,0.000498,0.000341,0.143148,True,0,16.878
49,70,125,0.001628,0.000407,0.000277,0.142991,False,0,16.8801
49,71,125,0.001308,0.000327,0.000225,0.14257,False,0,16.8814
49,72,125,0.000985,0.000246,0.000168,0.142188,False,0,16.8836
49,73,125,0.001171,0.000293,0.0002,0.141712,False,0,16.8823
49,74,125,0.001225,0.000306,0.000209,0.14134,False,0,16.8821
49,75,125,0.001255,0.000313,0.000215,0.141015,False,0,16.8819
49,76,125,0.00145,0.000362,0.000247,0.140694,False,0,16.8808
49,77,125,0.001677,0.000419,0.000285,0.140457,False,0,16.8796
49,78,125,0.001698,0.000424,0.000288,0.140226,False,0,16.8796
49,79,125,0.001842,0.00046,0.000314,0.140002,False,0,16.8788
49,80,125,0.001717,0.000429,0.000293,0.139594,False,0,16.8794
49,81,125,0.001501,0.000375,0.000256,0.13916,False,0,16.8804
49,82,125,0.001067,0.000267,0.000182,0.138648,False,0,16.8829
49,83,125,0.001156,0.000289,0.000196,0.138254,False,0,16.8827
49,84,125,0.00138,0.000345,0.000236,0.138059,False,0,16.8812
49,85,125,0.001862,0.000465,0.000318,0.137922,False,0,16.8788
49,86,125,0.001516,0.000379,0.000257,0.137843,False,0,16.8805
49,87,125,0.001283,0.00032,0.000218,0.137677,False,0,16.8817
49,88,125,0.000889,0.000222,0.000151,0.137426,False,0,16.8842
49,89,125,0.00108,0.00027,0.000185,0.137271,False,0,16.8831
49,90,125,0.001773,0.000443,0.000304,0.137188,False,0,16.879
49,91,125,0.001614,0.000403,0.000275,0.137068,False,0,16.8799
49,92,125,0.000906,0.000226,0.000153,0.136814,False,0,16.884
49,93,125,0.000717,0.000179,0.000123,0.136646,False,0,16.8857
49,94,125,0.000709,0.000177,0.000121,0.136446,False,0,16.8854
49,95,125,0.000571,0.000143,9.8e-05,0.136236,False,0,16.8864
49,96,125,0.000435,0.000109,7.4e-05,0.135988,False,0,16.8878
49,97,125,0.000552,0.000138,9.5e-05,0.135848,False,0,16.8867
49,98,125,0.000821,0.000205,0.00014,0.135665,False,0,16.8846
49,99,125,0.000861,0.000215,0.000148,0.135535,False,0,16.8842
49,100,125,0.000778,0.000194,0.000132,0.13539,False,0,16.8851
49,101,125,0.00069,0.000172,0.000118,0.135168,False,0,16.8854
49,102,125,0.000606,0.000152,0.000103,0.134945,False,0,16.8864
49,103,125,0.000758,0.000189,0.00013,0.13467,False,0,16.8849
49,104,125,0.000566,0.000141,9.5e-05,0.134389,False,0,16.8866
49,105,125,0.000445,0.000111,7.6e-05,0.134272,False,0,16.8878
49,106,125,0.000532,0.000133,9.1e-05,0.134115,False,0,16.8868
49,107,125,0.000503,0.000126,8.6e-05,0.133903,False,0,16.887
49,108,125,0.000619,0.000155,0.000105,0.133694,False,0,16.8862
49,109,125,0.000919,0.000229,0.000156,0.13357,False,0,16.8839
49,110,125,0.000807,0.000201,0.00014,0.133495,False,0,16.8845
49,111,125,0.000548,0.000137,9.4e-05,0.133351,False,0,16.8866
49,112,125,0.000506,0.000126,8.6e-05,0.133166,False,0,16.887
49,113,125,0.000613,0.000153,0.000106,0.133121,False,0,16.8862
49,114,125,0.000873,0.000218,0.00015,0.133054,False,0,16.884
49,115,125,0.000627,0.000157,0.000106,0.132916,False,0,16.886
49,116,125,0.000569,0.000142,9.8e-05,0.132934,False,0,16.8865
49,117,125,0.000891,0.000222,0.000151,0.132904,False,0,16.8843
49,118,125,0.000992,0.000248,0.00017,0.132843,False,0,16.8834
49,119,125,0.000795,0.000199,0.000135,0.132674,False,0,16.8847
49,120,125,0.000609,0.000152,0.000103,0.132601,False,0,16.8864
49,121,125,0.000883,0.00022,0.000152,0.132531,False,0,16.8841
49,122,125,0.001396,0.000349,0.000239,0.132646,False,0,16.8811
49,123,125,0.00115,0.000287,0.000196,0.132738,False,0,16.8824
49,124,125,0.00079,0.000197,0.000135,0.13302,False,0,16.8851
49,125,125,0.000799,0.0002,0.000136,0.133148,False,0,16.8846
49,126,125,0.00085,0.000212,0.000145,0.133509,False,0,16.8847
49,127,125,0.001031,0.000258,0.000178,0.13365,False,0,16.883
49,128,125,0.000718,0.00018,0.000122,0.133625,False,0,16.8853
49,129,125,0.000464,0.000116,8e-05,0.133468,False,0,16.8873
49,130,125,0.000373,9.3e-05,6.4e-05,0.133346,False,0,16.8882
49,131,125,0.000425,0.000106,7.3e-05,0.133214,False,0,16.8877
49,132,125,0.000336,8.4e-05,5.7e-05,0.133057,False,0,16.8887
49,133,125,0.000272,6.8e-05,4.7e-05,0.132873,False,0,16.8894
49,134,125,0.000232,5.8e-05,3.9e-05,0.132697,False,0,16.8899
49,135,125,0.00037,9.2e-05,6.4e-05,0.132522,False,0,16.8883
49,136,125,0.000452,0.000113,7.6e-05,0.132395,False,0,16.8876
49,137,125,0.00048,0.00012,8.2e-05,0.132253,False,0,16.8872
49,138,125,0.000286,7.2e-05,4.9e-05,0.13212,False,0,16.8892
49,139,125,0.00019,4.8e-05,3.2e-05,0.131877,False,0,16.8907
49,140,125,0.000301,7.5e-05,5.1e-05,0.131723,False,0,16.8893
49,141,125,0.000557,0.000139,9.6e-05,0.131745,False,0,16.8865
49,142,125,0.000443,0.000111,7.5e-05,0.131779,False,0,16.8876
49,143,125,0.000267,6.7e-05,4.6e-05,0.131715,False,0,16.8894
49,144,125,0.000285,7.1e-05,4.8e-05,0.13165,False,0,16.8893
49,145,125,0.000354,8.8e-05,6.1e-05,0.131652,False,0,16.8884
49,146,125,0.000407,0.000102,7e-05,0.13166,False,0,16.8879
49,147,125,0.000464,0.000116,7.9e-05,0.131588,False,0,16.8874
49,148,125,0.000285,7.2e-05,4.9e-05,0.131544,False,0,16.8893
49,149,125,0.000284,7.1e-05,4.9e-05,0.131402,False,0,16.8892
49,150,125,0.000325,8.1e-05,5.5e-05,0.131319,False,0,16.8888
49,151,125,0.000437,0.000109,7.5e-05,0.131243,False,0,16.8875
49,152,125,0.000321,8e-05,5.4e-05,0.131152,False,0,16.889
49,153,125,0.000276,6.9e-05,4.7e-05,0.131063,False,0,16.8893
49,154,125,0.000257,6.4e-05,4.4e-05,0.13103,False,0,16.8896
49,155,125,0.000237,5.9e-05,4e-05,0.130885,False,0,16.8899
49,156,125,0.000234,5.9e-05,3.9e-05,0.130701,False,0,16.8899
49,157,125,0.000259,6.5e-05,4.3e-05,0.130617,False,0,16.8896
49,158,125,0.000253,6.3e-05,4.3e-05,0.130491,False,0,16.8896
49,159,125,0.000272,6.8e-05,4.6e-05,0.130394,False,0,16.8895
49,160,125,0.000301,7.5e-05,5.1e-05,0.130315,False,0,16.889
49,161,125,0.000336,8.4e-05,5.7e-05,0.130356,False,0,16.8886
49,162,125,0.000363,9.1e-05,6.2e-05,0.13036,False,0,16.8883
49,163,125,0.00053,0.000133,9e-05,0.130234,False,0,16.8867
49,164,125,0.000531,0.000132,9e-05,0.130129,False,0,16.8868
49,165,125,0.000467,0.000117,8e-05,0.130087,False,0,16.8873
49,166,125,0.000243,6.1e-05,4.1e-05,0.129858,False,0,16.8898
49,167,125,0.000156,3.9e-05,2.7e-05,0.129642,False,0,16.891
49,168,125,0.000171,4.3e-05,2.9e-05,0.12944,False,0,16.8908
49,169,125,0.000237,6e-05,4e-05,0.129246,False,0,16.8898
49,170,125,0.000237,5.9e-05,4e-05,0.129023,False,0,16.8899
49,171,125,0.000156,3.9e-05,2.7e-05,0.128841,False,0,16.891
49,172,125,0.000158,4e-05,2.7e-05,0.128614,False,0,16.891
49,173,125,0.000187,4.7e-05,3.2e-05,0.128361,False,0,16.8906
49,174,125,0.000135,3.4e-05,2.3e-05,0.128025,False,0,16.8913
49,175,125,0.000169,4.2e-05,2.8e-05,0.127651,False,0,16.8908
49,176,125,0.000149,3.7e-05,2.5e-05,0.127196,False,0,16.8912
49,177,125,0.000201,5e-05,3.4e-05,0.126844,False,0,16.8903
49,178,125,0.000155,3.9e-05,2.6e-05,0.126758,False,0,16.8911
49,179,125,0.00023,5.8e-05,4e-05,0.126793,False,0,16.8899
49,180,125,0.000205,5.1e-05,3.4e-05,0.126839,False,0,16.8904
49,181,125,0.000277,6.9e-05,4.8e-05,0.126894,False,0,16.8892
49,182,125,0.000201,5e-05,3.4e-05,0.126924,False,0,16.8904
49,183,125,0.000216,5.4e-05,3.7e-05,0.126972,False,0,16.8901
49,184,125,0.000305,7.7e-05,5.2e-05,0.126996,False,0,16.889
49,185,125,0.000224,5.6e-05,3.8e-05,0.127028,False,0,16.8902
49,186,125,0.000192,4.8e-05,3.3e-05,0.127048,False,0,16.8904
49,187,125,0.000149,3.7e-05,2.5e-05,0.127094,False,0,16.8912
49,188,125,0.000167,4.2e-05,2.8e-05,0.127151,False,0,16.8909
49,189,125,0.000172,4.3e-05,2.9e-05,0.127194,False,0,16.8909
49,190,125,0.000209,5.2e-05,3.6e-05,0.127152,False,0,16.8902
49,191,125,0.000161,4e-05,2.7e-05,0.127096,False,0,16.8911
49,192,125,0.000108,2.7e-05,1.8e-05,0.127103,False,0,16.892
49,193,125,0.000138,3.5e-05,2.3e-05,0.12715,False,0,16.8913
49,194,125,0.000114,2.9e-05,1.9e-05,0.127188,False,0,16.8917
49,195,125,0.000118,3e-05,2e-05,0.127211,False,0,16.8918
49,196,125,9.8e-05,2.4e-05,1.7e-05,0.127226,False,0,16.8921
49,197,125,0.000132,3.3e-05,2.2e-05,0.127254,False,0,16.8914
49,198,125,0.000131,3.3e-05,2.2e-05,0.127278,False,0,16.8915
49,199,125,0.00011,2.8e-05,1.9e-05,0.127323,False,0,16.8918
49,200,125,7.1e-05,1.8e-05,1.2e-05,0.127322,False,0,16.8927
49,201,125,8.7e-05,2.2e-05,1.5e-05,0.127321,False,0,16.8923
49,202,125,0.000102,2.6e-05,1.7e-05,0.12736,False,0,16.8921
49,203,125,0.000139,3.5e-05,2.4e-05,0.127401,False,0,16.8913
49,204,125,7.1e-05,1.8e-05,1.2e-05,0.127446,False,0,16.8928
49,205,125,5.9e-05,1.5e-05,1e-05,0.127507,False,0,16.893
49,206,125,6e-05,1.5e-05,1e-05,0.127582,False,0,16.8929
49,207,125,9.3e-05,2.4e-05,1.6e-05,0.127652,False,0,16.8922
49,208,125,8e-05,2e-05,1.4e-05,0.127708,False,0,16.8926
49,209,125,0.000109,2.8e-05,1.9e-05,0.127794,False,0,16.8918
49,210,125,0.000109,2.7e-05,1.8e-05,0.127879,False,0,16.8921
49,211,125,0.000187,4.7e-05,3.2e-05,0.127941,False,0,16.8905
50,52,106,5.9e-05,1.5e-05,1e-05,0.147933,True,0,16.8992
50,53,105,6e-05,1.5e-05,1e-05,0.146056,True,0,16.8992
50,54,104,8.1e-05,2e-05,1.5e-05,0.144451,True,0,16.8998
50,55,103,6.6e-05,1.6e-05,1.1e-05,0.143071,True,0,16.8994
50,56,102,3.4e-05,9e-06,6e-06,0.141842,False,0,16.8984
50,57,101,3.7e-05,9e-06,7e-06,0.140658,False,0,16.8986
50,58,100,4.2e-05,1.1e-05,8e-06,0.139571,False,0,16.8987
50,59,99,5.2e-05,1.3e-05,9e-06,0.138608,False,0,16.899
50,60,98,5e-05,1.3e-05,9e-06,0.137764,False,0,16.899
50,61,97,6.4e-05,1.6e-05,1.1e-05,0.136938,False,0,16.8993
50,62,96,5.4e-05,1.4e-05,1e-05,0.136176,False,0,16.8991
50,63,95,5.5e-05,1.4e-05,9e-06,0.13548,False,0,16.899
50,64,94,5.1e-05,1.3e-05,9e-06,0.134855,False,0,16.899
50,65,93,6.8e-05,1.7e-05,1.2e-05,0.134284,False,0,16.8994
50,66,92,6.9e-05,1.8e-05,1.2e-05,0.13378,False,0,16.8995
50,67,91,7.3e-05,1.8e-05,1.3e-05,0.133316,False,0,16.8996
50,68,90,5.9e-05,1.5e-05,1e-05,0.132908,False,0,16.899
50,69,89,6.9e-05,1.7e-05,1.2e-05,0.132492,False,0,16.8995
50,70,88,6.6e-05,1.6e-05,1.2e-05,0.132125,False,0,16.8994
50,71,87,6.6e-05,1.7e-05,1.1e-05,0.131765,False,0,16.8993
50,72,86,0.000113,2.8e-05,2e-05,0.131425,False,0,16.9004
50,73,85,7.9e-05,2e-05,1.4e-05,0.131079,False,0,16.8997
50,74,84,5.6e-05,1.4e-05,1e-05,0.130772,False,0,16.8991
50,75,83,3.7e-05,9e-06,6e-06,0.130519,False,0,16.8985
50,76,82,7.4e-05,1.9e-05,1.3e-05,0.130259,False,0,16.8996
50,77,81,0.000142,3.6e-05,2.4e-05,0.130029,False,0,16.9009
50,78,80,0.000122,3.1e-05,2.1e-05,0.129814,False,0,16.9006
50,79,79,0.000136,3.4e-05,2.4e-05,0.129658,False,0,16.9008
50,80,78,0.00012,3e-05,2.1e-05,0.129509,False,0,16.9006
50,81,77,7.2e-05,1.8e-05,1.2e-05,0.129357,False,0,16.8994
50,82,76,0.000111,2.8e-05,2e-05,0.129206,False,0,16.9004
50,83,75,0.000126,3.2e-05,2.3e-05,0.129066,False,0,16.9007
50,84,74,0.000107,2.7e-05,1.9e-05,0.12893,False,0,16.9003
50,85,73,0.000117,2.9e-05,2e-05,0.128833,False,0,16.9005
50,86,72,0.000119,3e-05,2e-05,0.128749,False,0,16.9005
50,87,71,0.000177,4.4e-05,3.1e-05,0.12869,False,0,16.9015
50,88,70,0.000186,4.7e-05,3.2e-05,0.128649,False,0,16.9016
50,89,69,0.000216,5.4e-05,3.8e-05,0.128601,False,0,16.9021
50,90,68,0.000163,4.1e-05,2.8e-05,0.128625,False,0,16.9013
50,91,67,0.00013,3.3e-05,2.2e-05,0.128589,False,0,16.9007
50,92,66,0.000138,3.5e-05,2.4e-05,0.128582,False,0,16.9008
50,93,65,0.00019,4.8e-05,3.3e-05,0.128564,False,0,16.9017
50,94,64,0.000217,5.4e-05,3.8e-05,0.128602,False,0,16.9021
50,95,63,0.000175,4.4e-05,3e-05,0.128638,False,0,16.9014
50,96,62,0.000185,4.6e-05,3.2e-05,0.128652,False,0,16.9016
50,97,61,0.000195,4.9e-05,3.3e-05,0.128718,False,0,16.9017
50,98,60,0.000205,5.1e-05,3.6e-05,0.12873,False,0,16.9019
50,99,59,0.000209,5.3e-05,3.6e-05,0.128781,False,0,16.902
50,100,58,0.000183,4.6e-05,3.1e-05,0.128867,False,0,16.9015
50,101,57,0.000214,5.4e-05,3.8e-05,0.12896,False,0,16.9021
50,102,56,0.000183,4.6e-05,3.2e-05,0.129014,False,0,16.9016
50,103,55,0.000233,5.8e-05,4.1e-05,0.129095,False,0,16.9024
50,104,54,0.000221,5.5e-05,3.8e-05,0.129188,False,0,16.9021
50,105,53,0.000248,6.2e-05,4.3e-05,0.129296,False,0,16.9024
50,106,52,0.00026,6.5e-05,4.6e-05,0.129427,False,0,16.9027
50,107,51,0.000233,5.8e-05,4.1e-05,0.129557,False,0,16.9023
50,108,50,0.000164,4.1e-05,2.8e-05,0.12967,False,0,16.9012
50,109,49,0.000168,4.2e-05,2.8e-05,0.129798,False,0,16.9012
50,110,48,0.000239,6e-05,4.2e-05,0.129959,False,0,16.9025
50,111,47,0.000282,7.1e-05,4.8e-05,0.130168,False,0,16.9029
50,112,46,0.000258,6.5e-05,4.5e-05,0.130388,False,0,16.9027
50,113,45,0.000249,6.3e-05,4.3e-05,0.130593,False,0,16.9025
50,114,44,0.000223,5.6e-05,3.9e-05,0.130825,False,0,16.9022
50,115,43,0.00022,5.5e-05,3.8e-05,0.131,False,0,16.9021
50,116,42,0.0002,5e-05,3.4e-05,0.131131,False,0,16.9017
50,117,41,0.000211,5.3e-05,3.6e-05,0.131243,False,0,16.9019
50,118,40,0.000211,5.3e-05,3.7e-05,0.131354,False,0,16.902
50,119,39,0.00023,5.8e-05,4e-05,0.131504,False,0,16.9023
50,120,38,0.000237,5.9e-05,4.1e-05,0.131726,False,0,16.9023
50,121,37,0.000311,7.8e-05,5.5e-05,0.131989,False,0,16.9033
50,122,36,0.000297,7.4e-05,5.1e-05,0.132245,False,0,16.9031
50,123,35,0.000311,7.8e-05,5.3e-05,0.132513,False,0,16.9032
50,124,34,0.000307,7.7e-05,5.3e-05,0.132802,False,0,16.9032
50,125,33,0.000333,8.4e-05,5.8e-05,0.133109,False,0,16.9035
50,126,32,0.000358,9e-05,6.1e-05,0.133422,False,0,16.9037
50,127,31,0.000386,9.7e-05,6.6e-05,0.133666,False,0,16.9041
50,128,30,0.000407,0.000102,7.1e-05,0.133926,False,0,16.9043
50,129,29,0.000416,0.000104,7.3e-05,0.134157,False,0,16.9044
50,130,28,0.000441,0.00011,7.7e-05,0.134446,False,0,16.9047
50,131,27,0.000371,9.3e-05,6.3e-05,0.134771,False,0,16.9039
50,132,26,0.000422,0.000105,7.2e-05,0.135127,False,0,16.9044
50,133,25,0.000433,0.000108,7.5e-05,0.135491,False,0,16.9046
50,134,24,0.000428,0.000107,7.3e-05,0.135877,False,0,16.9043
50,135,23,0.000507,0.000127,8.9e-05,0.136269,False,0,16.9053
50,136,22,0.000483,0.000121,8.3e-05,0.136696,False,0,16.905
50,137,21,0.000376,9.4e-05,6.4e-05,0.137072,False,0,16.9039
50,138,20,0.000392,9.8e-05,6.7e-05,0.137407,False,0,16.9041
50,139,19,0.000396,9.9e-05,6.9e-05,0.137739,False,0,16.9042
50,140,18,0.000494,0.000123,8.5e-05,0.138097,False,0,16.9051
50,141,17,0.000481,0.00012,8.3e-05,0.138552,False,0,16.905
50,142,16,0.000603,0.000151,0.000106,0.139052,False,0,16.9062
50,143,15,0.000572,0.000143,9.9e-05,0.139557,False,0,16.9058
50,144,14,0.000507,0.000127,8.6e-05,0.140089,False,0,16.9051
50,145,13,0.000515,0.000129,9.1e-05,0.140573,False,0,16.9054
50,146,12,0.000444,0.000111,7.6e-05,0.141115,False,0,16.9046
50,147,11,0.000495,0.000124,8.5e-05,0.141592,False,0,16.9051
51,52,125,2e-06,1e-06,0.0,0.144868,True,0,16.8966
51,53,125,2e-06,0.0,0.0,0.142965,False,0,16.8965
51,54,125,1.1e-05,3e-06,2e-06,0.141275,False,0,16.8948
51,55,125,9e-06,2e-06,1e-06,0.139806,False,0,16.8951
51,56,125,2e-06,1e-06,0.0,0.138531,False,0,16.8959
51,57,125,9e-06,2e-06,2e-06,0.137395,False,0,16.8973
51,58,125,1.3e-05,3e-06,2e-06,0.136357,False,0,16.8974
51,59,125,3e-06,1e-06,1e-06,0.135379,False,0,16.8966
51,60,125,2e-06,0.0,0.0,0.134477,False,0,16.8964
51,61,125,7e-06,2e-06,1e-06,0.133652,False,0,16.8971
51,62,125,1.4e-05,3e-06,2e-06,0.13289,False,0,16.8975
51,63,125,7e-06,2e-06,1e-06,0.132186,False,0,16.897
51,64,125,4e-06,1e-06,1e-06,0.131544,False,0,16.8968
51,65,125,3e-06,1e-06,1e-06,0.130928,False,0,16.8959
51,66,125,2e-06,1e-06,0.0,0.130347,False,0,16.8956
51,67,125,5e-06,1e-06,1e-06,0.129782,False,0,16.8967
51,68,125,1.3e-05,3e-06,2e-06,0.129315,False,0,16.8974
51,69,125,2.2e-05,6e-06,4e-06,0.128831,False,0,16.898
51,70,125,3.4e-05,9e-06,6e-06,0.128405,False,0,16.8984
51,71,125,8e-06,2e-06,1e-06,0.128003,False,0,16.8972
51,72,124,1.1e-05,3e-06,2e-06,0.127653,False,0,16.8974
51,73,123,1.1e-05,3e-06,2e-06,0.127308,False,0,16.8974
51,74,122,1.8e-05,5e-06,3e-06,0.126989,False,0,16.8978
51,75,121,2.6e-05,7e-06,5e-06,0.126653,False,0,16.8981
51,76,120,1.5e-05,4e-06,3e-06,0.12636,False,0,16.8976
51,77,119,2.6e-05,7e-06,5e-06,0.126091,False,0,16.8982
51,78,118,5.1e-05,1.3e-05,9e-06,0.125845,False,0,16.899
51,79,117,2.9e-05,7e-06,5e-06,0.125637,False,0,16.8982
51,80,116,3.8e-05,9e-06,7e-06,0.125478,False,0,16.8985
51,81,115,3e-05,7e-06,5e-06,0.125308,False,0,16.8983
51,82,114,3.5e-05,9e-06,6e-06,0.125132,False,0,16.8984
51,83,113,1.7e-05,4e-06,3e-06,0.124956,False,0,16.8978
51,84,112,2.6e-05,7e-06,4e-06,0.124783,False,0,16.8981
51,85,111,5.6e-05,1.4e-05,1e-05,0.124612,False,0,16.8991
51,86,110,2.1e-05,5e-06,4e-06,0.124446,False,0,16.8979
51,87,109,2.6e-05,7e-06,5e-06,0.124306,False,0,16.8981
51,88,108,2.7e-05,7e-06,5e-06,0.124204,False,0,16.8982
51,89,107,7.9e-05,2e-05,1.4e-05,0.124125,False,0,16.8997
51,90,106,7.6e-05,1.9e-05,1.3e-05,0.124003,False,0,16.8996
51,91,105,5.2e-05,1.3e-05,9e-06,0.12391,False,0,16.899
51,92,104,3.2e-05,8e-06,5e-06,0.123814,False,0,16.8983
51,93,103,6.7e-05,1.7e-05,1.2e-05,0.12376,False,0,16.8994
51,94,102,4.3e-05,1.1e-05,8e-06,0.123699,False,0,16.8987
51,95,101,2.2e-05,5e-06,4e-06,0.123674,False,0,16.8979
51,96,100,5.5e-05,1.4e-05,9e-06,0.123637,False,0,16.899
51,97,99,7e-05,1.8e-05,1.2e-05,0.123583,False,0,16.8995
51,98,98,5.2e-05,1.3e-05,9e-06,0.123534,False,0,16.899
51,99,97,3.9e-05,1e-05,7e-06,0.123486,False,0,16.8986
51,100,96,7.5e-05,1.9e-05,1.3e-05,0.123445,False,0,16.8996
51,101,95,8.7e-05,2.2e-05,1.5e-05,0.123401,False,0,16.8999
51,102,94,9.5e-05,2.4e-05,1.7e-05,0.123344,False,0,16.9001
51,103,93,4.9e-05,1.2e-05,8e-06,0.123263,False,0,16.8988
51,104,92,4.3e-05,1.1e-05,8e-06,0.12324,False,0,16.8987
51,105,91,5.2e-05,1.3e-05,9e-06,0.123217,False,0,16.899
51,106,90,5.9e-05,1.5e-05,1e-05,0.123224,False,0,16.899
51,107,89,7.6e-05,1.9e-05,1.4e-05,0.123201,False,0,16.8996
51,108,88,7.2e-05,1.8e-05,1.3e-05,0.123175,False,0,16.8995
51,109,87,7.8e-05,2e-05,1.4e-05,0.123182,False,0,16.8997
51,110,86,8e-05,2e-05,1.4e-05,0.12319,False,0,16.8997
51,111,85,6.2e-05,1.5e-05,1.1e-05,0.12322,False,0,16.8993
51,112,84,8.2e-05,2.1e-05,1.5e-05,0.123241,False,0,16.8998
51,113,83,9.8e-05,2.5e-05,1.7e-05,0.123296,False,0,16.9001
51,114,82,9.8e-05,2.5e-05,1.7e-05,0.123333,False,0,16.9001
51,115,81,7.9e-05,2e-05,1.3e-05,0.123416,False,0,16.8996
51,116,80,6.9e-05,1.7e-05,1.2e-05,0.123521,False,0,16.8995
51,117,79,0.00012,3e-05,2.1e-05,0.123642,False,0,16.9006
51,118,78,0.000125,3.1e-05,2.2e-05,0.123724,False,0,16.9006
53,52,125,1.3e-05,3e-06,2e-06,0.144332,True,0,16.8948
53,53,125,5e-06,1e-06,1e-06,0.142443,False,0,16.8952
53,54,125,5e-06,1e-06,1e-06,0.140803,False,0,16.8959
53,55,125,6e-06,1e-06,1e-06,0.13931,False,0,16.8952
53,56,125,3e-06,1e-06,1e-06,0.137954,False,0,16.8962
53,57,125,1e-06,0.0,0.0,0.136763,False,0,16.8961
53,58,125,0.0,0.0,0.0,0.135719,False,0,16.8959
53,59,125,2e-06,0.0,0.0,0.134805,False,0,16.8955
53,60,125,8e-06,2e-06,2e-06,0.133942,False,0,16.8967
53,61,125,3e-06,1e-06,1e-06,0.133111,False,0,16.8966
53,62,125,0.0,0.0,0.0,0.132373,False,0,16.8961
53,63,125,5e-06,1e-06,1e-06,0.131705,False,0,16.8968
53,64,125,8e-06,2e-06,1e-06,0.131078,False,0,16.8972
53,65,125,7e-06,2e-06,1e-06,0.130487,False,0,16.897
53,66,125,3e-06,1e-06,1e-06,0.129971,False,0,16.8969
53,67,125,1.1e-05,3e-06,2e-06,0.129478,False,0,16.8974
53,68,125,8e-06,2e-06,1e-06,0.128974,False,0,16.8972
53,69,125,2.3e-05,6e-06,4e-06,0.128487,False,0,16.898
53,70,125,8e-06,2e-06,1e-06,0.128051,False,0,16.8972
53,71,124,1.2e-05,3e-06,2e-06,0.127658,False,0,16.8975
53,72,123,1.3e-05,3e-06,2e-06,0.127326,False,0,16.8975
53,73,122,3.8e-05,9e-06,7e-06,0.127009,False,0,16.8986
53,74,121,5e-05,1.3e-05,9e-06,0.126707,False,0,16.8989
53,75,120,4.3e-05,1.1e-05,7e-06,0.126419,False,0,16.8987
53,76,119,3.7e-05,9e-06,6e-06,0.126113,False,0,16.8985
53,77,118,1.9e-05,5e-06,3e-06,0.125805,False,0,16.8978
53,78,117,1.8e-05,5e-06,3e-06,0.125541,False,0,16.8978
53,79,116,2.9e-05,7e-06,5e-06,0.125332,False,0,16.8982
53,80,115,4.8e-05,1.2e-05,9e-06,0.125144,False,0,16.8989
53,81,114,1.5e-05,4e-06,3e-06,0.124929,False,0,16.8971
53,82,113,6e-06,2e-06,1e-06,0.124741,False,0,16.897
53,83,112,1.2e-05,3e-06,2e-06,0.124597,False,0,16.8973
53,84,111,1.1e-05,3e-06,2e-06,0.124461,False,0,16.8974
53,85,110,2.4e-05,6e-06,4e-06,0.124355,False,0,16.8981
53,86,109,2.5e-05,6e-06,4e-06,0.124222,False,0,16.8981
53,87,108,6.1e-05,1.5e-05,1e-05,0.124125,False,0,16.8992
53,88,107,5.3e-05,1.3e-05,1e-05,0.124011,False,0,16.8991
53,89,106,3.8e-05,1e-05,6e-06,0.123894,False,0,16.8985
53,90,105,3.9e-05,1e-05,7e-06,0.123761,False,0,16.8986
53,91,104,4.2e-05,1e-05,8e-06,0.123646,False,0,16.8987
53,92,103,2.6e-05,6e-06,4e-06,0.123549,False,0,16.898
53,93,102,8.1e-05,2e-05,1.4e-05,0.12348,False,0,16.8998
53,94,101,6e-05,1.5e-05,1e-05,0.123434,False,0,16.8992
53,95,100,5.9e-05,1.5e-05,1e-05,0.123403,False,0,16.899
53,96,99,4.6e-05,1.1e-05,9e-06,0.123334,False,0,16.8988
53,97,98,4e-05,1e-05,7e-06,0.123254,False,0,16.8987
53,98,97,7.3e-05,1.8e-05,1.3e-05,0.123221,False,0,16.8995
53,99,96,7.4e-05,1.9e-05,1.3e-05,0.123163,False,0,16.8996
53,100,95,9.7e-05,2.4e-05,1.7e-05,0.123104,False,0,16.9001
53,101,94,7.6e-05,1.9e-05,1.3e-05,0.123057,False,0,16.8996
53,102,93,7.1e-05,1.8e-05,1.3e-05,0.123039,False,0,16.8996
53,103,92,9.4e-05,2.3e-05,1.6e-05,0.123028,False,0,16.9
53,104,91,0.000116,2.9e-05,2.1e-05,0.123026,False,0,16.9005
53,105,90,1e-04,2.5e-05,1.7e-05,0.123044,False,0,16.9001
53,106,89,9.8e-05,2.5e-05,1.7e-05,0.123054,False,0,16.9001
53,107,88,1e-04,2.5e-05,1.7e-05,0.123071,False,0,16.9001
53,108,87,0.000111,2.8e-05,2e-05,0.123095,False,0,16.9004
55,52,125,9e-06,2e-06,1e-06,0.145765,True,0,16.895
55,53,125,5e-06,1e-06,1e-06,0.143842,True,0,16.8953
55,54,125,8e-06,2e-06,2e-06,0.142168,False,0,16.8965
55,55,125,2e-06,1e-06,1e-06,0.140654,False,0,16.8964
55,56,125,1e-06,0.0,0.0,0.13935,False,0,16.8959
55,57,125,2e-06,0.0,0.0,0.138134,False,0,16.8964
55,58,125,2e-06,0.0,1e-06,0.137051,False,0,16.8963
55,59,125,0.0,-0.0,0.0,0.136095,False,0,16.8961
55,60,125,4e-06,1e-06,1e-06,0.135154,False,0,16.8965
55,61,125,1.5e-05,4e-06,3e-06,0.134316,False,0,16.8976
55,62,125,1.5e-05,4e-06,3e-06,0.133541,False,0,16.8974
55,63,125,1.1e-05,3e-06,2e-06,0.132892,False,0,16.8974
55,64,125,8e-06,2e-06,2e-06,0.132286,False,0,16.8971
55,65,125,2.9e-05,7e-06,5e-06,0.131677,False,0,16.8982
55,66,125,2.4e-05,6e-06,5e-06,0.131118,False,0,16.898
55,67,125,1.1e-05,3e-06,2e-06,0.130602,False,0,16.8974
55,68,125,8e-06,2e-06,2e-06,0.130124,False,0,16.8969
55,69,125,4e-06,1e-06,1e-06,0.12966,False,0,16.8968
55,70,125,1e-05,3e-06,2e-06,0.129255,False,0,16.8973
55,71,125,7e-06,2e-06,1e-06,0.128863,False,0,16.8971
55,72,125,1.5e-05,4e-06,3e-06,0.128506,False,0,16.8975
55,73,125,3.5e-05,9e-06,6e-06,0.128131,False,0,16.8985
55,74,125,1.9e-05,5e-06,3e-06,0.127785,False,0,16.8978
55,75,125,1.6e-05,4e-06,3e-06,0.127451,False,0,16.8977
55,76,125,8e-06,2e-06,2e-06,0.127141,False,0,16.8972
55,77,125,1.5e-05,4e-06,3e-06,0.126832,False,0,16.8976
55,78,125,2.8e-05,7e-06,5e-06,0.12651,False,0,16.8982
55,79,125,2.4e-05,6e-06,4e-06,0.126258,False,0,16.898
55,80,125,1.2e-05,3e-06,2e-06,0.126037,False,0,16.8974
55,81,125,1e-05,3e-06,2e-06,0.125846,False,0,16.8974
55,82,125,3.2e-05,8e-06,6e-06,0.125665,False,0,16.8984
55,83,125,2.8e-05,7e-06,5e-06,0.125518,False,0,16.8982
55,84,125,3.6e-05,9e-06,7e-06,0.125352,False,0,16.8985
55,85,125,2.3e-05,6e-06,4e-06,0.125213,False,0,16.898
55,86,125,1.8e-05,4e-06,3e-06,0.125059,False,0,16.8977
55,87,125,5.7e-05,1.4e-05,1e-05,0.124953,False,0,16.8991
55,88,125,1.6e-05,4e-06,3e-06,0.124805,False,0,16.8976
55,89,125,2.5e-05,6e-06,4e-06,0.124688,False,0,16.8981
55,90,125,4.5e-05,1.1e-05,8e-06,0.124561,False,0,16.8988
55,91,125,8.7e-05,2.2e-05,1.5e-05,0.124457,False,0,16.8998
55,92,125,6.7e-05,1.7e-05,1.2e-05,0.12437,False,0,16.8994
55,93,125,5.3e-05,1.3e-05,9e-06,0.12428,False,0,16.899
55,94,125,3.9e-05,1e-05,7e-06,0.124202,False,0,16.8986
55,95,125,3.5e-05,9e-06,6e-06,0.124107,False,0,16.8984
55,96,125,4e-05,1e-05,7e-06,0.124045,False,0,16.8986
55,97,125,4.1e-05,1e-05,7e-06,0.123961,False,0,16.8987
55,98,125,7.1e-05,1.8e-05,1.2e-05,0.123879,False,0,16.8995
55,99,125,5e-05,1.3e-05,9e-06,0.123803,False,0,16.8989
55,100,125,4.3e-05,1.1e-05,7e-06,0.123741,False,0,16.8987
55,101,125,5.3e-05,1.3e-05,9e-06,0.1237,False,0,16.899
55,102,125,8.1e-05,2e-05,1.4e-05,0.123674,False,0,16.8998
55,103,125,5.2e-05,1.3e-05,9e-06,0.123639,False,0,16.899
55,104,125,7.4e-05,1.9e-05,1.3e-05,0.123614,False,0,16.8996
55,105,125,5.8e-05,1.5e-05,1e-05,0.123595,False,0,16.8991
55,106,125,7.2e-05,1.8e-05,1.3e-05,0.123585,False,0,16.8996
55,107,125,6.3e-05,1.6e-05,1.1e-05,0.123574,False,0,16.8993
55,108,125,4.3e-05,1.1e-05,7e-06,0.123592,False,0,16.8987
55,109,125,2.2e-05,5e-06,4e-06,0.123591,False,0,16.898
55,110,125,2.3e-05,6e-06,4e-06,0.123616,False,0,16.8981
55,111,125,5.6e-05,1.4e-05,9e-06,0.123591,False,0,16.899
55,112,125,6.2e-05,1.6e-05,1.1e-05,0.123591,False,0,16.8993
55,113,125,4.1e-05,1e-05,7e-06,0.123585,False,0,16.8987
55,114,125,3.3e-05,8e-06,6e-06,0.123612,False,0,16.8984
55,115,125,6.1e-05,1.5e-05,1.2e-05,0.123599,False,0,16.8993
55,116,125,2.8e-05,7e-06,5e-06,0.123597,False,0,16.8981
55,117,125,6.1e-05,1.6e-05,1.1e-05,0.123587,False,0,16.8993
55,118,125,8.1e-05,2e-05,1.4e-05,0.123612,False,0,16.8998
55,119,125,0.000114,2.9e-05,2e-05,0.123642,False,0,16.9005
55,120,125,9.2e-05,2.3e-05,1.6e-05,0.123689,False,0,16.8999
55,121,125,0.000103,2.6e-05,1.8e-05,0.123743,False,0,16.9002
55,122,125,0.000106,2.7e-05,1.9e-05,0.123769,False,0,16.9003
55,123,125,0.000109,2.7e-05,1.9e-05,0.123797,False,0,16.9003
55,124,125,0.000107,2.7e-05,1.9e-05,0.123844,False,0,16.9003
55,125,125,0.000117,2.9e-05,2e-05,0.123894,False,0,16.9005
55,126,125,0.000105,2.6e-05,1.8e-05,0.123967,False,0,16.9002
55,127,125,0.000112,2.8e-05,1.9e-05,0.12401,False,0,16.9004
55,128,125,9.2e-05,2.3e-05,1.6e-05,0.124053,False,0,16.8999
55,129,125,0.000117,3e-05,2.1e-05,0.124097,False,0,16.9005
55,130,125,0.000104,2.6e-05,1.8e-05,0.124177,False,0,16.9002
55,131,125,0.000119,3e-05,2.1e-05,0.124287,False,0,16.9006
55,132,125,7.2e-05,1.8e-05,1.3e-05,0.124377,False,0,16.8995
55,133,125,9.2e-05,2.3e-05,1.6e-05,0.124444,False,0,16.9
55,134,124,8.7e-05,2.2e-05,1.5e-05,0.124504,False,0,16.8999
55,135,123,0.000116,2.9e-05,2e-05,0.124572,False,0,16.9005
55,136,122,0.000102,2.6e-05,1.8e-05,0.124604,False,0,16.9002
55,137,121,0.00014,3.5e-05,2.4e-05,0.124693,False,0,16.9009
55,138,120,0.000154,3.9e-05,2.8e-05,0.124831,False,0,16.9012
55,139,119,0.000142,3.6e-05,2.4e-05,0.12499,False,0,16.9008
55,140,118,0.000161,4e-05,2.8e-05,0.125103,False,0,16.9013
55,141,117,0.000171,4.3e-05,3e-05,0.125178,False,0,16.9014
55,142,116,0.000156,3.9e-05,2.7e-05,0.125251,False,0,16.9011
55,143,115,0.000158,4e-05,2.7e-05,0.125357,False,0,16.9012
55,144,114,0.000112,2.8e-05,1.9e-05,0.125437,False,0,16.9004
55,145,113,9.9e-05,2.5e-05,1.7e-05,0.125563,False,0,16.9001
55,146,112,0.000167,4.2e-05,2.9e-05,0.12567,False,0,16.9014
55,147,111,0.000166,4.2e-05,2.8e-05,0.125811,False,0,16.9013
55,148,110,0.000135,3.4e-05,2.3e-05,0.125913,False,0,16.9008
55,149,109,0.000143,3.6e-05,2.5e-05,0.126054,False,0,16.901
55,150,108,0.000171,4.3e-05,3e-05,0.126186,False,0,16.9014
55,151,107,0.000181,4.6e-05,3.1e-05,0.126306,False,0,16.9016
55,152,106,0.000167,4.2e-05,2.9e-05,0.12638,False,0,16.9014
55,153,105,0.000121,3e-05,2.1e-05,0.126485,False,0,16.9005
55,154,104,0.000178,4.5e-05,3.1e-05,0.126597,False,0,16.9015
55,155,103,0.000163,4.1e-05,2.8e-05,0.12671,False,0,16.9013
55,156,102,0.000178,4.5e-05,3.1e-05,0.126808,False,0,16.9015
55,157,101,0.000176,4.4e-05,3.1e-05,0.126929,False,0,16.9015
55,158,100,0.000223,5.6e-05,3.9e-05,0.127066,False,0,16.9022
55,159,99,0.000246,6.2e-05,4.2e-05,0.127198,False,0,16.9025
55,160,98,0.0002,5e-05,3.5e-05,0.127346,False,0,16.9019
55,161,97,0.000172,4.3e-05,3e-05,0.127468,False,0,16.9014
55,162,96,0.000136,3.4e-05,2.4e-05,0.127605,False,0,16.9008
55,163,95,0.000121,3.1e-05,2e-05,0.127736,False,0,16.9004
55,164,94,0.000177,4.4e-05,3.1e-05,0.127898,False,0,16.9015
55,165,93,0.00016,4e-05,2.8e-05,0.12805,False,0,16.9012
55,166,92,0.000149,3.7e-05,2.6e-05,0.128221,False,0,16.901
55,167,91,0.000173,4.4e-05,3e-05,0.128363,False,0,16.9014
55,168,90,0.000174,4.4e-05,3e-05,0.128527,False,0,16.9014
55,169,89,0.000186,4.7e-05,3.2e-05,0.12868,False,0,16.9017
55,170,88,0.000202,5.1e-05,3.5e-05,0.128828,False,0,16.9019
55,171,87,0.000163,4.1e-05,2.8e-05,0.128962,False,0,16.9012
55,172,86,0.000232,5.8e-05,4e-05,0.129117,False,0,16.9023
55,173,85,0.000258,6.4e-05,4.5e-05,0.1293,False,0,16.9027
55,174,84,0.000284,7.1e-05,4.9e-05,0.129481,False,0,16.9029
55,175,83,0.000211,5.3e-05,3.6e-05,0.129642,False,0,16.9019
55,176,82,0.000205,5.2e-05,3.6e-05,0.129829,False,0,16.902
55,177,81,0.000164,4.1e-05,2.8e-05,0.129989,False,0,16.9012
55,178,80,0.000237,5.9e-05,4.1e-05,0.130218,False,0,16.9023
55,179,79,0.000322,8.1e-05,5.6e-05,0.130425,False,0,16.9034
55,180,78,0.000314,7.9e-05,5.4e-05,0.130656,False,0,16.9033
55,181,77,0.000305,7.7e-05,5.2e-05,0.130866,False,0,16.9031
55,182,76,0.000302,7.6e-05,5.2e-05,0.13105,False,0,16.9031
55,183,75,0.000282,7.1e-05,4.8e-05,0.131247,False,0,16.9029
55,184,74,0.000231,5.8e-05,4e-05,0.131438,False,0,16.9023
55,185,73,0.000207,5.2e-05,3.6e-05,0.131659,False,0,16.9019
55,186,72,0.000219,5.5e-05,3.7e-05,0.131871,False,0,16.9021
55,187,71,0.00019,4.8e-05,3.3e-05,0.132011,False,0,16.9017
55,188,70,0.00018,4.5e-05,3.1e-05,0.132143,False,0,16.9015
55,189,69,0.000264,6.6e-05,4.7e-05,0.132272,False,0,16.9028
55,190,68,0.000327,8.2e-05,5.7e-05,0.132491,False,0,16.9035
55,191,67,0.000283,7.1e-05,4.9e-05,0.132708,False,0,16.9029
55,192,66,0.000292,7.3e-05,5e-05,0.132918,False,0,16.903
55,193,65,0.000298,7.5e-05,5.2e-05,0.133129,False,0,16.9031
55,194,64,0.00031,7.8e-05,5.3e-05,0.133379,False,0,16.9032
55,195,63,0.000304,7.6e-05,5.2e-05,0.133618,False,0,16.9032
55,196,62,0.000328,8.2e-05,5.6e-05,0.133824,False,0,16.9034
55,197,61,0.000328,8.2e-05,5.7e-05,0.133996,False,0,16.9035
55,198,60,0.000287,7.2e-05,5e-05,0.134144,False,0,16.903
55,199,59,0.000285,7.1e-05,4.9e-05,0.134346,False,0,16.9029
55,200,58,0.000365,9.1e-05,6.3e-05,0.134574,False,0,16.9039
55,201,57,0.000371,9.3e-05,6.4e-05,0.134864,False,0,16.9039
55,202,56,0.00035,8.8e-05,6.1e-05,0.135178,False,0,16.9037
55,203,55,0.000378,9.5e-05,6.5e-05,0.135539,False,0,16.9039
56,52,125,2e-06,1e-06,0.0,0.146351,True,0,16.8963
56,53,125,2e-06,1e-06,1e-06,0.144426,True,0,16.8964
56,54,125,9e-06,2e-06,2e-06,0.142806,False,0,16.8972
56,55,125,9e-06,2e-06,2e-06,0.141335,False,0,16.8972
56,56,125,8e-06,2e-06,1e-06,0.140023,False,0,16.897
56,57,125,1.3e-05,3e-06,3e-06,0.138877,False,0,16.8975
56,58,125,8e-06,2e-06,1e-06,0.137846,False,0,16.8972
56,59,125,1.6e-05,4e-06,3e-06,0.136916,False,0,16.8976
56,60,125,1.6e-05,4e-06,3e-06,0.136076,False,0,16.8976
56,61,125,1.2e-05,3e-06,2e-06,0.135275,False,0,16.8975
56,62,125,2.7e-05,7e-06,5e-06,0.134554,False,0,16.8981
56,63,125,1.3e-05,3e-06,2e-06,0.133892,False,0,16.8974
56,64,125,1.3e-05,3e-06,2e-06,0.133236,False,0,16.8975
56,65,125,2.2e-05,5e-06,4e-06,0.132632,False,0,16.8977
56,66,125,9e-06,2e-06,2e-06,0.132057,False,0,16.8973
56,67,125,2e-06,1e-06,0.0,0.131514,False,0,16.8964
56,68,125,2e-06,1e-06,0.0,0.131036,False,0,16.8966
56,69,125,2.5e-05,6e-06,5e-06,0.130627,False,0,16.8978
56,70,125,4e-06,1e-06,1e-06,0.130223,False,0,16.8965
56,71,125,6e-06,2e-06,1e-06,0.129819,False,0,16.897
56,72,125,3e-06,1e-06,1e-06,0.129459,False,0,16.8966
56,73,125,1.2e-05,3e-06,2e-06,0.12915,False,0,16.8974
56,74,125,2.2e-05,5e-06,4e-06,0.128863,False,0,16.898
56,75,125,4.4e-05,1.1e-05,7e-06,0.128553,False,0,16.8987
56,76,125,4.1e-05,1e-05,7e-06,0.128255,False,0,16.8987
56,77,125,2.6e-05,7e-06,5e-06,0.127972,False,0,16.8982
56,78,125,1.8e-05,4e-06,3e-06,0.127739,False,0,16.8978
56,79,125,3.8e-05,9e-06,7e-06,0.127486,False,0,16.8986
56,80,125,1.4e-05,4e-06,2e-06,0.127229,False,0,16.8975
56,81,125,5e-05,1.3e-05,9e-06,0.127008,False,0,16.899
56,82,125,1.9e-05,5e-06,3e-06,0.126763,False,0,16.8978
56,83,125,3.4e-05,8e-06,6e-06,0.126573,False,0,16.8985
56,84,125,5.8e-05,1.4e-05,1.1e-05,0.126406,False,0,16.8992
56,85,125,3.1e-05,8e-06,5e-06,0.126253,False,0,16.8983
56,86,125,3.5e-05,8e-06,6e-06,0.126073,False,0,16.8984
56,87,125,3.5e-05,9e-06,6e-06,0.125896,False,0,16.8985
56,88,125,4.8e-05,1.2e-05,8e-06,0.125742,False,0,16.8988
56,89,125,4.2e-05,1e-05,7e-06,0.12561,False,0,16.8986
56,90,125,2.2e-05,5e-06,4e-06,0.125451,False,0,16.898
56,91,125,5.3e-05,1.3e-05,9e-06,0.125329,False,0,16.8991
56,92,125,2.8e-05,7e-06,5e-06,0.125262,False,0,16.8981
56,93,125,2.4e-05,6e-06,4e-06,0.125214,False,0,16.898
56,94,125,3.3e-05,8e-06,6e-06,0.125126,False,0,16.8984
56,95,125,1e-04,2.5e-05,1.8e-05,0.125104,False,0,16.9002
56,96,125,8.5e-05,2.1e-05,1.5e-05,0.125031,False,0,16.8998
56,97,125,0.000129,3.2e-05,2.2e-05,0.124943,False,0,16.9007
56,98,125,0.000105,2.7e-05,1.9e-05,0.124801,False,0,16.9002
56,99,125,8.4e-05,2.1e-05,1.4e-05,0.124716,False,0,16.8997
56,100,125,4.3e-05,1.1e-05,7e-06,0.124643,False,0,16.8987
56,101,125,5.9e-05,1.5e-05,1.1e-05,0.124609,False,0,16.8992
56,102,125,5.4e-05,1.4e-05,1e-05,0.124558,False,0,16.8991
56,103,125,6.5e-05,1.6e-05,1.2e-05,0.124523,False,0,16.8994
56,104,125,7e-05,1.7e-05,1.2e-05,0.124455,False,0,16.8994
56,105,125,9.8e-05,2.5e-05,1.7e-05,0.124448,False,0,16.9001
56,106,125,7.9e-05,2e-05,1.4e-05,0.124471,False,0,16.8997
56,107,125,9.3e-05,2.3e-05,1.6e-05,0.124505,False,0,16.9
56,108,125,8e-05,2e-05,1.4e-05,0.124513,False,0,16.8997
56,109,125,0.000146,3.7e-05,2.6e-05,0.124507,False,0,16.9011
56,110,125,9.1e-05,2.3e-05,1.5e-05,0.124508,False,0,16.8999
56,111,125,9.8e-05,2.5e-05,1.7e-05,0.124509,False,0,16.9002
56,112,125,0.000102,2.6e-05,1.8e-05,0.124498,False,0,16.9002
56,113,125,0.000136,3.4e-05,2.4e-05,0.124507,False,0,16.9009
56,114,125,0.000108,2.7e-05,1.8e-05,0.124518,False,0,16.9002
56,115,125,0.000137,3.5e-05,2.4e-05,0.124548,False,0,16.9009
56,116,125,0.000128,3.2e-05,2.2e-05,0.124536,False,0,16.9007
56,117,125,0.00015,3.8e-05,2.5e-05,0.124565,False,0,16.901
56,118,125,0.00012,3e-05,2.1e-05,0.124581,False,0,16.9005
56,119,125,0.000114,2.9e-05,2e-05,0.124588,False,0,16.9005
56,120,125,0.000101,2.5e-05,1.7e-05,0.124616,False,0,16.9001
56,121,125,9.9e-05,2.5e-05,1.7e-05,0.12465,False,0,16.9001
56,122,125,7.8e-05,2e-05,1.4e-05,0.124703,False,0,16.8997
56,123,125,8.6e-05,2.2e-05,1.5e-05,0.124712,False,0,16.8999
56,124,125,0.000117,2.9e-05,2e-05,0.124756,False,0,16.9005
56,125,125,0.000137,3.5e-05,2.4e-05,0.124783,False,0,16.9009
56,126,125,0.000139,3.5e-05,2.4e-05,0.124815,False,0,16.9009
56,127,125,0.000118,3e-05,2e-05,0.124794,False,0,16.9005
56,128,125,9.2e-05,2.3e-05,1.6e-05,0.124824,False,0,16.9
56,129,125,0.000117,2.9e-05,2e-05,0.124848,False,0,16.9005
56,130,125,6.7e-05,1.7e-05,1.1e-05,0.124934,False,0,16.8993
56,131,124,9.7e-05,2.4e-05,1.7e-05,0.12499,False,0,16.9001
56,132,123,1e-04,2.5e-05,1.7e-05,0.125088,False,0,16.9001
56,133,122,0.000158,4e-05,2.8e-05,0.12516,False,0,16.9013
56,134,121,0.000114,2.9e-05,2e-05,0.125237,False,0,16.9004
56,135,120,0.00012,3e-05,2.1e-05,0.125331,False,0,16.9005
56,136,119,0.000134,3.4e-05,2.3e-05,0.125431,False,0,16.9008
56,137,118,0.000141,3.6e-05,2.5e-05,0.125496,False,0,16.9009
56,138,117,0.000104,2.6e-05,1.8e-05,0.125596,False,0,16.9001
56,139,116,0.000141,3.6e-05,2.5e-05,0.125703,False,0,16.9009
56,140,115,0.000181,4.6e-05,3.2e-05,0.125852,False,0,16.9016
56,141,114,0.000182,4.6e-05,3.1e-05,0.125959,False,0,16.9015
56,142,113,0.000227,5.7e-05,4e-05,0.126051,False,0,16.9023
56,143,112,0.0002,5e-05,3.4e-05,0.126136,False,0,16.9018
56,144,111,0.000151,3.8e-05,2.6e-05,0.126273,False,0,16.901
56,145,110,0.000184,4.6e-05,3.1e-05,0.126337,False,0,16.9015
56,146,109,0.000196,4.9e-05,3.5e-05,0.126428,False,0,16.9018
56,147,108,0.000152,3.8e-05,2.6e-05,0.126496,False,0,16.901
56,148,107,0.000132,3.3e-05,2.3e-05,0.126586,False,0,16.9007
56,149,106,0.000117,2.9e-05,2e-05,0.126642,False,0,16.9004
56,150,105,0.000109,2.7e-05,1.9e-05,0.126703,False,0,16.9003
56,151,104,0.000143,3.6e-05,2.4e-05,0.126814,False,0,16.9009
56,152,103,0.000259,6.5e-05,4.6e-05,0.126919,False,0,16.9027
56,153,102,0.000225,5.6e-05,3.8e-05,0.127045,False,0,16.902
56,154,101,0.000183,4.6e-05,3.1e-05,0.127173,False,0,16.9016
56,155,100,0.000156,3.9e-05,2.7e-05,0.127248,False,0,16.9012
56,156,99,0.000139,3.5e-05,2.4e-05,0.127334,False,0,16.9007
56,157,98,0.000133,3.3e-05,2.3e-05,0.127375,False,0,16.9008
56,158,97,0.000178,4.5e-05,3e-05,0.127483,False,0,16.9015
56,159,96,0.000225,5.6e-05,3.9e-05,0.127561,False,0,16.9022
56,160,95,0.000204,5.1e-05,3.5e-05,0.127692,False,0,16.9019
56,161,94,0.000231,5.8e-05,4e-05,0.127816,False,0,16.9023
56,162,93,0.000203,5.1e-05,3.5e-05,0.127947,False,0,16.9019
57,52,125,1e-06,0.0,0.0,0.145665,True,0,16.8959
57,53,125,3e-06,1e-06,1e-06,0.143726,True,0,16.8964
57,54,125,2e-06,1e-06,0.0,0.14204,False,0,16.8956
57,55,125,2e-06,1e-06,1e-06,0.140608,False,0,16.8966
57,56,125,1.5e-05,4e-06,3e-06,0.139349,False,0,16.8976
57,57,125,1.7e-05,4e-06,3e-06,0.138259,False,0,16.8977
57,58,125,2e-05,5e-06,4e-06,0.137222,False,0,16.8978
57,59,125,9e-06,2e-06,2e-06,0.136291,False,0,16.8972
57,60,125,3.3e-05,9e-06,6e-06,0.135457,False,0,16.8984
57,61,125,5e-05,1.3e-05,9e-06,0.134702,False,0,16.8989
57,62,125,5.3e-05,1.3e-05,9e-06,0.133996,False,0,16.899
57,63,125,2.2e-05,6e-06,4e-06,0.133303,False,0,16.898
57,64,125,2.1e-05,5e-06,4e-06,0.132641,False,0,16.8979
57,65,125,6e-06,1e-06,1e-06,0.132001,False,0,16.8967
57,66,125,1e-06,0.0,0.0,0.131415,False,0,16.8962
57,67,125,1e-05,3e-06,2e-06,0.13088,False,0,16.8973
57,68,125,1.6e-05,4e-06,3e-06,0.130406,False,0,16.8976
57,69,125,1.9e-05,5e-06,3e-06,0.129987,False,0,16.8978
57,70,125,4.4e-05,1.1e-05,8e-06,0.129593,False,0,16.8988
57,71,125,2.1e-05,5e-06,4e-06,0.129215,False,0,16.8979
57,72,125,1.8e-05,5e-06,3e-06,0.128866,False,0,16.8978
57,73,125,6e-06,2e-06,1e-06,0.128491,False,0,16.897
57,74,125,3e-06,1e-06,1e-06,0.128151,False,0,16.8958
57,75,125,9e-06,2e-06,2e-06,0.127833,False,0,16.8951
57,76,125,3e-06,1e-06,1e-06,0.127536,False,0,16.8964
57,77,125,5e-06,1e-06,1e-06,0.127247,False,0,16.8969
57,78,125,5e-06,1e-06,1e-06,0.127002,False,0,16.8968
57,79,125,8e-06,2e-06,2e-06,0.1268,False,0,16.8972
57,80,125,1.1e-05,3e-06,2e-06,0.126589,False,0,16.8973
57,81,125,8e-06,2e-06,1e-06,0.126363,False,0,16.8972
57,82,125,5e-06,1e-06,1e-06,0.126199,False,0,16.8968
57,83,125,7e-06,2e-06,1e-06,0.126016,False,0,16.8971
57,84,125,2.1e-05,5e-06,4e-06,0.125853,False,0,16.8979
57,85,125,3.6e-05,9e-06,6e-06,0.125664,False,0,16.8984
57,86,125,2.4e-05,6e-06,4e-06,0.1255,False,0,16.898
57,87,125,1.4e-05,3e-06,2e-06,0.125355,False,0,16.8975
57,88,125,2.1e-05,5e-06,4e-06,0.125238,False,0,16.8979
57,89,125,1.4e-05,3e-06,2e-06,0.125137,False,0,16.8975
57,90,125,2.8e-05,7e-06,5e-06,0.125035,False,0,16.8983
57,91,125,5.4e-05,1.3e-05,9e-06,0.124872,False,0,16.899
57,92,125,5.7e-05,1.4e-05,1.1e-05,0.124755,False,0,16.8992
57,93,125,5.5e-05,1.4e-05,9e-06,0.124639,False,0,16.8991
57,94,125,5.4e-05,1.3e-05,1e-05,0.124521,False,0,16.8991
57,95,125,4.6e-05,1.2e-05,8e-06,0.124409,False,0,16.8988
57,96,125,6.2e-05,1.6e-05,1.1e-05,0.124347,False,0,16.8992
57,97,125,5.5e-05,1.4e-05,9e-06,0.124288,False,0,16.8991
57,98,125,5.1e-05,1.2e-05,9e-06,0.12424,False,0,16.899
57,99,125,4.2e-05,1.1e-05,7e-06,0.124158,False,0,16.8987
57,100,125,4.5e-05,1.1e-05,8e-06,0.124136,False,0,16.8988
57,101,125,4.3e-05,1.1e-05,7e-06,0.124112,False,0,16.8987
57,102,125,7.9e-05,2e-05,1.4e-05,0.124111,False,0,16.8997
57,103,125,5.4e-05,1.3e-05,9e-06,0.124115,False,0,16.899
57,104,125,4.8e-05,1.2e-05,9e-06,0.124134,False,0,16.8989
57,105,125,7.4e-05,1.9e-05,1.3e-05,0.124118,False,0,16.8996
57,106,125,7.1e-05,1.8e-05,1.2e-05,0.124083,False,0,16.8995
57,107,125,7.2e-05,1.8e-05,1.2e-05,0.124034,False,0,16.8995
57,108,125,5.6e-05,1.4e-05,1e-05,0.124018,False,0,16.8991
57,109,125,9.7e-05,2.4e-05,1.7e-05,0.124047,False,0,16.9001
57,110,125,0.000104,2.6e-05,1.8e-05,0.124008,False,0,16.9002
57,111,125,9.6e-05,2.4e-05,1.7e-05,0.123963,False,0,16.9001
57,112,125,6.1e-05,1.5e-05,1.1e-05,0.123899,False,0,16.8992
57,113,125,5.3e-05,1.3e-05,9e-06,0.123865,False,0,16.899
57,114,125,5.6e-05,1.4e-05,9e-06,0.123843,False,0,16.8991
57,115,125,8.2e-05,2.1e-05,1.5e-05,0.123868,False,0,16.8998
57,116,125,5.3e-05,1.3e-05,9e-06,0.123937,False,0,16.899
57,117,125,9.3e-05,2.3e-05,1.6e-05,0.124018,False,0,16.9
57,118,125,0.000104,2.6e-05,1.8e-05,0.124083,False,0,16.9002
57,119,125,0.000127,3.2e-05,2.2e-05,0.124115,False,0,16.9007
57,120,125,0.000123,3.1e-05,2.1e-05,0.124149,False,0,16.9006
57,121,125,8.3e-05,2.1e-05,1.4e-05,0.124161,False,0,16.8998
57,122,124,6.1e-05,1.5e-05,1.1e-05,0.124185,False,0,16.8992
57,123,123,8.5e-05,2.1e-05,1.5e-05,0.124218,False,0,16.8999
57,124,122,6.4e-05,1.6e-05,1.1e-05,0.124261,False,0,16.8993
57,125,121,4.8e-05,1.2e-05,8e-06,0.124309,False,0,16.8988
57,126,120,3.5e-05,9e-06,6e-06,0.124349,False,0,16.8985
57,127,119,5.8e-05,1.5e-05,1e-05,0.124406,False,0,16.8992
57,128,118,4.9e-05,1.2e-05,8e-06,0.124455,False,0,16.8988
57,129,117,6.2e-05,1.5e-05,1.1e-05,0.124496,False,0,16.8993
57,130,116,7.3e-05,1.8e-05,1.3e-05,0.124542,False,0,16.8995
57,131,115,9.1e-05,2.3e-05,1.6e-05,0.124624,False,0,16.9
57,132,114,0.00013,3.2e-05,2.2e-05,0.124703,False,0,16.9007
57,133,113,8.8e-05,2.2e-05,1.5e-05,0.124811,False,0,16.8999
57,134,112,9.7e-05,2.5e-05,1.7e-05,0.1249,False,0,16.9001
57,135,111,9.6e-05,2.4e-05,1.7e-05,0.124992,False,0,16.9001
57,136,110,7.1e-05,1.8e-05,1.2e-05,0.125086,False,0,16.8993
57,137,109,8.8e-05,2.2e-05,1.6e-05,0.125188,False,0,16.8999
57,138,108,7.3e-05,1.8e-05,1.3e-05,0.125284,False,0,16.8995
57,139,107,0.000139,3.5e-05,2.4e-05,0.125355,False,0,16.9009
57,140,106,0.000156,3.9e-05,2.7e-05,0.125436,False,0,16.9012
57,141,105,0.000127,3.2e-05,2.2e-05,0.125521,False,0,16.9006
57,142,104,0.000103,2.6e-05,1.8e-05,0.125602,False,0,16.9002
57,143,103,0.000134,3.4e-05,2.3e-05,0.12572,False,0,16.9007
57,144,102,0.000147,3.7e-05,2.5e-05,0.125849,False,0,16.901
57,145,101,0.000142,3.6e-05,2.4e-05,0.125989,False,0,16.9008
57,146,100,0.000139,3.5e-05,2.4e-05,0.126084,False,0,16.9009
57,147,99,0.000116,2.9e-05,2e-05,0.126171,False,0,16.9004
57,148,98,9.6e-05,2.4e-05,1.6e-05,0.126222,False,0,16.9
57,149,97,0.000105,2.6e-05,1.8e-05,0.126292,False,0,16.9003
57,150,96,0.000119,3e-05,2.1e-05,0.126378,False,0,16.9005
57,151,95,0.00012,3e-05,2.1e-05,0.126475,False,0,16.9005
57,152,94,0.000165,4.2e-05,2.8e-05,0.126564,False,0,16.9013
57,153,93,0.000179,4.5e-05,3e-05,0.126673,False,0,16.9015
57,154,92,0.000198,5e-05,3.4e-05,0.12682,False,0,16.9018
57,155,91,0.000216,5.4e-05,3.7e-05,0.12697,False,0,16.902
57,156,90,0.000252,6.3e-05,4.4e-05,0.127157,False,0,16.9026
57,157,89,0.000277,6.9e-05,4.8e-05,0.127318,False,0,16.9029
57,158,88,0.000243,6.1e-05,4.2e-05,0.127486,False,0,16.9024
58,52,107,7e-06,2e-06,1e-06,0.143809,True,0,16.895
58,53,106,3e-06,1e-06,1e-06,0.14193,False,0,16.8954
58,54,105,2e-06,0.0,0.0,0.140279,False,0,16.8965
58,55,104,6e-06,1e-06,1e-06,0.138831,False,0,16.897
58,56,103,2e-06,1e-06,1e-06,0.137543,False,0,16.8967
58,57,102,4e-06,1e-06,1e-06,0.136388,False,0,16.8969
58,58,101,1e-05,2e-06,2e-06,0.13535,False,0,16.8973
58,59,100,5e-06,1e-06,1e-06,0.134384,False,0,16.8968
58,60,99,2e-06,0.0,0.0,0.133497,False,0,16.8964
58,61,98,8e-06,2e-06,2e-06,0.132683,False,0,16.8971
58,62,97,2e-06,1e-06,0.0,0.131954,False,0,16.8965
58,63,96,6e-06,2e-06,1e-06,0.13129,False,0,16.897
58,64,95,1e-06,0.0,0.0,0.130664,False,0,16.8964
58,65,94,9e-06,2e-06,2e-06,0.130055,False,0,16.897
58,66,93,2e-06,0.0,0.0,0.129483,False,0,16.8957
58,67,92,7e-06,2e-06,2e-06,0.128982,False,0,16.8971
58,68,91,3e-06,1e-06,1e-06,0.128482,False,0,16.8967
58,69,90,1.4e-05,4e-06,3e-06,0.12803,False,0,16.8976
58,70,89,6e-06,2e-06,1e-06,0.1276,False,0,16.897
58,71,88,1e-06,0.0,0.0,0.127185,False,0,16.8964
58,72,87,2e-06,0.0,0.0,0.126797,False,0,16.8963
58,73,86,4e-06,1e-06,1e-06,0.126478,False,0,16.8968
58,74,85,8e-06,2e-06,2e-06,0.126176,False,0,16.8972
58,75,84,2.5e-05,6e-06,4e-06,0.125892,False,0,16.8981
58,76,83,1.3e-05,3e-06,3e-06,0.125607,False,0,16.8975
58,77,82,1e-05,3e-06,2e-06,0.125328,False,0,16.897
58,78,81,1.2e-05,3e-06,2e-06,0.125073,False,0,16.8973
58,79,80,3.1e-05,8e-06,6e-06,0.124846,False,0,16.8983
58,80,79,1.9e-05,5e-06,3e-06,0.124629,False,0,16.8977
58,81,78,1.2e-05,3e-06,2e-06,0.124387,False,0,16.8975
58,82,77,1.9e-05,5e-06,3e-06,0.124147,False,0,16.8978
58,83,76,1.7e-05,4e-06,3e-06,0.123959,False,0,16.8977
58,84,75,1.6e-05,4e-06,3e-06,0.123785,False,0,16.8977
58,85,74,1.5e-05,4e-06,3e-06,0.123656,False,0,16.8976
58,86,73,2.1e-05,5e-06,4e-06,0.123537,False,0,16.8979
58,87,72,9e-06,2e-06,2e-06,0.123436,False,0,16.8973
58,88,71,2e-05,5e-06,4e-06,0.123334,False,0,16.8979
58,89,70,4e-05,1e-05,7e-06,0.123222,False,0,16.8986
58,90,69,3.8e-05,9e-06,6e-06,0.123111,False,0,16.8985
58,91,68,3.8e-05,9e-06,7e-06,0.123034,False,0,16.8986
58,92,67,9e-06,2e-06,2e-06,0.122954,False,0,16.8972
58,93,66,1.6e-05,4e-06,3e-06,0.122913,False,0,16.8976
58,94,65,4.2e-05,1.1e-05,7e-06,0.12287,False,0,16.8986
58,95,64,5.3e-05,1.3e-05,9e-06,0.122802,False,0,16.8991
58,96,63,4.3e-05,1.1e-05,8e-06,0.122763,False,0,16.8988
58,97,62,4.5e-05,1.2e-05,8e-06,0.122703,False,0,16.8988
58,98,61,5.2e-05,1.3e-05,9e-06,0.122668,False,0,16.8989
58,99,60,6e-05,1.5e-05,1.1e-05,0.122639,False,0,16.8993
58,100,59,7.3e-05,1.8e-05,1.3e-05,0.122593,False,0,16.8995
58,101,58,4.9e-05,1.2e-05,9e-06,0.122588,False,0,16.8989
58,102,57,5.3e-05,1.3e-05,9e-06,0.12258,False,0,16.899
58,103,56,5.4e-05,1.4e-05,9e-06,0.122586,False,0,16.899
58,104,55,1e-04,2.5e-05,1.7e-05,0.122633,False,0,16.9002
58,105,54,6.7e-05,1.7e-05,1.2e-05,0.122683,False,0,16.8994
58,106,53,0.000103,2.6e-05,1.7e-05,0.122758,False,0,16.9001
58,107,52,8e-05,2e-05,1.4e-05,0.122797,False,0,16.8997
58,108,51,7.5e-05,1.9e-05,1.3e-05,0.122821,False,0,16.8996
58,109,50,0.000131,3.3e-05,2.3e-05,0.122916,False,0,16.9007
58,110,49,0.00013,3.3e-05,2.3e-05,0.123032,False,0,16.9007
58,111,48,0.000161,4e-05,2.8e-05,0.123149,False,0,16.9013
58,112,47,0.000153,3.8e-05,2.6e-05,0.12323,False,0,16.9011
58,113,46,0.00015,3.8e-05,2.6e-05,0.123284,False,0,16.901
58,114,45,0.000145,3.6e-05,2.5e-05,0.123377,False,0,16.901
58,115,44,0.000189,4.7e-05,3.3e-05,0.123502,False,0,16.9017
58,116,43,0.0002,5e-05,3.5e-05,0.123644,False,0,16.9019
58,117,42,0.000155,3.9e-05,2.6e-05,0.123764,False,0,16.9011
58,118,41,0.000154,3.9e-05,2.7e-05,0.123886,False,0,16.9012
58,119,40,0.000138,3.5e-05,2.4e-05,0.123987,False,0,16.9009
59,52,125,3e-06,1e-06,1e-06,0.145339,True,0,16.8967
59,53,125,2.4e-05,6e-06,4e-06,0.143407,True,0,16.8979
59,54,125,2.4e-05,6e-06,4e-06,0.141753,False,0,16.898
59,55,125,8e-06,2e-06,1e-06,0.140299,False,0,16.8972
59,56,125,9e-06,2e-06,2e-06,0.138989,False,0,16.8972
59,57,125,4e-06,1e-06,1e-06,0.137795,False,0,16.8968
59,58,125,6e-06,1e-06,1e-06,0.136724,False,0,16.897
59,59,125,2.2e-05,5e-06,4e-06,0.135783,False,0,16.898
59,60,125,1.2e-05,3e-06,2e-06,0.134895,False,0,16.8974
59,61,125,2.5e-05,6e-06,5e-06,0.134086,False,0,16.8981
59,62,125,1.1e-05,3e-06,2e-06,0.133345,False,0,16.8973
59,63,125,4.9e-05,1.2e-05,9e-06,0.132679,False,0,16.8989
59,64,125,1.2e-05,3e-06,2e-06,0.132045,False,0,16.8974
59,65,125,3e-05,7e-06,5e-06,0.131434,False,0,16.8983
59,66,125,3.8e-05,9e-06,6e-06,0.130909,False,0,16.8984
59,67,125,3.8e-05,1e-05,7e-06,0.130426,False,0,16.8986
59,68,125,5e-06,1e-06,1e-06,0.129992,False,0,16.8969
59,69,125,3e-06,0.0,1e-06,0.129574,False,0,16.8967
59,70,125,1.1e-05,3e-06,2e-06,0.129166,False,0,16.8972
59,71,125,3.6e-05,9e-06,6e-06,0.128774,False,0,16.8985
59,72,125,5.4e-05,1.4e-05,1e-05,0.128405,False,0,16.8991
59,73,125,4.5e-05,1.1e-05,8e-06,0.128147,False,0,16.8988
59,74,124,7.1e-05,1.8e-05,1.2e-05,0.127922,False,0,16.8995
59,75,123,5.1e-05,1.3e-05,9e-06,0.127759,False,0,16.899
59,76,122,2.1e-05,5e-06,4e-06,0.127487,False,0,16.8979
59,77,121,5.3e-05,1.3e-05,9e-06,0.127243,False,0,16.899
59,78,120,4.1e-05,1e-05,7e-06,0.126967,False,0,16.8987
59,79,119,4.2e-05,1e-05,8e-06,0.126722,False,0,16.8987
59,80,118,2.2e-05,5e-06,4e-06,0.126492,False,0,16.898
59,81,117,1.9e-05,5e-06,4e-06,0.126297,False,0,16.8979
59,82,116,2.7e-05,7e-06,5e-06,0.126124,False,0,16.8982
59,83,115,4.2e-05,1.1e-05,7e-06,0.12596,False,0,16.8987
59,84,114,4.2e-05,1.1e-05,8e-06,0.125785,False,0,16.8987
59,85,113,2.8e-05,7e-06,5e-06,0.125614,False,0,16.8982
59,86,112,4e-05,1e-05,7e-06,0.125454,False,0,16.8986
59,87,111,5e-05,1.3e-05,9e-06,0.12532,False,0,16.8989
59,88,110,5.3e-05,1.3e-05,9e-06,0.125205,False,0,16.899
59,89,109,9.2e-05,2.3e-05,1.6e-05,0.125132,False,0,16.9
59,90,108,9.9e-05,2.5e-05,1.7e-05,0.125054,False,0,16.9002
59,91,107,9.2e-05,2.3e-05,1.6e-05,0.124986,False,0,16.8999
59,92,106,5.6e-05,1.4e-05,1e-05,0.124909,False,0,16.8991
59,93,105,7e-05,1.8e-05,1.2e-05,0.124877,False,0,16.8995
59,94,104,5.4e-05,1.4e-05,9e-06,0.124821,False,0,16.899
59,95,103,9.7e-05,2.4e-05,1.7e-05,0.124757,False,0,16.9001
59,96,102,7.3e-05,1.8e-05,1.2e-05,0.12472,False,0,16.8995
59,97,101,5.5e-05,1.4e-05,1e-05,0.124732,False,0,16.8991
59,98,100,6.2e-05,1.6e-05,1.1e-05,0.12474,False,0,16.8993
59,99,99,6.1e-05,1.5e-05,1.1e-05,0.124702,False,0,16.8993
59,100,98,0.000101,2.5e-05,1.7e-05,0.12467,False,0,16.9
59,101,97,0.000137,3.4e-05,2.4e-05,0.124661,False,0,16.9009
59,102,96,0.000145,3.6e-05,2.5e-05,0.124671,False,0,16.9009
59,103,95,0.000105,2.6e-05,1.8e-05,0.124633,False,0,16.9002
59,104,94,0.000107,2.7e-05,1.9e-05,0.124591,False,0,16.9003
59,105,93,0.000113,2.9e-05,2e-05,0.124566,False,0,16.9004
59,106,92,0.000142,3.6e-05,2.4e-05,0.124586,False,0,16.9009
59,107,91,0.000158,4e-05,2.8e-05,0.12466,False,0,16.9012
59,108,90,0.000159,4e-05,2.7e-05,0.124749,False,0,16.9011
59,109,89,0.00017,4.2e-05,2.9e-05,0.124808,False,0,16.9014
59,110,88,0.000144,3.6e-05,2.5e-05,0.124858,False,0,16.901
59,111,87,0.000117,2.9e-05,2e-05,0.124887,False,0,16.9003
59,112,86,0.000141,3.6e-05,2.5e-05,0.124932,False,0,16.9009
59,113,85,0.000145,3.6e-05,2.5e-05,0.124976,False,0,16.9009
59,114,84,0.000203,5.1e-05,3.6e-05,0.125075,False,0,16.9019
59,115,83,0.000185,4.7e-05,3.1e-05,0.125188,False,0,16.9015
59,116,82,0.000205,5.1e-05,3.6e-05,0.125252,False,0,16.902
59,117,81,0.000184,4.6e-05,3.1e-05,0.125293,False,0,16.9015
59,118,80,0.000157,3.9e-05,2.7e-05,0.125329,False,0,16.9011
59,119,79,0.000181,4.6e-05,3.1e-05,0.125418,False,0,16.9015
59,120,78,0.000194,4.9e-05,3.4e-05,0.12553,False,0,16.9018
59,121,77,0.000167,4.2e-05,2.9e-05,0.125645,False,0,16.9013
59,122,76,0.000187,4.7e-05,3.2e-05,0.125745,False,0,16.9016
59,123,75,0.000201,5e-05,3.4e-05,0.125746,False,0,16.9017
59,124,74,0.000197,4.9e-05,3.4e-05,0.125747,False,0,16.9017
59,125,73,0.000236,5.9e-05,4.2e-05,0.125739,False,0,16.9024
59,126,72,0.000197,4.9e-05,3.4e-05,0.125871,False,0,16.9017
59,127,71,0.000194,4.9e-05,3.3e-05,0.125969,False,0,16.9017
59,128,70,0.000211,5.3e-05,3.6e-05,0.126062,False,0,16.9019
59,129,69,0.000156,3.9e-05,2.7e-05,0.126116,False,0,16.9011
59,130,68,0.000232,5.8e-05,4.1e-05,0.126245,False,0,16.9023
59,131,67,0.000286,7.2e-05,4.9e-05,0.126414,False,0,16.9029
59,132,66,0.000235,5.9e-05,4.1e-05,0.126575,False,0,16.9023
59,133,65,0.000177,4.4e-05,3e-05,0.126704,False,0,16.9014
59,134,64,0.000211,5.3e-05,3.6e-05,0.126831,False,0,16.9019
59,135,63,0.000245,6.2e-05,4.2e-05,0.126972,False,0,16.9024
59,136,62,0.000283,7.1e-05,4.9e-05,0.12715,False,0,16.903
59,137,61,0.000272,6.8e-05,4.6e-05,0.127336,False,0,16.9027
59,138,60,0.000304,7.6e-05,5.2e-05,0.127527,False,0,16.9031
59,139,59,0.000242,6.1e-05,4.2e-05,0.127711,False,0,16.9023
59,140,58,0.000255,6.4e-05,4.3e-05,0.127892,False,0,16.9024
59,141,57,0.000284,7.1e-05,4.9e-05,0.128036,False,0,16.9029
59,142,56,0.000354,8.9e-05,6.1e-05,0.128244,False,0,16.9037
59,143,55,0.000347,8.7e-05,6e-05,0.128462,False,0,16.9037
59,144,54,0.000301,7.6e-05,5.2e-05,0.128688,False,0,16.9031
59,145,53,0.000284,7.1e-05,4.8e-05,0.12886,False,0,16.9028
59,146,52,0.000368,9.2e-05,6.4e-05,0.129057,False,0,16.9039
59,147,51,0.000373,9.3e-05,6.4e-05,0.129257,False,0,16.9039
59,148,50,0.000315,7.9e-05,5.4e-05,0.129483,False,0,16.9033
59,149,49,0.000281,7e-05,4.8e-05,0.129721,False,0,16.9028
60,52,125,7e-06,2e-06,1e-06,0.145576,True,0,16.8971
60,53,125,6e-06,1e-06,1e-06,0.143647,True,0,16.8971
60,54,125,8e-06,2e-06,2e-06,0.142,False,0,16.8971
60,55,125,6e-06,2e-06,1e-06,0.140494,False,0,16.897
60,56,125,6e-06,1e-06,1e-06,0.139204,False,0,16.8969
60,57,125,2.3e-05,6e-06,4e-06,0.138019,False,0,16.898
60,58,125,2.4e-05,6e-06,4e-06,0.136982,False,0,16.898
60,59,125,1.8e-05,5e-06,3e-06,0.136016,False,0,16.8977
60,60,125,3.5e-05,9e-06,6e-06,0.135173,False,0,16.8985
60,61,125,1e-05,3e-06,2e-06,0.13438,False,0,16.8973
60,62,125,2e-05,5e-06,4e-06,0.133656,False,0,16.8979
60,63,125,1.2e-05,3e-06,3e-06,0.132948,False,0,16.8974
60,64,125,8e-06,2e-06,1e-06,0.132337,False,0,16.8969
60,65,125,1.8e-05,4e-06,3e-06,0.131784,False,0,16.8978
60,66,125,9e-06,3e-06,2e-06,0.131267,False,0,16.8973
60,67,125,2e-06,1e-06,0.0,0.130731,False,0,16.8962
60,68,125,7e-06,2e-06,1e-06,0.130217,False,0,16.8971
60,69,125,4.3e-05,1.1e-05,8e-06,0.129749,False,0,16.8988
60,70,125,5.1e-05,1.3e-05,9e-06,0.129358,False,0,16.899
60,71,125,4.3e-05,1.1e-05,8e-06,0.128964,False,0,16.8988
60,72,125,4.4e-05,1.1e-05,8e-06,0.128621,False,0,16.8988
60,73,125,5.7e-05,1.4e-05,1e-05,0.128278,False,0,16.8991
60,74,125,3.1e-05,8e-06,5e-06,0.127961,False,0,16.8983
60,75,125,3.6e-05,9e-06,7e-06,0.12769,False,0,16.8986
60,76,125,3.7e-05,9e-06,6e-06,0.127439,False,0,16.8985
60,77,125,6e-05,1.5e-05,1.1e-05,0.127181,False,0,16.8992
60,78,125,4.9e-05,1.3e-05,9e-06,0.126949,False,0,16.8989
60,79,125,5.8e-05,1.5e-05,1e-05,0.126715,False,0,16.8991
60,80,125,5.4e-05,1.3e-05,9e-06,0.126504,False,0,16.8991
60,81,125,3e-05,8e-06,5e-06,0.126298,False,0,16.8982
60,82,125,3e-05,8e-06,5e-06,0.126117,False,0,16.8983
60,83,125,3.7e-05,1e-05,7e-06,0.125912,False,0,16.8986
60,84,125,1.4e-05,4e-06,3e-06,0.12573,False,0,16.8976
60,85,125,3e-05,8e-06,5e-06,0.12555,False,0,16.8982
60,86,125,2.4e-05,6e-06,5e-06,0.125401,False,0,16.898
60,87,125,5.4e-05,1.3e-05,9e-06,0.125317,False,0,16.8989
60,88,125,6.5e-05,1.6e-05,1.2e-05,0.125204,False,0,16.8994
60,89,125,6.8e-05,1.7e-05,1.2e-05,0.125108,False,0,16.8994
60,90,125,0.000119,3e-05,2.1e-05,0.125004,False,0,16.9005
60,91,125,8.1e-05,2e-05,1.4e-05,0.124935,False,0,16.8997
60,92,125,8.1e-05,2e-05,1.4e-05,0.124877,False,0,16.8998
60,93,125,6.6e-05,1.6e-05,1.1e-05,0.124814,False,0,16.8994
60,94,125,8.2e-05,2.1e-05,1.4e-05,0.124739,False,0,16.8998
60,95,125,9.1e-05,2.3e-05,1.6e-05,0.124679,False,0,16.8999
60,96,125,0.000105,2.6e-05,1.9e-05,0.124655,False,0,16.9003
60,97,125,7.8e-05,2e-05,1.3e-05,0.124662,False,0,16.8996
60,98,125,9.4e-05,2.4e-05,1.6e-05,0.124616,False,0,16.9
60,99,125,0.000105,2.7e-05,1.8e-05,0.124618,False,0,16.9002
60,100,125,0.000162,4.1e-05,2.9e-05,0.124595,False,0,16.9013
60,101,125,0.000112,2.8e-05,1.9e-05,0.12459,False,0,16.9003
60,102,125,8.1e-05,2e-05,1.4e-05,0.124603,False,0,16.8996
60,103,125,7.7e-05,1.9e-05,1.3e-05,0.124569,False,0,16.8997
60,104,125,9.6e-05,2.4e-05,1.7e-05,0.124547,False,0,16.9001
60,105,125,7.5e-05,1.9e-05,1.3e-05,0.124538,False,0,16.8996
60,106,125,0.000122,3.1e-05,2e-05,0.12453,False,0,16.9005
60,107,125,0.000122,3.1e-05,2.1e-05,0.124518,False,0,16.9006
60,108,125,0.000117,2.9e-05,2e-05,0.124488,False,0,16.9004
60,109,125,0.000112,2.8e-05,2e-05,0.124487,False,0,16.9004
60,110,125,8.3e-05,2.1e-05,1.4e-05,0.12445,False,0,16.8998
60,111,125,6.7e-05,1.7e-05,1.2e-05,0.124456,False,0,16.8994
60,112,125,6.6e-05,1.7e-05,1.2e-05,0.124423,False,0,16.8994
61,52,125,0.00027,6.7e-05,4.6e-05,0.144599,True,0,16.8895
61,53,125,0.00016,4e-05,2.7e-05,0.142656,False,0,16.8909
61,54,125,0.000177,4.4e-05,3e-05,0.140965,False,0,16.8908
61,55,125,0.000201,5e-05,3.4e-05,0.139516,False,0,16.8903
61,56,125,0.000154,3.9e-05,2.6e-05,0.138216,False,0,16.8911
61,57,125,0.000129,3.2e-05,2.3e-05,0.137038,False,0,16.8915
61,58,125,0.000214,5.3e-05,3.6e-05,0.135966,False,0,16.8902
61,59,125,0.000333,8.4e-05,5.7e-05,0.134973,False,0,16.8887
61,60,125,0.000295,7.4e-05,5.1e-05,0.134113,False,0,16.889
61,61,125,0.000228,5.7e-05,3.9e-05,0.133304,False,0,16.89
61,62,125,0.000204,5.1e-05,3.5e-05,0.132563,False,0,16.8903
61,63,125,0.000252,6.3e-05,4.3e-05,0.131873,False,0,16.8897
61,64,125,0.000228,5.7e-05,3.9e-05,0.131207,False,0,16.8899
61,65,125,0.000181,4.5e-05,3.1e-05,0.130578,False,0,16.8906
61,66,125,8.7e-05,2.2e-05,1.5e-05,0.130008,False,0,16.8923
61,67,125,9.6e-05,2.4e-05,1.6e-05,0.129489,False,0,16.8921
61,68,125,0.00014,3.5e-05,2.4e-05,0.128977,False,0,16.8914
61,69,125,0.00018,4.5e-05,3.1e-05,0.128522,False,0,16.8907
61,70,125,0.000217,5.4e-05,3.7e-05,0.128091,False,0,16.8901
61,71,125,0.000201,5e-05,3.4e-05,0.127706,False,0,16.8904
61,72,125,0.000236,5.9e-05,4e-05,0.127322,False,0,16.8899
61,73,125,0.000214,5.4e-05,3.6e-05,0.126947,False,0,16.8903
61,74,125,0.000247,6.2e-05,4.2e-05,0.12661,False,0,16.8897
61,75,125,0.000156,3.9e-05,2.6e-05,0.12627,False,0,16.891
61,76,125,0.000113,2.8e-05,1.9e-05,0.12596,False,0,16.8919
61,77,125,0.000131,3.3e-05,2.2e-05,0.12567,False,0,16.8915
61,78,125,0.000132,3.3e-05,2.3e-05,0.12539,False,0,16.8915
62,52,125,0.001242,0.00031,0.000212,0.154187,True,0,16.8818
62,53,125,0.000845,0.000211,0.000144,0.152222,True,0,16.8844
62,54,125,0.000618,0.000155,0.000106,0.150453,True,0,16.886
62,55,125,0.000763,0.000191,0.00013,0.14897,True,0,16.8849
62,56,125,0.000678,0.00017,0.000117,0.147597,True,0,16.8855
62,57,125,0.000867,0.000217,0.000148,0.146482,True,0,16.8845
62,58,125,0.001329,0.000332,0.000228,0.145468,True,0,16.8813
62,59,125,0.001049,0.000262,0.000179,0.14444,True,0,16.883
62,60,125,0.00079,0.000197,0.000135,0.143343,True,0,16.8847
62,61,125,0.000743,0.000185,0.000128,0.142321,False,0,16.8851
62,62,125,0.000798,0.000199,0.000137,0.141421,False,0,16.8847
62,63,125,0.00081,0.000202,0.00014,0.140658,False,0,16.8844
62,64,125,0.000672,0.000168,0.000114,0.139964,False,0,16.8856
62,65,125,0.000612,0.000153,0.000104,0.139182,False,0,16.8861
62,66,125,0.000608,0.000152,0.000104,0.138418,False,0,16.8861
62,67,125,0.000687,0.000171,0.000117,0.137591,False,0,16.8855
62,68,125,0.000698,0.000174,0.00012,0.136893,False,0,16.8853
62,69,125,0.000717,0.000179,0.000123,0.136216,False,0,16.8852
62,70,125,0.000748,0.000187,0.000129,0.135733,False,0,16.8849
62,71,125,0.000836,0.000209,0.000142,0.135311,False,0,16.8845
62,72,125,0.001002,0.00025,0.000172,0.134949,False,0,16.8833
62,73,125,0.001247,0.000311,0.000213,0.134601,False,0,16.8818
62,74,125,0.000851,0.000213,0.000147,0.134078,False,0,16.8842
62,75,125,0.000681,0.00017,0.000117,0.133524,False,0,16.8854
62,76,125,0.000526,0.000131,9e-05,0.133029,False,0,16.8868
62,77,125,0.000424,0.000106,7.2e-05,0.132617,False,0,16.8877
62,78,125,0.000356,8.9e-05,6.1e-05,0.132249,False,0,16.8885
62,79,125,0.000403,0.000101,6.9e-05,0.131934,False,0,16.8879
62,80,125,0.000554,0.000138,9.3e-05,0.131669,False,0,16.8866
62,81,125,0.000583,0.000146,0.000101,0.131317,False,0,16.8862
62,82,125,0.000515,0.000129,8.8e-05,0.130948,False,0,16.887
62,83,125,0.000413,0.000103,7e-05,0.130531,False,0,16.8879
62,84,125,0.00044,0.00011,7.5e-05,0.13026,False,0,16.8876
62,85,125,0.000511,0.000128,8.7e-05,0.130053,False,0,16.8869
62,86,125,0.000449,0.000112,7.6e-05,0.129853,False,0,16.8875
62,87,125,0.000421,0.000105,7.3e-05,0.129682,False,0,16.8877
62,88,125,0.000541,0.000135,9.3e-05,0.129424,False,0,16.8866
62,89,125,0.000701,0.000175,0.00012,0.129044,False,0,16.8854
62,90,125,0.000695,0.000174,0.00012,0.12863,False,0,16.8853
62,91,125,0.000535,0.000134,9e-05,0.128314,False,0,16.8868
62,92,125,0.000387,9.7e-05,6.6e-05,0.128067,False,0,16.8881
62,93,125,0.000446,0.000111,7.6e-05,0.127868,False,0,16.8875
62,94,125,0.000481,0.00012,8.2e-05,0.127621,False,0,16.8872
62,95,125,0.000446,0.000112,7.5e-05,0.127311,False,0,16.8876
62,96,125,0.000354,8.9e-05,6e-05,0.126975,False,0,16.8885
62,97,125,0.000303,7.6e-05,5.1e-05,0.126639,False,0,16.8891
62,98,125,0.000316,7.9e-05,5.4e-05,0.126249,False,0,16.8889
62,99,125,0.000307,7.7e-05,5.2e-05,0.126039,False,0,16.889
62,100,125,0.000312,7.8e-05,5.3e-05,0.125891,False,0,16.8889
62,101,125,0.000251,6.3e-05,4.3e-05,0.125648,False,0,16.8897
62,102,125,0.000302,7.6e-05,5.2e-05,0.125417,False,0,16.8891
62,103,125,0.000336,8.4e-05,5.7e-05,0.12532,False,0,16.8888
62,104,125,0.00051,0.000128,8.8e-05,0.125274,False,0,16.8868
62,105,125,0.000421,0.000105,7.1e-05,0.125224,False,0,16.8878
62,106,125,0.000341,8.5e-05,5.8e-05,0.125135,False,0,16.8887
62,107,125,0.000384,9.6e-05,6.7e-05,0.124846,False,0,16.888
62,108,125,0.000332,8.3e-05,5.6e-05,0.12455,False,0,16.8887
62,109,125,0.000305,7.6e-05,5.2e-05,0.124397,False,0,16.889
62,110,125,0.000385,9.6e-05,6.6e-05,0.124321,False,0,16.8882
62,111,125,0.000285,7.1e-05,4.9e-05,0.124245,False,0,16.8892
62,112,125,0.000273,6.8e-05,4.6e-05,0.124158,False,0,16.8895
62,113,125,0.000349,8.7e-05,6e-05,0.12409,False,0,16.8885
62,114,125,0.000481,0.00012,8.2e-05,0.124052,False,0,16.8872
62,115,125,0.000373,9.3e-05,6.4e-05,0.124007,False,0,16.8883
62,116,125,0.000338,8.4e-05,5.8e-05,0.123971,False,0,16.8885
62,117,125,0.000266,6.7e-05,4.6e-05,0.123963,False,0,16.8894
62,118,125,0.000226,5.7e-05,3.8e-05,0.123929,False,0,16.8901
62,119,125,0.000239,6e-05,4e-05,0.123898,False,0,16.89
62,120,125,0.000195,4.9e-05,3.4e-05,0.123835,False,0,16.8904
62,121,125,0.000255,6.4e-05,4.3e-05,0.123713,False,0,16.8896
62,122,125,0.000226,5.7e-05,3.9e-05,0.123476,False,0,16.8899
62,123,125,0.000274,6.9e-05,4.7e-05,0.123241,False,0,16.8894
62,124,125,0.00034,8.5e-05,5.9e-05,0.123174,False,0,16.8885
62,125,125,0.000374,9.3e-05,6.3e-05,0.123176,False,0,16.8883
62,126,125,0.000383,9.6e-05,6.5e-05,0.123201,False,0,16.8882
62,127,125,0.000349,8.7e-05,6e-05,0.123228,False,0,16.8885
62,128,125,0.00028,7e-05,4.8e-05,0.12323,False,0,16.8894
62,129,125,0.000237,5.9e-05,4.1e-05,0.123235,False,0,16.8898
62,130,125,0.000224,5.6e-05,3.8e-05,0.123209,False,0,16.8902
62,131,125,0.00034,8.5e-05,5.9e-05,0.123179,False,0,16.8885
62,132,125,0.000268,6.7e-05,4.5e-05,0.123208,False,0,16.8895
62,133,125,0.000124,3.1e-05,2.1e-05,0.123226,False,0,16.8916
62,134,125,5.1e-05,1.3e-05,9e-06,0.123252,False,0,16.8934
62,135,125,6.7e-05,1.7e-05,1.2e-05,0.12324,False,0,16.8927
62,136,125,9.1e-05,2.3e-05,1.5e-05,0.123229,False,0,16.8923
62,137,125,0.000119,3e-05,2.1e-05,0.123191,False,0,16.8916
62,138,125,0.000156,3.9e-05,2.6e-05,0.123201,False,0,16.8911
62,139,125,0.000135,3.4e-05,2.3e-05,0.123197,False,0,16.8915
62,140,125,0.000129,3.3e-05,2.2e-05,0.123205,False,0,16.8915
62,141,125,7e-05,1.8e-05,1.2e-05,0.12321,False,0,16.8929
62,142,125,0.000158,4e-05,2.7e-05,0.123263,False,0,16.8909
62,143,125,0.000233,5.8e-05,4e-05,0.123303,False,0,16.8898
62,144,125,0.000152,3.8e-05,2.6e-05,0.123354,False,0,16.8911
62,145,125,9.9e-05,2.4e-05,1.6e-05,0.123414,False,0,16.8923
62,146,125,0.000178,4.5e-05,3.1e-05,0.123462,False,0,16.8906
62,147,125,0.00021,5.3e-05,3.5e-05,0.123508,False,0,16.8903
62,148,125,0.000217,5.4e-05,3.7e-05,0.12354,False,0,16.8901
62,149,125,0.000229,5.7e-05,3.9e-05,0.123587,False,0,16.8899
62,150,125,0.000162,4e-05,2.7e-05,0.123643,False,0,16.891
62,151,125,9.3e-05,2.3e-05,1.6e-05,0.1237,False,0,16.8921
62,152,125,5.7e-05,1.4e-05,1e-05,0.123733,False,0,16.893
62,153,125,6.2e-05,1.6e-05,1.1e-05,0.123732,False,0,16.8929
62,154,125,8.4e-05,2.1e-05,1.4e-05,0.123739,False,0,16.8924
62,155,125,0.000109,2.7e-05,1.8e-05,0.123749,False,0,16.8918
62,156,125,0.000107,2.7e-05,1.8e-05,0.12375,False,0,16.8919
62,157,125,7.7e-05,1.9e-05,1.3e-05,0.123738,False,0,16.8926
62,158,124,3.3e-05,8e-06,5e-06,0.123746,False,0,16.8939
62,159,123,1.5e-05,4e-06,2e-06,0.123758,False,0,16.8946
62,160,122,2.6e-05,6e-06,4e-06,0.1238,False,0,16.894
62,161,121,5.7e-05,1.4e-05,9e-06,0.123857,False,0,16.8931
62,162,120,4.5e-05,1.1e-05,8e-06,0.12389,False,0,16.8933
62,163,119,3.9e-05,1e-05,6e-06,0.123926,False,0,16.8937
62,164,118,3.2e-05,8e-06,5e-06,0.123961,False,0,16.8939
62,165,117,4.2e-05,1.1e-05,7e-06,0.124009,False,0,16.8935
62,166,116,5.7e-05,1.4e-05,9e-06,0.12405,False,0,16.8931
62,167,115,3.2e-05,8e-06,5e-06,0.124062,False,0,16.8938
62,168,114,1.8e-05,4e-06,3e-06,0.124096,False,0,16.8944
62,169,113,2e-06,1e-06,0.0,0.12414,False,0,16.8955
62,170,112,4e-06,1e-06,1e-06,0.124162,False,0,16.8953
62,171,111,1e-05,3e-06,2e-06,0.12419,False,0,16.8948
62,172,110,1.1e-05,3e-06,2e-06,0.124228,False,0,16.8948
62,173,109,2.5e-05,6e-06,4e-06,0.124259,False,0,16.8941
62,174,108,2.8e-05,7e-06,5e-06,0.124296,False,0,16.8939
62,175,107,2e-05,5e-06,3e-06,0.124334,False,0,16.8944
62,176,106,1.3e-05,3e-06,2e-06,0.124371,False,0,16.8948
62,177,105,6e-06,2e-06,1e-06,0.124418,False,0,16.8952
62,178,104,2e-06,1e-06,0.0,0.124473,False,0,16.896
62,179,103,1e-06,-0.0,0.0,0.124493,False,0,16.8961
62,180,102,1e-06,0.0,0.0,0.124506,False,0,16.8958
62,181,101,1e-06,0.0,0.0,0.124562,False,0,16.8957
62,182,100,6e-06,1e-06,1e-06,0.124637,False,0,16.8952
62,183,99,1.6e-05,4e-06,3e-06,0.124707,False,0,16.8945
62,184,98,3e-06,1e-06,1e-06,0.124756,False,0,16.8954
62,185,97,7e-06,2e-06,2e-06,0.1248,False,0,16.897
62,186,96,5e-06,1e-06,1e-06,0.12489,False,0,16.8959
62,187,95,5e-06,1e-06,1e-06,0.124953,False,0,16.8968
62,188,94,2e-06,1e-06,1e-06,0.12502,False,0,16.896
62,189,93,1.3e-05,4e-06,2e-06,0.125079,False,0,16.8975
62,190,92,1.1e-05,3e-06,2e-06,0.125164,False,0,16.8973
62,191,91,2e-05,5e-06,4e-06,0.12523,False,0,16.8978
62,192,90,9e-06,2e-06,2e-06,0.125269,False,0,16.8973
62,193,89,1.4e-05,3e-06,3e-06,0.12532,False,0,16.8976
62,194,88,1.9e-05,5e-06,4e-06,0.125359,False,0,16.8979
62,195,87,3.1e-05,8e-06,6e-06,0.125382,False,0,16.8983
62,196,86,3.6e-05,9e-06,6e-06,0.125412,False,0,16.8984
62,197,85,6.2e-05,1.5e-05,1.2e-05,0.125457,False,0,16.8993
62,198,84,3.6e-05,9e-06,6e-06,0.125509,False,0,16.8984
62,199,83,2.2e-05,5e-06,4e-06,0.125571,False,0,16.8979
62,200,82,1.9e-05,5e-06,4e-06,0.12564,False,0,16.8979
62,201,81,4.1e-05,1e-05,8e-06,0.125752,False,0,16.8987
62,202,80,4.6e-05,1.1e-05,8e-06,0.125844,False,0,16.8989
62,203,79,4.6e-05,1.2e-05,8e-06,0.125924,False,0,16.8987
62,204,78,5.1e-05,1.3e-05,9e-06,0.125992,False,0,16.899
62,205,77,3.8e-05,1e-05,7e-06,0.126075,False,0,16.8984
62,206,76,5.2e-05,1.3e-05,9e-06,0.126179,False,0,16.899
62,207,75,7.1e-05,1.8e-05,1.3e-05,0.126295,False,0,16.8995
62,208,74,7.1e-05,1.8e-05,1.2e-05,0.126418,False,0,16.8994
62,209,73,2.8e-05,7e-06,5e-06,0.126532,False,0,16.8982
62,210,72,4.6e-05,1.2e-05,8e-06,0.126637,False,0,16.8986
62,211,71,6.4e-05,1.6e-05,1.2e-05,0.126714,False,0,16.8993
62,212,70,0.000111,2.8e-05,2e-05,0.126785,False,0,16.9003
62,213,69,9.8e-05,2.5e-05,1.7e-05,0.126866,False,0,16.9001
62,214,68,0.000195,4.9e-05,3.5e-05,0.127008,False,0,16.9018
62,215,67,0.000211,5.3e-05,3.7e-05,0.127144,False,0,16.9019
62,216,66,0.000249,6.2e-05,4.4e-05,0.127303,False,0,16.9025
62,217,65,0.000188,4.7e-05,3.3e-05,0.127461,False,0,16.9016
62,218,64,0.000217,5.4e-05,3.9e-05,0.127618,False,0,16.9021
62,219,63,0.00022,5.5e-05,3.8e-05,0.127748,False,0,16.902
62,220,62,0.000242,6e-05,4.3e-05,0.127893,False,0,16.9024
62,221,61,0.000264,6.6e-05,4.6e-05,0.128051,False,0,16.9026
62,222,60,0.000234,5.9e-05,4.1e-05,0.128203,False,0,16.9023
62,223,59,0.000182,4.6e-05,3.2e-05,0.128331,False,0,16.9016
62,224,58,0.000172,4.3e-05,3e-05,0.128468,False,0,16.9014
63,52,125,1e-06,0.0,0.0,0.144386,True,0,16.8963
63,53,125,3e-06,1e-06,1e-06,0.142465,False,0,16.8962
63,54,125,3e-06,1e-06,0.0,0.140812,False,0,16.8955
63,55,125,3e-06,1e-06,1e-06,0.139368,False,0,16.8955
63,56,125,2e-06,0.0,0.0,0.138069,False,0,16.8955
63,57,125,6e-06,2e-06,1e-06,0.136897,False,0,16.8953
63,58,125,2e-06,0.0,0.0,0.135878,False,0,16.8963
63,59,125,8e-06,2e-06,2e-06,0.134942,False,0,16.8972
63,60,125,1.2e-05,3e-06,2e-06,0.134063,False,0,16.8974
63,61,125,2e-06,0.0,1e-06,0.133246,False,0,16.8964
63,62,125,1.3e-05,3e-06,3e-06,0.132489,False,0,16.8974
63,63,125,2e-06,0.0,0.0,0.131776,False,0,16.8963
63,64,125,6e-06,2e-06,1e-06,0.131093,False,0,16.8959
63,65,125,2e-06,1e-06,0.0,0.130515,False,0,16.8966
63,66,125,1e-06,0.0,0.0,0.129965,False,0,16.8963
63,67,125,1e-06,0.0,0.0,0.129439,False,0,16.8959
63,68,125,1e-05,3e-06,2e-06,0.128941,False,0,16.8974
63,69,125,2e-06,1e-06,1e-06,0.128464,False,0,16.8964
63,70,125,4e-06,1e-06,1e-06,0.128021,False,0,16.8968
63,71,125,1e-06,0.0,0.0,0.127589,False,0,16.8956
63,72,125,0.0,0.0,0.0,0.127194,False,0,16.8961
63,73,125,5e-06,1e-06,1e-06,0.126819,False,0,16.8969
63,74,125,8e-06,2e-06,2e-06,0.126489,False,0,16.8972
63,75,125,9e-06,2e-06,2e-06,0.126192,False,0,16.8972
63,76,125,2.5e-05,7e-06,5e-06,0.125915,False,0,16.898
63,77,125,1.9e-05,5e-06,3e-06,0.125636,False,0,16.8978
63,78,125,1.8e-05,5e-06,3e-06,0.125388,False,0,16.8978
63,79,125,2.6e-05,6e-06,5e-06,0.125141,False,0,16.8981
63,80,125,2.1e-05,5e-06,4e-06,0.124907,False,0,16.8979
63,81,125,2.1e-05,5e-06,4e-06,0.124673,False,0,16.8979
63,82,125,1.5e-05,4e-06,3e-06,0.124458,False,0,16.8976
63,83,125,1.7e-05,4e-06,3e-06,0.124275,False,0,16.8977
63,84,125,1.6e-05,4e-06,3e-06,0.124082,False,0,16.8977
63,85,125,1.2e-05,3e-06,2e-06,0.123895,False,0,16.8975
63,86,125,4e-06,1e-06,1e-06,0.123721,False,0,16.8967
63,87,125,1.3e-05,3e-06,2e-06,0.123602,False,0,16.8973
63,88,125,3.4e-05,9e-06,7e-06,0.123515,False,0,16.8985
63,89,125,5.7e-05,1.4e-05,1e-05,0.123421,False,0,16.8991
63,90,125,2.3e-05,6e-06,4e-06,0.123303,False,0,16.898
63,91,125,1.9e-05,5e-06,3e-06,0.123167,False,0,16.8978
63,92,125,1.8e-05,5e-06,3e-06,0.12303,False,0,16.8977
63,93,125,3.7e-05,9e-06,6e-06,0.122897,False,0,16.8983
63,94,125,4.2e-05,1.1e-05,8e-06,0.122817,False,0,16.8987
63,95,125,2.4e-05,6e-06,4e-06,0.122736,False,0,16.898
63,96,125,1.4e-05,4e-06,3e-06,0.122634,False,0,16.8975
63,97,125,1.8e-05,5e-06,3e-06,0.122534,False,0,16.8977
63,98,125,2.5e-05,6e-06,4e-06,0.122432,False,0,16.8981
63,99,125,5e-05,1.2e-05,9e-06,0.122364,False,0,16.8988
63,100,125,5.3e-05,1.4e-05,1e-05,0.122305,False,0,16.8991
63,101,125,8.9e-05,2.2e-05,1.6e-05,0.122269,False,0,16.8999
63,102,125,8.3e-05,2.1e-05,1.4e-05,0.122212,False,0,16.8998
63,103,125,9.3e-05,2.3e-05,1.6e-05,0.122176,False,0,16.9
63,104,125,6.4e-05,1.6e-05,1.1e-05,0.122105,False,0,16.8992
63,105,125,5e-05,1.3e-05,9e-06,0.122054,False,0,16.899
63,106,125,4e-05,1e-05,7e-06,0.122012,False,0,16.8986
63,107,125,3.2e-05,8e-06,5e-06,0.122005,False,0,16.8982
63,108,125,3.1e-05,8e-06,5e-06,0.121963,False,0,16.8983
63,109,125,4.4e-05,1.1e-05,8e-06,0.121934,False,0,16.8988
63,110,125,3.9e-05,1e-05,7e-06,0.121894,False,0,16.8985
63,111,125,5.6e-05,1.4e-05,1e-05,0.121904,False,0,16.8991
63,112,125,5.2e-05,1.3e-05,9e-06,0.121912,False,0,16.899
63,113,125,3.7e-05,9e-06,6e-06,0.121916,False,0,16.8984
63,114,125,6.9e-05,1.7e-05,1.3e-05,0.121926,False,0,16.8995
63,115,125,5.9e-05,1.5e-05,1e-05,0.121928,False,0,16.899
63,116,125,7.1e-05,1.8e-05,1.3e-05,0.121952,False,0,16.8995
63,117,125,3.4e-05,8e-06,6e-06,0.121997,False,0,16.8983
63,118,125,3.8e-05,9e-06,7e-06,0.122015,False,0,16.8985
63,119,125,8.6e-05,2.2e-05,1.5e-05,0.122035,False,0,16.8999
63,120,125,0.00011,2.8e-05,1.9e-05,0.12206,False,0,16.9003
63,121,125,0.000162,4.1e-05,2.8e-05,0.12211,False,0,16.9012
63,122,125,0.00012,3e-05,2.1e-05,0.122182,False,0,16.9005
63,123,125,0.000118,2.9e-05,2.1e-05,0.122218,False,0,16.9005
63,124,125,9.6e-05,2.4e-05,1.7e-05,0.122231,False,0,16.9
63,125,125,0.00011,2.8e-05,1.9e-05,0.122258,False,0,16.9004
63,126,125,9.4e-05,2.4e-05,1.7e-05,0.122317,False,0,16.9
63,127,125,6.5e-05,1.6e-05,1.1e-05,0.122398,False,0,16.8993
63,128,125,6.2e-05,1.5e-05,1.1e-05,0.122459,False,0,16.8993
63,129,125,6.5e-05,1.6e-05,1.1e-05,0.122499,False,0,16.8993
63,130,124,0.000109,2.7e-05,1.9e-05,0.122563,False,0,16.9003
63,131,123,0.000132,3.3e-05,2.3e-05,0.122633,False,0,16.9008
63,132,122,0.000115,2.9e-05,2e-05,0.122689,False,0,16.9003
63,133,121,0.000109,2.7e-05,1.9e-05,0.122758,False,0,16.9003
63,134,120,8.9e-05,2.2e-05,1.6e-05,0.122837,False,0,16.8999
63,135,119,8.9e-05,2.2e-05,1.6e-05,0.122906,False,0,16.8998
63,136,118,8.8e-05,2.2e-05,1.5e-05,0.12299,False,0,16.8998
63,137,117,8.8e-05,2.2e-05,1.6e-05,0.123045,False,0,16.8999
64,52,125,0.001527,0.000382,0.000259,0.155008,True,0,16.8805
64,53,125,0.001661,0.000415,0.000285,0.1531,True,0,16.8797
64,54,125,0.001837,0.000459,0.000314,0.151481,True,0,16.8789
64,55,125,0.001645,0.000411,0.00028,0.150139,True,0,16.8799
64,56,125,0.002384,0.000595,0.000409,0.148979,True,0,16.8764
64,57,125,0.002493,0.000623,0.000426,0.14806,True,0,16.8761
64,58,125,0.002578,0.000644,0.000441,0.147255,True,0,16.8757
64,59,125,0.002441,0.000609,0.000417,0.146476,True,0,16.8762
64,60,125,0.002231,0.000557,0.000379,0.145656,True,0,16.8772
64,61,125,0.00195,0.000487,0.000333,0.144847,True,0,16.8784
64,62,125,0.001512,0.000377,0.000258,0.144058,True,0,16.8806
64,63,125,0.001671,0.000417,0.000285,0.143322,True,0,16.8797
64,64,125,0.001431,0.000357,0.000244,0.14268,False,0,16.8809
64,65,125,0.001227,0.000307,0.000212,0.142142,False,0,16.882
64,66,125,0.001588,0.000397,0.000271,0.141621,False,0,16.8801
64,67,125,0.001591,0.000398,0.000272,0.141169,False,0,16.8801
64,68,125,0.001549,0.000387,0.000263,0.14074,False,0,16.8805
64,69,125,0.001476,0.000369,0.000254,0.140399,False,0,16.8806
64,70,125,0.001926,0.000481,0.000328,0.140095,False,0,16.8784
64,71,125,0.00194,0.000485,0.00033,0.13987,False,0,16.8785
64,72,125,0.001524,0.000381,0.000259,0.139605,False,0,16.8804
64,73,125,0.001176,0.000294,0.0002,0.139342,False,0,16.8823
64,74,125,0.001334,0.000333,0.000227,0.139018,False,0,16.8814
64,75,125,0.001451,0.000363,0.000248,0.13874,False,0,16.8807
64,76,125,0.001809,0.000452,0.000309,0.138585,False,0,16.879
64,77,125,0.002292,0.000572,0.000391,0.13847,False,0,16.8768
64,78,125,0.002111,0.000527,0.000359,0.138382,False,0,16.8777
64,79,125,0.001919,0.000479,0.000329,0.138255,False,0,16.8784
64,80,125,0.002277,0.000568,0.000387,0.138146,False,0,16.877
64,81,125,0.002389,0.000596,0.000407,0.13804,False,0,16.8764
64,82,125,0.001656,0.000413,0.000283,0.137859,False,0,16.8796
64,83,125,0.001127,0.000282,0.00019,0.13762,False,0,16.8829
64,84,125,0.001298,0.000324,0.000224,0.137381,False,0,16.8815
64,85,125,0.001369,0.000342,0.000233,0.137146,False,0,16.8812
64,86,125,0.001402,0.00035,0.000238,0.136974,False,0,16.8813
64,87,125,0.001105,0.000276,0.000188,0.136761,False,0,16.8827
64,88,125,0.001046,0.000261,0.000179,0.136595,False,0,16.8831
64,89,125,0.001111,0.000277,0.000189,0.136464,False,0,16.8829
64,90,125,0.001767,0.000441,0.000303,0.136452,False,0,16.8792
64,91,125,0.00193,0.000482,0.000329,0.136422,False,0,16.8784
64,92,125,0.001542,0.000385,0.000263,0.136436,False,0,16.8804
64,93,125,0.00182,0.000455,0.000311,0.136431,False,0,16.8789
64,94,125,0.001992,0.000498,0.000339,0.136535,False,0,16.8782
64,95,125,0.001917,0.000479,0.000327,0.136584,False,0,16.8785
64,96,125,0.001551,0.000387,0.000263,0.136645,False,0,16.8804
64,97,125,0.001495,0.000373,0.000256,0.136669,False,0,16.8805
64,98,125,0.001763,0.00044,0.0003,0.136663,False,0,16.8792
64,99,125,0.001561,0.00039,0.000264,0.13663,False,0,16.8802
64,100,125,0.000896,0.000224,0.000153,0.136484,False,0,16.884
64,101,125,0.000744,0.000186,0.000128,0.136334,False,0,16.885
64,102,125,0.001264,0.000316,0.000215,0.13656,False,0,16.882
64,103,125,0.001793,0.000448,0.000309,0.136783,False,0,16.8788
64,104,125,0.001103,0.000276,0.000189,0.136793,False,0,16.8827
64,105,125,0.000774,0.000193,0.000133,0.136548,False,0,16.8848
64,106,125,0.000964,0.000241,0.000166,0.136326,False,0,16.8834
64,107,125,0.000591,0.000148,1e-04,0.136036,False,0,16.8864
64,108,125,0.000551,0.000138,9.4e-05,0.135712,False,0,16.8866
64,109,125,0.000289,7.2e-05,5e-05,0.135423,False,0,16.8893
64,110,125,0.000477,0.000119,8.2e-05,0.135266,False,0,16.8874
64,111,125,0.000741,0.000185,0.000125,0.135181,False,0,16.8852
64,112,125,0.000605,0.000151,0.000104,0.13507,False,0,16.8861
64,113,125,0.000336,8.4e-05,5.7e-05,0.13494,False,0,16.8888
64,114,125,0.000261,6.6e-05,4.5e-05,0.134754,False,0,16.8896
64,115,125,0.000371,9.3e-05,6.4e-05,0.134581,False,0,16.8883
64,116,125,0.000511,0.000128,8.7e-05,0.134606,False,0,16.887
64,117,125,0.000608,0.000152,0.000102,0.134593,False,0,16.8863
64,118,125,0.000378,9.4e-05,6.4e-05,0.134487,False,0,16.8882
64,119,125,0.00047,0.000117,8.1e-05,0.134351,False,0,16.8876
64,120,125,0.00113,0.000282,0.000195,0.134279,False,0,16.8825
64,121,125,0.00124,0.00031,0.000212,0.134298,False,0,16.8819
64,122,125,0.000698,0.000174,0.000119,0.134165,False,0,16.8854
64,123,125,0.000358,9e-05,6.2e-05,0.133963,False,0,16.8884
64,124,125,0.000336,8.4e-05,5.7e-05,0.133807,False,0,16.8886
64,125,125,0.000388,9.7e-05,6.7e-05,0.133626,False,0,16.8881
64,126,125,0.000427,0.000107,7.3e-05,0.133351,False,0,16.8876
64,127,125,0.000456,0.000114,7.7e-05,0.133101,False,0,16.8876
64,128,125,0.000457,0.000114,7.9e-05,0.132886,False,0,16.8873
64,129,125,0.00045,0.000113,7.6e-05,0.132694,False,0,16.8876
64,130,125,0.000537,0.000134,9.1e-05,0.132464,False,0,16.8867
64,131,125,0.000441,0.00011,7.6e-05,0.132246,False,0,16.8875
64,132,125,0.000379,9.5e-05,6.4e-05,0.132074,False,0,16.8883
64,133,125,0.000314,7.9e-05,5.4e-05,0.131896,False,0,16.8889
64,134,125,0.000231,5.8e-05,4e-05,0.131714,False,0,16.8899
64,135,125,0.000151,3.8e-05,2.6e-05,0.13153,False,0,16.8912
64,136,125,0.00028,7e-05,4.8e-05,0.131381,False,0,16.8893
64,137,125,0.000322,8.1e-05,5.5e-05,0.131181,False,0,16.8888
64,138,125,0.000254,6.4e-05,4.3e-05,0.130977,False,0,16.8897
64,139,125,0.000151,3.8e-05,2.6e-05,0.130728,False,0,16.8912
64,140,125,0.000185,4.6e-05,3.2e-05,0.130437,False,0,16.8906
64,141,125,0.000221,5.5e-05,3.8e-05,0.130145,False,0,16.89
64,142,125,0.000235,5.9e-05,4e-05,0.129849,False,0,16.8899
64,143,125,0.000135,3.4e-05,2.3e-05,0.129587,False,0,16.8916
64,144,125,0.000152,3.8e-05,2.7e-05,0.12928,False,0,16.891
64,145,125,0.000134,3.4e-05,2.3e-05,0.129012,False,0,16.8915
64,146,125,9.7e-05,2.4e-05,1.6e-05,0.12873,False,0,16.8921
64,147,125,0.000172,4.3e-05,3e-05,0.128487,False,0,16.8907
64,148,125,0.000227,5.7e-05,3.9e-05,0.128293,False,0,16.89
64,149,125,0.000274,6.8e-05,4.7e-05,0.128119,False,0,16.8893
64,150,125,0.000157,3.9e-05,2.6e-05,0.12803,False,0,16.891
64,151,125,0.000144,3.6e-05,2.5e-05,0.127883,False,0,16.8912
64,152,125,0.000151,3.8e-05,2.5e-05,0.127471,False,0,16.8912
64,153,125,0.000158,4e-05,2.7e-05,0.127033,False,0,16.891
64,154,125,0.000199,5e-05,3.4e-05,0.126842,False,0,16.8903
64,155,125,0.000158,4e-05,2.6e-05,0.126775,False,0,16.891
64,156,125,0.000164,4.1e-05,2.8e-05,0.126735,False,0,16.8909
64,157,125,0.000169,4.2e-05,2.9e-05,0.12671,False,0,16.8907
64,158,125,0.000126,3.2e-05,2.1e-05,0.126708,False,0,16.8917
64,159,125,0.000106,2.7e-05,1.8e-05,0.126675,False,0,16.8922
64,160,125,0.000158,4e-05,2.8e-05,0.126595,False,0,16.8909
64,161,125,0.000101,2.5e-05,1.7e-05,0.126493,False,0,16.892
64,162,125,9.8e-05,2.5e-05,1.6e-05,0.12647,False,0,16.8921
64,163,125,0.000178,4.5e-05,3e-05,0.126486,False,0,16.8906
64,164,125,0.000185,4.6e-05,3.2e-05,0.1265,False,0,16.8905
64,165,125,0.000158,4e-05,2.6e-05,0.126453,False,0,16.891
64,166,125,8.7e-05,2.2e-05,1.5e-05,0.126261,False,0,16.8923
64,167,125,0.000105,2.6e-05,1.7e-05,0.126108,False,0,16.892
64,168,125,0.000154,3.9e-05,2.7e-05,0.12602,False,0,16.891
64,169,125,6.4e-05,1.6e-05,1.1e-05,0.125888,False,0,16.8932
64,170,125,7.1e-05,1.8e-05,1.2e-05,0.125764,False,0,16.8927
64,171,125,0.000119,3e-05,2.2e-05,0.125623,False,0,16.8915
64,172,125,0.000152,3.8e-05,2.5e-05,0.125618,False,0,16.8913
64,173,125,0.000154,3.9e-05,2.6e-05,0.12567,False,0,16.891
64,174,125,7.1e-05,1.8e-05,1.2e-05,0.12568,False,0,16.8927
64,175,124,2.1e-05,5e-06,3e-06,0.125675,False,0,16.8943
64,176,123,4.6e-05,1.2e-05,8e-06,0.125666,False,0,16.8933
64,177,122,5.1e-05,1.3e-05,9e-06,0.125631,False,0,16.8932
64,178,121,6.6e-05,1.7e-05,1.1e-05,0.125595,False,0,16.8928
64,179,120,0.000105,2.6e-05,1.8e-05,0.125579,False,0,16.8919
64,180,119,0.000125,3.2e-05,2.1e-05,0.125585,False,0,16.8917
64,181,118,8.9e-05,2.2e-05,1.6e-05,0.125617,False,0,16.8922
64,182,117,4e-05,1e-05,7e-06,0.125632,False,0,16.8935
64,183,116,4e-05,1e-05,7e-06,0.125683,False,0,16.8935
64,184,115,2.4e-05,6e-06,4e-06,0.125693,False,0,16.8942
64,185,114,3.1e-05,8e-06,5e-06,0.125705,False,0,16.8938
64,186,113,2e-05,5e-06,3e-06,0.125715,False,0,16.8944
64,187,112,2.4e-05,6e-06,4e-06,0.125767,False,0,16.8942
64,188,111,1e-05,2e-06,2e-06,0.125844,False,0,16.8948
64,189,110,9e-06,2e-06,1e-06,0.125878,False,0,16.8949
64,190,109,6e-06,2e-06,1e-06,0.125903,False,0,16.8953
64,191,108,1e-06,0.0,0.0,0.125937,False,0,16.8961
64,192,107,3e-06,1e-06,1e-06,0.126011,False,0,16.8959
64,193,106,2e-06,0.0,0.0,0.126053,False,0,16.8956
64,194,105,3.4e-05,8e-06,6e-06,0.126086,False,0,16.8937
64,195,104,4.3e-05,1.1e-05,7e-06,0.126151,False,0,16.8935
64,196,103,3.1e-05,8e-06,5e-06,0.126181,False,0,16.8938
64,197,102,1.6e-05,4e-06,3e-06,0.126244,False,0,16.8949
64,198,101,2.6e-05,7e-06,5e-06,0.126301,False,0,16.8941
64,199,100,1.4e-05,4e-06,2e-06,0.126362,False,0,16.8948
64,200,99,3e-06,1e-06,1e-06,0.12643,False,0,16.8962
64,201,98,6e-06,1e-06,1e-06,0.126528,False,0,16.897
64,202,97,3e-06,1e-06,1e-06,0.126585,False,0,16.8962
64,203,96,3e-06,1e-06,0.0,0.126631,False,0,16.8956
64,204,95,2e-06,1e-06,1e-06,0.1267,False,0,16.8965
64,205,94,1.3e-05,3e-06,3e-06,0.126752,False,0,16.8976
64,206,93,1.5e-05,4e-06,3e-06,0.126779,False,0,16.8976
64,207,92,1.2e-05,3e-06,2e-06,0.1268,False,0,16.8974
64,208,91,1.4e-05,3e-06,2e-06,0.126867,False,0,16.8975
64,209,90,3e-06,1e-06,1e-06,0.126922,False,0,16.8968
64,210,89,3e-06,1e-06,1e-06,0.126951,False,0,16.8968
64,211,88,3e-06,1e-06,1e-06,0.126982,False,0,16.8968
64,212,87,6e-06,1e-06,1e-06,0.127039,False,0,16.8971
64,213,86,6e-06,1e-06,1e-06,0.127101,False,0,16.8969
64,214,85,9e-06,2e-06,2e-06,0.127176,False,0,16.8972
64,215,84,3.2e-05,8e-06,6e-06,0.127273,False,0,16.8982
64,216,83,5.9e-05,1.5e-05,1.1e-05,0.127391,False,0,16.8992
64,217,82,4.4e-05,1.1e-05,8e-06,0.127489,False,0,16.8985
64,218,81,4.8e-05,1.2e-05,9e-06,0.127551,False,0,16.8989
64,219,80,9.4e-05,2.4e-05,1.7e-05,0.127587,False,0,16.9
64,220,79,7e-05,1.8e-05,1.2e-05,0.127611,False,0,16.8994
64,221,78,7e-05,1.8e-05,1.3e-05,0.12765,False,0,16.8995
64,222,77,6e-05,1.5e-05,1.1e-05,0.127747,False,0,16.8993
64,223,76,6.3e-05,1.6e-05,1.1e-05,0.127867,False,0,16.8991
64,224,75,7.6e-05,1.9e-05,1.4e-05,0.128,False,0,16.8997
64,225,74,7.7e-05,1.9e-05,1.3e-05,0.128101,False,0,16.8995
64,226,73,8.1e-05,2e-05,1.4e-05,0.128227,False,0,16.8995
64,227,72,9.9e-05,2.5e-05,1.8e-05,0.128349,False,0,16.9002
64,228,71,0.000112,2.8e-05,2e-05,0.128446,False,0,16.9003
64,229,70,8.1e-05,2e-05,1.5e-05,0.128519,False,0,16.8997
64,230,69,0.000131,3.3e-05,2.3e-05,0.128655,False,0,16.9006
64,231,68,0.000147,3.7e-05,2.6e-05,0.128757,False,0,16.901
64,232,67,0.00017,4.3e-05,3e-05,0.128916,False,0,16.9013
64,233,66,0.000181,4.5e-05,3.2e-05,0.129051,False,0,16.9015
64,234,65,0.000227,5.7e-05,4e-05,0.129193,False,0,16.9022
64,235,64,0.00019,4.8e-05,3.3e-05,0.129337,False,0,16.9016
64,236,63,0.000151,3.8e-05,2.6e-05,0.129494,False,0,16.9008
64,237,62,0.000182,4.6e-05,3.2e-05,0.12965,False,0,16.9015
64,238,61,0.000183,4.6e-05,3.3e-05,0.129821,False,0,16.9015
64,239,60,0.000246,6.2e-05,4.4e-05,0.129983,False,0,16.9025
64,240,59,0.000282,7e-05,4.9e-05,0.130188,False,0,16.9028
64,241,58,0.000317,7.9e-05,5.6e-05,0.130379,False,0,16.9033
64,242,57,0.000294,7.4e-05,5.2e-05,0.130587,False,0,16.9029
64,243,56,0.000382,9.6e-05,6.7e-05,0.130789,False,0,16.904
64,244,55,0.000327,8.2e-05,5.7e-05,0.131001,False,0,16.9033
64,245,54,0.000386,9.7e-05,6.7e-05,0.131207,False,0,16.9039
64,246,53,0.000362,9.1e-05,6.3e-05,0.131407,False,0,16.9037
64,247,52,0.00042,0.000105,7.3e-05,0.131627,False,0,16.9042
64,248,51,0.000488,0.000122,8.6e-05,0.131878,False,0,16.9051
64,249,50,0.000446,0.000112,7.7e-05,0.132173,False,0,16.9045
64,250,49,0.000523,0.000131,9.1e-05,0.132435,False,0,16.9053
64,251,48,0.000576,0.000144,0.000101,0.132666,False,0,16.9058
64,252,47,0.000588,0.000147,0.000103,0.132925,False,0,16.9058
64,253,46,0.000594,0.000149,0.000103,0.133223,False,0,16.9059
64,254,45,0.000645,0.000161,0.000112,0.133571,False,0,16.9063
64,255,44,0.000662,0.000166,0.000116,0.133919,False,0,16.9065
64,256,43,0.000713,0.000179,0.000124,0.134273,False,0,16.9069
64,257,42,0.000663,0.000166,0.000115,0.134602,False,0,16.9065
64,258,41,0.000739,0.000185,0.000129,0.134939,False,0,16.9071
64,259,40,0.00072,0.00018,0.000125,0.135268,False,0,16.9069
64,260,39,0.000712,0.000178,0.000123,0.135623,False,0,16.9067
64,261,38,0.00065,0.000163,0.000113,0.135986,False,0,16.9063
64,262,37,0.000821,0.000205,0.000144,0.136441,False,0,16.9077
64,263,36,0.000923,0.000231,0.000161,0.136907,False,0,16.9084
64,264,35,0.000973,0.000244,0.000169,0.137432,False,0,16.9086
64,265,34,0.000886,0.000222,0.000153,0.137897,False,0,16.908
64,266,33,0.000887,0.000222,0.000153,0.138332,False,0,16.908
64,267,32,0.000936,0.000234,0.000163,0.1388,False,0,16.9084
64,268,31,0.00101,0.000253,0.000175,0.139309,False,0,16.9089
64,269,30,0.000936,0.000234,0.000162,0.13982,False,0,16.9082
64,270,29,0.000996,0.000249,0.000173,0.140341,False,0,16.9087
64,271,28,0.00106,0.000265,0.000185,0.140873,False,0,16.9093
65,52,125,1.1e-05,2e-06,2e-06,0.144259,True,0,16.8948
65,53,125,7e-06,2e-06,1e-06,0.142292,False,0,16.8951
65,54,125,5e-06,1e-06,1e-06,0.140631,False,0,16.8952
65,55,125,6e-06,2e-06,1e-06,0.139167,False,0,16.8951
65,56,125,6e-06,1e-06,1e-06,0.13785,False,0,16.8952
65,57,125,1.1e-05,3e-06,2e-06,0.136666,False,0,16.8952
65,58,125,2.9e-05,7e-06,5e-06,0.135591,False,0,16.8939
65,59,125,4.1e-05,1e-05,7e-06,0.134634,False,0,16.8936
65,60,125,7.6e-05,1.9e-05,1.4e-05,0.133774,False,0,16.8925
65,61,125,5.7e-05,1.4e-05,1e-05,0.132956,False,0,16.8931
65,62,125,5e-05,1.3e-05,9e-06,0.132185,False,0,16.8932
65,63,125,1.2e-05,3e-06,2e-06,0.131484,False,0,16.8949
65,64,125,6e-06,2e-06,1e-06,0.13081,False,0,16.8951
65,65,125,2.5e-05,6e-06,4e-06,0.130188,False,0,16.8941
65,66,125,2.2e-05,5e-06,4e-06,0.129622,False,0,16.8943
65,67,125,5e-06,1e-06,1e-06,0.129106,False,0,16.8958
65,68,125,2.3e-05,6e-06,4e-06,0.128595,False,0,16.8941
65,69,125,2.9e-05,7e-06,5e-06,0.128125,False,0,16.8939
65,70,124,2.6e-05,6e-06,4e-06,0.127709,False,0,16.8942
65,71,123,1.4e-05,3e-06,3e-06,0.127295,False,0,16.8946
65,72,122,2e-05,5e-06,4e-06,0.126901,False,0,16.8943
65,73,121,8e-06,2e-06,1e-06,0.126519,False,0,16.8949
65,74,120,0.0,0.0,0.0,0.126191,False,0,16.896
65,75,119,1e-06,0.0,0.0,0.125887,False,0,16.8965
65,76,118,1e-06,0.0,0.0,0.12558,False,0,16.8959
65,77,117,1.1e-05,3e-06,2e-06,0.125311,False,0,16.8948
65,78,116,3e-06,0.0,0.0,0.125019,False,0,16.8957
65,79,115,5e-06,1e-06,1e-06,0.124772,False,0,16.8952
66,52,125,4.1e-05,1e-05,7e-06,0.149163,True,0,16.8987
66,53,125,3.7e-05,9e-06,7e-06,0.147263,True,0,16.8985
66,54,125,1.8e-05,4e-06,3e-06,0.145645,True,0,16.8978
66,55,125,2.5e-05,6e-06,4e-06,0.144203,True,0,16.898
66,56,125,6.2e-05,1.5e-05,1.1e-05,0.142908,False,0,16.8993
66,57,125,3e-05,8e-06,5e-06,0.141748,False,0,16.8983
66,58,125,3.8e-05,1e-05,6e-06,0.140686,False,0,16.8985
66,59,125,3.3e-05,8e-06,6e-06,0.139762,False,0,16.8984
66,60,125,8.4e-05,2.1e-05,1.5e-05,0.138916,False,0,16.8998
66,61,125,7.7e-05,2e-05,1.4e-05,0.138173,False,0,16.8997
66,62,125,5.7e-05,1.4e-05,1e-05,0.137481,False,0,16.8992
66,63,125,5.4e-05,1.3e-05,1e-05,0.136866,False,0,16.8991
66,64,125,5.1e-05,1.3e-05,9e-06,0.136255,False,0,16.899
66,65,125,5.9e-05,1.5e-05,1.1e-05,0.135682,False,0,16.8992
66,66,125,3.3e-05,9e-06,6e-06,0.135138,False,0,16.8983
66,67,125,3.8e-05,9e-06,7e-06,0.134682,False,0,16.8986
66,68,125,5.2e-05,1.3e-05,1e-05,0.134227,False,0,16.8991
66,69,125,9.8e-05,2.5e-05,1.7e-05,0.133842,False,0,16.9001
66,70,125,8.7e-05,2.2e-05,1.5e-05,0.133408,False,0,16.8999
66,71,125,9.8e-05,2.4e-05,1.7e-05,0.133027,False,0,16.9001
66,72,125,8.1e-05,2e-05,1.4e-05,0.132695,False,0,16.8998
66,73,125,7.2e-05,1.8e-05,1.2e-05,0.132407,False,0,16.8994
66,74,125,0.000109,2.8e-05,2e-05,0.132153,False,0,16.9004
66,75,125,0.000104,2.6e-05,1.8e-05,0.131898,False,0,16.9003
66,76,125,9.6e-05,2.4e-05,1.7e-05,0.131666,False,0,16.9001
66,77,125,5.6e-05,1.4e-05,9e-06,0.131417,False,0,16.8991
66,78,125,8e-05,2e-05,1.4e-05,0.131158,False,0,16.8997
66,79,125,9.5e-05,2.4e-05,1.7e-05,0.130922,False,0,16.9001
66,80,125,8.5e-05,2.1e-05,1.5e-05,0.130736,False,0,16.8998
66,81,125,8.5e-05,2.1e-05,1.5e-05,0.130533,False,0,16.8999
66,82,125,8.8e-05,2.2e-05,1.6e-05,0.130355,False,0,16.8999
66,83,125,9e-05,2.3e-05,1.5e-05,0.1302,False,0,16.8999
66,84,125,9.8e-05,2.5e-05,1.7e-05,0.130044,False,0,16.9001
66,85,124,0.000126,3.2e-05,2.2e-05,0.129853,False,0,16.9007
66,86,123,0.000104,2.6e-05,1.8e-05,0.129668,False,0,16.9002
66,87,122,0.00011,2.8e-05,1.9e-05,0.129514,False,0,16.9003
66,88,121,0.000129,3.2e-05,2.3e-05,0.129433,False,0,16.9007
66,89,120,0.00016,4e-05,2.8e-05,0.129342,False,0,16.9013
66,90,119,0.000109,2.7e-05,1.9e-05,0.129243,False,0,16.9004
66,91,118,0.000116,2.9e-05,2e-05,0.129137,False,0,16.9004
66,92,117,0.000148,3.7e-05,2.6e-05,0.129081,False,0,16.901
66,93,116,0.000118,3e-05,2e-05,0.129037,False,0,16.9005
66,94,115,9.6e-05,2.4e-05,1.7e-05,0.128944,False,0,16.9001
66,95,114,8.2e-05,2.1e-05,1.4e-05,0.128847,False,0,16.8998
66,96,113,0.000104,2.6e-05,1.8e-05,0.128742,False,0,16.9003
66,97,112,0.000119,3e-05,2.1e-05,0.128678,False,0,16.9005
66,98,111,0.000157,3.9e-05,2.7e-05,0.128654,False,0,16.9012
66,99,110,0.000113,2.8e-05,1.9e-05,0.128678,False,0,16.9003
66,100,109,0.000191,4.8e-05,3.4e-05,0.128714,False,0,16.9018
66,101,108,0.00013,3.2e-05,2.2e-05,0.128744,False,0,16.9007
66,102,107,0.000144,3.6e-05,2.6e-05,0.128744,False,0,16.901
66,103,106,0.000122,3.1e-05,2.1e-05,0.128717,False,0,16.9006
66,104,105,0.000155,3.9e-05,2.6e-05,0.128713,False,0,16.9011
66,105,104,0.000189,4.7e-05,3.3e-05,0.128723,False,0,16.9016
66,106,103,0.000175,4.4e-05,3.1e-05,0.12873,False,0,16.9015
66,107,102,0.000122,3.1e-05,2.1e-05,0.128757,False,0,16.9006
66,108,101,0.000112,2.8e-05,1.9e-05,0.128813,False,0,16.9004
66,109,100,0.000144,3.6e-05,2.6e-05,0.128826,False,0,16.901
66,110,99,0.00015,3.8e-05,2.6e-05,0.128792,False,0,16.901
66,111,98,0.000145,3.6e-05,2.4e-05,0.128749,False,0,16.9009
66,112,97,0.000192,4.8e-05,3.3e-05,0.128756,False,0,16.9018
66,113,96,0.000204,5.1e-05,3.6e-05,0.128787,False,0,16.9019
66,114,95,0.000215,5.4e-05,3.7e-05,0.128843,False,0,16.9021
66,115,94,0.000185,4.6e-05,3.2e-05,0.128879,False,0,16.9016
66,116,93,0.000214,5.4e-05,3.7e-05,0.128925,False,0,16.902
66,117,92,0.000235,5.9e-05,4.1e-05,0.128954,False,0,16.9023
66,118,91,0.000265,6.6e-05,4.6e-05,0.128999,False,0,16.9027
66,119,90,0.00017,4.3e-05,2.9e-05,0.128991,False,0,16.9013
66,120,89,0.000152,3.8e-05,2.6e-05,0.129005,False,0,16.9011
66,121,88,0.000159,4e-05,2.7e-05,0.129069,False,0,16.9011
66,122,87,0.000175,4.4e-05,3.1e-05,0.12917,False,0,16.9015
67,52,125,3e-05,7e-06,5e-06,0.143881,True,0,16.894
67,53,125,1.1e-05,3e-06,2e-06,0.141983,False,0,16.8948
67,54,125,2.2e-05,5e-06,4e-06,0.140344,False,0,16.8945
67,55,125,1.2e-05,3e-06,2e-06,0.13889,False,0,16.8947
67,56,125,2.9e-05,7e-06,5e-06,0.137591,False,0,16.8939
67,57,125,1.1e-05,3e-06,2e-06,0.1364,False,0,16.8954
67,58,125,3e-06,1e-06,1e-06,0.13533,False,0,16.8954
67,59,125,4e-06,1e-06,1e-06,0.134356,False,0,16.8955
67,60,125,1.2e-05,3e-06,2e-06,0.133463,False,0,16.8948
67,61,125,3.3e-05,8e-06,5e-06,0.132652,False,0,16.8939
67,62,125,1.4e-05,3e-06,2e-06,0.131902,False,0,16.8948
67,63,125,6e-06,2e-06,1e-06,0.131228,False,0,16.8952
67,64,125,2e-06,0.0,0.0,0.130589,False,0,16.8957
67,65,125,4e-06,1e-06,1e-06,0.129977,False,0,16.8955
67,66,125,1e-06,0.0,0.0,0.129406,False,0,16.8958
67,67,125,4e-06,1e-06,1e-06,0.128893,False,0,16.8969
67,68,125,8e-06,2e-06,2e-06,0.128419,False,0,16.8972
67,69,125,3e-06,1e-06,1e-06,0.127995,False,0,16.8965
67,70,125,1.1e-05,3e-06,2e-06,0.127575,False,0,16.895
67,71,125,3.7e-05,9e-06,6e-06,0.127193,False,0,16.8937
67,72,125,1.1e-05,3e-06,2e-06,0.126816,False,0,16.8947
67,73,125,2e-06,0.0,0.0,0.126475,False,0,16.8957
67,74,125,9e-06,2e-06,2e-06,0.126181,False,0,16.897
67,75,125,1e-06,0.0,0.0,0.125869,False,0,16.8959
67,76,125,3e-06,1e-06,0.0,0.125578,False,0,16.8959
67,77,125,9e-06,2e-06,2e-06,0.125347,False,0,16.8973
67,78,125,2.9e-05,8e-06,6e-06,0.125117,False,0,16.8983
67,79,125,1.8e-05,5e-06,3e-06,0.124885,False,0,16.8976
67,80,125,3e-06,1e-06,1e-06,0.124643,False,0,16.8967
67,81,125,1e-05,3e-06,2e-06,0.12441,False,0,16.8974
67,82,125,9e-06,2e-06,1e-06,0.124223,False,0,16.8971
67,83,125,1.8e-05,5e-06,4e-06,0.124029,False,0,16.8977
67,84,125,7e-06,2e-06,1e-06,0.123819,False,0,16.897
67,85,125,2.6e-05,7e-06,5e-06,0.123648,False,0,16.8981
67,86,125,1.8e-05,5e-06,3e-06,0.123464,False,0,16.8977
67,87,125,8e-06,2e-06,1e-06,0.12331,False,0,16.8971
67,88,125,5e-06,1e-06,1e-06,0.123171,False,0,16.8969
67,89,125,4e-06,1e-06,1e-06,0.12308,False,0,16.8968
67,90,125,1e-06,0.0,0.0,0.122956,False,0,16.8964
67,91,125,1e-06,0.0,0.0,0.122819,False,0,16.896
67,92,125,5e-06,1e-06,1e-06,0.122688,False,0,16.8968
67,93,125,1.7e-05,4e-06,3e-06,0.122572,False,0,16.8977
67,94,125,2.6e-05,6e-06,5e-06,0.122463,False,0,16.8981
67,95,125,3.1e-05,8e-06,6e-06,0.122397,False,0,16.8983
67,96,125,9e-06,2e-06,2e-06,0.122336,False,0,16.8972
67,97,125,8e-06,2e-06,1e-06,0.122293,False,0,16.897
67,98,125,1.1e-05,3e-06,2e-06,0.122241,False,0,16.8974
67,99,125,3e-06,1e-06,1e-06,0.122157,False,0,16.8966
67,100,125,3e-06,1e-06,1e-06,0.122092,False,0,16.8967
67,101,125,5e-06,1e-06,1e-06,0.122045,False,0,16.897
67,102,125,9e-06,2e-06,2e-06,0.122013,False,0,16.8973
67,103,125,6e-06,1e-06,1e-06,0.121941,False,0,16.8971
67,104,125,7e-06,2e-06,1e-06,0.121928,False,0,16.897
67,105,125,4.5e-05,1.1e-05,8e-06,0.121906,False,0,16.8988
67,106,125,5.4e-05,1.4e-05,9e-06,0.121907,False,0,16.899
67,107,125,3.9e-05,1e-05,7e-06,0.121899,False,0,16.8987
67,108,125,2.3e-05,6e-06,4e-06,0.121874,False,0,16.8979
67,109,125,2.9e-05,7e-06,5e-06,0.121832,False,0,16.8983
67,110,125,3.9e-05,1e-05,7e-06,0.121801,False,0,16.8986
67,111,125,4.6e-05,1.2e-05,8e-06,0.121808,False,0,16.8986
67,112,125,2.4e-05,6e-06,4e-06,0.121804,False,0,16.898
67,113,125,1e-05,3e-06,2e-06,0.121794,False,0,16.8972
67,114,125,6e-06,1e-06,1e-06,0.121797,False,0,16.897
67,115,125,5e-06,1e-06,1e-06,0.12181,False,0,16.8969
67,116,125,1.5e-05,4e-06,3e-06,0.1218,False,0,16.8976
67,117,125,1.6e-05,4e-06,3e-06,0.121799,False,0,16.8977
67,118,125,1.4e-05,4e-06,3e-06,0.121769,False,0,16.8975
67,119,125,2.9e-05,7e-06,5e-06,0.121739,False,0,16.8983
67,120,125,2.9e-05,7e-06,5e-06,0.121754,False,0,16.8982
67,121,125,4.1e-05,1e-05,7e-06,0.121789,False,0,16.8987
67,122,125,2.9e-05,7e-06,5e-06,0.121818,False,0,16.8983
67,123,125,5.4e-05,1.4e-05,1e-05,0.121837,False,0,16.8991
67,124,125,5.7e-05,1.4e-05,1e-05,0.121817,False,0,16.8991
67,125,125,4.9e-05,1.3e-05,9e-06,0.121833,False,0,16.8989
67,126,125,6.1e-05,1.5e-05,1.1e-05,0.121866,False,0,16.8993
67,127,125,6.7e-05,1.7e-05,1.2e-05,0.121875,False,0,16.8994
67,128,125,9.7e-05,2.4e-05,1.7e-05,0.121899,False,0,16.9001
67,129,125,0.000127,3.2e-05,2.3e-05,0.121924,False,0,16.9007
67,130,125,7.6e-05,1.9e-05,1.3e-05,0.122019,False,0,16.8995
67,131,125,3.4e-05,8e-06,6e-06,0.12206,False,0,16.8984
67,132,125,3.1e-05,8e-06,6e-06,0.122097,False,0,16.8983
67,133,125,7.2e-05,1.8e-05,1.3e-05,0.122121,False,0,16.8996
67,134,125,7.2e-05,1.8e-05,1.2e-05,0.122181,False,0,16.8995
67,135,125,4.6e-05,1.1e-05,8e-06,0.122238,False,0,16.8988
67,136,125,3.7e-05,9e-06,6e-06,0.122292,False,0,16.8984
67,137,125,2.4e-05,6e-06,4e-06,0.12234,False,0,16.8979
67,138,125,9.2e-05,2.3e-05,1.7e-05,0.122387,False,0,16.9
67,139,125,9.1e-05,2.3e-05,1.6e-05,0.122415,False,0,16.8999
67,140,125,8.5e-05,2.1e-05,1.5e-05,0.122449,False,0,16.8998
67,141,125,6.9e-05,1.8e-05,1.2e-05,0.122509,False,0,16.8995
67,142,125,6.2e-05,1.6e-05,1.1e-05,0.12261,False,0,16.8992
67,143,125,9.6e-05,2.4e-05,1.7e-05,0.122693,False,0,16.9001
67,144,125,6.6e-05,1.7e-05,1.2e-05,0.122778,False,0,16.8994
67,145,125,5.4e-05,1.3e-05,9e-06,0.122827,False,0,16.899
67,146,125,4.9e-05,1.2e-05,9e-06,0.122878,False,0,16.899
67,147,125,6.9e-05,1.7e-05,1.2e-05,0.122931,False,0,16.8994
67,148,125,7.1e-05,1.8e-05,1.3e-05,0.122981,False,0,16.8995
67,149,125,7e-05,1.8e-05,1.3e-05,0.12304,False,0,16.8995
67,150,125,0.000133,3.3e-05,2.3e-05,0.123118,False,0,16.9008
67,151,125,0.00011,2.8e-05,2e-05,0.123169,False,0,16.9003
67,152,125,0.000116,2.9e-05,2.1e-05,0.123239,False,0,16.9004
67,153,125,7.2e-05,1.9e-05,1.3e-05,0.123322,False,0,16.8995
67,154,124,7.6e-05,1.9e-05,1.3e-05,0.123401,False,0,16.8995
67,155,123,0.000108,2.7e-05,1.9e-05,0.123491,False,0,16.9002
67,156,122,0.000162,4.1e-05,3e-05,0.12361,False,0,16.9013
67,157,121,0.000122,3.1e-05,2.1e-05,0.123698,False,0,16.9005
67,158,120,0.000104,2.6e-05,1.8e-05,0.123821,False,0,16.9002
67,159,119,9.6e-05,2.4e-05,1.7e-05,0.123933,False,0,16.9001
67,160,118,0.000131,3.3e-05,2.3e-05,0.124051,False,0,16.9007
67,161,117,0.000121,3e-05,2.1e-05,0.124138,False,0,16.9005
67,162,116,0.000184,4.6e-05,3.3e-05,0.124226,False,0,16.9016
67,163,115,0.000119,3e-05,2.1e-05,0.124293,False,0,16.9005
67,164,114,8.4e-05,2.1e-05,1.5e-05,0.12436,False,0,16.8998
67,165,113,0.000107,2.7e-05,1.9e-05,0.124457,False,0,16.9002
67,166,112,0.000116,2.9e-05,2e-05,0.124571,False,0,16.9005
67,167,111,0.000157,3.9e-05,2.8e-05,0.124722,False,0,16.901
67,168,110,0.000142,3.6e-05,2.5e-05,0.124872,False,0,16.901
67,169,109,0.000184,4.6e-05,3.2e-05,0.124941,False,0,16.9015
67,170,108,0.000209,5.2e-05,3.7e-05,0.125015,False,0,16.902
67,171,107,0.00023,5.8e-05,4e-05,0.125101,False,0,16.9022
67,172,106,0.000221,5.5e-05,3.9e-05,0.125234,False,0,16.9021
67,173,105,0.000276,6.9e-05,4.9e-05,0.125368,False,0,16.9029
67,174,104,0.000174,4.3e-05,3e-05,0.125492,False,0,16.9014
67,175,103,0.00022,5.5e-05,3.8e-05,0.125634,False,0,16.902
67,176,102,0.000188,4.7e-05,3.4e-05,0.12577,False,0,16.9017
67,177,101,0.000141,3.5e-05,2.4e-05,0.125912,False,0,16.9007
67,178,100,0.000134,3.4e-05,2.4e-05,0.126043,False,0,16.9007
67,179,99,0.000189,4.8e-05,3.4e-05,0.126143,False,0,16.9017
67,180,98,0.000231,5.8e-05,4.1e-05,0.126221,False,0,16.9022
67,181,97,0.000262,6.6e-05,4.6e-05,0.126324,False,0,16.9026
67,182,96,0.000244,6.1e-05,4.3e-05,0.126461,False,0,16.9025
67,183,95,0.000184,4.6e-05,3.2e-05,0.126577,False,0,16.9014
67,184,94,0.000166,4.1e-05,2.9e-05,0.126691,False,0,16.9011
67,185,93,0.000212,5.3e-05,3.8e-05,0.126803,False,0,16.902
67,186,92,0.000286,7.2e-05,5e-05,0.126923,False,0,16.9029
68,52,125,0.001821,0.000455,0.000311,0.156605,True,0,16.879
68,53,125,0.002707,0.000676,0.000462,0.154963,True,0,16.8751
68,54,125,0.002145,0.000536,0.000366,0.153584,True,0,16.8773
68,55,125,0.001306,0.000326,0.000223,0.152092,True,0,16.8816
68,56,125,0.001158,0.000289,0.000197,0.150768,True,0,16.8826
68,57,125,0.001204,0.000301,0.000206,0.149556,True,0,16.8821
68,58,125,0.001192,0.000298,0.000205,0.148458,True,0,16.8821
68,59,125,0.001122,0.00028,0.000193,0.147424,True,0,16.8826
68,60,125,0.001,0.00025,0.00017,0.146488,True,0,16.8835
68,61,125,0.001014,0.000254,0.000174,0.145699,True,0,16.8835
68,62,125,0.001457,0.000364,0.000251,0.145014,True,0,16.8807
68,63,125,0.001948,0.000486,0.000332,0.144412,True,0,16.8784
68,64,125,0.00213,0.000532,0.000363,0.143817,True,0,16.8774
68,65,125,0.001794,0.000448,0.000305,0.14322,True,0,16.8792
68,66,125,0.001927,0.000481,0.000331,0.142722,False,0,16.8783
68,67,125,0.001464,0.000366,0.00025,0.142224,False,0,16.8807
68,68,125,0.001443,0.00036,0.000247,0.141683,False,0,16.8808
68,69,125,0.001684,0.000421,0.000288,0.141183,False,0,16.8796
68,70,125,0.002209,0.000551,0.000377,0.140848,False,0,16.8772
68,71,125,0.001885,0.000471,0.000323,0.140614,False,0,16.8785
68,72,125,0.001221,0.000305,0.000207,0.140377,False,0,16.8823
68,73,125,0.001155,0.000288,0.000199,0.139947,False,0,16.8824
68,74,125,0.001602,0.0004,0.000273,0.139682,False,0,16.8801
68,75,125,0.001787,0.000446,0.000306,0.139425,False,0,16.8791
68,76,125,0.001838,0.000459,0.000315,0.139264,False,0,16.8788
68,77,125,0.001537,0.000384,0.000262,0.13903,False,0,16.8803
68,78,125,0.001015,0.000253,0.000171,0.138736,False,0,16.8833
68,79,125,0.000584,0.000146,9.9e-05,0.138401,False,0,16.8865
68,80,125,0.000664,0.000166,0.000113,0.138119,False,0,16.8859
68,81,125,0.000925,0.000231,0.000157,0.137886,False,0,16.8838
68,82,125,0.000684,0.000171,0.000117,0.137569,False,0,16.8855
68,83,125,0.000513,0.000128,8.8e-05,0.137235,False,0,16.887
68,84,125,0.000484,0.000121,8.3e-05,0.136754,False,0,16.8872
68,85,125,0.000463,0.000116,7.9e-05,0.13649,False,0,16.8877
68,86,125,0.000896,0.000224,0.000154,0.136229,False,0,16.8842
68,87,125,0.001119,0.00028,0.000191,0.136076,False,0,16.8826
68,88,125,0.000824,0.000206,0.000141,0.135796,False,0,16.8846
68,89,125,0.000786,0.000196,0.000134,0.135657,False,0,16.8849
68,90,125,0.001078,0.000269,0.000185,0.135525,False,0,16.8829
68,91,125,0.000831,0.000208,0.000142,0.135433,False,0,16.8845
68,92,125,0.00076,0.00019,0.00013,0.135552,False,0,16.8852
68,93,125,0.001214,0.000303,0.000208,0.135554,False,0,16.8819
68,94,125,0.001217,0.000304,0.000207,0.135643,False,0,16.882
68,95,125,0.000656,0.000164,0.000112,0.135644,False,0,16.8861
68,96,125,0.000673,0.000168,0.000115,0.135535,False,0,16.8856
68,97,125,0.000751,0.000188,0.000128,0.135474,False,0,16.8851
68,98,125,0.000891,0.000222,0.000151,0.135357,False,0,16.8843
68,99,125,0.001081,0.00027,0.000186,0.135354,False,0,16.8828
68,100,125,0.000904,0.000226,0.000154,0.135251,False,0,16.8841
68,101,125,0.000944,0.000236,0.000162,0.135035,False,0,16.8836
68,102,125,0.000543,0.000136,9.3e-05,0.134725,False,0,16.8867
68,103,125,0.000293,7.4e-05,5e-05,0.13435,False,0,16.8892
68,104,125,0.000319,8e-05,5.4e-05,0.133985,False,0,16.8889
68,105,125,0.000316,7.9e-05,5.4e-05,0.13393,False,0,16.8892
68,106,125,0.000482,0.00012,8.2e-05,0.133906,False,0,16.8873
68,107,125,0.000378,9.4e-05,6.6e-05,0.133808,False,0,16.8881
68,108,125,0.000311,7.8e-05,5.2e-05,0.133684,False,0,16.8891
68,109,125,0.00041,0.000102,7e-05,0.133568,False,0,16.8879
68,110,125,0.000394,9.8e-05,6.7e-05,0.133429,False,0,16.8882
68,111,125,0.000529,0.000132,9.1e-05,0.133376,False,0,16.887
68,112,125,0.000628,0.000157,0.000108,0.133244,False,0,16.8859
68,113,125,0.000372,9.3e-05,6.4e-05,0.132981,False,0,16.8883
68,114,125,0.000253,6.3e-05,4.3e-05,0.13268,False,0,16.8898
68,115,125,0.000272,6.8e-05,4.7e-05,0.132471,False,0,16.8894
68,116,125,0.000231,5.8e-05,3.9e-05,0.1323,False,0,16.89
68,117,125,0.000244,6.1e-05,4.2e-05,0.132157,False,0,16.8898
68,118,125,0.000359,9e-05,6.2e-05,0.131999,False,0,16.8883
68,119,125,0.000381,9.5e-05,6.5e-05,0.131795,False,0,16.8882
68,120,125,0.000332,8.3e-05,5.7e-05,0.131522,False,0,16.8887
68,121,125,0.000275,6.9e-05,4.7e-05,0.131172,False,0,16.8893
68,122,125,0.000275,6.9e-05,4.7e-05,0.130877,False,0,16.8894
68,123,125,0.000343,8.6e-05,5.9e-05,0.130613,False,0,16.8886
68,124,125,0.000313,7.8e-05,5.3e-05,0.130287,False,0,16.8892
68,125,125,0.000327,8.2e-05,5.6e-05,0.13001,False,0,16.8887
68,126,125,0.000273,6.8e-05,4.7e-05,0.129753,False,0,16.8894
68,127,125,0.000285,7.1e-05,4.9e-05,0.129599,False,0,16.8892
68,128,125,0.00018,4.5e-05,3.1e-05,0.129475,False,0,16.8907
68,129,125,0.000173,4.3e-05,3e-05,0.129358,False,0,16.8908
68,130,125,0.000141,3.5e-05,2.4e-05,0.12914,False,0,16.8912
68,131,125,0.000245,6.1e-05,4.2e-05,0.128966,False,0,16.8897
68,132,125,0.000332,8.3e-05,5.8e-05,0.128976,False,0,16.8886
68,133,125,0.000305,7.6e-05,5.1e-05,0.128984,False,0,16.8891
68,134,125,0.000337,8.4e-05,5.8e-05,0.128968,False,0,16.8886
68,135,125,0.000284,7.1e-05,4.8e-05,0.12874,False,0,16.8892
68,136,125,0.000262,6.6e-05,4.5e-05,0.128548,False,0,16.8895
68,137,125,0.000227,5.7e-05,3.9e-05,0.128325,False,0,16.89
68,138,125,0.000188,4.7e-05,3.2e-05,0.128212,False,0,16.8906
68,139,125,0.000207,5.2e-05,3.6e-05,0.127983,False,0,16.8902
68,140,125,0.000203,5.1e-05,3.4e-05,0.127802,False,0,16.8904
68,141,125,0.000258,6.5e-05,4.4e-05,0.127544,False,0,16.8895
68,142,125,0.000272,6.8e-05,4.7e-05,0.127136,False,0,16.8894
68,143,125,0.000214,5.4e-05,3.6e-05,0.12688,False,0,16.8902
68,144,125,0.000168,4.2e-05,2.9e-05,0.126631,False,0,16.8908
68,145,125,0.000155,3.9e-05,2.6e-05,0.126443,False,0,16.8912
68,146,125,0.000157,3.9e-05,2.7e-05,0.126256,False,0,16.891
68,147,125,0.00014,3.5e-05,2.4e-05,0.126016,False,0,16.8913
68,148,125,0.000164,4.1e-05,2.8e-05,0.125799,False,0,16.8909
68,149,125,0.000291,7.3e-05,4.9e-05,0.125549,False,0,16.8893
68,150,125,0.000286,7.1e-05,5e-05,0.125406,False,0,16.8891
68,151,125,0.000293,7.3e-05,5e-05,0.125309,False,0,16.8891
68,152,125,0.000164,4.1e-05,2.8e-05,0.12528,False,0,16.891
68,153,125,0.000124,3.1e-05,2.1e-05,0.125281,False,0,16.8916
68,154,125,0.000121,3e-05,2e-05,0.125274,False,0,16.8916
68,155,125,1e-04,2.5e-05,1.7e-05,0.125166,False,0,16.892
68,156,125,0.000167,4.2e-05,2.9e-05,0.12503,False,0,16.8908
68,157,125,0.000177,4.4e-05,3e-05,0.124973,False,0,16.8908
68,158,125,0.00019,4.8e-05,3.2e-05,0.124948,False,0,16.8905
68,159,125,0.000147,3.7e-05,2.5e-05,0.124954,False,0,16.8912
68,160,125,9e-05,2.2e-05,1.6e-05,0.124918,False,0,16.8921
68,161,125,7.1e-05,1.8e-05,1.2e-05,0.124766,False,0,16.8929
68,162,125,0.000121,3e-05,2.1e-05,0.124579,False,0,16.8915
68,163,125,0.000109,2.7e-05,1.8e-05,0.124543,False,0,16.8921
68,164,125,0.000106,2.6e-05,1.8e-05,0.124546,False,0,16.8919
68,165,125,6.8e-05,1.7e-05,1.2e-05,0.124573,False,0,16.8927
68,166,125,8e-05,2e-05,1.4e-05,0.124587,False,0,16.8924
68,167,124,8.2e-05,2.1e-05,1.4e-05,0.124554,False,0,16.8924
68,168,123,0.000147,3.7e-05,2.5e-05,0.12454,False,0,16.8911
68,169,122,0.000122,3.1e-05,2.1e-05,0.124543,False,0,16.8915
68,170,121,0.000123,3.1e-05,2.1e-05,0.124601,False,0,16.8916
68,171,120,4.6e-05,1.2e-05,7e-06,0.124637,False,0,16.8934
68,172,119,2.9e-05,7e-06,5e-06,0.124657,False,0,16.894
68,173,118,3e-05,7e-06,5e-06,0.124668,False,0,16.8939
68,174,117,7.8e-05,2e-05,1.3e-05,0.124692,False,0,16.8926
68,175,116,5.9e-05,1.4e-05,1e-05,0.12471,False,0,16.8931
68,176,115,6.3e-05,1.6e-05,1.1e-05,0.124736,False,0,16.8928
68,177,114,6.3e-05,1.6e-05,1.1e-05,0.12478,False,0,16.8928
68,178,113,4.6e-05,1.2e-05,8e-06,0.124816,False,0,16.8934
68,179,112,5.3e-05,1.3e-05,9e-06,0.124867,False,0,16.8932
68,180,111,5.5e-05,1.3e-05,9e-06,0.12488,False,0,16.893
68,181,110,3.1e-05,8e-06,5e-06,0.124876,False,0,16.8938
68,182,109,3.3e-05,8e-06,6e-06,0.124856,False,0,16.8938
68,183,108,1.6e-05,4e-06,3e-06,0.12488,False,0,16.8945
68,184,107,5e-06,1e-06,1e-06,0.124947,False,0,16.8955
68,185,106,1.6e-05,4e-06,3e-06,0.125025,False,0,16.8945
68,186,105,3.4e-05,8e-06,6e-06,0.125124,False,0,16.8938
68,187,104,2.8e-05,7e-06,5e-06,0.125219,False,0,16.894
68,188,103,2.1e-05,5e-06,4e-06,0.125287,False,0,16.8942
69,52,125,1.6e-05,4e-06,3e-06,0.144073,True,0,16.8945
69,53,125,2.5e-05,6e-06,4e-06,0.142159,False,0,16.8942
69,54,125,1.3e-05,3e-06,2e-06,0.140508,False,0,16.8946
69,55,125,1e-06,0.0,0.0,0.139022,False,0,16.8959
69,56,125,7e-06,2e-06,1e-06,0.137688,False,0,16.8952
69,57,125,1.1e-05,3e-06,2e-06,0.13649,False,0,16.8949
69,58,125,9e-06,2e-06,1e-06,0.135415,False,0,16.895
69,59,125,1.1e-05,3e-06,2e-06,0.134404,False,0,16.8948
69,60,125,1e-05,3e-06,2e-06,0.133468,False,0,16.8949
69,61,125,8e-06,2e-06,2e-06,0.132647,False,0,16.8956
69,62,125,3e-06,1e-06,0.0,0.13191,False,0,16.8956
69,63,125,4e-06,1e-06,1e-06,0.131233,False,0,16.8953
69,64,125,3e-06,1e-06,1e-06,0.130598,False,0,16.8968
69,65,125,4e-06,1e-06,1e-06,0.12999,False,0,16.8968
69,66,125,2e-06,1e-06,0.0,0.129413,False,0,16.8966
69,67,125,2e-06,0.0,0.0,0.128876,False,0,16.8962
69,68,125,1e-06,0.0,0.0,0.128387,False,0,16.896
69,69,125,4e-06,1e-06,1e-06,0.127911,False,0,16.8953
69,70,125,5e-06,1e-06,1e-06,0.12749,False,0,16.8954
69,71,125,8e-06,2e-06,1e-06,0.127073,False,0,16.895
69,72,125,5e-06,1e-06,1e-06,0.126687,False,0,16.8954
69,73,125,1e-05,2e-06,2e-06,0.126338,False,0,16.895
69,74,125,7e-06,2e-06,1e-06,0.126034,False,0,16.895
69,75,125,1.1e-05,3e-06,2e-06,0.125725,False,0,16.8951
69,76,125,1e-06,0.0,0.0,0.125423,False,0,16.8962
69,77,125,2e-06,0.0,0.0,0.125131,False,0,16.8965
69,78,125,1.2e-05,3e-06,2e-06,0.124846,False,0,16.8974
69,79,125,3e-06,0.0,1e-06,0.124594,False,0,16.8962
69,80,125,2e-06,0.0,0.0,0.124348,False,0,16.8955
69,81,124,3e-06,0.0,1e-06,0.124118,False,0,16.8961
69,82,123,1e-06,0.0,0.0,0.12389,False,0,16.8959
69,83,122,1e-06,0.0,0.0,0.123682,False,0,16.8961
69,84,121,2e-06,0.0,0.0,0.123463,False,0,16.8956
69,85,120,5e-06,1e-06,1e-06,0.123257,False,0,16.8965
69,86,119,7e-06,2e-06,1e-06,0.123096,False,0,16.897
69,87,118,9e-06,2e-06,2e-06,0.122976,False,0,16.8967
69,88,117,1e-06,0.0,0.0,0.12285,False,0,16.8964
69,89,116,1.1e-05,3e-06,2e-06,0.122713,False,0,16.8974
69,90,115,3e-06,1e-06,1e-06,0.122586,False,0,16.8966
69,91,114,2e-06,0.0,0.0,0.122461,False,0,16.8964
69,92,113,1e-06,1e-06,0.0,0.1223,False,0,16.8964
69,93,112,8e-06,2e-06,1e-06,0.122151,False,0,16.8972
69,94,111,6e-06,1e-06,1e-06,0.122001,False,0,16.8971
69,95,110,7e-06,2e-06,1e-06,0.121901,False,0,16.8971
69,96,109,1.2e-05,3e-06,2e-06,0.121808,False,0,16.8974
69,97,108,4.4e-05,1.1e-05,8e-06,0.121718,False,0,16.8988
69,98,107,2.7e-05,7e-06,5e-06,0.121662,False,0,16.8981
69,99,106,1e-05,3e-06,2e-06,0.12161,False,0,16.8973
69,100,105,8e-06,2e-06,2e-06,0.121559,False,0,16.8972
69,101,104,2.7e-05,7e-06,5e-06,0.121447,False,0,16.8982
69,102,103,2.2e-05,6e-06,4e-06,0.121375,False,0,16.8978
69,103,102,2.8e-05,7e-06,5e-06,0.12137,False,0,16.8982
69,104,101,6e-06,1e-06,1e-06,0.121349,False,0,16.897
69,105,100,2e-06,0.0,0.0,0.121297,False,0,16.8961
70,52,95,4e-06,1e-06,1e-06,0.148236,True,0,16.8968
70,53,94,1.2e-05,3e-06,2e-06,0.146378,True,0,16.8975
70,54,93,1.4e-05,3e-06,2e-06,0.144759,True,0,16.8975
70,55,92,2e-05,5e-06,4e-06,0.14333,True,0,16.8979
70,56,91,1.1e-05,3e-06,2e-06,0.142024,False,0,16.8973
70,57,90,8e-06,2e-06,1e-06,0.140885,False,0,16.8971
70,58,89,2.8e-05,7e-06,5e-06,0.139827,False,0,16.8982
70,59,88,7e-05,1.8e-05,1.2e-05,0.138864,False,0,16.8995
70,60,87,9.8e-05,2.4e-05,1.8e-05,0.138006,False,0,16.9001
70,61,86,8.2e-05,2.1e-05,1.4e-05,0.137194,False,0,16.8997
70,62,85,4.5e-05,1.1e-05,8e-06,0.136425,False,0,16.8988
70,63,84,2.7e-05,7e-06,5e-06,0.135711,False,0,16.8981
70,64,83,4.9e-05,1.2e-05,9e-06,0.13508,False,0,16.8989
70,65,82,7.5e-05,1.9e-05,1.3e-05,0.134524,False,0,16.8996
70,66,81,5e-05,1.3e-05,9e-06,0.133984,False,0,16.899
70,67,80,4.8e-05,1.2e-05,8e-06,0.133506,False,0,16.8989
70,68,79,2.1e-05,5e-06,3e-06,0.133038,False,0,16.8978
70,69,78,4.8e-05,1.2e-05,9e-06,0.132606,False,0,16.8989
70,70,77,3.2e-05,8e-06,6e-06,0.132179,False,0,16.8984
70,71,76,5.6e-05,1.4e-05,1e-05,0.131826,False,0,16.8991
70,72,75,4.9e-05,1.2e-05,9e-06,0.131517,False,0,16.899
70,73,74,7.4e-05,1.9e-05,1.3e-05,0.13124,False,0,16.8996
70,74,73,3.2e-05,8e-06,6e-06,0.130928,False,0,16.8983
70,75,72,3.5e-05,9e-06,6e-06,0.130663,False,0,16.8985
70,76,71,5.5e-05,1.4e-05,1e-05,0.130404,False,0,16.8991
70,77,70,8.1e-05,2.1e-05,1.4e-05,0.130188,False,0,16.8997
70,78,69,6.7e-05,1.7e-05,1.2e-05,0.129979,False,0,16.8994
70,79,68,6.8e-05,1.7e-05,1.2e-05,0.129779,False,0,16.8994
70,80,67,9.5e-05,2.4e-05,1.7e-05,0.129561,False,0,16.9001
70,81,66,0.00011,2.8e-05,1.9e-05,0.129376,False,0,16.9004
70,82,65,8.5e-05,2.1e-05,1.5e-05,0.129265,False,0,16.8999
70,83,64,9.4e-05,2.4e-05,1.7e-05,0.129128,False,0,16.9001
70,84,63,9.3e-05,2.4e-05,1.6e-05,0.129023,False,0,16.9
71,52,125,7.1e-05,1.8e-05,1.2e-05,0.144446,True,0,16.8927
71,53,125,1.9e-05,5e-06,3e-06,0.142508,False,0,16.8944
71,54,125,2.8e-05,7e-06,5e-06,0.14085,False,0,16.8942
71,55,125,3.8e-05,1e-05,7e-06,0.139397,False,0,16.8936
71,56,125,6e-05,1.5e-05,1e-05,0.138074,False,0,16.8931
71,57,125,6.6e-05,1.6e-05,1.1e-05,0.136889,False,0,16.8928
71,58,125,6.3e-05,1.6e-05,1.1e-05,0.135799,False,0,16.8929
71,59,125,3.3e-05,8e-06,6e-06,0.134828,False,0,16.8938
71,60,125,6e-05,1.5e-05,1e-05,0.133951,False,0,16.8929
71,61,125,2.9e-05,7e-06,5e-06,0.133148,False,0,16.8941
71,62,125,3.4e-05,9e-06,6e-06,0.13239,False,0,16.8938
71,63,125,1.2e-05,3e-06,2e-06,0.131636,False,0,16.8947
71,64,125,4e-05,1e-05,7e-06,0.130986,False,0,16.8936
71,65,125,1.7e-05,4e-06,3e-06,0.1304,False,0,16.8944
71,66,125,2.2e-05,6e-06,4e-06,0.129855,False,0,16.8943
71,67,125,2.6e-05,6e-06,4e-06,0.129339,False,0,16.8942
71,68,125,2.4e-05,6e-06,4e-06,0.128853,False,0,16.8943
71,69,125,3e-05,7e-06,5e-06,0.12837,False,0,16.8939
71,70,125,1e-05,2e-06,2e-06,0.127926,False,0,16.8948
71,71,125,4e-06,1e-06,1e-06,0.127504,False,0,16.8954
71,72,125,1.2e-05,3e-06,2e-06,0.127136,False,0,16.895
71,73,125,3.2e-05,8e-06,6e-06,0.126772,False,0,16.8938
71,74,125,4.1e-05,1e-05,7e-06,0.1264,False,0,16.8936
71,75,125,5e-06,1e-06,1e-06,0.126024,False,0,16.8953
71,76,125,6e-06,1e-06,1e-06,0.125697,False,0,16.8955
71,77,125,6e-06,2e-06,1e-06,0.125443,False,0,16.8951
71,78,125,1.4e-05,3e-06,2e-06,0.125201,False,0,16.895
71,79,125,1.7e-05,4e-06,3e-06,0.124958,False,0,16.8945
71,80,125,2.9e-05,7e-06,5e-06,0.124718,False,0,16.8939
71,81,125,4.9e-05,1.2e-05,8e-06,0.124516,False,0,16.8932
71,82,125,2.5e-05,6e-06,4e-06,0.124311,False,0,16.8945
71,83,125,1e-05,2e-06,2e-06,0.124096,False,0,16.8948
71,84,125,7e-06,2e-06,1e-06,0.123869,False,0,16.895
71,85,125,3e-06,1e-06,1e-06,0.12369,False,0,16.8954
71,86,125,4e-06,1e-06,1e-06,0.123515,False,0,16.8954
71,87,125,4e-06,1e-06,1e-06,0.123372,False,0,16.8953
71,88,125,4e-06,1e-06,1e-06,0.123237,False,0,16.8954
71,89,125,4e-06,1e-06,1e-06,0.123111,False,0,16.8952
71,90,125,1.1e-05,3e-06,2e-06,0.122997,False,0,16.8948
71,91,125,1.5e-05,3e-06,3e-06,0.122882,False,0,16.8945
71,92,125,2.5e-05,6e-06,4e-06,0.122773,False,0,16.8943
71,93,125,2.7e-05,7e-06,5e-06,0.12266,False,0,16.894
71,94,125,2.2e-05,6e-06,4e-06,0.122568,False,0,16.8943
71,95,125,2e-05,5e-06,3e-06,0.122457,False,0,16.8944
71,96,125,2.7e-05,7e-06,4e-06,0.122383,False,0,16.8942
71,97,125,2.3e-05,6e-06,4e-06,0.122311,False,0,16.8941
71,98,125,1.2e-05,3e-06,2e-06,0.122254,False,0,16.8949
71,99,125,1.4e-05,3e-06,2e-06,0.122187,False,0,16.8945
71,100,125,1e-06,0.0,0.0,0.1221,False,0,16.8957
71,101,125,2e-06,1e-06,0.0,0.12203,False,0,16.8959
71,102,125,1e-06,0.0,0.0,0.121967,False,0,16.8961
71,103,125,5e-06,1e-06,1e-06,0.121917,False,0,16.8951
71,104,125,6e-06,2e-06,1e-06,0.121834,False,0,16.895
71,105,125,1.8e-05,5e-06,3e-06,0.121736,False,0,16.8944
71,106,125,1.3e-05,3e-06,2e-06,0.121691,False,0,16.8946
71,107,125,1e-06,0.0,0.0,0.121646,False,0,16.8957
71,108,125,3e-06,1e-06,1e-06,0.121612,False,0,16.8963
71,109,125,1e-06,0.0,0.0,0.12156,False,0,16.896
71,110,125,4e-06,1e-06,1e-06,0.121537,False,0,16.8955
71,111,125,5e-06,1e-06,1e-06,0.121468,False,0,16.8953
71,112,125,1.6e-05,4e-06,3e-06,0.121441,False,0,16.8944
71,113,125,1e-06,0.0,0.0,0.121436,False,0,16.8959
71,114,125,0.0,0.0,0.0,0.121428,False,0,16.8961
71,115,125,5e-06,1e-06,1e-06,0.121424,False,0,16.8952
71,116,125,8e-06,2e-06,1e-06,0.121398,False,0,16.8949
71,117,125,4e-06,1e-06,1e-06,0.121375,False,0,16.8957
71,118,125,1e-06,0.0,0.0,0.121359,False,0,16.8965
71,119,125,1e-06,0.0,0.0,0.121387,False,0,16.8957
71,120,125,2e-06,0.0,0.0,0.121382,False,0,16.8963
71,121,125,3e-06,1e-06,1e-06,0.121377,False,0,16.8958
71,122,125,5e-06,1e-06,1e-06,0.121366,False,0,16.8964
71,123,125,2e-06,1e-06,0.0,0.121385,False,0,16.8956
71,124,125,2e-06,1e-06,1e-06,0.121426,False,0,16.8964
71,125,125,8e-06,2e-06,1e-06,0.121458,False,0,16.8971
71,126,125,1.8e-05,4e-06,3e-06,0.121442,False,0,16.8977
71,127,125,1.2e-05,3e-06,2e-06,0.121413,False,0,16.8975
71,128,125,5e-06,1e-06,1e-06,0.121413,False,0,16.897
71,129,125,2e-06,1e-06,0.0,0.121395,False,0,16.8966
71,130,125,2e-06,0.0,0.0,0.121383,False,0,16.8956
71,131,125,3e-06,1e-06,1e-06,0.12139,False,0,16.8966
71,132,125,1e-06,0.0,0.0,0.121421,False,0,16.8965
71,133,125,6e-06,1e-06,1e-06,0.121444,False,0,16.897
71,134,125,2e-06,0.0,0.0,0.121468,False,0,16.8966
71,135,125,8e-06,2e-06,1e-06,0.121522,False,0,16.897
71,136,125,1e-05,2e-06,2e-06,0.121582,False,0,16.8973
71,137,125,1.9e-05,5e-06,4e-06,0.121645,False,0,16.8977
71,138,125,4e-06,1e-06,1e-06,0.121686,False,0,16.8966
71,139,125,4e-06,1e-06,1e-06,0.121709,False,0,16.8965
71,140,125,1e-06,0.0,0.0,0.12174,False,0,16.8962
71,141,125,1e-06,0.0,0.0,0.121753,False,0,16.8959
71,142,125,2e-06,1e-06,0.0,0.121772,False,0,16.8966
71,143,125,6e-06,1e-06,1e-06,0.121785,False,0,16.897
71,144,125,5e-06,1e-06,1e-06,0.121823,False,0,16.8969
71,145,125,4e-06,1e-06,1e-06,0.121878,False,0,16.8968
71,146,125,2e-06,1e-06,0.0,0.121919,False,0,16.8967
71,147,125,6e-06,2e-06,1e-06,0.121956,False,0,16.897
71,148,125,3e-06,1e-06,1e-06,0.121979,False,0,16.8966
71,149,125,7e-06,2e-06,1e-06,0.122054,False,0,16.897
71,150,125,3e-06,1e-06,1e-06,0.122137,False,0,16.8958
71,151,125,6e-06,2e-06,1e-06,0.122209,False,0,16.8971
71,152,125,4.3e-05,1.1e-05,8e-06,0.122262,False,0,16.8987
71,153,125,3.6e-05,9e-06,6e-06,0.12232,False,0,16.8985
71,154,125,2.3e-05,6e-06,4e-06,0.122418,False,0,16.8979
71,155,125,9e-06,2e-06,2e-06,0.122504,False,0,16.8967
71,156,125,1.2e-05,3e-06,2e-06,0.122597,False,0,16.8975
71,157,125,1.6e-05,4e-06,3e-06,0.122681,False,0,16.8977
71,158,125,8e-06,2e-06,2e-06,0.122759,False,0,16.8969
71,159,125,1e-06,0.0,0.0,0.122811,False,0,16.8963
71,160,125,9e-06,2e-06,2e-06,0.122867,False,0,16.8972
71,161,125,1.3e-05,4e-06,2e-06,0.122912,False,0,16.8974
71,162,125,2.3e-05,6e-06,4e-06,0.122998,False,0,16.898
71,163,125,3.8e-05,9e-06,7e-06,0.123046,False,0,16.8986
71,164,125,4e-05,1e-05,7e-06,0.123114,False,0,16.8985
71,165,125,4.3e-05,1.1e-05,8e-06,0.1232,False,0,16.8987
71,166,125,1.8e-05,4e-06,3e-06,0.123293,False,0,16.8976
71,167,125,1.5e-05,4e-06,3e-06,0.12338,False,0,16.8975
71,168,125,1e-05,3e-06,2e-06,0.123439,False,0,16.8972
71,169,125,1.2e-05,3e-06,2e-06,0.123526,False,0,16.8971
71,170,125,3e-05,8e-06,5e-06,0.1236,False,0,16.8983
71,171,125,3.2e-05,8e-06,6e-06,0.123681,False,0,16.8983
71,172,125,4e-05,1e-05,7e-06,0.123725,False,0,16.8986
71,173,125,4.9e-05,1.2e-05,8e-06,0.123833,False,0,16.8988
71,174,125,1.8e-05,5e-06,3e-06,0.123939,False,0,16.8978
71,175,125,1.1e-05,3e-06,2e-06,0.124052,False,0,16.8972
71,176,125,7e-06,2e-06,1e-06,0.124133,False,0,16.8971
71,177,125,2.8e-05,7e-06,5e-06,0.124207,False,0,16.8982
71,178,125,4.5e-05,1.1e-05,8e-06,0.124279,False,0,16.8988
71,179,125,4.4e-05,1.1e-05,8e-06,0.124378,False,0,16.8987
71,180,125,4.5e-05,1.1e-05,8e-06,0.124489,False,0,16.8988
71,181,125,1.6e-05,4e-06,3e-06,0.124608,False,0,16.8976
71,182,125,1.7e-05,4e-06,3e-06,0.124702,False,0,16.8977
71,183,125,1.4e-05,4e-06,3e-06,0.12479,False,0,16.8974
71,184,125,4.9e-05,1.2e-05,9e-06,0.124879,False,0,16.8989
71,185,125,6.1e-05,1.5e-05,1e-05,0.12497,False,0,16.8992
71,186,125,8.7e-05,2.2e-05,1.5e-05,0.125044,False,0,16.8998
71,187,125,5.2e-05,1.3e-05,9e-06,0.125087,False,0,16.899
71,188,125,4e-05,1e-05,7e-06,0.125137,False,0,16.8985
71,189,125,7.8e-05,1.9e-05,1.4e-05,0.125205,False,0,16.8997
71,190,125,5e-05,1.3e-05,9e-06,0.125286,False,0,16.8989
71,191,125,3e-05,7e-06,5e-06,0.125353,False,0,16.8982
71,192,125,2.9e-05,7e-06,5e-06,0.125431,False,0,16.8983
71,193,125,5.3e-05,1.3e-05,9e-06,0.125505,False,0,16.899
71,194,125,2.6e-05,6e-06,4e-06,0.125593,False,0,16.8981
71,195,125,3.1e-05,7e-06,5e-06,0.125688,False,0,16.8981
71,196,125,6.5e-05,1.6e-05,1.2e-05,0.125762,False,0,16.8994
71,197,125,6.4e-05,1.6e-05,1.1e-05,0.125844,False,0,16.8993
71,198,125,8.3e-05,2.1e-05,1.4e-05,0.125936,False,0,16.8995
71,199,125,5.4e-05,1.4e-05,1e-05,0.12599,False,0,16.899
71,200,125,3.3e-05,8e-06,6e-06,0.12606,False,0,16.8983
71,201,125,2.4e-05,6e-06,4e-06,0.126129,False,0,16.8981
71,202,125,2.3e-05,6e-06,4e-06,0.126217,False,0,16.898
71,203,125,2.4e-05,6e-06,4e-06,0.126254,False,0,16.8978
71,204,125,5.6e-05,1.4e-05,1e-05,0.126278,False,0,16.8991
71,205,125,6.6e-05,1.7e-05,1.1e-05,0.126343,False,0,16.8993
71,206,125,9.2e-05,2.3e-05,1.6e-05,0.126418,False,0,16.9
71,207,125,4.1e-05,1e-05,7e-06,0.12649,False,0,16.8986
71,208,125,3.2e-05,8e-06,6e-06,0.126557,False,0,16.8982
71,209,125,2.3e-05,6e-06,4e-06,0.126646,False,0,16.8979
71,210,125,3.7e-05,9e-06,7e-06,0.126722,False,0,16.8985
71,211,125,3.4e-05,8e-06,6e-06,0.126808,False,0,16.8984
71,212,125,2.9e-05,7e-06,5e-06,0.126886,False,0,16.8982
71,213,125,5.8e-05,1.4e-05,1e-05,0.126986,False,0,16.8991
71,214,125,5.6e-05,1.4e-05,1e-05,0.127065,False,0,16.8991
71,215,125,7.2e-05,1.8e-05,1.3e-05,0.127124,False,0,16.8995
71,216,125,5.2e-05,1.3e-05,9e-06,0.127212,False,0,16.8989
71,217,125,6.5e-05,1.6e-05,1.2e-05,0.127305,False,0,16.8994
71,218,125,3.7e-05,9e-06,7e-06,0.127422,False,0,16.8985
71,219,125,5.9e-05,1.5e-05,1e-05,0.127505,False,0,16.8991
71,220,125,9.5e-05,2.4e-05,1.7e-05,0.127575,False,0,16.9
71,221,125,6.5e-05,1.7e-05,1.1e-05,0.127644,False,0,16.8993
71,222,125,5.6e-05,1.4e-05,1e-05,0.127723,False,0,16.8991
71,223,125,4.7e-05,1.2e-05,8e-06,0.127759,False,0,16.8988
71,224,125,5.6e-05,1.4e-05,1e-05,0.127814,False,0,16.8991
71,225,125,8.9e-05,2.2e-05,1.5e-05,0.127866,False,0,16.8999
71,226,125,7.8e-05,2e-05,1.4e-05,0.127995,False,0,16.8996
71,227,125,0.000102,2.6e-05,1.8e-05,0.128101,False,0,16.9002
71,228,125,8.5e-05,2.1e-05,1.5e-05,0.128207,False,0,16.8998
71,229,125,9.6e-05,2.4e-05,1.7e-05,0.12827,False,0,16.8999
71,230,125,9.8e-05,2.5e-05,1.7e-05,0.128339,False,0,16.9001
71,231,125,0.000131,3.3e-05,2.3e-05,0.128425,False,0,16.9006
71,232,125,0.00011,2.8e-05,1.9e-05,0.128526,False,0,16.9002
71,233,125,0.000118,3e-05,2.1e-05,0.128657,False,0,16.9004
71,234,125,0.000124,3.1e-05,2.2e-05,0.128768,False,0,16.9004
71,235,125,0.000145,3.6e-05,2.6e-05,0.128887,False,0,16.901
71,236,125,0.000144,3.6e-05,2.5e-05,0.12896,False,0,16.9008
71,237,125,0.000127,3.2e-05,2.2e-05,0.12907,False,0,16.9007
71,238,125,0.000109,2.7e-05,1.9e-05,0.129174,False,0,16.9002
71,239,125,0.000134,3.4e-05,2.4e-05,0.129281,False,0,16.9007
71,240,125,0.000193,4.8e-05,3.4e-05,0.129382,False,0,16.9017
71,241,125,0.00015,3.8e-05,2.6e-05,0.129468,False,0,16.901
71,242,125,0.000137,3.4e-05,2.4e-05,0.129569,False,0,16.9008
71,243,125,0.000142,3.5e-05,2.4e-05,0.129678,False,0,16.9007
71,244,125,0.000193,4.9e-05,3.4e-05,0.129798,False,0,16.9018
71,245,125,0.00016,4e-05,2.7e-05,0.12991,False,0,16.9011
71,246,125,0.000147,3.7e-05,2.5e-05,0.130033,False,0,16.9008
71,247,125,0.000176,4.4e-05,3.1e-05,0.130146,False,0,16.9015
71,248,125,0.000124,3.1e-05,2.2e-05,0.130223,False,0,16.9006
71,249,125,0.000115,2.9e-05,2e-05,0.130298,False,0,16.9004
71,250,125,0.000175,4.4e-05,3.1e-05,0.130426,False,0,16.9015
71,251,125,0.000219,5.5e-05,3.7e-05,0.130606,False,0,16.9019
71,252,125,0.000276,6.9e-05,4.8e-05,0.130769,False,0,16.9028
71,253,125,0.000255,6.4e-05,4.4e-05,0.130912,False,0,16.9025
71,254,125,0.000209,5.2e-05,3.6e-05,0.131049,False,0,16.9019
71,255,125,0.000198,5e-05,3.4e-05,0.131163,False,0,16.9016
71,256,125,0.000244,6.1e-05,4.2e-05,0.131251,False,0,16.9023
71,257,125,0.000211,5.3e-05,3.6e-05,0.131365,False,0,16.9019
71,258,125,0.00025,6.3e-05,4.3e-05,0.131489,False,0,16.9024
71,259,125,0.000293,7.4e-05,5.1e-05,0.131647,False,0,16.9031
71,260,125,0.00031,7.8e-05,5.3e-05,0.131794,False,0,16.903
71,261,125,0.000275,6.9e-05,4.9e-05,0.131936,False,0,16.9029
71,262,125,0.000334,8.4e-05,5.8e-05,0.132111,False,0,16.9035
71,263,125,0.00031,7.8e-05,5.4e-05,0.132245,False,0,16.9032
71,264,125,0.000333,8.4e-05,5.7e-05,0.132386,False,0,16.9034
71,265,125,0.000328,8.2e-05,5.7e-05,0.132502,False,0,16.9034
71,266,125,0.000388,9.7e-05,6.7e-05,0.132631,False,0,16.9041
71,267,125,0.000388,9.7e-05,6.8e-05,0.132789,False,0,16.9041
71,268,125,0.000332,8.3e-05,5.8e-05,0.132938,False,0,16.9034
71,269,125,0.000324,8.1e-05,5.6e-05,0.133096,False,0,16.9033
71,270,125,0.00038,9.5e-05,6.6e-05,0.133236,False,0,16.9039
71,271,125,0.000364,9.1e-05,6.3e-05,0.13337,False,0,16.9038
71,272,125,0.000332,8.3e-05,5.8e-05,0.133527,False,0,16.9034
71,273,125,0.000337,8.4e-05,5.8e-05,0.133694,False,0,16.9034
71,274,125,0.000391,9.8e-05,6.8e-05,0.133853,False,0,16.904
71,275,125,0.000413,0.000104,7.1e-05,0.134005,False,0,16.9042
71,276,125,0.000349,8.8e-05,6e-05,0.134148,False,0,16.9036
71,277,125,0.000324,8.1e-05,5.6e-05,0.134284,False,0,16.9033
71,278,124,0.000356,8.9e-05,6.2e-05,0.134417,False,0,16.9037
71,279,123,0.000364,9.1e-05,6.3e-05,0.134551,False,0,16.9037
71,280,122,0.00043,0.000108,7.5e-05,0.134722,False,0,16.9045
71,281,121,0.000415,0.000104,7.2e-05,0.13488,False,0,16.9043
71,282,120,0.000424,0.000106,7.3e-05,0.135047,False,0,16.9042
71,283,119,0.000398,1e-04,6.9e-05,0.135208,False,0,16.9041
71,284,118,0.000409,0.000102,7.1e-05,0.135354,False,0,16.9043
71,285,117,0.000478,0.00012,8.3e-05,0.135497,False,0,16.905
71,286,116,0.000543,0.000136,9.4e-05,0.135652,False,0,16.9055
71,287,115,0.000488,0.000122,8.4e-05,0.13582,False,0,16.905
71,288,114,0.000424,0.000106,7.4e-05,0.136029,False,0,16.9044
71,289,113,0.000403,0.000101,7e-05,0.136202,False,0,16.9042
71,290,112,0.000516,0.000129,8.9e-05,0.136415,False,0,16.9051
71,291,111,0.000554,0.000139,9.7e-05,0.136643,False,0,16.9056
71,292,110,0.000526,0.000132,9.1e-05,0.136859,False,0,16.9053
71,293,109,0.000416,0.000104,7.2e-05,0.13708,False,0,16.9041
71,294,108,0.000478,0.00012,8.3e-05,0.137261,False,0,16.9049
71,295,107,0.00043,0.000107,7.5e-05,0.137454,False,0,16.9045
71,296,106,0.000509,0.000127,8.8e-05,0.137625,False,0,16.905
71,297,105,0.000616,0.000154,0.000106,0.137811,False,0,16.9061
71,298,104,0.000596,0.000149,0.000104,0.13803,False,0,16.906
71,299,103,0.000625,0.000156,0.000107,0.138262,False,0,16.9061
71,300,102,0.000588,0.000147,0.000101,0.138449,False,0,16.9057
71,301,101,0.000677,0.000169,0.000117,0.138594,False,0,16.9066
71,302,100,0.000669,0.000168,0.000116,0.138787,False,0,16.9065
71,303,99,0.000745,0.000186,0.000129,0.139012,False,0,16.9072
71,304,98,0.000682,0.000171,0.000117,0.139234,False,0,16.9064
71,305,97,0.000682,0.000171,0.000119,0.139452,False,0,16.9066
71,306,96,0.000638,0.00016,0.00011,0.13966,False,0,16.9062
71,307,95,0.000593,0.000148,0.000102,0.139865,False,0,16.9058
71,308,94,0.00061,0.000153,0.000106,0.14008,False,0,16.9061
71,309,93,0.000506,0.000126,8.7e-05,0.140278,False,0,16.9052
71,310,92,0.000521,0.00013,9e-05,0.140487,False,0,16.9052
71,311,91,0.000662,0.000166,0.000115,0.140738,False,0,16.9064
71,312,90,0.000743,0.000186,0.000129,0.140971,False,0,16.9071
71,313,89,0.000703,0.000176,0.000121,0.141212,False,0,16.9066
71,314,88,0.000672,0.000168,0.000116,0.141407,False,0,16.9065
71,315,87,0.00071,0.000178,0.000123,0.141666,False,0,16.9068
71,316,86,0.000789,0.000197,0.000137,0.141916,False,0,16.9075
71,317,85,0.000743,0.000186,0.000128,0.142159,False,0,16.907
71,318,84,0.00076,0.00019,0.000132,0.142372,False,0,16.9072
71,319,83,0.000817,0.000204,0.000141,0.142609,False,0,16.9076
71,320,82,0.000877,0.000219,0.000151,0.142868,False,0,16.908
71,321,81,0.000902,0.000226,0.000155,0.14316,True,0,16.9081
71,322,80,0.000876,0.000219,0.000152,0.143467,True,0,16.908
71,323,79,0.000805,0.000201,0.000139,0.143766,True,0,16.9075
71,324,78,0.000871,0.000218,0.000151,0.144053,True,0,16.908
71,325,77,0.0008,0.0002,0.000138,0.144364,True,0,16.9073
71,326,76,0.000843,0.000211,0.000146,0.144669,True,0,16.9077
71,327,75,0.000917,0.00023,0.000159,0.145034,True,0,16.9083
71,328,74,0.000929,0.000233,0.000161,0.145355,True,0,16.9083
71,329,73,0.000912,0.000228,0.000157,0.145664,True,0,16.9082
71,330,72,0.000834,0.000209,0.000144,0.145934,True,0,16.9077
71,331,71,0.000869,0.000217,0.00015,0.146213,True,0,16.9079
71,332,70,0.001051,0.000263,0.000182,0.146504,True,0,16.9092
71,333,69,0.001058,0.000265,0.000183,0.146839,True,0,16.9092
71,334,68,0.001148,0.000288,0.000199,0.147232,True,0,16.9098
71,335,67,0.001062,0.000266,0.000182,0.14761,True,0,16.9092
71,336,66,0.001053,0.000264,0.000183,0.14797,True,0,16.9092
71,337,65,0.001034,0.000259,0.000178,0.148316,True,0,16.9091
71,338,64,0.001098,0.000275,0.00019,0.148682,True,0,16.9094
71,339,63,0.001031,0.000258,0.000177,0.14903,True,0,16.9089
71,340,62,0.00106,0.000265,0.000183,0.149343,True,0,16.9092
71,341,61,0.001014,0.000254,0.000175,0.14965,True,0,16.9088
71,342,60,0.001158,0.00029,0.0002,0.149989,True,0,16.9097
71,343,59,0.001248,0.000313,0.000215,0.150358,True,0,16.9103
71,344,58,0.00119,0.000298,0.000206,0.150757,True,0,16.9099
71,345,57,0.001231,0.000308,0.000213,0.151184,True,0,16.9102
71,346,56,0.001211,0.000303,0.000209,0.151601,True,0,16.91
71,347,55,0.001336,0.000335,0.000232,0.152051,True,0,16.9109
71,348,54,0.001393,0.000349,0.000241,0.152487,True,0,16.9112
71,349,53,0.001322,0.000331,0.000228,0.152924,True,0,16.9107
71,350,52,0.001257,0.000315,0.000217,0.153365,True,0,16.9103
71,351,51,0.00132,0.000331,0.000228,0.153815,True,0,16.9106
71,352,50,0.001474,0.000369,0.000255,0.154314,True,0,16.9115
71,353,49,0.001563,0.000391,0.000269,0.154877,True,0,16.9119
71,354,48,0.00158,0.000395,0.000272,0.155478,True,0,16.912
71,355,47,0.001494,0.000374,0.000258,0.156064,True,0,16.9116
71,356,46,0.001472,0.000369,0.000254,0.156613,True,0,16.9114
71,357,45,0.001471,0.000368,0.000255,0.157129,True,0,16.9115
71,358,44,0.001654,0.000414,0.000286,0.157701,True,0,16.9125
71,359,43,0.00156,0.000391,0.000269,0.15831,True,0,16.912
71,360,42,0.001548,0.000388,0.000266,0.158852,True,0,16.9119
71,361,41,0.001455,0.000364,0.00025,0.159379,True,0,16.9113
71,362,40,0.001527,0.000382,0.000264,0.159901,True,0,16.9117
71,363,39,0.001631,0.000409,0.000282,0.160483,True,0,16.9123
71,364,38,0.0017,0.000426,0.000292,0.161161,True,0,16.9126
71,365,37,0.001728,0.000432,0.000298,0.16178,True,0,16.9128
71,366,36,0.001708,0.000428,0.000295,0.162438,True,0,16.9127
71,367,35,0.001839,0.00046,0.000317,0.163117,True,0,16.9133
72,52,125,0.000495,0.000123,8.4e-05,0.145796,True,0,16.887
72,53,125,0.00033,8.3e-05,5.6e-05,0.143837,True,0,16.8887
72,54,125,0.00039,9.8e-05,6.7e-05,0.142101,False,0,16.888
72,55,125,0.00046,0.000115,7.8e-05,0.140582,False,0,16.8874
72,56,125,0.000472,0.000118,8.1e-05,0.139239,False,0,16.8872
72,57,125,0.000551,0.000138,9.4e-05,0.138072,False,0,16.8866
72,58,125,0.000455,0.000114,7.8e-05,0.136992,False,0,16.8874
72,59,125,0.000439,0.00011,7.5e-05,0.135998,False,0,16.8876
72,60,125,0.000308,7.7e-05,5.3e-05,0.13509,False,0,16.8889
72,61,125,0.000351,8.8e-05,6e-05,0.13425,False,0,16.8886
72,62,125,0.000421,0.000106,7.2e-05,0.133457,False,0,16.8877
72,63,125,0.000458,0.000114,7.8e-05,0.132719,False,0,16.8874
72,64,125,0.000287,7.2e-05,4.9e-05,0.132023,False,0,16.8893
72,65,125,0.000229,5.7e-05,3.9e-05,0.131367,False,0,16.89
72,66,125,0.000243,6e-05,4.1e-05,0.13079,False,0,16.8898
72,67,125,0.000346,8.6e-05,5.9e-05,0.130277,False,0,16.8887
72,68,125,0.000446,0.000111,7.6e-05,0.129853,False,0,16.8875
72,69,125,0.000265,6.6e-05,4.5e-05,0.129371,False,0,16.8896
72,70,125,0.000252,6.3e-05,4.3e-05,0.128926,False,0,16.8898
72,71,125,0.000367,9.2e-05,6.3e-05,0.128497,False,0,16.8883
72,72,125,0.000303,7.6e-05,5.1e-05,0.12809,False,0,16.8891
72,73,125,0.000264,6.6e-05,4.5e-05,0.127705,False,0,16.8895
72,74,125,0.000322,8e-05,5.5e-05,0.127354,False,0,16.8889
72,75,125,0.000276,6.9e-05,4.7e-05,0.127051,False,0,16.8894
72,76,125,0.000315,7.9e-05,5.4e-05,0.126759,False,0,16.8889
72,77,125,0.000251,6.3e-05,4.2e-05,0.126476,False,0,16.8897
72,78,125,0.000309,7.7e-05,5.2e-05,0.126214,False,0,16.889
72,79,125,0.0002,5e-05,3.4e-05,0.125979,False,0,16.8905
72,80,125,0.000228,5.7e-05,3.9e-05,0.125743,False,0,16.8899
72,81,125,0.000286,7.1e-05,4.9e-05,0.125539,False,0,16.8892
72,82,125,0.000366,9.1e-05,6.2e-05,0.12535,False,0,16.8883
72,83,125,0.000363,9.1e-05,6.2e-05,0.12516,False,0,16.8883
72,84,125,0.000239,6e-05,4e-05,0.124942,False,0,16.8898
72,85,125,0.000265,6.6e-05,4.5e-05,0.12472,False,0,16.8895
72,86,125,0.000384,9.6e-05,6.5e-05,0.124518,False,0,16.8882
72,87,125,0.000382,9.5e-05,6.4e-05,0.124322,False,0,16.8883
72,88,125,0.000354,8.8e-05,6e-05,0.124152,False,0,16.8885
72,89,125,0.000265,6.7e-05,4.6e-05,0.124043,False,0,16.8896
72,90,125,0.000349,8.7e-05,6e-05,0.123948,False,0,16.8885
72,91,125,0.000375,9.4e-05,6.4e-05,0.123826,False,0,16.8882
72,92,125,0.000244,6.1e-05,4.1e-05,0.123698,False,0,16.8898
72,93,125,0.000296,7.4e-05,5.1e-05,0.123584,False,0,16.8891
72,94,125,0.00023,5.8e-05,3.9e-05,0.123485,False,0,16.8899
72,95,125,0.000169,4.2e-05,2.8e-05,0.123368,False,0,16.8909
72,96,125,0.000141,3.6e-05,2.4e-05,0.123245,False,0,16.8914
72,97,125,0.000127,3.2e-05,2.1e-05,0.123094,False,0,16.8916
72,98,125,0.000174,4.4e-05,3e-05,0.122958,False,0,16.8907
72,99,125,0.000127,3.2e-05,2.1e-05,0.122845,False,0,16.8917
72,100,125,0.000173,4.3e-05,2.9e-05,0.122778,False,0,16.8908
72,101,125,0.000151,3.8e-05,2.6e-05,0.122722,False,0,16.8911
72,102,125,0.000123,3.1e-05,2e-05,0.122676,False,0,16.8917
72,103,125,0.000126,3.2e-05,2.2e-05,0.12262,False,0,16.8915
72,104,125,0.000105,2.6e-05,1.8e-05,0.122572,False,0,16.8921
72,105,125,0.00014,3.5e-05,2.4e-05,0.122519,False,0,16.8912
72,106,125,0.000102,2.6e-05,1.7e-05,0.122463,False,0,16.8921
72,107,125,0.000187,4.7e-05,3.2e-05,0.12243,False,0,16.8907
72,108,125,0.000177,4.4e-05,3e-05,0.122402,False,0,16.8907
72,109,125,0.000143,3.6e-05,2.4e-05,0.122394,False,0,16.8912
72,110,125,0.000125,3.1e-05,2.1e-05,0.122372,False,0,16.8917
72,111,125,0.000106,2.7e-05,1.8e-05,0.12233,False,0,16.8919
72,112,125,0.000103,2.6e-05,1.7e-05,0.122295,False,0,16.8919
72,113,125,7.7e-05,2e-05,1.3e-05,0.122282,False,0,16.8926
72,114,125,8.7e-05,2.2e-05,1.5e-05,0.122344,False,0,16.8927
72,115,125,0.000167,4.2e-05,3e-05,0.122384,False,0,16.8907
72,116,125,0.000168,4.2e-05,2.8e-05,0.122352,False,0,16.891
72,117,125,0.00017,4.3e-05,2.9e-05,0.122274,False,0,16.8908
72,118,125,0.000146,3.7e-05,2.5e-05,0.122201,False,0,16.8911
72,119,125,0.000112,2.8e-05,1.9e-05,0.122195,False,0,16.8917
72,120,125,4.7e-05,1.2e-05,8e-06,0.122201,False,0,16.8935
72,121,125,7.1e-05,1.8e-05,1.2e-05,0.122222,False,0,16.8926
72,122,125,3.5e-05,9e-06,6e-06,0.122238,False,0,16.8937
72,123,125,3.4e-05,9e-06,6e-06,0.122242,False,0,16.8939
72,124,125,4.7e-05,1.2e-05,8e-06,0.12226,False,0,16.8933
72,125,125,7.5e-05,1.9e-05,1.2e-05,0.122285,False,0,16.8929
72,126,125,0.00011,2.7e-05,1.9e-05,0.122304,False,0,16.8918
72,127,125,7.2e-05,1.9e-05,1.2e-05,0.1223,False,0,16.8927
72,128,125,8.2e-05,2e-05,1.4e-05,0.122329,False,0,16.8924
72,129,125,9.7e-05,2.4e-05,1.6e-05,0.122334,False,0,16.8922
72,130,125,0.000119,3e-05,2e-05,0.122334,False,0,16.8917
72,131,125,8e-05,2e-05,1.3e-05,0.12231,False,0,16.8925
72,132,125,5.8e-05,1.5e-05,1e-05,0.122297,False,0,16.893
72,133,125,8e-05,2e-05,1.3e-05,0.122311,False,0,16.8925
72,134,125,6.6e-05,1.7e-05,1.1e-05,0.122322,False,0,16.8928
72,135,125,7e-05,1.7e-05,1.1e-05,0.122329,False,0,16.8929
72,136,125,3.7e-05,9e-06,6e-06,0.122336,False,0,16.8937
72,137,125,1.1e-05,3e-06,2e-06,0.122377,False,0,16.8947
72,138,125,1.2e-05,3e-06,2e-06,0.122433,False,0,16.8952
72,139,125,3.8e-05,1e-05,7e-06,0.122443,False,0,16.8935
72,140,125,4e-05,1e-05,7e-06,0.122436,False,0,16.8936
72,141,125,3.9e-05,1e-05,6e-06,0.122446,False,0,16.8936
72,142,125,4.1e-05,1e-05,7e-06,0.122447,False,0,16.8937
72,143,125,4.8e-05,1.2e-05,8e-06,0.122456,False,0,16.8932
72,144,125,4.5e-05,1.1e-05,7e-06,0.122474,False,0,16.8934
72,145,125,4.1e-05,1.1e-05,7e-06,0.122518,False,0,16.8935
72,146,125,2.8e-05,7e-06,5e-06,0.12257,False,0,16.894
72,147,125,1.2e-05,3e-06,2e-06,0.122624,False,0,16.8948
72,148,125,1.7e-05,4e-06,3e-06,0.122687,False,0,16.8945
72,149,125,1.7e-05,4e-06,3e-06,0.122739,False,0,16.8947
72,150,125,1.4e-05,4e-06,2e-06,0.122767,False,0,16.8946
72,151,125,1e-05,2e-06,2e-06,0.122791,False,0,16.8949
72,152,125,1.6e-05,4e-06,3e-06,0.122804,False,0,16.8945
72,153,124,1e-05,3e-06,2e-06,0.122831,False,0,16.8951
72,154,123,1e-06,0.0,0.0,0.122855,False,0,16.8959
72,155,122,1e-06,0.0,0.0,0.122897,False,0,16.8959
72,156,121,3e-06,1e-06,1e-06,0.122916,False,0,16.8964
72,157,120,4e-06,1e-06,1e-06,0.122943,False,0,16.8969
72,158,119,1e-06,0.0,0.0,0.122988,False,0,16.8965
72,159,118,4e-06,1e-06,1e-06,0.123032,False,0,16.8956
72,160,117,6e-06,1e-06,1e-06,0.123066,False,0,16.8953
72,161,116,1e-06,0.0,0.0,0.123118,False,0,16.8958
72,162,115,0.0,0.0,0.0,0.123198,False,0,16.896
72,163,114,2e-06,0.0,0.0,0.12325,False,0,16.8966
72,164,113,4e-06,1e-06,1e-06,0.123222,False,0,16.8968
72,165,112,8e-06,2e-06,1e-06,0.123202,False,0,16.8972
72,166,111,5e-06,1e-06,1e-06,0.123232,False,0,16.897
72,167,110,1e-05,3e-06,2e-06,0.123301,False,0,16.8973
72,168,109,8e-06,2e-06,1e-06,0.123361,False,0,16.8972
72,169,108,1e-06,0.0,0.0,0.123393,False,0,16.8964
72,170,107,2e-06,1e-06,1e-06,0.123423,False,0,16.8967
72,171,106,3e-06,1e-06,1e-06,0.123483,False,0,16.8967
72,172,105,4e-06,1e-06,1e-06,0.123535,False,0,16.8967
72,173,104,1.5e-05,4e-06,3e-06,0.123608,False,0,16.8977
72,174,103,5e-06,1e-06,1e-06,0.123645,False,0,16.8967
72,175,102,2e-05,5e-06,4e-06,0.123675,False,0,16.8979
72,176,101,4.7e-05,1.2e-05,8e-06,0.123731,False,0,16.8989
72,177,100,6.3e-05,1.6e-05,1.1e-05,0.123811,False,0,16.8993
72,178,99,4.8e-05,1.2e-05,8e-06,0.12388,False,0,16.8989
72,179,98,1.6e-05,4e-06,3e-06,0.123937,False,0,16.8976
72,180,97,1e-05,2e-06,2e-06,0.123976,False,0,16.8972
72,181,96,3.7e-05,9e-06,7e-06,0.124076,False,0,16.8986
72,182,95,4.7e-05,1.2e-05,8e-06,0.124202,False,0,16.8987
72,183,94,6.1e-05,1.5e-05,1.1e-05,0.124316,False,0,16.8993
72,184,93,4.1e-05,1e-05,7e-06,0.124403,False,0,16.8986
72,185,92,3.8e-05,9e-06,7e-06,0.124495,False,0,16.8986
72,186,91,1.3e-05,4e-06,2e-06,0.124599,False,0,16.8975
72,187,90,9e-06,2e-06,2e-06,0.124665,False,0,16.8971
72,188,89,2.8e-05,7e-06,5e-06,0.124723,False,0,16.8982
72,189,88,5.4e-05,1.4e-05,1e-05,0.124784,False,0,16.8991
72,190,87,4.8e-05,1.2e-05,8e-06,0.124854,False,0,16.8987
72,191,86,8e-05,2e-05,1.5e-05,0.124959,False,0,16.8998
72,192,85,0.000111,2.8e-05,2e-05,0.125043,False,0,16.9003
72,193,84,0.000157,3.9e-05,2.8e-05,0.125177,False,0,16.9012
72,194,83,7.6e-05,1.9e-05,1.3e-05,0.125292,False,0,16.8995
72,195,82,0.000103,2.6e-05,1.8e-05,0.125433,False,0,16.9001
72,196,81,0.000123,3.1e-05,2.2e-05,0.125541,False,0,16.9006
72,197,80,0.000141,3.6e-05,2.4e-05,0.125628,False,0,16.9008
72,198,79,0.000116,2.9e-05,2.1e-05,0.125707,False,0,16.9005
72,199,78,8.5e-05,2.1e-05,1.5e-05,0.125796,False,0,16.8996
72,200,77,9.1e-05,2.3e-05,1.7e-05,0.125906,False,0,16.9
72,201,76,0.000116,2.9e-05,2e-05,0.126032,False,0,16.9004
72,202,75,0.00016,4e-05,2.8e-05,0.126164,False,0,16.9012
72,203,74,0.00018,4.5e-05,3.2e-05,0.126313,False,0,16.9015
72,204,73,0.000159,4e-05,2.8e-05,0.126434,False,0,16.9012
72,205,72,0.000157,3.9e-05,2.7e-05,0.126559,False,0,16.9011
72,206,71,0.000171,4.3e-05,3e-05,0.126682,False,0,16.9014
72,207,70,0.000205,5.1e-05,3.6e-05,0.126803,False,0,16.9019
72,208,69,0.000218,5.5e-05,3.8e-05,0.126919,False,0,16.902
72,209,68,0.00025,6.3e-05,4.4e-05,0.127059,False,0,16.9025
72,210,67,0.000237,5.9e-05,4.2e-05,0.127231,False,0,16.9023
72,211,66,0.000257,6.4e-05,4.5e-05,0.127396,False,0,16.9026
72,212,65,0.00029,7.3e-05,5.1e-05,0.127576,False,0,16.903
72,213,64,0.0003,7.5e-05,5.3e-05,0.127761,False,0,16.9031
72,214,63,0.000271,6.8e-05,4.7e-05,0.127959,False,0,16.9027
72,215,62,0.000288,7.2e-05,5.1e-05,0.128157,False,0,16.9029
72,216,61,0.000321,8.1e-05,5.7e-05,0.12837,False,0,16.9034
72,217,60,0.000382,9.6e-05,6.7e-05,0.128583,False,0,16.9039
72,218,59,0.000457,0.000114,8e-05,0.128812,False,0,16.9048
72,219,58,0.000454,0.000114,7.8e-05,0.129035,False,0,16.9046
72,220,57,0.000446,0.000112,7.8e-05,0.129266,False,0,16.9046
72,221,56,0.000403,0.000101,7.1e-05,0.129478,False,0,16.9042
72,222,55,0.000432,0.000108,7.5e-05,0.129712,False,0,16.9044
72,223,54,0.000408,0.000102,7.2e-05,0.129937,False,0,16.9043
72,224,53,0.000415,0.000104,7.2e-05,0.130172,False,0,16.9042
72,225,52,0.000449,0.000113,7.9e-05,0.130397,False,0,16.9046
72,226,51,0.000483,0.000121,8.4e-05,0.130661,False,0,16.9048
72,227,50,0.000576,0.000144,0.000102,0.130917,False,0,16.9059
72,228,49,0.000529,0.000132,9.2e-05,0.13116,False,0,16.9054
72,229,48,0.000502,0.000126,8.8e-05,0.131444,False,0,16.9051
72,230,47,0.000532,0.000133,9.3e-05,0.131746,False,0,16.9054
72,231,46,0.00053,0.000133,9.3e-05,0.132053,False,0,16.9054
72,232,45,0.000563,0.000141,9.8e-05,0.132317,False,0,16.9056
73,52,125,2.3e-05,6e-06,4e-06,0.14393,True,0,16.8943
73,53,125,1.8e-05,4e-06,3e-06,0.141974,False,0,16.8944
73,54,125,2.4e-05,6e-06,4e-06,0.140286,False,0,16.8942
73,55,125,4.9e-05,1.2e-05,9e-06,0.138838,False,0,16.8932
73,56,125,3.1e-05,8e-06,5e-06,0.137538,False,0,16.8938
73,57,125,1.2e-05,3e-06,2e-06,0.13637,False,0,16.8947
73,58,125,3.1e-05,8e-06,5e-06,0.135299,False,0,16.8938
73,59,125,5.1e-05,1.3e-05,9e-06,0.134357,False,0,16.8931
73,60,125,6.1e-05,1.5e-05,1e-05,0.133457,False,0,16.8929
73,61,125,1.2e-05,3e-06,2e-06,0.132614,False,0,16.8948
73,62,125,1.4e-05,3e-06,2e-06,0.131852,False,0,16.8946
73,63,125,5e-06,1e-06,1e-06,0.131143,False,0,16.8954
73,64,125,1e-06,1e-06,0.0,0.130529,False,0,16.8957
73,65,125,3e-06,1e-06,1e-06,0.129936,False,0,16.8961
73,66,125,4e-06,1e-06,1e-06,0.129387,False,0,16.8969
73,67,125,1e-06,0.0,0.0,0.128863,False,0,16.8958
73,68,125,6e-06,1e-06,1e-06,0.128373,False,0,16.8951
73,69,125,9e-06,2e-06,2e-06,0.127884,False,0,16.8949
73,70,125,2e-06,1e-06,0.0,0.127422,False,0,16.8956
73,71,125,2e-06,1e-06,0.0,0.127017,False,0,16.8955
73,72,125,1e-06,0.0,0.0,0.12662,False,0,16.8963
73,73,125,2e-06,0.0,0.0,0.126241,False,0,16.8956
73,74,125,1e-05,3e-06,2e-06,0.125889,False,0,16.8971
73,75,125,2e-06,1e-06,0.0,0.125597,False,0,16.8957
73,76,125,1e-06,1e-06,0.0,0.125378,False,0,16.8964
73,77,125,1.3e-05,3e-06,3e-06,0.125145,False,0,16.8974
73,78,125,6e-06,2e-06,1e-06,0.124912,False,0,16.8969
73,79,125,1e-06,0.0,0.0,0.124688,False,0,16.8962
73,80,125,0.0,0.0,0.0,0.124438,False,0,16.8962
73,81,125,4e-06,1e-06,1e-06,0.124205,False,0,16.8964
73,82,125,1e-06,0.0,0.0,0.123971,False,0,16.8961
73,83,125,0.0,0.0,0.0,0.123758,False,0,16.8961
73,84,124,1e-06,0.0,0.0,0.123572,False,0,16.8963
73,85,123,2e-06,1e-06,0.0,0.123371,False,0,16.8963
73,86,122,0.0,0.0,0.0,0.123234,False,0,16.8961
73,87,121,1e-06,0.0,0.0,0.123053,False,0,16.8957
73,88,120,4e-06,1e-06,1e-06,0.122935,False,0,16.8953
73,89,119,2e-06,1e-06,0.0,0.122827,False,0,16.8964
73,90,118,1.3e-05,4e-06,3e-06,0.122758,False,0,16.8976
73,91,117,5e-06,1e-06,1e-06,0.122656,False,0,16.8968
73,92,116,1e-06,0.0,0.0,0.12253,False,0,16.8962
73,93,115,1.3e-05,3e-06,2e-06,0.122416,False,0,16.8975
73,94,114,1.2e-05,3e-06,2e-06,0.122302,False,0,16.8974
73,95,113,7e-06,2e-06,1e-06,0.122212,False,0,16.8971
73,96,112,6e-06,1e-06,1e-06,0.122116,False,0,16.8953
73,97,111,4e-06,1e-06,1e-06,0.12205,False,0,16.8954
73,98,110,1.1e-05,3e-06,2e-06,0.122005,False,0,16.8971
73,99,109,2.9e-05,7e-06,5e-06,0.121975,False,0,16.8983
73,100,108,3.5e-05,9e-06,6e-06,0.121928,False,0,16.8984
73,101,107,2e-05,5e-06,3e-06,0.121906,False,0,16.8979
73,102,106,1.1e-05,3e-06,2e-06,0.121869,False,0,16.8974
73,103,105,2e-06,0.0,0.0,0.121827,False,0,16.8967
73,104,104,1e-06,0.0,0.0,0.121801,False,0,16.8964
73,105,103,6e-06,2e-06,1e-06,0.121781,False,0,16.8962
73,106,102,2e-06,0.0,0.0,0.121773,False,0,16.8967
73,107,101,1.1e-05,2e-06,2e-06,0.121733,False,0,16.8971
73,108,100,8e-06,2e-06,2e-06,0.121702,False,0,16.8972
73,109,99,1.4e-05,4e-06,2e-06,0.121665,False,0,16.8975
74,52,125,2.9e-05,7e-06,5e-06,0.144292,True,0,16.8939
74,53,125,4.2e-05,1e-05,7e-06,0.142404,False,0,16.8937
74,54,125,3.4e-05,9e-06,6e-06,0.140756,False,0,16.8938
74,55,125,2.2e-05,6e-06,4e-06,0.139295,False,0,16.8942
74,56,125,1.4e-05,4e-06,2e-06,0.13801,False,0,16.8947
74,57,125,1.5e-05,3e-06,2e-06,0.136853,False,0,16.8946
74,58,125,8e-06,2e-06,1e-06,0.135797,False,0,16.8949
74,59,125,6e-06,1e-06,1e-06,0.13483,False,0,16.8954
74,60,125,2e-06,0.0,0.0,0.133947,False,0,16.8959
74,61,124,1e-06,0.0,0.0,0.133131,False,0,16.8958
74,62,123,1e-06,0.0,0.0,0.132361,False,0,16.896
74,63,122,4e-06,1e-06,1e-06,0.131637,False,0,16.8955
74,64,121,7e-06,2e-06,1e-06,0.130986,False,0,16.8952
74,65,120,1.3e-05,3e-06,2e-06,0.13035,False,0,16.8951
74,66,119,2.1e-05,5e-06,4e-06,0.129801,False,0,16.8943
74,67,118,2.7e-05,7e-06,5e-06,0.129271,False,0,16.894
74,68,117,3.2e-05,8e-06,5e-06,0.128818,False,0,16.8938
75,52,125,0.000792,0.000198,0.000134,0.146871,True,0,16.8848
75,53,125,0.0009,0.000225,0.000154,0.144937,True,0,16.8839
75,54,125,0.000861,0.000215,0.000147,0.143302,True,0,16.8842
75,55,125,0.000926,0.000232,0.000158,0.141857,False,0,16.8837
75,56,125,0.000642,0.00016,0.000109,0.140533,False,0,16.8859
75,57,125,0.000731,0.000183,0.000124,0.139335,False,0,16.8852
75,58,125,0.00058,0.000145,9.9e-05,0.138255,False,0,16.8864
75,59,125,0.000664,0.000166,0.000113,0.137282,False,0,16.8856
75,60,125,0.000648,0.000162,0.000111,0.136344,False,0,16.8858
75,61,125,0.000775,0.000194,0.000134,0.135398,False,0,16.8847
75,62,125,0.000707,0.000177,0.00012,0.13451,False,0,16.8854
75,63,125,0.000676,0.000169,0.000116,0.133771,False,0,16.8856
75,64,125,0.000598,0.000149,0.000102,0.133086,False,0,16.8862
75,65,125,0.000579,0.000145,9.9e-05,0.132441,False,0,16.8864
75,66,125,0.000474,0.000118,8e-05,0.13184,False,0,16.8873
75,67,125,0.000547,0.000136,9.3e-05,0.131305,False,0,16.8867
75,68,125,0.00059,0.000148,0.000101,0.130792,False,0,16.8862
75,69,125,0.000587,0.000147,1e-04,0.130327,False,0,16.8862
75,70,125,0.000424,0.000106,7.1e-05,0.129898,False,0,16.8879
75,71,125,0.000487,0.000122,8.4e-05,0.129472,False,0,16.8871
75,72,125,0.000506,0.000126,8.6e-05,0.129094,False,0,16.8871
75,73,125,0.000478,0.000119,8.1e-05,0.128728,False,0,16.8873
75,74,125,0.000436,0.000109,7.4e-05,0.128371,False,0,16.8876
75,75,125,0.000464,0.000116,7.9e-05,0.128007,False,0,16.8875
75,76,125,0.000455,0.000114,7.7e-05,0.12767,False,0,16.8875
75,77,125,0.000669,0.000167,0.000114,0.127386,False,0,16.8856
75,78,125,0.000625,0.000156,0.000107,0.127105,False,0,16.8859
75,79,125,0.000452,0.000113,7.7e-05,0.126826,False,0,16.8876
75,80,125,0.000449,0.000112,7.6e-05,0.126536,False,0,16.8875
75,81,125,0.000579,0.000145,9.8e-05,0.12628,False,0,16.8864
75,82,125,0.000522,0.00013,9e-05,0.126054,False,0,16.8867
75,83,125,0.000371,9.2e-05,6.2e-05,0.125877,False,0,16.8884
75,84,125,0.0003,7.5e-05,5.2e-05,0.125677,False,0,16.889
75,85,125,0.000266,6.7e-05,4.5e-05,0.12548,False,0,16.8896
75,86,125,0.000344,8.6e-05,5.9e-05,0.125316,False,0,16.8886
75,87,125,0.000406,0.000101,6.9e-05,0.125169,False,0,16.888
75,88,125,0.00062,0.000155,0.000106,0.125052,False,0,16.886
75,89,125,0.00039,9.7e-05,6.6e-05,0.124938,False,0,16.8881
75,90,125,0.000381,9.5e-05,6.5e-05,0.124811,False,0,16.8882
75,91,125,0.000382,9.6e-05,6.6e-05,0.124679,False,0,16.8881
75,92,125,0.00047,0.000117,8e-05,0.124534,False,0,16.8873
75,93,125,0.000411,0.000103,7e-05,0.124384,False,0,16.8879
75,94,125,0.000501,0.000125,8.6e-05,0.124227,False,0,16.887
75,95,125,0.000526,0.000132,8.9e-05,0.124081,False,0,16.8869
75,96,125,0.000456,0.000114,7.8e-05,0.123974,False,0,16.8874
75,97,125,0.000326,8.2e-05,5.6e-05,0.123892,False,0,16.8887
75,98,125,0.00029,7.3e-05,5e-05,0.123805,False,0,16.8892
75,99,125,0.000277,6.9e-05,4.7e-05,0.123706,False,0,16.8895
75,100,125,0.0003,7.5e-05,5.2e-05,0.123586,False,0,16.889
75,101,125,0.000365,9.1e-05,6.2e-05,0.123488,False,0,16.8884
75,102,125,0.000326,8.1e-05,5.5e-05,0.123384,False,0,16.8888
75,103,125,0.000369,9.2e-05,6.3e-05,0.123302,False,0,16.8883
75,104,125,0.000239,6e-05,4.1e-05,0.123217,False,0,16.8898
75,105,125,0.000202,5e-05,3.4e-05,0.123123,False,0,16.8903
75,106,125,0.000236,5.9e-05,4e-05,0.123056,False,0,16.8899
75,107,125,0.000268,6.7e-05,4.6e-05,0.123021,False,0,16.8894
75,108,125,0.000225,5.7e-05,3.8e-05,0.122974,False,0,16.89
75,109,125,0.000217,5.4e-05,3.6e-05,0.122929,False,0,16.8902
75,110,125,0.000203,5.1e-05,3.5e-05,0.122875,False,0,16.8902
75,111,125,0.000248,6.2e-05,4.2e-05,0.122873,False,0,16.8897
75,112,124,0.000306,7.7e-05,5.2e-05,0.122855,False,0,16.8889
75,113,123,0.000432,0.000108,7.4e-05,0.122883,False,0,16.8876
75,114,122,0.00033,8.2e-05,5.7e-05,0.122878,False,0,16.8886
75,115,121,0.000201,5e-05,3.3e-05,0.12288,False,0,16.8904
75,116,120,0.000132,3.3e-05,2.2e-05,0.122863,False,0,16.8916
75,117,119,0.000117,2.9e-05,2e-05,0.122831,False,0,16.8917
75,118,118,9.8e-05,2.5e-05,1.6e-05,0.122836,False,0,16.8921
75,119,117,3e-05,8e-06,5e-06,0.122813,False,0,16.894
75,120,116,3.6e-05,9e-06,6e-06,0.122764,False,0,16.8936
75,121,115,9.9e-05,2.5e-05,1.7e-05,0.122734,False,0,16.892
75,122,114,0.000165,4.1e-05,2.8e-05,0.122711,False,0,16.8909
75,123,113,0.000135,3.4e-05,2.3e-05,0.122713,False,0,16.8913
75,124,112,8.1e-05,2.1e-05,1.4e-05,0.122713,False,0,16.8924
75,125,111,7.2e-05,1.8e-05,1.2e-05,0.122711,False,0,16.8927
75,126,110,0.000115,2.9e-05,2e-05,0.122686,False,0,16.8917
75,127,109,0.000148,3.7e-05,2.5e-05,0.122681,False,0,16.8911
75,128,108,0.000145,3.6e-05,2.4e-05,0.122683,False,0,16.8913
75,129,107,0.000144,3.6e-05,2.5e-05,0.122686,False,0,16.8912
75,130,106,0.000101,2.5e-05,1.7e-05,0.122671,False,0,16.8921
75,131,105,0.000122,3.1e-05,2.1e-05,0.122656,False,0,16.8915
75,132,104,7.2e-05,1.8e-05,1.2e-05,0.122665,False,0,16.8928
75,133,103,5.1e-05,1.3e-05,9e-06,0.122685,False,0,16.8931
75,134,102,3.5e-05,9e-06,6e-06,0.122719,False,0,16.894
75,135,101,3.5e-05,9e-06,6e-06,0.122717,False,0,16.8937
75,136,100,6.7e-05,1.7e-05,1.1e-05,0.122684,False,0,16.8927
75,137,99,8.9e-05,2.2e-05,1.5e-05,0.122653,False,0,16.8922
75,138,98,0.000136,3.4e-05,2.2e-05,0.122664,False,0,16.8915
75,139,97,0.000109,2.8e-05,1.9e-05,0.122654,False,0,16.8918
75,140,96,4.3e-05,1.1e-05,7e-06,0.122645,False,0,16.8935
75,141,95,4e-05,1e-05,7e-06,0.122642,False,0,16.8935
75,142,94,4.6e-05,1.1e-05,8e-06,0.12264,False,0,16.8934
75,143,93,6.2e-05,1.6e-05,1e-05,0.122652,False,0,16.8929
75,144,92,2.6e-05,6e-06,4e-06,0.122646,False,0,16.894
75,145,91,9e-06,2e-06,1e-06,0.122651,False,0,16.8949
75,146,90,1.9e-05,4e-06,3e-06,0.122691,False,0,16.8943
75,147,89,1.9e-05,5e-06,3e-06,0.122724,False,0,16.8945
75,148,88,2.8e-05,7e-06,5e-06,0.122761,False,0,16.894
75,149,87,3.2e-05,8e-06,5e-06,0.122774,False,0,16.8939
75,150,86,1.9e-05,5e-06,3e-06,0.122801,False,0,16.8945
75,151,85,1.2e-05,3e-06,3e-06,0.122846,False,0,16.8949
75,152,84,2e-06,1e-06,1e-06,0.122876,False,0,16.8964
75,153,83,1.1e-05,3e-06,2e-06,0.122901,False,0,16.8974
75,154,82,6e-06,2e-06,1e-06,0.122932,False,0,16.897
75,155,81,6e-06,2e-06,1e-06,0.122958,False,0,16.8971
75,156,80,3e-06,1e-06,1e-06,0.122975,False,0,16.8967
75,157,79,1e-06,0.0,0.0,0.122993,False,0,16.8963
75,158,78,2e-06,0.0,0.0,0.123024,False,0,16.8958
75,159,77,3e-06,1e-06,1e-06,0.123058,False,0,16.8968
75,160,76,1.9e-05,5e-06,4e-06,0.123077,False,0,16.8978
75,161,75,1.4e-05,4e-06,3e-06,0.12308,False,0,16.8976
75,162,74,1.6e-05,4e-06,3e-06,0.123075,False,0,16.8977
75,163,73,1e-05,3e-06,2e-06,0.123077,False,0,16.8973
75,164,72,9e-06,2e-06,2e-06,0.123109,False,0,16.8973
75,165,71,1.2e-05,3e-06,2e-06,0.123157,False,0,16.8974
75,166,70,1.8e-05,5e-06,3e-06,0.123209,False,0,16.8978
75,167,69,4.7e-05,1.2e-05,9e-06,0.123305,False,0,16.8989
75,168,68,4e-05,1e-05,7e-06,0.123395,False,0,16.8985
75,169,67,5.2e-05,1.3e-05,9e-06,0.123471,False,0,16.899
75,170,66,6.1e-05,1.5e-05,1.1e-05,0.123534,False,0,16.8992
75,171,65,6.9e-05,1.7e-05,1.2e-05,0.123599,False,0,16.8995
75,172,64,8.7e-05,2.2e-05,1.5e-05,0.123699,False,0,16.8998
75,173,63,0.000112,2.8e-05,2e-05,0.123774,False,0,16.9004
75,174,62,8.1e-05,2e-05,1.4e-05,0.123847,False,0,16.8997
75,175,61,7.6e-05,1.9e-05,1.3e-05,0.123917,False,0,16.8996
75,176,60,6.6e-05,1.7e-05,1.2e-05,0.124,False,0,16.8993
75,177,59,0.000133,3.3e-05,2.4e-05,0.124105,False,0,16.9008
75,178,58,0.000168,4.2e-05,3e-05,0.124268,False,0,16.9014
75,179,57,0.000174,4.4e-05,3e-05,0.124434,False,0,16.9013
75,180,56,0.000165,4.1e-05,2.9e-05,0.124561,False,0,16.9013
75,181,55,0.000207,5.2e-05,3.6e-05,0.124719,False,0,16.9019
75,182,54,0.000229,5.7e-05,4e-05,0.124877,False,0,16.9023
75,183,53,0.000191,4.8e-05,3.3e-05,0.124995,False,0,16.9016
75,184,52,0.000186,4.6e-05,3.3e-05,0.12513,False,0,16.9014
75,185,51,0.000183,4.6e-05,3.2e-05,0.125259,False,0,16.9015
75,186,50,0.000223,5.6e-05,3.9e-05,0.125405,False,0,16.9021
75,187,49,0.00025,6.2e-05,4.4e-05,0.125565,False,0,16.9024
75,188,48,0.000314,7.8e-05,5.6e-05,0.125774,False,0,16.9033
75,189,47,0.000306,7.6e-05,5.4e-05,0.125996,False,0,16.9031
75,190,46,0.000328,8.2e-05,5.8e-05,0.126176,False,0,16.9034
75,191,45,0.000418,0.000104,7.3e-05,0.126375,False,0,16.9043
76,52,125,3.3e-05,8e-06,6e-06,0.143849,True,0,16.8938
76,53,125,1.9e-05,5e-06,3e-06,0.141927,False,0,16.8945
76,54,125,1e-05,2e-06,2e-06,0.140278,False,0,16.895
76,55,125,6e-06,1e-06,1e-06,0.138786,False,0,16.8954
76,56,125,6e-06,1e-06,1e-06,0.137468,False,0,16.8952
76,57,125,5e-06,1e-06,1e-06,0.136274,False,0,16.8954
76,58,125,7e-06,2e-06,1e-06,0.135229,False,0,16.8951
76,59,125,1.8e-05,5e-06,3e-06,0.134268,False,0,16.8945
76,60,125,5.2e-05,1.3e-05,9e-06,0.133374,False,0,16.8931
76,61,125,2.9e-05,7e-06,5e-06,0.13256,False,0,16.8939
76,62,125,3.4e-05,9e-06,6e-06,0.131802,False,0,16.8937
76,63,125,1.8e-05,5e-06,3e-06,0.131092,False,0,16.8947
76,64,125,1.7e-05,4e-06,3e-06,0.130427,False,0,16.8944
76,65,125,2e-06,0.0,0.0,0.129815,False,0,16.896
76,66,125,3e-06,1e-06,1e-06,0.12926,False,0,16.896
76,67,125,4e-06,1e-06,1e-06,0.128731,False,0,16.8953
76,68,125,1.2e-05,3e-06,2e-06,0.128238,False,0,16.8948
76,69,125,1.1e-05,3e-06,2e-06,0.127771,False,0,16.8948
76,70,125,2.8e-05,7e-06,5e-06,0.127338,False,0,16.8939
76,71,125,2.3e-05,6e-06,4e-06,0.126894,False,0,16.8942
76,72,125,5e-06,1e-06,1e-06,0.126492,False,0,16.8952
76,73,125,1e-06,0.0,0.0,0.12612,False,0,16.8958
76,74,125,7e-06,2e-06,1e-06,0.125768,False,0,16.8971
76,75,125,1e-06,0.0,0.0,0.125457,False,0,16.8962
76,76,125,1e-06,0.0,0.0,0.125157,False,0,16.8961
76,77,125,2e-06,1e-06,1e-06,0.124877,False,0,16.8962
76,78,125,7e-06,2e-06,1e-06,0.124602,False,0,16.8969
76,79,125,4e-06,1e-06,1e-06,0.124346,False,0,16.8968
76,80,125,6e-06,1e-06,1e-06,0.12411,False,0,16.8969
76,81,125,1e-06,0.0,0.0,0.123893,False,0,16.8962
76,82,125,2e-06,0.0,0.0,0.123672,False,0,16.8956
76,83,124,3e-06,1e-06,1e-06,0.123485,False,0,16.8957
76,84,123,4e-06,1e-06,1e-06,0.123325,False,0,16.8953
76,85,122,2e-06,0.0,0.0,0.123152,False,0,16.8956
76,86,121,8e-06,2e-06,2e-06,0.122975,False,0,16.8968
76,87,120,1e-06,0.0,0.0,0.122789,False,0,16.8962
76,88,119,3e-06,1e-06,1e-06,0.122619,False,0,16.8961
76,89,118,3e-06,1e-06,1e-06,0.122464,False,0,16.8956
76,90,117,3e-06,1e-06,1e-06,0.122341,False,0,16.8957
76,91,116,1e-06,0.0,0.0,0.122192,False,0,16.8963
76,92,115,0.0,0.0,0.0,0.122075,False,0,16.896
76,93,114,1e-06,0.0,0.0,0.121948,False,0,16.8959
76,94,113,2e-06,0.0,0.0,0.121837,False,0,16.8955
76,95,112,1e-06,0.0,0.0,0.121708,False,0,16.896
76,96,111,2e-06,0.0,0.0,0.121625,False,0,16.8956
76,97,110,4e-06,1e-06,1e-06,0.121525,False,0,16.8955
76,98,109,1e-06,0.0,0.0,0.121437,False,0,16.8958
76,99,108,4e-06,1e-06,1e-06,0.121351,False,0,16.8966
76,100,107,9e-06,2e-06,2e-06,0.121296,False,0,16.8973
76,101,106,8e-06,2e-06,1e-06,0.121244,False,0,16.8972
76,102,105,1.1e-05,3e-06,2e-06,0.121226,False,0,16.8974
76,103,104,9e-06,2e-06,2e-06,0.121179,False,0,16.8972
76,104,103,8e-06,2e-06,1e-06,0.121126,False,0,16.8971
76,105,102,1.1e-05,3e-06,2e-06,0.121091,False,0,16.8974
76,106,101,2e-06,0.0,0.0,0.121049,False,0,16.8966
76,107,100,3e-06,1e-06,1e-06,0.121032,False,0,16.8956
76,108,99,1e-06,0.0,0.0,0.120994,False,0,16.8963
76,109,98,1e-05,2e-06,2e-06,0.120952,False,0,16.8974
76,110,97,4e-05,1e-05,7e-06,0.120939,False,0,16.8986
76,111,96,4.6e-05,1.2e-05,8e-06,0.12092,False,0,16.8988
76,112,95,3.2e-05,8e-06,6e-06,0.120905,False,0,16.8984
76,113,94,1.8e-05,4e-06,3e-06,0.120878,False,0,16.8978
76,114,93,1.9e-05,5e-06,3e-06,0.120873,False,0,16.8978
76,115,92,1.9e-05,5e-06,3e-06,0.120873,False,0,16.8978
76,116,91,1.9e-05,5e-06,3e-06,0.120865,False,0,16.8977
76,117,90,2.6e-05,6e-06,5e-06,0.120876,False,0,16.8981
76,118,89,2.4e-05,6e-06,5e-06,0.120933,False,0,16.8981
76,119,88,3.7e-05,9e-06,6e-06,0.120978,False,0,16.8985
76,120,87,4.8e-05,1.2e-05,8e-06,0.121008,False,0,16.8989
76,121,86,3.1e-05,8e-06,5e-06,0.121066,False,0,16.8983
76,122,85,2.5e-05,6e-06,4e-06,0.121098,False,0,16.8981
76,123,84,3.6e-05,9e-06,7e-06,0.121143,False,0,16.8984
76,124,83,2.9e-05,7e-06,5e-06,0.121182,False,0,16.8983
76,125,82,4.7e-05,1.2e-05,8e-06,0.121216,False,0,16.8988
76,126,81,6.2e-05,1.6e-05,1.1e-05,0.121257,False,0,16.8993
76,127,80,7.1e-05,1.8e-05,1.2e-05,0.121316,False,0,16.8995
76,128,79,9.2e-05,2.3e-05,1.6e-05,0.1214,False,0,16.9
76,129,78,0.000112,2.8e-05,2e-05,0.121485,False,0,16.9004
76,130,77,8.9e-05,2.3e-05,1.5e-05,0.121543,False,0,16.8999
76,131,76,7.9e-05,2e-05,1.4e-05,0.121592,False,0,16.8997
76,132,75,8e-05,2e-05,1.4e-05,0.12167,False,0,16.8996
76,133,74,9.1e-05,2.3e-05,1.6e-05,0.121767,False,0,16.9
76,134,73,0.000105,2.6e-05,1.8e-05,0.121855,False,0,16.9001
76,135,72,9.6e-05,2.4e-05,1.7e-05,0.121958,False,0,16.9001
76,136,71,0.000105,2.6e-05,1.8e-05,0.122049,False,0,16.9001
76,137,70,8.1e-05,2e-05,1.4e-05,0.122135,False,0,16.8998
76,138,69,9e-05,2.3e-05,1.5e-05,0.122208,False,0,16.8998
76,139,68,0.000124,3.1e-05,2.2e-05,0.122301,False,0,16.9006
76,140,67,8.5e-05,2.1e-05,1.4e-05,0.122393,False,0,16.8997
76,141,66,8.3e-05,2.1e-05,1.5e-05,0.122493,False,0,16.8998
76,142,65,5.3e-05,1.3e-05,9e-06,0.122576,False,0,16.899
76,143,64,5.2e-05,1.3e-05,9e-06,0.122682,False,0,16.899
76,144,63,4e-05,1e-05,7e-06,0.122776,False,0,16.8986
76,145,62,7.2e-05,1.8e-05,1.2e-05,0.122898,False,0,16.8995
76,146,61,0.000107,2.7e-05,1.9e-05,0.123021,False,0,16.9003
76,147,60,9.8e-05,2.5e-05,1.7e-05,0.123174,False,0,16.9001
76,148,59,0.000122,3.1e-05,2.1e-05,0.123309,False,0,16.9005
76,149,58,0.000113,2.8e-05,1.9e-05,0.123443,False,0,16.9004
76,150,57,8.7e-05,2.2e-05,1.5e-05,0.123563,False,0,16.8999
76,151,56,6.3e-05,1.6e-05,1.1e-05,0.123683,False,0,16.8993
76,152,55,0.000102,2.5e-05,1.8e-05,0.123813,False,0,16.9002
76,153,54,0.000139,3.5e-05,2.4e-05,0.123968,False,0,16.9008
76,154,53,0.000173,4.4e-05,3e-05,0.124139,False,0,16.9015
76,155,52,0.000165,4.1e-05,2.8e-05,0.124313,False,0,16.9011
76,156,51,0.000154,3.9e-05,2.7e-05,0.124469,False,0,16.9011
76,157,50,0.000138,3.5e-05,2.4e-05,0.124606,False,0,16.9009
76,158,49,0.000153,3.8e-05,2.7e-05,0.124746,False,0,16.9011
76,159,48,0.000167,4.2e-05,2.8e-05,0.124937,False,0,16.9012
76,160,47,0.000204,5.1e-05,3.7e-05,0.125126,False,0,16.902
76,161,46,7.5e-05,1.9e-05,1.2e-05,0.125286,False,0,16.8994
76,162,45,0.000121,3e-05,2.1e-05,0.125471,False,0,16.9006
76,163,44,0.000183,4.6e-05,3.2e-05,0.125653,False,0,16.9016
76,164,43,0.000248,6.2e-05,4.2e-05,0.125889,False,0,16.9024
76,165,42,0.000186,4.7e-05,3.2e-05,0.126101,False,0,16.9016
76,166,41,0.000171,4.3e-05,3e-05,0.12634,False,0,16.9014
76,167,40,0.000182,4.6e-05,3.2e-05,0.126554,False,0,16.9016
76,168,39,0.000218,5.5e-05,3.8e-05,0.126736,False,0,16.9021
76,169,38,0.000227,5.7e-05,3.9e-05,0.126933,False,0,16.9022
76,170,37,0.00023,5.8e-05,4e-05,0.127141,False,0,16.9023
76,171,36,0.000204,5.1e-05,3.5e-05,0.12738,False,0,16.9019
76,172,35,0.000184,4.6e-05,3.2e-05,0.127656,False,0,16.9016
76,173,34,0.000204,5.1e-05,3.5e-05,0.127956,False,0,16.9019
76,174,33,0.000181,4.5e-05,3.1e-05,0.12824,False,0,16.9015
76,175,32,0.000289,7.3e-05,5e-05,0.128615,False,0,16.9029
76,176,31,0.000337,8.4e-05,5.9e-05,0.128974,False,0,16.9036
76,177,30,0.000398,1e-04,6.9e-05,0.1294,False,0,16.9042
76,178,29,0.000315,7.9e-05,5.5e-05,0.129747,False,0,16.9034
76,179,28,0.000286,7.2e-05,4.9e-05,0.130101,False,0,16.9028
76,180,27,0.000318,8e-05,5.7e-05,0.130434,False,0,16.9035
77,52,125,0.00039,9.7e-05,6.7e-05,0.144628,True,0,16.8881
77,53,125,0.000429,0.000107,7.4e-05,0.142692,False,0,16.8877
77,54,125,0.000483,0.000121,8.3e-05,0.140997,False,0,16.8871
77,55,125,0.000373,9.3e-05,6.3e-05,0.139509,False,0,16.8883
77,56,125,0.000277,6.9e-05,4.7e-05,0.138175,False,0,16.8894
77,57,125,0.000255,6.4e-05,4.4e-05,0.137025,False,0,16.8896
77,58,125,0.000263,6.6e-05,4.5e-05,0.135984,False,0,16.8894
77,59,125,0.000337,8.4e-05,5.7e-05,0.135081,False,0,16.8889
77,60,125,0.000336,8.4e-05,5.8e-05,0.1342,False,0,16.8886
77,61,125,0.000428,0.000107,7.3e-05,0.133413,False,0,16.8877
77,62,125,0.000401,1e-04,6.8e-05,0.132662,False,0,16.888
77,63,125,0.000471,0.000118,8.1e-05,0.13198,False,0,16.8872
77,64,125,0.000305,7.6e-05,5.2e-05,0.131332,False,0,16.889
77,65,125,0.000245,6.2e-05,4.2e-05,0.130705,False,0,16.8898
77,66,125,0.00038,9.5e-05,6.5e-05,0.130156,False,0,16.8882
77,67,125,0.000503,0.000126,8.6e-05,0.129658,False,0,16.887
77,68,125,0.000379,9.5e-05,6.5e-05,0.129189,False,0,16.8881
77,69,125,0.000344,8.6e-05,5.9e-05,0.128722,False,0,16.8886
77,70,125,0.00031,7.8e-05,5.3e-05,0.128256,False,0,16.8889
77,71,125,0.000302,7.6e-05,5.1e-05,0.127867,False,0,16.8891
77,72,125,0.00033,8.3e-05,5.7e-05,0.127498,False,0,16.8887
77,73,125,0.000353,8.8e-05,6e-05,0.127175,False,0,16.8885
77,74,125,0.000291,7.3e-05,5e-05,0.126831,False,0,16.8891
77,75,125,0.000301,7.5e-05,5.1e-05,0.126509,False,0,16.8891
77,76,125,0.000302,7.6e-05,5.1e-05,0.126217,False,0,16.8891
77,77,125,0.00036,9e-05,6.2e-05,0.125943,False,0,16.8883
77,78,125,0.00031,7.7e-05,5.2e-05,0.125717,False,0,16.889
77,79,125,0.000157,3.9e-05,2.7e-05,0.125478,False,0,16.8911
77,80,125,0.000186,4.7e-05,3.2e-05,0.125252,False,0,16.8906
77,81,125,0.000175,4.4e-05,3e-05,0.124999,False,0,16.8907
77,82,125,0.000264,6.6e-05,4.6e-05,0.124776,False,0,16.8894
77,83,125,0.000171,4.3e-05,2.9e-05,0.124567,False,0,16.8908
77,84,125,0.000257,6.4e-05,4.3e-05,0.12442,False,0,16.8896
77,85,125,0.000282,7e-05,4.9e-05,0.124255,False,0,16.8892
77,86,125,0.000381,9.5e-05,6.4e-05,0.124095,False,0,16.8882
77,87,125,0.00024,6e-05,4.1e-05,0.123904,False,0,16.8898
77,88,125,0.000207,5.2e-05,3.5e-05,0.123743,False,0,16.8903
77,89,125,0.000244,6.1e-05,4.1e-05,0.123601,False,0,16.8898
77,90,125,0.000217,5.4e-05,3.7e-05,0.123468,False,0,16.8901
77,91,125,0.000171,4.3e-05,2.9e-05,0.123363,False,0,16.8908
77,92,125,0.000166,4.2e-05,2.8e-05,0.123221,False,0,16.8909
77,93,125,0.000183,4.6e-05,3.1e-05,0.123121,False,0,16.8907
77,94,125,0.000172,4.3e-05,3e-05,0.123058,False,0,16.8907
77,95,125,0.00034,8.5e-05,5.8e-05,0.123052,False,0,16.8886
77,96,125,0.000383,9.6e-05,6.6e-05,0.123017,False,0,16.8881
77,97,125,0.000241,6e-05,4.1e-05,0.12296,False,0,16.8897
77,98,125,0.000152,3.8e-05,2.5e-05,0.122918,False,0,16.8913
77,99,125,0.000143,3.6e-05,2.5e-05,0.122851,False,0,16.8912
77,100,125,0.000256,6.4e-05,4.4e-05,0.122806,False,0,16.8896
77,101,125,0.000227,5.7e-05,3.8e-05,0.122726,False,0,16.89
77,102,125,0.000153,3.8e-05,2.6e-05,0.122653,False,0,16.891
77,103,125,0.000163,4.1e-05,2.8e-05,0.122622,False,0,16.891
77,104,125,0.000171,4.3e-05,2.9e-05,0.122585,False,0,16.8908
77,105,125,0.000124,3.1e-05,2.1e-05,0.122562,False,0,16.8916
77,106,125,0.000142,3.6e-05,2.4e-05,0.122536,False,0,16.8913
77,107,125,0.000198,5e-05,3.3e-05,0.122507,False,0,16.8904
77,108,125,0.000214,5.4e-05,3.7e-05,0.122482,False,0,16.8901
77,109,125,0.000143,3.6e-05,2.4e-05,0.122451,False,0,16.8913
77,110,125,0.000189,4.7e-05,3.2e-05,0.122397,False,0,16.8905
77,111,125,0.000235,5.9e-05,4e-05,0.122344,False,0,16.8899
77,112,125,0.000179,4.5e-05,3e-05,0.122308,False,0,16.8909
77,113,125,0.000103,2.6e-05,1.8e-05,0.122315,False,0,16.8919
77,114,125,9.9e-05,2.5e-05,1.7e-05,0.122315,False,0,16.8921
77,115,125,0.000127,3.2e-05,2.2e-05,0.122266,False,0,16.8915
77,116,125,0.000143,3.6e-05,2.5e-05,0.122222,False,0,16.8912
77,117,125,0.000196,4.9e-05,3.3e-05,0.122212,False,0,16.8904
77,118,125,0.000223,5.6e-05,3.9e-05,0.12224,False,0,16.8899
77,119,125,0.000178,4.4e-05,3e-05,0.122241,False,0,16.8907
77,120,125,0.000145,3.6e-05,2.5e-05,0.122243,False,0,16.8912
77,121,125,9.8e-05,2.5e-05,1.7e-05,0.122217,False,0,16.8921
77,122,125,0.000159,4e-05,2.7e-05,0.12219,False,0,16.891
77,123,125,0.000147,3.7e-05,2.5e-05,0.122182,False,0,16.8911
77,124,125,0.000165,4.1e-05,2.7e-05,0.122198,False,0,16.891
77,125,125,0.000124,3.1e-05,2.1e-05,0.122231,False,0,16.8916
77,126,125,0.000115,2.9e-05,1.9e-05,0.122242,False,0,16.8918
77,127,125,0.000108,2.7e-05,1.8e-05,0.122252,False,0,16.8918
77,128,125,0.000215,5.4e-05,3.6e-05,0.122285,False,0,16.8902
77,129,125,0.000178,4.5e-05,3e-05,0.12231,False,0,16.8907
77,130,125,0.000181,4.5e-05,3e-05,0.12235,False,0,16.8907
77,131,125,0.000202,5.1e-05,3.4e-05,0.122364,False,0,16.8903
77,132,125,0.000171,4.3e-05,2.9e-05,0.122412,False,0,16.8908
77,133,125,0.000138,3.5e-05,2.4e-05,0.122419,False,0,16.8913
77,134,125,0.000175,4.4e-05,2.9e-05,0.122429,False,0,16.8908
77,135,125,0.000211,5.3e-05,3.5e-05,0.12247,False,0,16.8903
77,136,125,0.000202,5.1e-05,3.5e-05,0.122533,False,0,16.8903
77,137,125,0.000204,5.1e-05,3.5e-05,0.122615,False,0,16.8903
77,138,125,0.000218,5.5e-05,3.7e-05,0.122666,False,0,16.8901
77,139,125,0.000134,3.4e-05,2.3e-05,0.122709,False,0,16.8914
77,140,125,8.9e-05,2.2e-05,1.5e-05,0.122758,False,0,16.8924
77,141,125,0.00012,3e-05,2.1e-05,0.122793,False,0,16.8916
77,142,125,0.000186,4.7e-05,3.2e-05,0.122856,False,0,16.8905
77,143,125,0.000147,3.7e-05,2.5e-05,0.122899,False,0,16.8912
77,144,125,1e-04,2.5e-05,1.7e-05,0.122886,False,0,16.892
77,145,125,6.2e-05,1.6e-05,1.1e-05,0.122856,False,0,16.8929
77,146,125,5.7e-05,1.4e-05,1e-05,0.122877,False,0,16.893
77,147,125,6.6e-05,1.7e-05,1.1e-05,0.122884,False,0,16.8929
77,148,125,6.5e-05,1.6e-05,1.1e-05,0.122866,False,0,16.8928
77,149,125,9e-05,2.3e-05,1.5e-05,0.12287,False,0,16.8922
77,150,125,0.000142,3.5e-05,2.4e-05,0.122915,False,0,16.8912
77,151,125,0.000202,5.1e-05,3.5e-05,0.122994,False,0,16.8903
77,152,125,0.000194,4.9e-05,3.3e-05,0.12308,False,0,16.8904
77,153,125,0.000162,4e-05,2.8e-05,0.123135,False,0,16.8909
77,154,125,0.000117,2.9e-05,1.9e-05,0.123202,False,0,16.8918
77,155,125,0.000127,3.2e-05,2.2e-05,0.123244,False,0,16.8914
77,156,125,9.1e-05,2.3e-05,1.5e-05,0.123303,False,0,16.8922
77,157,125,1e-04,2.5e-05,1.7e-05,0.123377,False,0,16.892
77,158,125,6.3e-05,1.6e-05,1.1e-05,0.123384,False,0,16.893
77,159,125,7.1e-05,1.8e-05,1.3e-05,0.123388,False,0,16.8926
77,160,125,5.8e-05,1.5e-05,1e-05,0.123418,False,0,16.893
77,161,125,0.00014,3.5e-05,2.4e-05,0.123477,False,0,16.8912
77,162,125,0.000101,2.5e-05,1.7e-05,0.123562,False,0,16.892
77,163,125,9.7e-05,2.4e-05,1.7e-05,0.123638,False,0,16.8921
77,164,125,7e-05,1.8e-05,1.2e-05,0.123703,False,0,16.8926
77,165,125,8e-05,2e-05,1.3e-05,0.123756,False,0,16.8925
77,166,125,8.1e-05,2e-05,1.4e-05,0.123792,False,0,16.8924
77,167,125,7.6e-05,1.9e-05,1.3e-05,0.12382,False,0,16.8926
77,168,125,5.1e-05,1.3e-05,9e-06,0.123871,False,0,16.8932
77,169,125,3.1e-05,8e-06,5e-06,0.123942,False,0,16.8938
77,170,125,2.3e-05,6e-06,4e-06,0.124009,False,0,16.8941
77,171,125,4.2e-05,1e-05,7e-06,0.124051,False,0,16.8934
77,172,125,6.6e-05,1.7e-05,1.1e-05,0.12412,False,0,16.8928
77,173,125,6.9e-05,1.8e-05,1.2e-05,0.124198,False,0,16.8926
77,174,125,4e-05,1e-05,6e-06,0.124282,False,0,16.8937
77,175,125,5.3e-05,1.3e-05,9e-06,0.124319,False,0,16.8931
77,176,125,0.000109,2.7e-05,1.9e-05,0.124382,False,0,16.8918
77,177,125,9.8e-05,2.5e-05,1.7e-05,0.124434,False,0,16.8921
77,178,125,9.9e-05,2.5e-05,1.7e-05,0.124468,False,0,16.892
77,179,125,2.7e-05,7e-06,4e-06,0.12451,False,0,16.8941
77,180,125,1.1e-05,3e-06,2e-06,0.124558,False,0,16.8948
77,181,125,1.5e-05,4e-06,3e-06,0.124608,False,0,16.8945
77,182,125,2.9e-05,7e-06,5e-06,0.124673,False,0,16.894
77,183,125,8.4e-05,2.1e-05,1.5e-05,0.124746,False,0,16.8923
77,184,125,2.9e-05,7e-06,5e-06,0.124811,False,0,16.8943
77,185,125,3.6e-05,9e-06,6e-06,0.124857,False,0,16.8936
77,186,125,4.3e-05,1.1e-05,7e-06,0.124873,False,0,16.8934
77,187,125,6.3e-05,1.6e-05,1.1e-05,0.124914,False,0,16.8928
77,188,125,4.4e-05,1.1e-05,7e-06,0.124976,False,0,16.8935
77,189,125,4.6e-05,1.2e-05,8e-06,0.125039,False,0,16.8933
77,190,125,3.2e-05,8e-06,5e-06,0.125115,False,0,16.8939
77,191,125,5.7e-05,1.4e-05,1e-05,0.125168,False,0,16.893
77,192,125,6.1e-05,1.5e-05,1e-05,0.125226,False,0,16.8929
77,193,125,3.9e-05,1e-05,6e-06,0.125312,False,0,16.8936
77,194,125,5.5e-05,1.4e-05,9e-06,0.125412,False,0,16.8933
77,195,125,6.3e-05,1.6e-05,1.1e-05,0.125488,False,0,16.8928
77,196,125,7.1e-05,1.8e-05,1.2e-05,0.125556,False,0,16.8927
77,197,125,4.7e-05,1.2e-05,8e-06,0.125635,False,0,16.8933
77,198,125,1.9e-05,5e-06,3e-06,0.125721,False,0,16.8944
77,199,125,2.9e-05,7e-06,5e-06,0.125792,False,0,16.8939
77,200,125,1.8e-05,5e-06,3e-06,0.125828,False,0,16.8945
77,201,125,1.8e-05,4e-06,3e-06,0.125945,False,0,16.8945
77,202,125,3e-06,1e-06,1e-06,0.126029,False,0,16.8963
77,203,125,5e-06,1e-06,1e-06,0.126094,False,0,16.8952
77,204,125,4.2e-05,1.1e-05,7e-06,0.126143,False,0,16.8935
77,205,125,4.5e-05,1.1e-05,8e-06,0.126242,False,0,16.8933
77,206,125,3.9e-05,1e-05,6e-06,0.126314,False,0,16.8936
77,207,125,2.3e-05,6e-06,4e-06,0.126367,False,0,16.8943
77,208,125,3e-06,0.0,0.0,0.126413,False,0,16.8955
77,209,125,2e-05,5e-06,3e-06,0.126498,False,0,16.8943
77,210,125,1.4e-05,3e-06,2e-06,0.126572,False,0,16.8946
77,211,125,3.1e-05,8e-06,5e-06,0.126657,False,0,16.8938
77,212,125,2.3e-05,6e-06,4e-06,0.126729,False,0,16.8942
77,213,125,2.7e-05,7e-06,4e-06,0.126798,False,0,16.894
77,214,125,2e-05,5e-06,3e-06,0.126872,False,0,16.8943
77,215,125,1e-05,2e-06,2e-06,0.126964,False,0,16.8949
77,216,125,1.9e-05,5e-06,3e-06,0.127066,False,0,16.8943
77,217,125,2e-06,0.0,0.0,0.127172,False,0,16.8956
77,218,125,1e-06,0.0,0.0,0.127261,False,0,16.8962
77,219,125,6e-06,1e-06,1e-06,0.127367,False,0,16.8951
77,220,125,2e-05,5e-06,3e-06,0.127481,False,0,16.8943
77,221,125,3.7e-05,9e-06,6e-06,0.12761,False,0,16.8936
77,222,125,1.6e-05,4e-06,3e-06,0.127694,False,0,16.8947
77,223,125,1.3e-05,3e-06,2e-06,0.127767,False,0,16.8947
77,224,125,7e-06,2e-06,2e-06,0.127846,False,0,16.8951
77,225,125,3e-06,1e-06,1e-06,0.127933,False,0,16.8954
77,226,125,2.5e-05,6e-06,4e-06,0.128015,False,0,16.894
77,227,125,9e-06,2e-06,1e-06,0.128091,False,0,16.895
77,228,125,3e-06,1e-06,0.0,0.128196,False,0,16.8956
77,229,125,5e-06,2e-06,1e-06,0.128308,False,0,16.8953
77,230,125,1.9e-05,5e-06,3e-06,0.128384,False,0,16.8943
77,231,125,9e-06,2e-06,1e-06,0.128436,False,0,16.8951
77,232,125,8e-06,2e-06,1e-06,0.128463,False,0,16.895
77,233,125,6e-06,2e-06,1e-06,0.128553,False,0,16.8951
77,234,125,7e-06,2e-06,1e-06,0.128641,False,0,16.8951
77,235,125,7e-06,2e-06,1e-06,0.128717,False,0,16.8953
77,236,125,2.2e-05,6e-06,4e-06,0.128785,False,0,16.8942
77,237,125,5e-06,1e-06,1e-06,0.128875,False,0,16.8954
77,238,125,4e-06,1e-06,1e-06,0.128968,False,0,16.8953
77,239,125,3e-06,1e-06,1e-06,0.129054,False,0,16.8956
77,240,125,1e-06,0.0,0.0,0.129099,False,0,16.8961
77,241,125,2e-06,1e-06,0.0,0.129149,False,0,16.8956
77,242,125,1e-06,0.0,0.0,0.129226,False,0,16.896
77,243,125,6e-06,2e-06,1e-06,0.129311,False,0,16.8951
77,244,125,1.4e-05,4e-06,2e-06,0.129363,False,0,16.8946
77,245,125,5e-06,1e-06,1e-06,0.129434,False,0,16.8952
77,246,125,2e-06,0.0,0.0,0.129514,False,0,16.896
77,247,125,1e-06,0.0,0.0,0.129623,False,0,16.8957
77,248,125,5e-06,1e-06,1e-06,0.129686,False,0,16.8953
77,249,125,1e-06,0.0,0.0,0.129741,False,0,16.8961
77,250,125,4e-06,1e-06,1e-06,0.12983,False,0,16.8955
77,251,125,3e-06,1e-06,1e-06,0.12986,False,0,16.8959
77,252,125,3e-06,1e-06,1e-06,0.129898,False,0,16.8967
77,253,125,2e-06,1e-06,0.0,0.129947,False,0,16.8957
77,254,125,1e-06,0.0,0.0,0.130029,False,0,16.8961
77,255,125,1e-06,0.0,0.0,0.130089,False,0,16.8962
77,256,125,7e-06,2e-06,1e-06,0.130158,False,0,16.8971
77,257,125,2e-06,1e-06,0.0,0.130265,False,0,16.8962
77,258,125,4e-06,1e-06,1e-06,0.130335,False,0,16.8968
77,259,125,1e-06,0.0,0.0,0.130426,False,0,16.8963
77,260,125,2e-06,1e-06,0.0,0.13049,False,0,16.8963
77,261,125,7e-06,2e-06,1e-06,0.13059,False,0,16.897
77,262,125,1.4e-05,3e-06,3e-06,0.130658,False,0,16.8976
77,263,125,1.7e-05,4e-06,3e-06,0.130737,False,0,16.8977
77,264,125,7e-06,2e-06,1e-06,0.130799,False,0,16.897
77,265,125,3.4e-05,8e-06,6e-06,0.130878,False,0,16.8984
77,266,125,2.2e-05,5e-06,4e-06,0.13096,False,0,16.898
77,267,125,1.5e-05,4e-06,3e-06,0.13106,False,0,16.8977
77,268,125,4e-06,1e-06,1e-06,0.131151,False,0,16.8964
77,269,125,7e-06,2e-06,1e-06,0.131202,False,0,16.8971
77,270,125,7e-06,2e-06,1e-06,0.13121,False,0,16.8972
77,271,125,2.1e-05,5e-06,4e-06,0.131239,False,0,16.8979
77,272,125,2.7e-05,7e-06,5e-06,0.13131,False,0,16.8981
77,273,125,1.2e-05,3e-06,2e-06,0.131392,False,0,16.8975
77,274,125,1.6e-05,4e-06,3e-06,0.131474,False,0,16.8976
77,275,125,4e-05,1e-05,7e-06,0.131567,False,0,16.8986
77,276,125,5.2e-05,1.3e-05,9e-06,0.131656,False,0,16.899
77,277,125,3.2e-05,8e-06,6e-06,0.13175,False,0,16.8983
77,278,125,1.3e-05,3e-06,2e-06,0.131847,False,0,16.8975
77,279,125,1.2e-05,3e-06,2e-06,0.131924,False,0,16.8974
77,280,125,3e-06,1e-06,1e-06,0.132031,False,0,16.8964
77,281,125,2.3e-05,6e-06,4e-06,0.132129,False,0,16.898
77,282,125,2.8e-05,7e-06,5e-06,0.132222,False,0,16.8982
77,283,125,3.7e-05,9e-06,7e-06,0.132277,False,0,16.8985
77,284,125,1.7e-05,4e-06,3e-06,0.132342,False,0,16.8977
77,285,125,1.5e-05,4e-06,3e-06,0.132411,False,0,16.8974
77,286,125,2.1e-05,5e-06,4e-06,0.132541,False,0,16.8979
77,287,125,1.8e-05,5e-06,3e-06,0.132624,False,0,16.8977
77,288,125,1e-05,2e-06,2e-06,0.132716,False,0,16.8973
77,289,125,3.1e-05,8e-06,6e-06,0.132809,False,0,16.8983
77,290,125,1.9e-05,5e-06,4e-06,0.132911,False,0,16.8978
77,291,125,1.4e-05,4e-06,3e-06,0.133026,False,0,16.8975
77,292,125,3.2e-05,8e-06,6e-06,0.133114,False,0,16.8983
77,293,125,3.7e-05,9e-06,7e-06,0.133195,False,0,16.8986
77,294,125,5e-05,1.3e-05,9e-06,0.13331,False,0,16.8989
77,295,125,2.4e-05,6e-06,4e-06,0.13341,False,0,16.8978
77,296,125,2.9e-05,7e-06,5e-06,0.13353,False,0,16.8981
77,297,125,4.5e-05,1.1e-05,8e-06,0.133626,False,0,16.8988
77,298,125,5.7e-05,1.4e-05,1e-05,0.133731,False,0,16.8991
77,299,125,2.9e-05,7e-06,5e-06,0.133839,False,0,16.8982
77,300,125,3.5e-05,9e-06,6e-06,0.133942,False,0,16.8984
77,301,125,5.4e-05,1.4e-05,1e-05,0.134038,False,0,16.8991
77,302,125,9.5e-05,2.4e-05,1.7e-05,0.134122,False,0,16.9
77,303,125,0.000113,2.9e-05,2e-05,0.134219,False,0,16.9004
77,304,125,0.000105,2.6e-05,1.9e-05,0.13432,False,0,16.9003
77,305,125,6.6e-05,1.6e-05,1.1e-05,0.13444,False,0,16.8991
77,306,125,6.9e-05,1.7e-05,1.2e-05,0.134519,False,0,16.8994
77,307,125,5.8e-05,1.4e-05,1e-05,0.134602,False,0,16.8991
77,308,125,6.7e-05,1.7e-05,1.2e-05,0.1347,False,0,16.8994
77,309,125,0.000113,2.8e-05,2e-05,0.134805,False,0,16.9004
77,310,125,9.9e-05,2.5e-05,1.8e-05,0.134935,False,0,16.9001
77,311,125,7.7e-05,1.9e-05,1.3e-05,0.135008,False,0,16.8996
77,312,125,9.5e-05,2.4e-05,1.7e-05,0.135095,False,0,16.8999
77,313,125,0.000102,2.6e-05,1.8e-05,0.135208,False,0,16.9002
77,314,125,9.1e-05,2.3e-05,1.6e-05,0.13533,False,0,16.8999
77,315,125,7.6e-05,1.9e-05,1.3e-05,0.135431,False,0,16.8995
77,316,125,7.9e-05,2e-05,1.4e-05,0.135531,False,0,16.8994
77,317,125,1e-04,2.5e-05,1.8e-05,0.135604,False,0,16.9001
77,318,125,6.8e-05,1.7e-05,1.2e-05,0.135711,False,0,16.8993
77,319,125,1e-04,2.5e-05,1.8e-05,0.135844,False,0,16.8999
77,320,125,0.000123,3.1e-05,2.2e-05,0.135985,False,0,16.9006
77,321,125,0.000104,2.6e-05,1.8e-05,0.136112,False,0,16.9001
77,322,125,1e-04,2.5e-05,1.8e-05,0.136205,False,0,16.9001
77,323,125,0.000137,3.4e-05,2.5e-05,0.136346,False,0,16.9009
77,324,125,0.00015,3.8e-05,2.6e-05,0.13644,False,0,16.9009
77,325,125,0.000166,4.1e-05,3e-05,0.136528,False,0,16.9014
77,326,125,0.000182,4.5e-05,3.2e-05,0.136635,False,0,16.9014
77,327,125,0.000209,5.3e-05,3.7e-05,0.136735,False,0,16.9018
77,328,125,0.000262,6.6e-05,4.6e-05,0.136838,False,0,16.9027
77,329,125,0.000228,5.7e-05,4e-05,0.136951,False,0,16.9022
77,330,125,0.000239,6e-05,4.2e-05,0.137088,False,0,16.9023
77,331,125,0.000217,5.4e-05,3.8e-05,0.137244,False,0,16.9019
77,332,125,0.000175,4.4e-05,3.1e-05,0.137379,False,0,16.9013
77,333,125,0.000137,3.4e-05,2.4e-05,0.137482,False,0,16.9008
77,334,125,0.000126,3.2e-05,2.2e-05,0.137579,False,0,16.9005
77,335,125,0.000155,3.9e-05,2.8e-05,0.137676,False,0,16.9011
77,336,125,0.000217,5.4e-05,3.8e-05,0.137769,False,0,16.9021
77,337,125,0.000215,5.4e-05,3.7e-05,0.137879,False,0,16.9019
77,338,125,0.000242,6.1e-05,4.3e-05,0.138012,False,0,16.9024
77,339,125,0.000215,5.4e-05,3.7e-05,0.138131,False,0,16.902
77,340,125,0.000202,5e-05,3.5e-05,0.13824,False,0,16.9017
77,341,125,0.000224,5.6e-05,4e-05,0.138343,False,0,16.9022
77,342,125,0.000245,6.1e-05,4.3e-05,0.138493,False,0,16.9024
77,343,124,0.000308,7.7e-05,5.4e-05,0.138651,False,0,16.9031
77,344,123,0.000304,7.6e-05,5.3e-05,0.138785,False,0,16.903
77,345,122,0.000236,5.9e-05,4.1e-05,0.138904,False,0,16.9022
77,346,121,0.000221,5.6e-05,3.9e-05,0.139036,False,0,16.902
77,347,120,0.000202,5.1e-05,3.6e-05,0.139153,False,0,16.9018
77,348,119,0.00032,8e-05,5.6e-05,0.139294,False,0,16.9033
77,349,118,0.00034,8.5e-05,5.9e-05,0.139425,False,0,16.9035
77,350,117,0.00038,9.5e-05,6.6e-05,0.139598,False,0,16.904
77,351,116,0.000288,7.2e-05,4.9e-05,0.139773,False,0,16.9029
77,352,115,0.000253,6.3e-05,4.4e-05,0.13992,False,0,16.9025
77,353,114,0.000256,6.4e-05,4.5e-05,0.140073,False,0,16.9025
77,354,113,0.000359,9e-05,6.2e-05,0.140226,False,0,16.9037
77,355,112,0.000357,9e-05,6.2e-05,0.140382,False,0,16.9037
77,356,111,0.000338,8.5e-05,5.8e-05,0.140555,False,0,16.9034
77,357,110,0.000326,8.2e-05,5.6e-05,0.140725,False,0,16.9033
77,358,109,0.000293,7.3e-05,5.1e-05,0.140888,False,0,16.9029
77,359,108,0.000303,7.6e-05,5.3e-05,0.141014,False,0,16.903
77,360,107,0.000352,8.8e-05,6.2e-05,0.141138,False,0,16.9037
77,361,106,0.000413,0.000104,7.2e-05,0.141303,False,0,16.9043
77,362,105,0.00038,9.5e-05,6.6e-05,0.141447,False,0,16.9039
77,363,104,0.000435,0.000109,7.6e-05,0.141602,False,0,16.9046
77,364,103,0.000377,9.4e-05,6.6e-05,0.141755,False,0,16.9039
77,365,102,0.000375,9.4e-05,6.5e-05,0.141927,False,0,16.9038
77,366,101,0.00047,0.000117,8.3e-05,0.142088,False,0,16.9049
77,367,100,0.000397,9.9e-05,6.8e-05,0.142246,False,0,16.904
77,368,99,0.000418,0.000105,7.3e-05,0.142415,False,0,16.9043
77,369,98,0.000461,0.000115,8.1e-05,0.142573,False,0,16.9048
77,370,97,0.000436,0.000109,7.6e-05,0.142743,False,0,16.9044
77,371,96,0.000448,0.000112,7.8e-05,0.142926,False,0,16.9046
77,372,95,0.000404,0.000101,7e-05,0.143137,True,0,16.904
77,373,94,0.000527,0.000132,9.3e-05,0.143359,True,0,16.9054
77,374,93,0.000565,0.000141,9.9e-05,0.14357,True,0,16.9057
77,375,92,0.000652,0.000163,0.000113,0.143803,True,0,16.9064
77,376,91,0.000517,0.000129,8.9e-05,0.14398,True,0,16.9051
77,377,90,0.000568,0.000142,9.9e-05,0.144187,True,0,16.9057
77,378,89,0.000582,0.000146,0.000101,0.144383,True,0,16.9058
77,379,88,0.000671,0.000168,0.000117,0.144608,True,0,16.9065
77,380,87,0.000653,0.000163,0.000114,0.144828,True,0,16.9064
77,381,86,0.000652,0.000163,0.000113,0.145056,True,0,16.9062
78,52,125,0.000493,0.000123,8.3e-05,0.145085,True,0,16.8871
78,53,125,0.000471,0.000118,8e-05,0.143184,True,0,16.8873
78,54,125,0.000397,9.9e-05,6.8e-05,0.141539,False,0,16.8879
78,55,125,0.000408,0.000102,6.9e-05,0.140066,False,0,16.8879
78,56,125,0.000417,0.000104,7.1e-05,0.138761,False,0,16.8879
78,57,125,0.000482,0.00012,8.2e-05,0.137579,False,0,16.8871
78,58,125,0.00056,0.00014,9.5e-05,0.136541,False,0,16.8866
78,59,125,0.00053,0.000133,9e-05,0.135596,False,0,16.8868
78,60,125,0.000489,0.000122,8.3e-05,0.134722,False,0,16.8873
78,61,125,0.000402,0.000101,6.9e-05,0.133917,False,0,16.8879
78,62,125,0.000457,0.000114,7.8e-05,0.133154,False,0,16.8874
78,63,125,0.000449,0.000112,7.6e-05,0.132453,False,0,16.8875
78,64,125,0.000349,8.8e-05,5.8e-05,0.131784,False,0,16.8887
78,65,125,0.000468,0.000117,7.9e-05,0.131178,False,0,16.8873
78,66,125,0.000541,0.000135,9.2e-05,0.130608,False,0,16.8866
78,67,125,0.000485,0.000121,8.2e-05,0.13008,False,0,16.8872
78,68,125,0.000352,8.8e-05,6e-05,0.129586,False,0,16.8884
78,69,125,0.000304,7.6e-05,5.2e-05,0.129121,False,0,16.889
78,70,125,0.000316,7.9e-05,5.4e-05,0.12872,False,0,16.8889
78,71,125,0.000408,0.000102,7e-05,0.128346,False,0,16.8878
78,72,125,0.000419,0.000105,7.1e-05,0.127977,False,0,16.8878
78,73,125,0.000327,8.2e-05,5.5e-05,0.127607,False,0,16.8888
78,74,125,0.00034,8.5e-05,5.8e-05,0.127255,False,0,16.8885
78,75,125,0.000348,8.7e-05,5.9e-05,0.126933,False,0,16.8886
78,76,125,0.000419,0.000105,7.1e-05,0.126641,False,0,16.8878
78,77,125,0.000528,0.000132,9.1e-05,0.126378,False,0,16.8866
78,78,125,0.000429,0.000107,7.2e-05,0.12612,False,0,16.8878
78,79,125,0.000461,0.000115,7.9e-05,0.125879,False,0,16.8873
78,80,125,0.00038,9.5e-05,6.5e-05,0.125638,False,0,16.8882
78,81,125,0.000373,9.3e-05,6.3e-05,0.12542,False,0,16.8884
78,82,125,0.000468,0.000117,8e-05,0.125223,False,0,16.8873
78,83,125,0.000453,0.000113,7.7e-05,0.125054,False,0,16.8875
78,84,125,0.00044,0.00011,7.3e-05,0.124879,False,0,16.8877
78,85,125,0.000366,9.1e-05,6.3e-05,0.124692,False,0,16.8883
78,86,125,0.000351,8.8e-05,6e-05,0.124538,False,0,16.8885
78,87,125,0.000312,7.8e-05,5.3e-05,0.124381,False,0,16.8889
78,88,125,0.000351,8.8e-05,5.9e-05,0.124245,False,0,16.8885
78,89,125,0.000281,7e-05,4.8e-05,0.124089,False,0,16.8893
78,90,125,0.00024,6e-05,4e-05,0.123959,False,0,16.8898
78,91,125,0.000262,6.6e-05,4.4e-05,0.123814,False,0,16.8895
78,92,125,0.000225,5.6e-05,3.7e-05,0.123702,False,0,16.8901
78,93,125,0.000275,6.9e-05,4.6e-05,0.123597,False,0,16.8894
78,94,125,0.000191,4.8e-05,3.3e-05,0.123508,False,0,16.8904
78,95,125,0.000167,4.2e-05,2.8e-05,0.123435,False,0,16.8911
78,96,125,0.000168,4.2e-05,2.9e-05,0.123331,False,0,16.8907
78,97,125,0.000179,4.5e-05,3e-05,0.123239,False,0,16.8909
78,98,125,0.000175,4.4e-05,2.9e-05,0.123156,False,0,16.8908
78,99,125,0.00017,4.3e-05,2.9e-05,0.123066,False,0,16.8908
78,100,125,0.000134,3.4e-05,2.3e-05,0.122969,False,0,16.8914
78,101,125,0.000187,4.7e-05,3.1e-05,0.122935,False,0,16.8906
78,102,125,0.000227,5.7e-05,3.8e-05,0.122893,False,0,16.89
78,103,125,0.000291,7.3e-05,5e-05,0.122862,False,0,16.8891
78,104,125,0.000214,5.3e-05,3.6e-05,0.122816,False,0,16.8903
78,105,125,0.000257,6.4e-05,4.4e-05,0.122776,False,0,16.8895
78,106,125,0.000263,6.6e-05,4.4e-05,0.12273,False,0,16.8895
78,107,125,0.000301,7.5e-05,5.1e-05,0.122666,False,0,16.889
78,108,125,0.000194,4.9e-05,3.3e-05,0.122619,False,0,16.8904
78,109,125,0.000239,6e-05,4e-05,0.122587,False,0,16.8899
78,110,125,0.000187,4.7e-05,3.2e-05,0.122579,False,0,16.8905
78,111,125,0.000241,6e-05,4e-05,0.12257,False,0,16.8899
78,112,125,0.00028,7e-05,4.8e-05,0.122578,False,0,16.8892
78,113,125,0.000234,5.9e-05,3.9e-05,0.122568,False,0,16.89
78,114,125,0.000151,3.8e-05,2.5e-05,0.122542,False,0,16.8911
78,115,125,0.000159,4e-05,2.6e-05,0.122504,False,0,16.8912
78,116,125,0.000187,4.7e-05,3.2e-05,0.122481,False,0,16.8905
78,117,125,0.00021,5.3e-05,3.5e-05,0.12248,False,0,16.8903
78,118,125,0.00027,6.8e-05,4.7e-05,0.122504,False,0,16.8893
78,119,125,0.00029,7.3e-05,4.8e-05,0.12253,False,0,16.8893
78,120,125,0.000237,5.9e-05,4e-05,0.122533,False,0,16.8898
78,121,125,0.000204,5.1e-05,3.4e-05,0.122539,False,0,16.8905
78,122,125,0.000179,4.5e-05,3e-05,0.122556,False,0,16.8907
78,123,125,0.000205,5.1e-05,3.5e-05,0.122578,False,0,16.8903
78,124,125,0.000202,5e-05,3.4e-05,0.12258,False,0,16.8904
78,125,125,0.000202,5e-05,3.4e-05,0.122579,False,0,16.8904
78,126,125,0.000158,3.9e-05,2.7e-05,0.122563,False,0,16.891
78,127,125,0.000163,4.1e-05,2.7e-05,0.12256,False,0,16.891
78,128,125,0.000133,3.3e-05,2.2e-05,0.122566,False,0,16.8914
78,129,125,0.000203,5.1e-05,3.4e-05,0.122599,False,0,16.8904
78,130,125,0.000205,5.1e-05,3.5e-05,0.122603,False,0,16.8903
78,131,125,0.000266,6.6e-05,4.5e-05,0.12261,False,0,16.8894
78,132,125,0.000209,5.2e-05,3.5e-05,0.12263,False,0,16.8903
78,133,125,0.000124,3.1e-05,2.1e-05,0.12263,False,0,16.8916
78,134,125,5.7e-05,1.4e-05,9e-06,0.122616,False,0,16.893
78,135,125,4.9e-05,1.2e-05,8e-06,0.122632,False,0,16.8935
78,136,125,4.5e-05,1.1e-05,8e-06,0.122654,False,0,16.8934
78,137,125,5.3e-05,1.3e-05,9e-06,0.122705,False,0,16.8934
78,138,125,8.3e-05,2.1e-05,1.4e-05,0.122735,False,0,16.8924
78,139,125,9.7e-05,2.4e-05,1.6e-05,0.122805,False,0,16.8921
78,140,125,8.5e-05,2.1e-05,1.4e-05,0.122845,False,0,16.8924
78,141,125,4.3e-05,1.1e-05,7e-06,0.122875,False,0,16.8934
78,142,125,2.1e-05,5e-06,3e-06,0.122879,False,0,16.8945
78,143,125,3.3e-05,8e-06,5e-06,0.122919,False,0,16.8939
78,144,125,3.9e-05,1e-05,7e-06,0.12294,False,0,16.8938
78,145,125,5.6e-05,1.4e-05,9e-06,0.122956,False,0,16.8931
78,146,125,3.4e-05,9e-06,5e-06,0.122966,False,0,16.8938
78,147,125,5.1e-05,1.3e-05,9e-06,0.123012,False,0,16.8932
78,148,125,7.2e-05,1.8e-05,1.2e-05,0.123063,False,0,16.8927
78,149,125,7.7e-05,1.9e-05,1.3e-05,0.12311,False,0,16.8926
78,150,125,0.000107,2.7e-05,1.8e-05,0.123149,False,0,16.8919
78,151,125,4.8e-05,1.2e-05,8e-06,0.123165,False,0,16.8933
78,152,125,4.9e-05,1.2e-05,8e-06,0.12321,False,0,16.8932
78,153,125,4.7e-05,1.2e-05,8e-06,0.123261,False,0,16.8934
78,154,125,4.9e-05,1.2e-05,8e-06,0.123305,False,0,16.8933
78,155,125,3.8e-05,9e-06,6e-06,0.123375,False,0,16.8941
78,156,125,6.4e-05,1.6e-05,1.1e-05,0.123439,False,0,16.8928
78,157,125,4.1e-05,1e-05,7e-06,0.123495,False,0,16.8935
78,158,125,2.3e-05,6e-06,4e-06,0.123551,False,0,16.8943
78,159,125,1.9e-05,5e-06,3e-06,0.123602,False,0,16.8943
78,160,125,9e-06,3e-06,2e-06,0.123607,False,0,16.895
78,161,125,2.7e-05,7e-06,4e-06,0.123623,False,0,16.894
78,162,125,1.6e-05,4e-06,3e-06,0.123646,False,0,16.8945
78,163,125,2.6e-05,7e-06,4e-06,0.123721,False,0,16.894
78,164,125,2.4e-05,6e-06,4e-06,0.123787,False,0,16.8941
78,165,125,3.3e-05,8e-06,5e-06,0.123842,False,0,16.8938
78,166,125,1e-05,3e-06,2e-06,0.123894,False,0,16.895
78,167,125,1.5e-05,4e-06,2e-06,0.123953,False,0,16.8946
78,168,125,1.2e-05,3e-06,2e-06,0.123985,False,0,16.8947
78,169,125,1.4e-05,3e-06,2e-06,0.12402,False,0,16.8947
78,170,125,1.5e-05,4e-06,2e-06,0.12405,False,0,16.8946
78,171,125,3e-06,1e-06,1e-06,0.124069,False,0,16.8963
78,172,125,1e-06,-0.0,0.0,0.124119,False,0,16.8961
78,173,125,1e-06,0.0,0.0,0.124169,False,0,16.896
78,174,125,1e-06,0.0,0.0,0.124257,False,0,16.8957
78,175,124,2e-06,1e-06,0.0,0.12432,False,0,16.8957
78,176,123,3e-06,1e-06,0.0,0.124382,False,0,16.8956
78,177,122,2e-06,1e-06,1e-06,0.124455,False,0,16.8965
78,178,121,1e-06,0.0,0.0,0.124492,False,0,16.8965
78,179,120,3e-06,1e-06,1e-06,0.124553,False,0,16.8967
78,180,119,6e-06,2e-06,1e-06,0.124615,False,0,16.897
78,181,118,4e-06,1e-06,1e-06,0.124712,False,0,16.8956
78,182,117,1e-06,0.0,0.0,0.124803,False,0,16.8961
78,183,116,1e-06,0.0,0.0,0.124911,False,0,16.8963
78,184,115,5e-06,1e-06,1e-06,0.12501,False,0,16.8968
78,185,114,1e-06,0.0,0.0,0.125082,False,0,16.896
78,186,113,4e-06,1e-06,1e-06,0.125149,False,0,16.8954
78,187,112,2e-06,1e-06,1e-06,0.125201,False,0,16.8959
78,188,111,2e-06,1e-06,0.0,0.125295,False,0,16.8959
78,189,110,2e-06,0.0,0.0,0.125355,False,0,16.8956
78,190,109,1e-06,0.0,0.0,0.125444,False,0,16.8962
78,191,108,1.5e-05,4e-06,3e-06,0.125519,False,0,16.8976
78,192,107,4e-05,1e-05,8e-06,0.125589,False,0,16.8987
78,193,106,2.3e-05,6e-06,4e-06,0.125665,False,0,16.8981
78,194,105,1.1e-05,3e-06,2e-06,0.125744,False,0,16.8971
78,195,104,1e-06,0.0,0.0,0.125834,False,0,16.8962
78,196,103,1e-06,0.0,0.0,0.125919,False,0,16.8964
78,197,102,6e-06,1e-06,1e-06,0.126035,False,0,16.8966
78,198,101,2.8e-05,7e-06,5e-06,0.12613,False,0,16.8983
78,199,100,4.9e-05,1.3e-05,9e-06,0.126241,False,0,16.8989
78,200,99,3.5e-05,9e-06,6e-06,0.126361,False,0,16.8985
78,201,98,1.9e-05,5e-06,4e-06,0.126431,False,0,16.8978
78,202,97,1.9e-05,5e-06,4e-06,0.126505,False,0,16.8976
78,203,96,3.2e-05,8e-06,6e-06,0.126568,False,0,16.8984
78,204,95,2.5e-05,6e-06,5e-06,0.126651,False,0,16.8979
78,205,94,3e-05,8e-06,6e-06,0.126717,False,0,16.8983
78,206,93,1.2e-05,3e-06,2e-06,0.126794,False,0,16.8973
78,207,92,1.6e-05,4e-06,3e-06,0.126887,False,0,16.8976
78,208,91,2.5e-05,6e-06,5e-06,0.126983,False,0,16.8981
78,209,90,4.5e-05,1.1e-05,8e-06,0.127093,False,0,16.8987
78,210,89,7.9e-05,2e-05,1.5e-05,0.127232,False,0,16.8998
78,211,88,6.1e-05,1.5e-05,1.1e-05,0.127396,False,0,16.8991
78,212,87,5.3e-05,1.3e-05,1e-05,0.127513,False,0,16.899
78,213,86,5.5e-05,1.4e-05,1e-05,0.1276,False,0,16.899
78,214,85,7.2e-05,1.8e-05,1.3e-05,0.127707,False,0,16.8995
78,215,84,7.1e-05,1.8e-05,1.3e-05,0.127833,False,0,16.8994
78,216,83,1e-04,2.5e-05,1.8e-05,0.127953,False,0,16.9002
78,217,82,7.1e-05,1.8e-05,1.3e-05,0.128039,False,0,16.8994
78,218,81,8.2e-05,2.1e-05,1.5e-05,0.128162,False,0,16.8996
78,219,80,0.000137,3.4e-05,2.5e-05,0.128289,False,0,16.9009
78,220,79,0.000126,3.1e-05,2.2e-05,0.128441,False,0,16.9005
78,221,78,0.000142,3.6e-05,2.5e-05,0.128555,False,0,16.9009
78,222,77,0.000123,3.1e-05,2.2e-05,0.12869,False,0,16.9004
78,223,76,0.000117,2.9e-05,2.1e-05,0.128795,False,0,16.9004
78,224,75,0.000121,3.1e-05,2.2e-05,0.128913,False,0,16.9004
78,225,74,8.8e-05,2.2e-05,1.6e-05,0.129048,False,0,16.8996
78,226,73,8.6e-05,2.1e-05,1.5e-05,0.129216,False,0,16.8996
78,227,72,7.8e-05,2e-05,1.4e-05,0.129344,False,0,16.8996
78,228,71,9.7e-05,2.4e-05,1.8e-05,0.129471,False,0,16.9
78,229,70,0.000145,3.6e-05,2.6e-05,0.129624,False,0,16.901
78,230,69,0.000179,4.5e-05,3.2e-05,0.129763,False,0,16.9015
78,231,68,0.000262,6.6e-05,4.6e-05,0.129925,False,0,16.9027
78,232,67,0.00023,5.7e-05,4e-05,0.130071,False,0,16.9021
78,233,66,0.000258,6.5e-05,4.6e-05,0.130215,False,0,16.9026
78,234,65,0.000262,6.6e-05,4.6e-05,0.130371,False,0,16.9026
78,235,64,0.000294,7.4e-05,5.2e-05,0.130552,False,0,16.903
78,236,63,0.000318,7.9e-05,5.6e-05,0.130766,False,0,16.9033
78,237,62,0.000288,7.2e-05,5e-05,0.130976,False,0,16.9027
78,238,61,0.000335,8.4e-05,6e-05,0.131167,False,0,16.9036
78,239,60,0.0003,7.5e-05,5.3e-05,0.131421,False,0,16.9031
78,240,59,0.000274,6.8e-05,4.8e-05,0.131674,False,0,16.9026
78,241,58,0.000271,6.8e-05,4.9e-05,0.131903,False,0,16.9028
78,242,57,0.000368,9.2e-05,6.4e-05,0.132122,False,0,16.9037
78,243,56,0.000444,0.000111,7.9e-05,0.13235,False,0,16.9047
78,244,55,0.000473,0.000118,8.2e-05,0.13258,False,0,16.9048
78,245,54,0.000417,0.000105,7.3e-05,0.132831,False,0,16.9042
78,246,53,0.000434,0.000109,7.6e-05,0.133082,False,0,16.9045
78,247,52,0.0004,1e-04,7e-05,0.133343,False,0,16.9043
78,248,51,0.000341,8.5e-05,5.9e-05,0.133644,False,0,16.9032
78,249,50,0.000403,0.000101,7.1e-05,0.133864,False,0,16.9042
78,250,49,0.000552,0.000138,9.6e-05,0.134166,False,0,16.9055
78,251,48,0.000636,0.000159,0.000112,0.134494,False,0,16.9064
78,252,47,0.000662,0.000165,0.000115,0.134866,False,0,16.9064
78,253,46,0.00065,0.000163,0.000114,0.135222,False,0,16.9064
78,254,45,0.00062,0.000155,0.000108,0.135557,False,0,16.9061
78,255,44,0.000643,0.000161,0.000113,0.135854,False,0,16.9064
78,256,43,0.000628,0.000157,0.000109,0.136214,False,0,16.906
78,257,42,0.000768,0.000192,0.000135,0.136591,False,0,16.9074
78,258,41,0.000717,0.000179,0.000124,0.137007,False,0,16.9068
78,259,40,0.00073,0.000182,0.000128,0.137388,False,0,16.9071
78,260,39,0.000761,0.000191,0.000132,0.137804,False,0,16.907
78,261,38,0.000919,0.00023,0.000161,0.138219,False,0,16.9084
78,262,37,0.001009,0.000252,0.000175,0.13871,False,0,16.9089
78,263,36,0.000913,0.000228,0.000158,0.139232,False,0,16.9082
78,264,35,0.001008,0.000252,0.000175,0.139732,False,0,16.909
78,265,34,0.000992,0.000248,0.000174,0.140236,False,0,16.9089
78,266,33,0.001002,0.000251,0.000173,0.140769,False,0,16.9087
78,267,32,0.001039,0.00026,0.000181,0.141338,False,0,16.9091
78,268,31,0.001006,0.000252,0.000175,0.141869,False,0,16.9088
78,269,30,0.001043,0.000261,0.000181,0.142462,False,0,16.909
78,270,29,0.001202,0.000301,0.00021,0.143027,True,0,16.9102
78,271,28,0.001181,0.000296,0.000205,0.14364,True,0,16.9099
78,272,27,0.001272,0.000318,0.000222,0.144258,True,0,16.9106
78,273,26,0.001212,0.000303,0.000209,0.144897,True,0,16.91
78,274,25,0.001195,0.000299,0.000208,0.145543,True,0,16.91
78,275,24,0.001247,0.000312,0.000217,0.14624,True,0,16.9103
78,276,23,0.001246,0.000312,0.000216,0.146954,True,0,16.9101
78,277,22,0.001408,0.000352,0.000245,0.147754,True,0,16.9112
78,278,21,0.001461,0.000366,0.000255,0.148546,True,0,16.9116
78,279,20,0.001474,0.000369,0.000255,0.149341,True,0,16.9115
79,52,125,2e-06,1e-06,0.0,0.146179,True,0,16.8961
79,53,125,7e-06,1e-06,2e-06,0.144254,True,0,16.8966
79,54,125,1e-06,0.0,0.0,0.142597,False,0,16.8963
79,55,125,4e-06,1e-06,1e-06,0.141165,False,0,16.8968
79,56,125,5e-06,1e-06,1e-06,0.139867,False,0,16.8967
79,57,125,3e-06,0.0,1e-06,0.138706,False,0,16.8964
79,58,125,9e-06,2e-06,2e-06,0.13764,False,0,16.8972
79,59,125,9e-06,2e-06,2e-06,0.136677,False,0,16.897
79,60,125,8e-06,2e-06,1e-06,0.135799,False,0,16.897
79,61,125,7e-06,2e-06,1e-06,0.134988,False,0,16.8971
79,62,125,1e-05,3e-06,2e-06,0.134263,False,0,16.8971
79,63,125,8e-06,2e-06,1e-06,0.13359,False,0,16.8972
79,64,124,1.2e-05,3e-06,2e-06,0.132969,False,0,16.8975
79,65,123,2.7e-05,7e-06,5e-06,0.132376,False,0,16.8982
79,66,122,2.7e-05,7e-06,5e-06,0.131836,False,0,16.8982
79,67,121,1.4e-05,4e-06,2e-06,0.13129,False,0,16.8975
79,68,120,3.2e-05,8e-06,6e-06,0.130792,False,0,16.8983
79,69,119,1.7e-05,4e-06,3e-06,0.130374,False,0,16.8978
79,70,118,3.7e-05,9e-06,7e-06,0.129976,False,0,16.8985
79,71,117,3.3e-05,8e-06,5e-06,0.129597,False,0,16.8983
79,72,116,3.8e-05,1e-05,7e-06,0.12924,False,0,16.8986
79,73,115,1.1e-05,3e-06,2e-06,0.128867,False,0,16.8974
79,74,114,3e-06,1e-06,1e-06,0.128541,False,0,16.8966
79,75,113,1e-06,0.0,0.0,0.128227,False,0,16.8965
79,76,112,1.7e-05,4e-06,3e-06,0.127972,False,0,16.8977
79,77,111,3.6e-05,9e-06,6e-06,0.127715,False,0,16.8985
79,78,110,5e-05,1.3e-05,9e-06,0.127488,False,0,16.899
79,79,109,7.1e-05,1.8e-05,1.2e-05,0.127271,False,0,16.8995
79,80,108,4e-05,1e-05,7e-06,0.127091,False,0,16.8986
79,81,107,3.9e-05,1e-05,7e-06,0.126899,False,0,16.8987
79,82,106,2.3e-05,6e-06,4e-06,0.126711,False,0,16.8979
79,83,105,3.1e-05,8e-06,6e-06,0.126523,False,0,16.8983
79,84,104,2.1e-05,5e-06,4e-06,0.126392,False,0,16.8979
79,85,103,3.2e-05,8e-06,6e-06,0.126281,False,0,16.8984
79,86,102,7.1e-05,1.8e-05,1.3e-05,0.126149,False,0,16.8995
79,87,101,6.3e-05,1.6e-05,1.2e-05,0.126016,False,0,16.8992
79,88,100,3.2e-05,8e-06,5e-06,0.125873,False,0,16.8982
79,89,99,3.1e-05,8e-06,5e-06,0.125718,False,0,16.8982
79,90,98,4.2e-05,1.1e-05,7e-06,0.125572,False,0,16.8987
79,91,97,3.8e-05,9e-06,6e-06,0.125466,False,0,16.8985
79,92,96,4.4e-05,1.1e-05,8e-06,0.125426,False,0,16.8988
79,93,95,7.9e-05,2e-05,1.3e-05,0.125404,False,0,16.8996
79,94,94,8.5e-05,2.1e-05,1.5e-05,0.125374,False,0,16.8999
79,95,93,9.7e-05,2.5e-05,1.7e-05,0.125269,False,0,16.9001
79,96,92,0.000138,3.5e-05,2.4e-05,0.125162,False,0,16.9009
79,97,91,9.6e-05,2.4e-05,1.7e-05,0.12511,False,0,16.9001
79,98,90,7.4e-05,1.8e-05,1.3e-05,0.125102,False,0,16.8995
79,99,89,5.3e-05,1.3e-05,9e-06,0.125066,False,0,16.899
79,100,88,5.9e-05,1.5e-05,1e-05,0.12505,False,0,16.8992
79,101,87,4.4e-05,1.1e-05,8e-06,0.125021,False,0,16.8988
79,102,86,6.9e-05,1.7e-05,1.2e-05,0.124977,False,0,16.8994
79,103,85,0.000141,3.5e-05,2.5e-05,0.124969,False,0,16.901
79,104,84,0.000129,3.3e-05,2.2e-05,0.124992,False,0,16.9007
79,105,83,0.000132,3.3e-05,2.2e-05,0.125025,False,0,16.9007
79,106,82,9.4e-05,2.4e-05,1.6e-05,0.125054,False,0,16.9
79,107,81,7.6e-05,1.9e-05,1.3e-05,0.125063,False,0,16.8996
79,108,80,8.1e-05,2.1e-05,1.4e-05,0.125078,False,0,16.8997
79,109,79,1e-04,2.5e-05,1.8e-05,0.125116,False,0,16.9002
79,110,78,5.5e-05,1.4e-05,1e-05,0.125176,False,0,16.8991
79,111,77,5.9e-05,1.5e-05,1e-05,0.125216,False,0,16.8992
79,112,76,0.000114,2.9e-05,2e-05,0.125266,False,0,16.9004
79,113,75,9.6e-05,2.4e-05,1.6e-05,0.125324,False,0,16.9
79,114,74,0.00015,3.8e-05,2.7e-05,0.125395,False,0,16.9011
79,115,73,0.000124,3.1e-05,2.2e-05,0.12546,False,0,16.9006
79,116,72,0.000159,4e-05,2.8e-05,0.125539,False,0,16.9013
79,117,71,0.000126,3.2e-05,2.2e-05,0.125627,False,0,16.9007
79,118,70,0.000181,4.5e-05,3.2e-05,0.125757,False,0,16.9016
79,119,69,0.000218,5.5e-05,3.8e-05,0.125868,False,0,16.9021
79,120,68,0.00018,4.5e-05,3.1e-05,0.125965,False,0,16.9016
79,121,67,1e-04,2.5e-05,1.7e-05,0.125988,False,0,16.9001
79,122,66,8.5e-05,2.1e-05,1.5e-05,0.126022,False,0,16.8998
79,123,65,0.00013,3.3e-05,2.3e-05,0.126108,False,0,16.9008
79,124,64,0.000155,3.9e-05,2.8e-05,0.126219,False,0,16.9012
79,125,63,0.000167,4.2e-05,2.9e-05,0.126324,False,0,16.9013
79,126,62,0.00015,3.7e-05,2.6e-05,0.126423,False,0,16.901
79,127,61,0.00019,4.8e-05,3.3e-05,0.12653,False,0,16.9017
79,128,60,0.000185,4.6e-05,3.2e-05,0.12665,False,0,16.9016
79,129,59,0.000187,4.7e-05,3.3e-05,0.126751,False,0,16.9017
79,130,58,0.000176,4.4e-05,3.1e-05,0.126854,False,0,16.9015
79,131,57,0.000224,5.6e-05,3.9e-05,0.127007,False,0,16.9022
79,132,56,0.000205,5.1e-05,3.5e-05,0.127155,False,0,16.9019
79,133,55,0.000253,6.4e-05,4.5e-05,0.127355,False,0,16.9026
79,134,54,0.000167,4.2e-05,2.8e-05,0.127496,False,0,16.9012
79,135,53,0.000152,3.8e-05,2.6e-05,0.127646,False,0,16.9009
79,136,52,0.000174,4.4e-05,3.1e-05,0.12778,False,0,16.9015
79,137,51,0.000198,5e-05,3.4e-05,0.127946,False,0,16.9017
79,138,50,0.000274,6.8e-05,4.8e-05,0.128119,False,0,16.9029
79,139,49,0.000295,7.4e-05,5e-05,0.128327,False,0,16.903
79,140,48,0.000321,8e-05,5.6e-05,0.128579,False,0,16.9034
79,141,47,0.000319,8e-05,5.6e-05,0.128877,False,0,16.9034
79,142,46,0.000333,8.3e-05,5.7e-05,0.129116,False,0,16.9035
79,143,45,0.000283,7.1e-05,4.9e-05,0.129338,False,0,16.9029
79,144,44,0.000276,6.9e-05,4.8e-05,0.129518,False,0,16.9029
79,145,43,0.00024,6e-05,4.1e-05,0.129724,False,0,16.9024
79,146,42,0.000221,5.5e-05,3.8e-05,0.129915,False,0,16.9021
79,147,41,0.000251,6.3e-05,4.3e-05,0.130108,False,0,16.9025
79,148,40,0.000284,7.1e-05,4.9e-05,0.130321,False,0,16.903
79,149,39,0.00035,8.8e-05,6.2e-05,0.130582,False,0,16.9038
79,150,38,0.000292,7.3e-05,5e-05,0.130819,False,0,16.903
79,151,37,0.000244,6.1e-05,4.2e-05,0.131054,False,0,16.9024
79,152,36,0.000191,4.8e-05,3.3e-05,0.131296,False,0,16.9017
79,153,35,0.000277,7e-05,4.8e-05,0.131576,False,0,16.9029
79,154,34,0.000335,8.4e-05,5.8e-05,0.13192,False,0,16.9035
79,155,33,0.000383,9.6e-05,6.6e-05,0.132274,False,0,16.904
79,156,32,0.000459,0.000115,8.1e-05,0.132685,False,0,16.9049
79,157,31,0.00046,0.000115,7.9e-05,0.133076,False,0,16.9048
79,158,30,0.000444,0.000111,7.7e-05,0.133478,False,0,16.9047
79,159,29,0.000397,9.9e-05,6.9e-05,0.133808,False,0,16.9042
79,160,28,0.000351,8.8e-05,6.1e-05,0.134123,False,0,16.9037
79,161,27,0.000392,9.8e-05,6.8e-05,0.134466,False,0,16.9042
79,162,26,0.000413,0.000103,7.2e-05,0.134792,False,0,16.9044
79,163,25,0.000426,0.000107,7.3e-05,0.135149,False,0,16.9044
79,164,24,0.000452,0.000113,7.8e-05,0.135542,False,0,16.9047
79,165,23,0.000579,0.000145,0.000101,0.136021,False,0,16.906
79,166,22,0.000512,0.000128,8.8e-05,0.136439,False,0,16.9053
79,167,21,0.000469,0.000118,8.1e-05,0.136916,False,0,16.9049
79,168,20,0.000515,0.000129,8.9e-05,0.137314,False,0,16.9054
79,169,19,0.000549,0.000137,9.6e-05,0.137767,False,0,16.9057
79,170,18,0.000525,0.000131,9e-05,0.138229,False,0,16.9054
80,52,125,0.002013,0.000503,0.000344,0.159895,True,0,16.8781
80,53,125,0.001934,0.000483,0.000332,0.157978,True,0,16.8783
80,54,125,0.002412,0.000602,0.00041,0.156316,True,0,16.8764
80,55,125,0.001895,0.000473,0.000325,0.154836,True,0,16.8785
80,56,125,0.001159,0.00029,0.000197,0.153424,True,0,16.8824
80,57,125,0.000732,0.000183,0.000126,0.15209,True,0,16.8851
80,58,125,0.000779,0.000194,0.000134,0.150847,True,0,16.8849
80,59,125,0.000753,0.000188,0.000129,0.149532,True,0,16.885
80,60,125,0.000987,0.000247,0.000167,0.14841,True,0,16.8836
80,61,125,0.00114,0.000285,0.000195,0.147402,True,0,16.8824
80,62,125,0.001334,0.000333,0.000228,0.146664,True,0,16.8815
80,63,125,0.001916,0.000478,0.000329,0.145973,True,0,16.8784
80,64,125,0.002313,0.000577,0.000393,0.145412,True,0,16.8768
80,65,125,0.0022,0.000549,0.000374,0.144886,True,0,16.8773
80,66,125,0.002293,0.000572,0.000391,0.144391,True,0,16.877
80,67,125,0.002666,0.000666,0.000457,0.144036,True,0,16.8754
80,68,125,0.002123,0.00053,0.000363,0.143664,True,0,16.8774
80,69,125,0.001129,0.000282,0.000191,0.143072,True,0,16.8826
80,70,125,0.00096,0.00024,0.000163,0.142482,False,0,16.8837
80,71,125,0.000936,0.000234,0.00016,0.141873,False,0,16.8837
80,72,125,0.000838,0.000209,0.000143,0.141306,False,0,16.8846
80,73,125,0.001087,0.000272,0.000186,0.140842,False,0,16.8829
80,74,125,0.001785,0.000446,0.000306,0.140454,False,0,16.8791
80,75,125,0.001724,0.000431,0.000293,0.140226,False,0,16.8794
80,76,125,0.000908,0.000227,0.000155,0.139857,False,0,16.8839
80,77,125,0.000659,0.000165,0.000112,0.13945,False,0,16.8858
80,78,125,0.000918,0.000229,0.000158,0.13904,False,0,16.8837
80,79,125,0.000927,0.000232,0.000158,0.13852,False,0,16.8838
80,80,125,0.000745,0.000186,0.000129,0.137995,False,0,16.8849
80,81,125,0.000728,0.000182,0.000123,0.137545,False,0,16.8854
80,82,125,0.000779,0.000195,0.000135,0.137086,False,0,16.8847
80,83,125,0.000686,0.000171,0.000117,0.136544,False,0,16.8855
80,84,125,0.000764,0.000191,0.00013,0.136055,False,0,16.8849
80,85,125,0.000888,0.000222,0.00015,0.13575,False,0,16.8842
81,52,118,0.000165,4.1e-05,2.7e-05,0.144421,True,0,16.8911
81,53,117,0.000174,4.4e-05,3e-05,0.142505,False,0,16.8907
81,54,116,8.5e-05,2.1e-05,1.4e-05,0.140838,False,0,16.8924
81,55,115,7.1e-05,1.8e-05,1.2e-05,0.139376,False,0,16.8928
81,56,114,0.000117,2.9e-05,2e-05,0.138096,False,0,16.8917
81,57,113,0.000127,3.2e-05,2.1e-05,0.136926,False,0,16.8917
81,58,112,0.000143,3.6e-05,2.4e-05,0.135843,False,0,16.8913
81,59,111,0.000142,3.5e-05,2.4e-05,0.134868,False,0,16.8914
81,60,110,0.000155,3.9e-05,2.7e-05,0.133982,False,0,16.891
81,61,109,0.000106,2.6e-05,1.8e-05,0.133183,False,0,16.8922
81,62,108,6.7e-05,1.7e-05,1.1e-05,0.132419,False,0,16.8928
81,63,107,5.5e-05,1.4e-05,9e-06,0.131732,False,0,16.8931
81,64,106,8e-05,2e-05,1.3e-05,0.131072,False,0,16.8925
81,65,105,0.000171,4.3e-05,2.9e-05,0.130473,False,0,16.8908
81,66,104,0.00017,4.2e-05,2.9e-05,0.129895,False,0,16.8908
81,67,103,0.000186,4.7e-05,3.1e-05,0.129339,False,0,16.8906
81,68,102,0.000145,3.6e-05,2.5e-05,0.128827,False,0,16.8911
81,69,101,7.9e-05,2e-05,1.3e-05,0.128358,False,0,16.8926
81,70,100,7.5e-05,1.9e-05,1.3e-05,0.127918,False,0,16.8926
81,71,99,8.9e-05,2.3e-05,1.5e-05,0.127524,False,0,16.8924
81,72,98,0.000137,3.5e-05,2.3e-05,0.127129,False,0,16.8913
81,73,97,0.000107,2.7e-05,1.8e-05,0.126764,False,0,16.8919
81,74,96,8.1e-05,2.1e-05,1.4e-05,0.126403,False,0,16.8924
81,75,95,6.1e-05,1.5e-05,1e-05,0.12607,False,0,16.893
81,76,94,5.3e-05,1.3e-05,9e-06,0.125763,False,0,16.8931
81,77,93,9.9e-05,2.5e-05,1.7e-05,0.12546,False,0,16.892
81,78,92,0.000102,2.6e-05,1.7e-05,0.125194,False,0,16.892
81,79,91,8.4e-05,2.1e-05,1.4e-05,0.124901,False,0,16.8923
81,80,90,5.2e-05,1.3e-05,9e-06,0.124637,False,0,16.8932
81,81,89,4.5e-05,1.1e-05,8e-06,0.124379,False,0,16.8933
81,82,88,8e-06,2e-06,1e-06,0.124097,False,0,16.8949
81,83,87,2.1e-05,5e-06,3e-06,0.123851,False,0,16.8943
81,84,86,2.4e-05,6e-06,4e-06,0.123661,False,0,16.8941
81,85,85,2.8e-05,7e-06,5e-06,0.123474,False,0,16.894
81,86,84,3.8e-05,9e-06,7e-06,0.123322,False,0,16.8935
81,87,83,3.7e-05,1e-05,6e-06,0.123178,False,0,16.8937
81,88,82,2.5e-05,6e-06,4e-06,0.123027,False,0,16.8943
81,89,81,2e-06,0.0,0.0,0.122881,False,0,16.8957
81,90,80,5e-06,1e-06,1e-06,0.122735,False,0,16.8953
81,91,79,6e-06,2e-06,1e-06,0.122602,False,0,16.8952
81,92,78,1e-05,2e-06,2e-06,0.122495,False,0,16.8949
81,93,77,8e-06,2e-06,1e-06,0.122401,False,0,16.895
81,94,76,2e-06,1e-06,0.0,0.122284,False,0,16.8961
81,95,75,2e-06,1e-06,0.0,0.122136,False,0,16.8965
81,96,74,1e-06,0.0,0.0,0.12203,False,0,16.8965
81,97,73,1e-06,0.0,0.0,0.121943,False,0,16.8963
81,98,72,0.0,-0.0,0.0,0.121876,False,0,16.8962
81,99,71,1e-06,0.0,0.0,0.121787,False,0,16.8959
81,100,70,1e-06,0.0,0.0,0.121704,False,0,16.8959
81,101,69,2e-06,1e-06,0.0,0.121584,False,0,16.8955
81,102,68,1e-06,0.0,0.0,0.121475,False,0,16.8961
81,103,67,3e-06,0.0,1e-06,0.121422,False,0,16.8966
81,104,66,1.2e-05,3e-06,2e-06,0.121382,False,0,16.8974
81,105,65,1e-06,0.0,0.0,0.121359,False,0,16.8963
81,106,64,1e-05,2e-06,2e-06,0.12134,False,0,16.8972
81,107,63,1.1e-05,3e-06,2e-06,0.121337,False,0,16.8974
81,108,62,1.3e-05,3e-06,2e-06,0.121316,False,0,16.8975
81,109,61,1.5e-05,4e-06,3e-06,0.121293,False,0,16.8976
81,110,60,2.5e-05,7e-06,5e-06,0.121266,False,0,16.8981
81,111,59,4.2e-05,1.1e-05,8e-06,0.121272,False,0,16.8987
81,112,58,1.7e-05,4e-06,3e-06,0.121286,False,0,16.8975
81,113,57,3.9e-05,1e-05,7e-06,0.121276,False,0,16.8986
81,114,56,4.1e-05,1e-05,7e-06,0.121247,False,0,16.8987
81,115,55,5.4e-05,1.4e-05,1e-05,0.121229,False,0,16.899
81,116,54,7.4e-05,1.9e-05,1.3e-05,0.121228,False,0,16.8996
81,117,53,4.6e-05,1.2e-05,8e-06,0.121251,False,0,16.8986
81,118,52,6.5e-05,1.7e-05,1.2e-05,0.121292,False,0,16.8994
81,119,51,9.8e-05,2.5e-05,1.7e-05,0.121363,False,0,16.9001
81,120,50,0.000127,3.2e-05,2.2e-05,0.121447,False,0,16.9007
81,121,49,0.000129,3.2e-05,2.2e-05,0.121504,False,0,16.9006
81,122,48,0.000122,3.1e-05,2.2e-05,0.121577,False,0,16.9006
81,123,47,0.000136,3.4e-05,2.4e-05,0.121665,False,0,16.9008
81,124,46,0.000154,3.9e-05,2.7e-05,0.121739,False,0,16.901
81,125,45,0.000152,3.8e-05,2.7e-05,0.121827,False,0,16.901
81,126,44,0.000192,4.8e-05,3.4e-05,0.121902,False,0,16.9017
81,127,43,0.00022,5.5e-05,3.8e-05,0.12201,False,0,16.902
81,128,42,0.000221,5.6e-05,3.9e-05,0.1221,False,0,16.9021
81,129,41,0.000226,5.7e-05,4e-05,0.122256,False,0,16.9022
81,130,40,0.000273,6.9e-05,4.8e-05,0.122428,False,0,16.9026
81,131,39,0.000382,9.6e-05,6.7e-05,0.122647,False,0,16.904
81,132,38,0.000393,9.8e-05,6.9e-05,0.122798,False,0,16.9042
81,133,37,0.000369,9.2e-05,6.4e-05,0.122969,False,0,16.9039
81,134,36,0.000411,0.000103,7.2e-05,0.123108,False,0,16.9043
81,135,35,0.000413,0.000103,7.2e-05,0.123278,False,0,16.9043
81,136,34,0.000567,0.000142,1e-04,0.123491,False,0,16.9058
81,137,33,0.000599,0.00015,0.000104,0.123689,False,0,16.906
81,138,32,0.000549,0.000137,9.5e-05,0.123914,False,0,16.9056
81,139,31,0.000535,0.000134,9.3e-05,0.12415,False,0,16.9054
81,140,30,0.000597,0.000149,0.000105,0.124427,False,0,16.906
81,141,29,0.000638,0.00016,0.000111,0.124721,False,0,16.9064
81,142,28,0.000635,0.000159,0.00011,0.125017,False,0,16.9063
81,143,27,0.000694,0.000174,0.000121,0.125369,False,0,16.9068
81,144,26,0.000687,0.000172,0.000119,0.125738,False,0,16.9066
81,145,25,0.000757,0.000189,0.000132,0.126136,False,0,16.9072
81,146,24,0.000663,0.000166,0.000116,0.126488,False,0,16.9065
81,147,23,0.000693,0.000174,0.00012,0.126856,False,0,16.9066
81,148,22,0.000789,0.000198,0.000137,0.127235,False,0,16.9075
81,149,21,0.000929,0.000233,0.000162,0.127682,False,0,16.9084
81,150,20,0.000996,0.000249,0.000172,0.128186,False,0,16.9087
81,151,19,0.001077,0.000269,0.000187,0.128727,False,0,16.9093
81,152,18,0.001058,0.000265,0.000183,0.129301,False,0,16.9091
81,153,17,0.001253,0.000314,0.000218,0.129972,False,0,16.9104
81,154,16,0.001325,0.000332,0.000228,0.130661,False,0,16.9107
81,155,15,0.001481,0.000371,0.000257,0.13144,False,0,16.9117
82,52,125,2.5e-05,6e-06,4e-06,0.14412,True,0,16.8943
82,53,125,1.5e-05,4e-06,3e-06,0.142178,False,0,16.8945
82,54,125,4e-05,1e-05,7e-06,0.140529,False,0,16.8935
82,55,125,3.6e-05,9e-06,6e-06,0.139039,False,0,16.8938
82,56,125,2.5e-05,6e-06,4e-06,0.137746,False,0,16.894
82,57,125,2.1e-05,6e-06,4e-06,0.136569,False,0,16.8942
82,58,125,4.2e-05,1e-05,7e-06,0.135524,False,0,16.8935
82,59,125,5.1e-05,1.3e-05,9e-06,0.134567,False,0,16.8933
82,60,125,9.6e-05,2.4e-05,1.6e-05,0.133699,False,0,16.8921
82,61,125,7.9e-05,2e-05,1.4e-05,0.132904,False,0,16.8925
82,62,125,4.9e-05,1.2e-05,8e-06,0.132151,False,0,16.8933
82,63,125,4.3e-05,1.1e-05,7e-06,0.131458,False,0,16.8935
82,64,125,1.7e-05,4e-06,3e-06,0.130846,False,0,16.8944
82,65,125,1.7e-05,4e-06,3e-06,0.13025,False,0,16.8944
82,66,125,1.3e-05,3e-06,2e-06,0.129681,False,0,16.8947
82,67,125,2.7e-05,7e-06,5e-06,0.129129,False,0,16.8939
82,68,125,2e-05,5e-06,3e-06,0.128632,False,0,16.8943
82,69,125,1.5e-05,3e-06,2e-06,0.128183,False,0,16.8946
82,70,125,1e-05,2e-06,2e-06,0.127758,False,0,16.895
82,71,125,9e-06,2e-06,2e-06,0.127354,False,0,16.8949
82,72,125,1.4e-05,4e-06,2e-06,0.126984,False,0,16.8946
82,73,125,2e-06,1e-06,0.0,0.126645,False,0,16.8958
82,74,125,1e-06,0.0,0.0,0.126332,False,0,16.8959
82,75,125,4e-06,1e-06,1e-06,0.126011,False,0,16.8965
82,76,124,2e-06,0.0,0.0,0.125704,False,0,16.8955
82,77,123,3e-06,1e-06,1e-06,0.125381,False,0,16.8966
82,78,122,2e-06,1e-06,0.0,0.125104,False,0,16.8964
82,79,121,1e-06,0.0,0.0,0.124858,False,0,16.8963
82,80,120,6e-06,2e-06,1e-06,0.124612,False,0,16.8951
82,81,119,1.8e-05,4e-06,3e-06,0.124405,False,0,16.8944
82,82,118,6e-06,1e-06,1e-06,0.124217,False,0,16.8953
82,83,117,1e-06,0.0,0.0,0.124026,False,0,16.896
82,84,116,5e-06,1e-06,1e-06,0.123815,False,0,16.8955
82,85,115,4e-06,1e-06,1e-06,0.123651,False,0,16.8957
82,86,114,4e-06,1e-06,1e-06,0.123501,False,0,16.8968
82,87,113,9e-06,2e-06,2e-06,0.123353,False,0,16.8971
82,88,112,5e-06,1e-06,1e-06,0.123222,False,0,16.8965
82,89,111,4e-06,1e-06,1e-06,0.12307,False,0,16.8968
82,90,110,1e-06,0.0,0.0,0.122986,False,0,16.8958
82,91,109,1.7e-05,4e-06,3e-06,0.122932,False,0,16.8945
82,92,108,8e-06,2e-06,1e-06,0.122828,False,0,16.8951
82,93,107,1e-06,0.0,0.0,0.122715,False,0,16.8958
82,94,106,7e-06,2e-06,1e-06,0.122588,False,0,16.8971
82,95,105,7e-06,2e-06,1e-06,0.122471,False,0,16.8971
82,96,104,1.1e-05,3e-06,2e-06,0.12236,False,0,16.8974
82,97,103,1e-06,0.0,0.0,0.122281,False,0,16.8962
82,98,102,2e-06,0.0,0.0,0.122235,False,0,16.8965
82,99,101,1e-05,2e-06,2e-06,0.122176,False,0,16.8972
82,100,100,2.8e-05,7e-06,5e-06,0.122128,False,0,16.8982
82,101,99,2.4e-05,6e-06,4e-06,0.122072,False,0,16.898
82,102,98,1.6e-05,4e-06,3e-06,0.122041,False,0,16.8977
82,103,97,1.4e-05,4e-06,2e-06,0.121994,False,0,16.8975
82,104,96,7e-06,2e-06,1e-06,0.121954,False,0,16.8971
82,105,95,1.3e-05,3e-06,2e-06,0.121911,False,0,16.8975
82,106,94,2.4e-05,6e-06,4e-06,0.121856,False,0,16.898
82,107,93,6.9e-05,1.7e-05,1.2e-05,0.1218,False,0,16.8994
82,108,92,8.6e-05,2.2e-05,1.5e-05,0.121767,False,0,16.8998
82,109,91,5.1e-05,1.2e-05,9e-06,0.12175,False,0,16.899
82,110,90,3e-05,7e-06,5e-06,0.121718,False,0,16.8982
82,111,89,4.7e-05,1.2e-05,9e-06,0.121694,False,0,16.8989
82,112,88,6.5e-05,1.6e-05,1.1e-05,0.121683,False,0,16.8993
82,113,87,4e-05,1e-05,7e-06,0.121692,False,0,16.8986
82,114,86,3.9e-05,1e-05,7e-06,0.121702,False,0,16.8985
82,115,85,3.2e-05,8e-06,6e-06,0.121728,False,0,16.8983
82,116,84,5.1e-05,1.3e-05,9e-06,0.121738,False,0,16.8989
82,117,83,5.3e-05,1.3e-05,9e-06,0.121763,False,0,16.899
82,118,82,7.7e-05,1.9e-05,1.3e-05,0.121796,False,0,16.8996
82,119,81,6.4e-05,1.6e-05,1.2e-05,0.121813,False,0,16.8993
82,120,80,5.5e-05,1.4e-05,1e-05,0.121825,False,0,16.899
82,121,79,7.2e-05,1.8e-05,1.3e-05,0.121846,False,0,16.8995
82,122,78,9.8e-05,2.4e-05,1.8e-05,0.121913,False,0,16.9002
82,123,77,0.000104,2.6e-05,1.8e-05,0.121941,False,0,16.9001
82,124,76,9.1e-05,2.3e-05,1.6e-05,0.121961,False,0,16.8999
82,125,75,8.1e-05,2e-05,1.4e-05,0.122,False,0,16.8998
82,126,74,8.6e-05,2.2e-05,1.5e-05,0.122073,False,0,16.8997
82,127,73,0.000131,3.3e-05,2.3e-05,0.122136,False,0,16.9007
82,128,72,0.000139,3.5e-05,2.4e-05,0.122191,False,0,16.9008
82,129,71,0.000111,2.8e-05,1.9e-05,0.122241,False,0,16.9003
82,130,70,8.3e-05,2.1e-05,1.4e-05,0.122286,False,0,16.8996
82,131,69,0.000106,2.6e-05,1.9e-05,0.122329,False,0,16.9003
82,132,68,0.000135,3.4e-05,2.3e-05,0.122366,False,0,16.9008
82,133,67,0.000141,3.5e-05,2.5e-05,0.122418,False,0,16.9009
82,134,66,0.00014,3.5e-05,2.4e-05,0.122466,False,0,16.9008
82,135,65,0.00014,3.5e-05,2.4e-05,0.12251,False,0,16.9008
82,136,64,0.00018,4.5e-05,3.2e-05,0.122568,False,0,16.9016
82,137,63,0.000171,4.3e-05,2.9e-05,0.122624,False,0,16.9013
82,138,62,0.000157,3.9e-05,2.7e-05,0.12267,False,0,16.9011
82,139,61,0.00017,4.3e-05,3e-05,0.12273,False,0,16.9013
82,140,60,0.000187,4.7e-05,3.3e-05,0.122777,False,0,16.9016
82,141,59,0.000203,5.1e-05,3.5e-05,0.122816,False,0,16.9018
82,142,58,0.000215,5.4e-05,3.7e-05,0.122916,False,0,16.9019
82,143,57,0.000244,6.1e-05,4.3e-05,0.123052,False,0,16.9025
82,144,56,0.000258,6.5e-05,4.5e-05,0.123203,False,0,16.9025
82,145,55,0.000294,7.4e-05,5.1e-05,0.123354,False,0,16.9031
82,146,54,0.000329,8.2e-05,5.8e-05,0.123488,False,0,16.9035
82,147,53,0.000377,9.4e-05,6.5e-05,0.123643,False,0,16.9038
82,148,52,0.000342,8.6e-05,5.9e-05,0.12384,False,0,16.9034
82,149,51,0.000402,0.000101,7.1e-05,0.124024,False,0,16.9043
82,150,50,0.000366,9.2e-05,6.4e-05,0.12421,False,0,16.9038
82,151,49,0.000375,9.4e-05,6.4e-05,0.124381,False,0,16.9038
82,152,48,0.000403,0.000101,7.1e-05,0.124543,False,0,16.9042
82,153,47,0.000416,0.000104,7.2e-05,0.124715,False,0,16.9042
82,154,46,0.000479,0.00012,8.4e-05,0.124922,False,0,16.905
82,155,45,0.000548,0.000137,9.5e-05,0.125146,False,0,16.9056
82,156,44,0.000583,0.000146,0.000101,0.125387,False,0,16.9059
82,157,43,0.000518,0.00013,8.9e-05,0.125646,False,0,16.9051
82,158,42,0.00058,0.000145,0.000101,0.125861,False,0,16.9059
82,159,41,0.000549,0.000137,9.5e-05,0.126125,False,0,16.9054
82,160,40,0.000666,0.000167,0.000116,0.126432,False,0,16.9065
82,161,39,0.000795,0.000199,0.000139,0.126778,False,0,16.9076
82,162,38,0.000669,0.000167,0.000115,0.12709,False,0,16.9063
82,163,37,0.00066,0.000165,0.000114,0.127376,False,0,16.9064
82,164,36,0.000739,0.000185,0.000129,0.127681,False,0,16.9071
82,165,35,0.000737,0.000185,0.000128,0.128045,False,0,16.9071
82,166,34,0.000831,0.000208,0.000143,0.128457,False,0,16.9076
82,167,33,0.000848,0.000212,0.000148,0.12884,False,0,16.9079
82,168,32,0.000835,0.000209,0.000145,0.129242,False,0,16.9077
82,169,31,0.000916,0.000229,0.000159,0.129643,False,0,16.9083
82,170,30,0.000955,0.000239,0.000166,0.130078,False,0,16.9086
82,171,29,0.000984,0.000246,0.00017,0.130515,False,0,16.9088
82,172,28,0.001035,0.000259,0.000178,0.13096,False,0,16.909
82,173,27,0.001131,0.000283,0.000196,0.131463,False,0,16.9097
82,174,26,0.001222,0.000306,0.000211,0.132011,False,0,16.9102
82,175,25,0.001228,0.000307,0.000212,0.132575,False,0,16.9102
82,176,24,0.001254,0.000314,0.000217,0.133111,False,0,16.9103
82,177,23,0.001229,0.000308,0.000212,0.133704,False,0,16.9102
82,178,22,0.001295,0.000324,0.000224,0.1343,False,0,16.9107
82,179,21,0.001269,0.000318,0.00022,0.134914,False,0,16.9104
82,180,20,0.001307,0.000327,0.000225,0.135566,False,0,16.9105
82,181,19,0.001335,0.000334,0.000231,0.136228,False,0,16.9108
82,182,18,0.001328,0.000332,0.000229,0.136917,False,0,16.9107
82,183,17,0.001339,0.000335,0.000231,0.137599,False,0,16.9108
82,184,16,0.001341,0.000336,0.000232,0.138381,False,0,16.9107
82,185,15,0.001414,0.000354,0.000245,0.139206,False,0,16.9112
82,186,14,0.001595,0.000399,0.000277,0.140119,False,0,16.9123
82,187,13,0.001575,0.000394,0.000272,0.141102,False,0,16.9119
82,188,12,0.001747,0.000437,0.000301,0.142114,False,0,16.9128
82,189,11,0.001845,0.000462,0.000318,0.143255,True,0,16.9132
82,190,10,0.002011,0.000504,0.000348,0.144445,True,0,16.9142
82,191,9,0.001993,0.000499,0.000344,0.145727,True,0,16.9139
82,192,8,0.002,0.000501,0.000344,0.146984,True,0,16.9139
82,193,7,0.00201,0.000503,0.000347,0.148374,True,0,16.914
82,194,6,0.002263,0.000567,0.000392,0.149824,True,0,16.9153
83,52,125,3e-06,1e-06,1e-06,0.146671,True,0,16.8962
83,53,125,3e-06,1e-06,1e-06,0.14477,True,0,16.8966
83,54,125,1.6e-05,4e-06,3e-06,0.143118,True,0,16.8977
83,55,125,6e-06,1e-06,1e-06,0.141644,False,0,16.8968
83,56,125,5e-06,1e-06,1e-06,0.140324,False,0,16.8953
83,57,125,4e-06,1e-06,1e-06,0.13915,False,0,16.8962
83,58,125,2e-06,0.0,0.0,0.138108,False,0,16.8958
83,59,125,1e-05,3e-06,2e-06,0.137188,False,0,16.8974
83,60,125,3.1e-05,8e-06,6e-06,0.136363,False,0,16.8981
83,61,125,1.2e-05,3e-06,2e-06,0.135578,False,0,16.8974
83,62,125,1.5e-05,4e-06,3e-06,0.134845,False,0,16.8975
83,63,125,8e-06,2e-06,1e-06,0.134141,False,0,16.8971
83,64,125,4e-06,1e-06,1e-06,0.133477,False,0,16.8967
83,65,125,2e-06,0.0,0.0,0.132874,False,0,16.8961
83,66,125,1.1e-05,3e-06,2e-06,0.132329,False,0,16.8973
83,67,125,2e-05,5e-06,4e-06,0.131855,False,0,16.8979
83,68,125,2.8e-05,7e-06,5e-06,0.131394,False,0,16.8982
83,69,125,2.8e-05,7e-06,5e-06,0.130981,False,0,16.8982
83,70,125,5.1e-05,1.3e-05,9e-06,0.130586,False,0,16.899
83,71,125,5.8e-05,1.4e-05,1e-05,0.130229,False,0,16.8991
83,72,125,3.1e-05,8e-06,6e-06,0.129864,False,0,16.8983
83,73,125,5e-06,1e-06,1e-06,0.129485,False,0,16.8967
83,74,125,2.4e-05,6e-06,5e-06,0.129135,False,0,16.8979
83,75,125,2.2e-05,6e-06,4e-06,0.128853,False,0,16.8979
83,76,125,2.5e-05,6e-06,5e-06,0.128514,False,0,16.898
83,77,125,7e-06,2e-06,1e-06,0.128212,False,0,16.897
83,78,125,1.1e-05,3e-06,3e-06,0.127893,False,0,16.8972
83,79,125,3e-06,0.0,0.0,0.127629,False,0,16.8964
83,80,125,1e-06,0.0,0.0,0.127373,False,0,16.896
83,81,125,1e-05,2e-06,2e-06,0.127118,False,0,16.8973
83,82,125,2.7e-05,7e-06,5e-06,0.126922,False,0,16.8982
83,83,125,2.1e-05,5e-06,3e-06,0.126789,False,0,16.8978
83,84,125,4.2e-05,1.1e-05,8e-06,0.126623,False,0,16.8986
83,85,125,1e-05,2e-06,2e-06,0.12644,False,0,16.8973
83,86,125,2.2e-05,5e-06,4e-06,0.126254,False,0,16.8979
83,87,125,1.6e-05,4e-06,3e-06,0.126098,False,0,16.8977
83,88,125,2.4e-05,6e-06,4e-06,0.125988,False,0,16.8981
83,89,125,4.4e-05,1.1e-05,8e-06,0.125911,False,0,16.8988
83,90,125,5.2e-05,1.3e-05,9e-06,0.125822,False,0,16.899
83,91,125,5.7e-05,1.4e-05,1e-05,0.125712,False,0,16.8991
83,92,125,4.3e-05,1e-05,8e-06,0.125607,False,0,16.8986
83,93,125,3.4e-05,8e-06,6e-06,0.125487,False,0,16.8984
83,94,125,2.8e-05,7e-06,5e-06,0.125387,False,0,16.8981
83,95,125,2.9e-05,7e-06,5e-06,0.125283,False,0,16.8982
83,96,125,5.9e-05,1.5e-05,1.1e-05,0.125227,False,0,16.8993
83,97,125,6.4e-05,1.6e-05,1.1e-05,0.125177,False,0,16.8993
83,98,125,4.8e-05,1.2e-05,8e-06,0.125126,False,0,16.8989
83,99,125,4e-05,1e-05,7e-06,0.125089,False,0,16.8986
83,100,125,5.3e-05,1.3e-05,9e-06,0.125095,False,0,16.8991
83,101,125,6.2e-05,1.6e-05,1.1e-05,0.125122,False,0,16.8993
83,102,125,7.3e-05,1.8e-05,1.3e-05,0.125152,False,0,16.8995
83,103,125,8.6e-05,2.1e-05,1.5e-05,0.125121,False,0,16.8999
83,104,125,9.8e-05,2.5e-05,1.7e-05,0.125083,False,0,16.9001
83,105,125,5e-05,1.3e-05,9e-06,0.125061,False,0,16.8989
83,106,125,4.3e-05,1.1e-05,7e-06,0.125076,False,0,16.8987
83,107,125,4e-05,1e-05,7e-06,0.125071,False,0,16.8985
83,108,125,5.7e-05,1.4e-05,1e-05,0.125052,False,0,16.8991
83,109,125,5e-05,1.3e-05,9e-06,0.125022,False,0,16.899
83,110,125,4.7e-05,1.2e-05,8e-06,0.124997,False,0,16.8989
83,111,125,7.3e-05,1.8e-05,1.3e-05,0.124982,False,0,16.8996
83,112,125,4.8e-05,1.2e-05,8e-06,0.124971,False,0,16.8989
83,113,125,5.2e-05,1.3e-05,9e-06,0.124986,False,0,16.8989
83,114,125,4.9e-05,1.2e-05,9e-06,0.12498,False,0,16.8989
83,115,125,2.6e-05,6e-06,5e-06,0.125016,False,0,16.8981
83,116,125,5.1e-05,1.3e-05,9e-06,0.125038,False,0,16.8989
83,117,125,9.5e-05,2.4e-05,1.7e-05,0.125046,False,0,16.9001
83,118,125,6.2e-05,1.6e-05,1e-05,0.125041,False,0,16.8992
83,119,125,5.5e-05,1.4e-05,1e-05,0.125049,False,0,16.8991
83,120,125,5.5e-05,1.4e-05,1e-05,0.125053,False,0,16.8991
83,121,125,4.2e-05,1.1e-05,7e-06,0.125075,False,0,16.8984
83,122,125,8.4e-05,2.1e-05,1.5e-05,0.12509,False,0,16.8999
83,123,125,0.00012,3e-05,2.1e-05,0.125163,False,0,16.9006
83,124,125,0.000109,2.7e-05,1.8e-05,0.12525,False,0,16.9001
83,125,125,6.9e-05,1.7e-05,1.2e-05,0.125288,False,0,16.8995
83,126,125,7.3e-05,1.9e-05,1.3e-05,0.125318,False,0,16.8995
83,127,125,5.6e-05,1.4e-05,9e-06,0.125351,False,0,16.899
83,128,125,7.7e-05,1.9e-05,1.3e-05,0.125416,False,0,16.8996
83,129,125,6.4e-05,1.6e-05,1.1e-05,0.125483,False,0,16.8993
83,130,125,0.000114,2.9e-05,2e-05,0.125561,False,0,16.9005
83,131,125,0.000148,3.7e-05,2.6e-05,0.125658,False,0,16.9011
83,132,125,0.000111,2.8e-05,1.9e-05,0.125726,False,0,16.9002
83,133,125,0.000131,3.3e-05,2.3e-05,0.125755,False,0,16.9008
83,134,125,0.000107,2.7e-05,1.9e-05,0.12578,False,0,16.9003
83,135,125,8.5e-05,2.1e-05,1.4e-05,0.125818,False,0,16.8998
83,136,125,9.1e-05,2.3e-05,1.6e-05,0.125848,False,0,16.8999
83,137,125,5.7e-05,1.4e-05,9e-06,0.125887,False,0,16.8991
83,138,125,7.2e-05,1.8e-05,1.3e-05,0.12592,False,0,16.8996
83,139,125,0.00012,3e-05,2.1e-05,0.125937,False,0,16.9005
83,140,125,9.3e-05,2.3e-05,1.6e-05,0.125941,False,0,16.9
83,141,125,0.000134,3.4e-05,2.3e-05,0.125994,False,0,16.9007
83,142,125,0.000156,3.9e-05,2.8e-05,0.126078,False,0,16.9012
83,143,125,0.000119,3e-05,2e-05,0.126172,False,0,16.9004
83,144,125,0.000122,3.1e-05,2.1e-05,0.126242,False,0,16.9005
83,145,125,9.1e-05,2.3e-05,1.6e-05,0.12632,False,0,16.9
83,146,125,7.2e-05,1.8e-05,1.3e-05,0.12636,False,0,16.8996
83,147,125,8.3e-05,2.1e-05,1.4e-05,0.126419,False,0,16.8998
83,148,125,0.000134,3.4e-05,2.4e-05,0.12652,False,0,16.9009
83,149,125,0.000181,4.5e-05,3.2e-05,0.126634,False,0,16.9016
83,150,125,0.000183,4.6e-05,3.2e-05,0.126683,False,0,16.9016
83,151,125,0.00013,3.3e-05,2.2e-05,0.126714,False,0,16.9007
83,152,125,0.000122,3.1e-05,2.1e-05,0.126742,False,0,16.9005
83,153,125,0.000117,2.9e-05,2.1e-05,0.126795,False,0,16.9005
83,154,125,0.000108,2.7e-05,1.9e-05,0.126861,False,0,16.9003
83,155,125,0.00013,3.3e-05,2.2e-05,0.126919,False,0,16.9007
83,156,125,0.000172,4.3e-05,3e-05,0.126986,False,0,16.9015
83,157,125,0.000186,4.7e-05,3.2e-05,0.127038,False,0,16.9016
83,158,125,0.000166,4.2e-05,2.9e-05,0.12714,False,0,16.9013
83,159,125,0.000148,3.7e-05,2.6e-05,0.127212,False,0,16.901
83,160,125,0.000115,2.9e-05,2e-05,0.12728,False,0,16.9004
83,161,125,0.000136,3.4e-05,2.4e-05,0.127358,False,0,16.9008
83,162,125,0.000196,4.9e-05,3.5e-05,0.127427,False,0,16.9019
83,163,125,0.000227,5.7e-05,3.8e-05,0.127535,False,0,16.9021
83,164,125,0.000176,4.4e-05,3.1e-05,0.127616,False,0,16.9015
83,165,125,0.000145,3.6e-05,2.5e-05,0.12773,False,0,16.901
83,166,125,8.7e-05,2.2e-05,1.5e-05,0.127818,False,0,16.8998
83,167,125,0.00014,3.5e-05,2.4e-05,0.127891,False,0,16.9009
83,168,125,0.000145,3.7e-05,2.5e-05,0.127959,False,0,16.901
84,52,125,2.3e-05,6e-06,4e-06,0.143927,True,0,16.8942
84,53,125,1.9e-05,5e-06,3e-06,0.141968,False,0,16.8946
84,54,125,6e-06,2e-06,1e-06,0.140286,False,0,16.8953
84,55,125,3e-06,1e-06,0.0,0.138838,False,0,16.8955
84,56,124,4e-06,1e-06,1e-06,0.137584,False,0,16.8956
84,57,123,7e-06,2e-06,1e-06,0.13642,False,0,16.8951
84,58,122,2e-06,0.0,0.0,0.135354,False,0,16.8959
84,59,121,2e-06,0.0,0.0,0.134344,False,0,16.8957
84,60,120,1e-06,0.0,0.0,0.133445,False,0,16.896
84,61,119,6e-06,2e-06,1e-06,0.132619,False,0,16.8951
84,62,118,8e-06,2e-06,2e-06,0.131847,False,0,16.897
84,63,117,2e-06,0.0,0.0,0.131157,False,0,16.8966
84,64,116,9e-06,2e-06,2e-06,0.130504,False,0,16.8972
84,65,115,2e-06,0.0,0.0,0.129901,False,0,16.8964
84,66,114,4e-06,1e-06,1e-06,0.129327,False,0,16.8969
84,67,113,7e-06,2e-06,1e-06,0.128777,False,0,16.8971
84,68,112,3e-06,1e-06,1e-06,0.128245,False,0,16.8967
84,69,111,5e-06,1e-06,1e-06,0.127773,False,0,16.8968
84,70,110,2e-06,0.0,0.0,0.127343,False,0,16.8966
84,71,109,1.4e-05,4e-06,3e-06,0.126935,False,0,16.8975
84,72,108,1.9e-05,5e-06,3e-06,0.126566,False,0,16.8977
84,73,107,2.6e-05,7e-06,5e-06,0.126235,False,0,16.8981
84,74,106,2.1e-05,5e-06,4e-06,0.125927,False,0,16.8979
84,75,105,8e-06,2e-06,2e-06,0.125637,False,0,16.8972
84,76,104,1.6e-05,4e-06,3e-06,0.12535,False,0,16.8977
85,52,122,0.000169,4.2e-05,2.8e-05,0.144153,True,0,16.8908
85,53,121,0.000128,3.2e-05,2.2e-05,0.142267,False,0,16.8915
85,54,120,0.000117,2.9e-05,1.9e-05,0.140627,False,0,16.8921
85,55,119,7.8e-05,1.9e-05,1.4e-05,0.139165,False,0,16.8924
85,56,118,0.00011,2.8e-05,1.8e-05,0.137857,False,0,16.8919
85,57,117,0.000105,2.6e-05,1.7e-05,0.136712,False,0,16.8921
85,58,116,0.000103,2.6e-05,1.8e-05,0.135668,False,0,16.8919
85,59,115,0.000137,3.4e-05,2.3e-05,0.134712,False,0,16.8913
85,60,114,0.000107,2.7e-05,1.8e-05,0.133812,False,0,16.8919
85,61,113,9.9e-05,2.5e-05,1.6e-05,0.132992,False,0,16.8921
85,62,112,6.4e-05,1.6e-05,1.1e-05,0.132225,False,0,16.8928
85,63,111,3.1e-05,8e-06,5e-06,0.131538,False,0,16.8939
85,64,110,2.6e-05,6e-06,4e-06,0.130859,False,0,16.894
85,65,109,1.8e-05,4e-06,3e-06,0.130245,False,0,16.8944
85,66,108,2.4e-05,6e-06,4e-06,0.129628,False,0,16.8942
85,67,107,5e-05,1.3e-05,8e-06,0.129085,False,0,16.8932
85,68,106,7.4e-05,1.9e-05,1.3e-05,0.12858,False,0,16.8926
85,69,105,8.6e-05,2.2e-05,1.4e-05,0.128126,False,0,16.8925
85,70,104,6.8e-05,1.7e-05,1.1e-05,0.127694,False,0,16.8928
85,71,103,3.4e-05,8e-06,6e-06,0.127319,False,0,16.8938
85,72,102,1.3e-05,3e-06,2e-06,0.126969,False,0,16.8947
85,73,101,7e-06,2e-06,1e-06,0.126618,False,0,16.8951
85,74,100,2.5e-05,6e-06,4e-06,0.126278,False,0,16.8943
85,75,99,1.3e-05,3e-06,2e-06,0.12598,False,0,16.8947
85,76,98,4e-06,1e-06,1e-06,0.12564,False,0,16.8957
85,77,97,0.0,0.0,0.0,0.125323,False,0,16.8961
85,78,96,7e-06,2e-06,1e-06,0.125012,False,0,16.8951
85,79,95,8e-06,2e-06,1e-06,0.124738,False,0,16.8951
85,80,94,3.5e-05,8e-06,6e-06,0.124506,False,0,16.8937
85,81,93,4.5e-05,1.1e-05,8e-06,0.124308,False,0,16.8933
85,82,92,4.4e-05,1.1e-05,7e-06,0.124096,False,0,16.8935
85,83,91,2e-06,0.0,0.0,0.123892,False,0,16.8957
85,84,90,0.0,0.0,0.0,0.123724,False,0,16.8962
85,85,89,2e-06,1e-06,0.0,0.123568,False,0,16.8955
85,86,88,4e-06,1e-06,1e-06,0.123409,False,0,16.8956
85,87,87,7e-06,2e-06,1e-06,0.123238,False,0,16.895
85,88,86,2e-06,1e-06,0.0,0.123075,False,0,16.8956
85,89,85,1e-06,0.0,0.0,0.122922,False,0,16.8963
85,90,84,5e-06,1e-06,1e-06,0.122784,False,0,16.897
85,91,83,3e-06,0.0,1e-06,0.122663,False,0,16.8967
85,92,82,6e-06,2e-06,1e-06,0.122534,False,0,16.8971
85,93,81,6e-06,2e-06,1e-06,0.122443,False,0,16.897
85,94,80,2e-06,0.0,0.0,0.122361,False,0,16.8956
85,95,79,2e-06,1e-06,0.0,0.122286,False,0,16.8956
85,96,78,1.4e-05,3e-06,3e-06,0.122197,False,0,16.8976
85,97,77,2.1e-05,5e-06,4e-06,0.122094,False,0,16.898
85,98,76,1.8e-05,5e-06,3e-06,0.12201,False,0,16.8978
85,99,75,6e-06,2e-06,1e-06,0.121939,False,0,16.8971
85,100,74,8e-06,2e-06,2e-06,0.121889,False,0,16.8969
85,101,73,2.8e-05,7e-06,5e-06,0.121843,False,0,16.8982
85,102,72,3.2e-05,8e-06,6e-06,0.121788,False,0,16.8984
85,103,71,1.5e-05,4e-06,3e-06,0.121698,False,0,16.8976
85,104,70,1.2e-05,3e-06,2e-06,0.121637,False,0,16.8975
85,105,69,2e-06,1e-06,1e-06,0.121594,False,0,16.8966
85,106,68,3.2e-05,8e-06,6e-06,0.121572,False,0,16.8984
85,107,67,3.1e-05,8e-06,6e-06,0.12157,False,0,16.8983
85,108,66,3.9e-05,1e-05,7e-06,0.121555,False,0,16.8986
85,109,65,3.2e-05,8e-06,6e-06,0.121581,False,0,16.8983
85,110,64,3.6e-05,9e-06,7e-06,0.121574,False,0,16.8986
85,111,63,5.1e-05,1.3e-05,9e-06,0.121584,False,0,16.899
85,112,62,4.4e-05,1.1e-05,8e-06,0.121583,False,0,16.8988
85,113,61,3.6e-05,9e-06,6e-06,0.121592,False,0,16.8984
85,114,60,6.7e-05,1.7e-05,1.2e-05,0.121606,False,0,16.8994
85,115,59,8.1e-05,2.1e-05,1.5e-05,0.121632,False,0,16.8998
85,116,58,0.000113,2.8e-05,2e-05,0.121666,False,0,16.9004
85,117,57,9.4e-05,2.4e-05,1.7e-05,0.121706,False,0,16.9001
85,118,56,0.000111,2.8e-05,2e-05,0.121742,False,0,16.9004
86,52,125,2.5e-05,6e-06,4e-06,0.147045,True,0,16.8981
86,53,125,1.8e-05,5e-06,3e-06,0.145109,True,0,16.8978
86,54,125,1e-05,3e-06,2e-06,0.143439,True,0,16.8973
86,55,125,1.4e-05,4e-06,2e-06,0.141997,False,0,16.8975
86,56,125,4e-05,1e-05,7e-06,0.140723,False,0,16.8987
86,57,125,2.7e-05,7e-06,5e-06,0.139576,False,0,16.8981
86,58,125,5.2e-05,1.3e-05,9e-06,0.138492,False,0,16.899
86,59,125,5.8e-05,1.5e-05,1e-05,0.137514,False,0,16.8992
86,60,125,4e-05,1e-05,7e-06,0.136625,False,0,16.8986
86,61,125,3.5e-05,9e-06,6e-06,0.135816,False,0,16.8984
86,62,125,5.5e-05,1.4e-05,1e-05,0.135064,False,0,16.8991
86,63,125,2.2e-05,5e-06,4e-06,0.134411,False,0,16.8978
86,64,125,1.9e-05,5e-06,3e-06,0.133832,False,0,16.8978
86,65,125,3.4e-05,9e-06,6e-06,0.13328,False,0,16.8984
86,66,125,5.4e-05,1.3e-05,1e-05,0.132712,False,0,16.8991
86,67,125,5.4e-05,1.3e-05,9e-06,0.132164,False,0,16.899
86,68,125,8.7e-05,2.2e-05,1.5e-05,0.131695,False,0,16.8999
86,69,125,9.6e-05,2.4e-05,1.8e-05,0.131272,False,0,16.9001
86,70,125,5.6e-05,1.4e-05,9e-06,0.130853,False,0,16.8989
86,71,125,6.4e-05,1.6e-05,1.2e-05,0.130441,False,0,16.8994
86,72,125,3.8e-05,9e-06,6e-06,0.130057,False,0,16.8984
86,73,125,5.9e-05,1.5e-05,1e-05,0.129759,False,0,16.8992
86,74,125,6.6e-05,1.6e-05,1.2e-05,0.129465,False,0,16.8994
86,75,124,9.5e-05,2.4e-05,1.6e-05,0.129204,False,0,16.9
86,76,123,6.5e-05,1.6e-05,1.2e-05,0.128931,False,0,16.8994
86,77,122,6.6e-05,1.7e-05,1.1e-05,0.128698,False,0,16.8992
86,78,121,6e-05,1.5e-05,1.1e-05,0.128461,False,0,16.8993
86,79,120,8.6e-05,2.1e-05,1.5e-05,0.128253,False,0,16.8998
86,80,119,0.000109,2.8e-05,1.9e-05,0.128069,False,0,16.9003
86,81,118,6.1e-05,1.5e-05,1e-05,0.127909,False,0,16.8989
86,82,117,8.5e-05,2.1e-05,1.6e-05,0.127743,False,0,16.8999
86,83,116,5.2e-05,1.3e-05,9e-06,0.127572,False,0,16.8989
86,84,115,8e-05,2e-05,1.4e-05,0.127404,False,0,16.8996
86,85,114,6.2e-05,1.5e-05,1e-05,0.127239,False,0,16.8991
86,86,113,0.00011,2.8e-05,2e-05,0.127114,False,0,16.9004
86,87,112,0.000105,2.6e-05,1.8e-05,0.127016,False,0,16.9003
86,88,111,0.000117,2.9e-05,2e-05,0.126903,False,0,16.9005
86,89,110,9.1e-05,2.3e-05,1.5e-05,0.126783,False,0,16.8999
86,90,109,9.1e-05,2.3e-05,1.6e-05,0.126674,False,0,16.8999
86,91,108,0.000122,3.1e-05,2.1e-05,0.126598,False,0,16.9006
86,92,107,0.000157,3.9e-05,2.7e-05,0.126516,False,0,16.9012
86,93,106,0.000174,4.4e-05,3e-05,0.126449,False,0,16.9014
86,94,105,0.000106,2.7e-05,1.8e-05,0.126364,False,0,16.9003
86,95,104,7.8e-05,1.9e-05,1.3e-05,0.126282,False,0,16.8995
86,96,103,0.000117,2.9e-05,2e-05,0.126191,False,0,16.9004
86,97,102,0.00016,4e-05,2.8e-05,0.126144,False,0,16.9012
86,98,101,0.000136,3.4e-05,2.4e-05,0.126157,False,0,16.9008
86,99,100,0.000133,3.3e-05,2.2e-05,0.126214,False,0,16.9006
86,100,99,0.000133,3.3e-05,2.3e-05,0.126255,False,0,16.9008
86,101,98,9.3e-05,2.4e-05,1.6e-05,0.126258,False,0,16.8999
86,102,97,0.00013,3.2e-05,2.2e-05,0.126252,False,0,16.9007
86,103,96,0.000127,3.2e-05,2.2e-05,0.12629,False,0,16.9007
86,104,95,0.000136,3.4e-05,2.3e-05,0.126337,False,0,16.9007
86,105,94,0.000181,4.5e-05,3.1e-05,0.126386,False,0,16.9015
86,106,93,0.000206,5.2e-05,3.6e-05,0.126446,False,0,16.9019
86,107,92,0.000144,3.6e-05,2.5e-05,0.126499,False,0,16.901
86,108,91,0.000123,3.1e-05,2.1e-05,0.126547,False,0,16.9005
86,109,90,0.000189,4.7e-05,3.3e-05,0.126595,False,0,16.9017
86,110,89,0.000277,7e-05,4.8e-05,0.126669,False,0,16.9029
86,111,88,0.000207,5.2e-05,3.5e-05,0.126731,False,0,16.9019
86,112,87,0.000179,4.5e-05,3.1e-05,0.126772,False,0,16.9014
86,113,86,0.000161,4e-05,2.8e-05,0.12682,False,0,16.9012
86,114,85,0.000164,4.1e-05,2.9e-05,0.126887,False,0,16.9013
86,115,84,0.000169,4.2e-05,2.9e-05,0.126964,False,0,16.9013
86,116,83,0.000154,3.8e-05,2.7e-05,0.127004,False,0,16.9011
86,117,82,0.000181,4.5e-05,3.1e-05,0.127033,False,0,16.9015
86,118,81,0.000166,4.2e-05,2.8e-05,0.127038,False,0,16.9013
86,119,80,0.000186,4.7e-05,3.2e-05,0.12708,False,0,16.9017
86,120,79,0.00019,4.8e-05,3.2e-05,0.127189,False,0,16.9014
86,121,78,0.000197,4.9e-05,3.4e-05,0.127331,False,0,16.9018
86,122,77,0.000247,6.2e-05,4.4e-05,0.127515,False,0,16.9025
86,123,76,0.000244,6.1e-05,4.1e-05,0.127642,False,0,16.9023
86,124,75,0.000295,7.4e-05,5.1e-05,0.127798,False,0,16.9031
86,125,74,0.000243,6.1e-05,4.2e-05,0.127909,False,0,16.9024
86,126,73,0.000232,5.8e-05,4e-05,0.128042,False,0,16.9022
86,127,72,0.000259,6.5e-05,4.5e-05,0.128161,False,0,16.9026
86,128,71,0.000288,7.2e-05,5e-05,0.128293,False,0,16.903
86,129,70,0.000264,6.6e-05,4.5e-05,0.128419,False,0,16.9026
86,130,69,0.000285,7.2e-05,4.9e-05,0.128514,False,0,16.9029
86,131,68,0.00034,8.5e-05,5.9e-05,0.128642,False,0,16.9035
86,132,67,0.000309,7.7e-05,5.3e-05,0.128767,False,0,16.9032
86,133,66,0.000304,7.6e-05,5.2e-05,0.128936,False,0,16.9031
86,134,65,0.000274,6.9e-05,4.7e-05,0.129071,False,0,16.9027
86,135,64,0.000277,6.9e-05,4.7e-05,0.129252,False,0,16.9028
86,136,63,0.000249,6.3e-05,4.3e-05,0.129401,False,0,16.9024
86,137,62,0.00028,7e-05,4.7e-05,0.129564,False,0,16.9026
86,138,61,0.000284,7.1e-05,4.8e-05,0.129725,False,0,16.9027
86,139,60,0.0003,7.5e-05,5.2e-05,0.12989,False,0,16.9031
86,140,59,0.000328,8.2e-05,5.7e-05,0.130051,False,0,16.9034
86,141,58,0.000394,9.9e-05,6.7e-05,0.13025,False,0,16.904
86,142,57,0.000423,0.000106,7.3e-05,0.130442,False,0,16.9044
86,143,56,0.000426,0.000106,7.3e-05,0.130648,False,0,16.9044
86,144,55,0.000395,9.9e-05,6.8e-05,0.130849,False,0,16.9041
86,145,54,0.000399,1e-04,6.9e-05,0.131045,False,0,16.9042
86,146,53,0.000362,9.1e-05,6.2e-05,0.131234,False,0,16.9038
86,147,52,0.000346,8.7e-05,5.9e-05,0.131441,False,0,16.9035
86,148,51,0.000362,9.1e-05,6.3e-05,0.13157,False,0,16.9038
86,149,50,0.000363,9.1e-05,6.2e-05,0.131708,False,0,16.9037
86,150,49,0.000323,8.1e-05,5.6e-05,0.13189,False,0,16.9033
86,151,48,0.00039,9.8e-05,6.7e-05,0.132159,False,0,16.904
86,152,47,0.000452,0.000113,7.7e-05,0.132415,False,0,16.9046
86,153,46,0.000387,9.7e-05,6.6e-05,0.132657,False,0,16.9039
86,154,45,0.000347,8.7e-05,5.9e-05,0.132859,False,0,16.9033
86,155,44,0.000362,9.1e-05,6.2e-05,0.133066,False,0,16.9038
86,156,43,0.000421,0.000105,7.3e-05,0.133254,False,0,16.9044
86,157,42,0.000462,0.000116,7.9e-05,0.133482,False,0,16.9047
86,158,41,0.000526,0.000132,9.1e-05,0.133757,False,0,16.9054
86,159,40,0.000517,0.000129,8.9e-05,0.134046,False,0,16.9052
86,160,39,0.000525,0.000131,9e-05,0.134311,False,0,16.9053
86,161,38,0.000519,0.00013,8.9e-05,0.134585,False,0,16.9053
86,162,37,0.000546,0.000137,9.4e-05,0.134915,False,0,16.9055
86,163,36,0.000537,0.000134,9.2e-05,0.135217,False,0,16.9054
86,164,35,0.000506,0.000126,8.6e-05,0.135519,False,0,16.9051
86,165,34,0.000526,0.000132,9e-05,0.135816,False,0,16.9053
86,166,33,0.000593,0.000149,0.000103,0.13623,False,0,16.906
86,167,32,0.000571,0.000143,9.6e-05,0.136674,False,0,16.9054
86,168,31,0.000618,0.000155,0.000107,0.137147,False,0,16.9061
86,169,30,0.000575,0.000144,9.8e-05,0.137571,False,0,16.9056
86,170,29,0.000645,0.000161,0.00011,0.137976,False,0,16.9062
86,171,28,0.000621,0.000155,0.000107,0.138376,False,0,16.9061
86,172,27,0.000622,0.000156,0.000106,0.13874,False,0,16.9059
86,173,26,0.00063,0.000158,0.000107,0.139135,False,0,16.906
86,174,25,0.000739,0.000185,0.000127,0.139548,False,0,16.907
87,52,125,6e-06,1e-06,1e-06,0.144136,True,0,16.8952
87,53,125,1.6e-05,4e-06,3e-06,0.142195,False,0,16.8946
87,54,125,2.6e-05,7e-06,4e-06,0.140545,False,0,16.8942
87,55,125,3.3e-05,8e-06,6e-06,0.139067,False,0,16.8938
87,56,125,3.3e-05,8e-06,6e-06,0.137752,False,0,16.8938
87,57,125,2.4e-05,6e-06,4e-06,0.136584,False,0,16.8946
87,58,125,4.1e-05,1e-05,7e-06,0.135535,False,0,16.8934
87,59,125,5.1e-05,1.3e-05,9e-06,0.134566,False,0,16.8932
87,60,125,6.5e-05,1.6e-05,1.1e-05,0.133661,False,0,16.8929
87,61,125,6.7e-05,1.7e-05,1.1e-05,0.132848,False,0,16.8928
87,62,125,3.1e-05,8e-06,5e-06,0.132054,False,0,16.894
87,63,125,2e-05,5e-06,3e-06,0.131311,False,0,16.8944
87,64,125,2.4e-05,6e-06,4e-06,0.130623,False,0,16.8942
87,65,125,1.3e-05,3e-06,2e-06,0.129998,False,0,16.8947
87,66,125,1.7e-05,5e-06,3e-06,0.12941,False,0,16.8944
87,67,125,3.5e-05,9e-06,6e-06,0.128877,False,0,16.8937
87,68,125,9.8e-05,2.5e-05,1.7e-05,0.128391,False,0,16.8921
87,69,125,8.9e-05,2.3e-05,1.5e-05,0.127941,False,0,16.8922
87,70,125,6.4e-05,1.6e-05,1.1e-05,0.127505,False,0,16.8928
87,71,125,1.3e-05,3e-06,2e-06,0.127066,False,0,16.8947
87,72,125,3.6e-05,9e-06,6e-06,0.126706,False,0,16.8937
87,73,125,7.7e-05,1.9e-05,1.3e-05,0.126368,False,0,16.8925
87,74,125,0.00011,2.8e-05,1.9e-05,0.126055,False,0,16.8918
87,75,125,3.7e-05,9e-06,6e-06,0.125725,False,0,16.8937
87,76,125,2.4e-05,6e-06,4e-06,0.125434,False,0,16.8941
87,77,125,4.2e-05,1.1e-05,7e-06,0.12516,False,0,16.8935
87,78,125,3.5e-05,9e-06,6e-06,0.124924,False,0,16.8937
87,79,125,7e-06,2e-06,1e-06,0.124669,False,0,16.8951
87,80,125,4e-06,1e-06,1e-06,0.124422,False,0,16.896
87,81,125,1.9e-05,5e-06,3e-06,0.124187,False,0,16.8943
87,82,125,4.8e-05,1.2e-05,8e-06,0.123992,False,0,16.8932
87,83,125,4.7e-05,1.2e-05,8e-06,0.123791,False,0,16.8933
87,84,125,1.1e-05,3e-06,2e-06,0.123577,False,0,16.8948
87,85,125,1e-06,0.0,0.0,0.123352,False,0,16.896
87,86,125,1e-06,0.0,0.0,0.123174,False,0,16.8962
87,87,125,3e-06,1e-06,1e-06,0.122993,False,0,16.8966
87,88,125,1.1e-05,3e-06,2e-06,0.122854,False,0,16.8974
87,89,125,2e-06,1e-06,0.0,0.12272,False,0,16.8965
87,90,125,1e-06,0.0,0.0,0.122632,False,0,16.896
87,91,125,2e-06,1e-06,0.0,0.12254,False,0,16.8958
87,92,125,4e-06,1e-06,1e-06,0.122446,False,0,16.8962
87,93,125,6e-06,2e-06,1e-06,0.122345,False,0,16.8967
87,94,125,1e-06,0.0,0.0,0.122254,False,0,16.8965
87,95,125,1e-06,0.0,0.0,0.122152,False,0,16.896
87,96,125,6e-06,1e-06,1e-06,0.122048,False,0,16.8951
87,97,125,1.6e-05,4e-06,3e-06,0.121956,False,0,16.8944
87,98,125,1e-06,0.0,0.0,0.121857,False,0,16.8958
87,99,125,5e-06,1e-06,1e-06,0.121787,False,0,16.8969
87,100,125,3e-06,1e-06,1e-06,0.121713,False,0,16.8964
87,101,125,1.5e-05,4e-06,3e-06,0.121657,False,0,16.8976
87,102,125,6e-06,2e-06,1e-06,0.121591,False,0,16.8971
87,103,125,4e-06,1e-06,1e-06,0.121543,False,0,16.8955
87,104,125,1e-06,0.0,0.0,0.121494,False,0,16.896
87,105,125,3e-06,1e-06,1e-06,0.121467,False,0,16.8968
87,106,125,2e-06,1e-06,1e-06,0.121434,False,0,16.8966
87,107,125,4e-06,1e-06,1e-06,0.12142,False,0,16.896
87,108,125,4e-06,1e-06,1e-06,0.121397,False,0,16.8967
87,109,125,2e-06,1e-06,0.0,0.121377,False,0,16.8966
87,110,125,2e-06,1e-06,0.0,0.121358,False,0,16.8966
87,111,125,1.1e-05,3e-06,2e-06,0.121338,False,0,16.8974
87,112,125,1e-05,2e-06,2e-06,0.121338,False,0,16.8973
87,113,125,1.1e-05,3e-06,2e-06,0.121337,False,0,16.8973
87,114,125,2.4e-05,6e-06,4e-06,0.121331,False,0,16.898
87,115,125,2e-06,1e-06,0.0,0.12133,False,0,16.8963
87,116,125,5e-06,1e-06,1e-06,0.121331,False,0,16.8969
87,117,125,3e-06,1e-06,1e-06,0.121326,False,0,16.8964
87,118,125,2.1e-05,5e-06,4e-06,0.121345,False,0,16.898
87,119,125,8e-06,2e-06,1e-06,0.121383,False,0,16.8968
87,120,125,3e-06,1e-06,1e-06,0.12141,False,0,16.8967
87,121,125,2e-06,0.0,0.0,0.121403,False,0,16.8967
87,122,125,6e-06,1e-06,1e-06,0.121364,False,0,16.897
87,123,125,6e-06,1e-06,1e-06,0.121357,False,0,16.8968
87,124,125,2e-06,1e-06,0.0,0.121373,False,0,16.8967
87,125,125,2e-06,1e-06,0.0,0.121376,False,0,16.8963
87,126,125,5e-06,1e-06,1e-06,0.121375,False,0,16.8969
87,127,125,1.4e-05,4e-06,2e-06,0.121376,False,0,16.8976
87,128,125,2.4e-05,6e-06,4e-06,0.121408,False,0,16.8981
87,129,125,1.9e-05,5e-06,3e-06,0.121433,False,0,16.8978
87,130,125,4e-06,1e-06,1e-06,0.121437,False,0,16.8967
87,131,125,2e-06,0.0,0.0,0.121436,False,0,16.8959
87,132,125,2e-06,0.0,0.0,0.121444,False,0,16.8964
87,133,125,1.3e-05,3e-06,2e-06,0.121493,False,0,16.8975
87,134,125,1.7e-05,4e-06,3e-06,0.121523,False,0,16.8977
87,135,125,1.5e-05,4e-06,2e-06,0.121572,False,0,16.8975
87,136,125,4e-06,1e-06,1e-06,0.121642,False,0,16.8969
87,137,125,1e-06,0.0,0.0,0.121706,False,0,16.8964
87,138,125,2.6e-05,6e-06,5e-06,0.121738,False,0,16.8981
87,139,125,3.2e-05,8e-06,5e-06,0.121751,False,0,16.8983
87,140,125,4.4e-05,1.1e-05,8e-06,0.121756,False,0,16.8988
87,141,125,2.7e-05,7e-06,5e-06,0.121791,False,0,16.8981
87,142,125,2.7e-05,7e-06,4e-06,0.121838,False,0,16.898
87,143,125,1.9e-05,5e-06,4e-06,0.121895,False,0,16.8978
87,144,125,2.1e-05,5e-06,3e-06,0.121918,False,0,16.8978
87,145,125,3.9e-05,1e-05,7e-06,0.121932,False,0,16.8986
87,146,125,2.8e-05,7e-06,5e-06,0.121977,False,0,16.8982
87,147,125,2.4e-05,6e-06,4e-06,0.122053,False,0,16.898
87,148,125,1.9e-05,5e-06,3e-06,0.122109,False,0,16.8977
87,149,125,1.3e-05,3e-06,2e-06,0.12217,False,0,16.8975
87,150,125,2.8e-05,7e-06,5e-06,0.122206,False,0,16.8981
87,151,125,4.3e-05,1.1e-05,8e-06,0.122248,False,0,16.8987
87,152,125,5e-05,1.2e-05,9e-06,0.122267,False,0,16.899
87,153,125,2.3e-05,6e-06,4e-06,0.122353,False,0,16.8977
87,154,125,3.5e-05,8e-06,6e-06,0.122421,False,0,16.8985
87,155,125,2.9e-05,7e-06,5e-06,0.122466,False,0,16.8982
87,156,125,4.6e-05,1.1e-05,8e-06,0.122513,False,0,16.8989
87,157,125,2e-05,5e-06,3e-06,0.122522,False,0,16.8978
87,158,125,3.8e-05,9e-06,6e-06,0.122548,False,0,16.8985
87,159,125,3e-05,7e-06,5e-06,0.122608,False,0,16.8981
87,160,125,3.9e-05,1e-05,7e-06,0.122686,False,0,16.8986
87,161,125,1.9e-05,5e-06,3e-06,0.122762,False,0,16.8978
87,162,124,1.8e-05,4e-06,3e-06,0.122814,False,0,16.8977
87,163,123,2.2e-05,6e-06,4e-06,0.12291,False,0,16.8979
87,164,122,2.9e-05,7e-06,5e-06,0.122964,False,0,16.8982
87,165,121,2.9e-05,8e-06,5e-06,0.123012,False,0,16.8982
87,166,120,5.8e-05,1.5e-05,1e-05,0.123045,False,0,16.8991
87,167,119,7.9e-05,2e-05,1.4e-05,0.123128,False,0,16.8997
87,168,118,4.6e-05,1.2e-05,8e-06,0.12318,False,0,16.8984
87,169,117,2.9e-05,7e-06,5e-06,0.12323,False,0,16.8983
87,170,116,1.5e-05,4e-06,3e-06,0.123301,False,0,16.8972
87,171,115,3.2e-05,8e-06,6e-06,0.123396,False,0,16.8984
87,172,114,5.9e-05,1.5e-05,1e-05,0.123462,False,0,16.8992
87,173,113,7.6e-05,1.9e-05,1.3e-05,0.123532,False,0,16.8995
87,174,112,8.1e-05,2e-05,1.4e-05,0.123594,False,0,16.8998
87,175,111,5.1e-05,1.3e-05,9e-06,0.123695,False,0,16.8989
87,176,110,7.3e-05,1.8e-05,1.3e-05,0.123792,False,0,16.8995
87,177,109,6e-05,1.5e-05,1e-05,0.123889,False,0,16.899
87,178,108,9.2e-05,2.3e-05,1.6e-05,0.123953,False,0,16.9
87,179,107,6.6e-05,1.7e-05,1.1e-05,0.124004,False,0,16.8992
87,180,106,9.9e-05,2.5e-05,1.7e-05,0.124074,False,0,16.9001
87,181,105,7.8e-05,2e-05,1.3e-05,0.124169,False,0,16.8996
87,182,104,5.7e-05,1.4e-05,1e-05,0.124242,False,0,16.8991
87,183,103,9.3e-05,2.3e-05,1.6e-05,0.124332,False,0,16.8999
87,184,102,9.9e-05,2.5e-05,1.7e-05,0.12441,False,0,16.9001
87,185,101,0.000107,2.7e-05,1.8e-05,0.124505,False,0,16.9001
87,186,100,0.000105,2.6e-05,1.8e-05,0.124592,False,0,16.9002
87,187,99,0.000124,3.1e-05,2.1e-05,0.124688,False,0,16.9006
87,188,98,8.8e-05,2.2e-05,1.5e-05,0.124784,False,0,16.8998
87,189,97,8.8e-05,2.2e-05,1.5e-05,0.124896,False,0,16.8996
87,190,96,0.000128,3.2e-05,2.2e-05,0.124981,False,0,16.9006
87,191,95,0.000153,3.8e-05,2.7e-05,0.125118,False,0,16.9011
87,192,94,0.000139,3.5e-05,2.4e-05,0.125235,False,0,16.9008
87,193,93,0.000112,2.8e-05,1.9e-05,0.125348,False,0,16.9002
87,194,92,7.7e-05,1.9e-05,1.4e-05,0.125452,False,0,16.8996
87,195,91,0.00011,2.8e-05,1.9e-05,0.125551,False,0,16.9002
87,196,90,0.00012,3e-05,2.1e-05,0.125658,False,0,16.9006
87,197,89,0.00011,2.7e-05,1.8e-05,0.125782,False,0,16.9002
87,198,88,0.000117,3e-05,2e-05,0.125904,False,0,16.9005
87,199,87,8.7e-05,2.2e-05,1.5e-05,0.126056,False,0,16.8997
87,200,86,0.000112,2.8e-05,1.9e-05,0.126142,False,0,16.9003
87,201,85,0.000121,3e-05,2.1e-05,0.126285,False,0,16.9004
87,202,84,0.000154,3.9e-05,2.7e-05,0.126397,False,0,16.9012
87,203,83,0.000226,5.7e-05,3.8e-05,0.126523,False,0,16.9021
87,204,82,0.000184,4.6e-05,3.2e-05,0.126627,False,0,16.9016
87,205,81,0.000192,4.8e-05,3.3e-05,0.126744,False,0,16.9015
87,206,80,0.000192,4.8e-05,3.3e-05,0.126859,False,0,16.9017
87,207,79,0.000153,3.8e-05,2.6e-05,0.127009,False,0,16.901
87,208,78,0.000185,4.6e-05,3.1e-05,0.127141,False,0,16.9015
87,209,77,0.000169,4.3e-05,2.9e-05,0.127239,False,0,16.9013
87,210,76,0.000149,3.7e-05,2.5e-05,0.127343,False,0,16.9007
87,211,75,0.000173,4.3e-05,2.9e-05,0.127466,False,0,16.9012
87,212,74,0.000181,4.6e-05,3.2e-05,0.127602,False,0,16.9016
87,213,73,0.000187,4.7e-05,3.2e-05,0.127723,False,0,16.9015
87,214,72,0.000221,5.5e-05,3.8e-05,0.127877,False,0,16.9021
87,215,71,0.000214,5.4e-05,3.6e-05,0.128078,False,0,16.9017
87,216,70,0.000214,5.3e-05,3.6e-05,0.128239,False,0,16.9019
87,217,69,0.000242,6.1e-05,4.1e-05,0.128376,False,0,16.9022
87,218,68,0.000264,6.6e-05,4.6e-05,0.1285,False,0,16.9027
89,52,109,0.000463,0.000116,7.9e-05,0.146224,True,0,16.8873
89,53,108,0.000629,0.000157,0.000107,0.144264,True,0,16.8859
89,54,107,0.000471,0.000118,8e-05,0.14259,False,0,16.8874
89,55,106,0.000555,0.000139,9.3e-05,0.141152,False,0,16.8866
89,56,105,0.000467,0.000117,7.9e-05,0.139854,False,0,16.8873
89,57,104,0.000548,0.000137,9.3e-05,0.138692,False,0,16.8866
89,58,103,0.000477,0.000119,8.1e-05,0.137618,False,0,16.8872
89,59,102,0.000529,0.000132,9e-05,0.136651,False,0,16.8867
89,60,101,0.000519,0.00013,8.7e-05,0.135773,False,0,16.8871
89,61,100,0.000494,0.000124,8.5e-05,0.13494,False,0,16.887
89,62,99,0.000261,6.5e-05,4.3e-05,0.134131,False,0,16.8897
89,63,98,0.00026,6.5e-05,4.4e-05,0.133367,False,0,16.8896
89,64,97,0.000399,1e-04,6.8e-05,0.132732,False,0,16.8879
89,65,96,0.00038,9.5e-05,6.4e-05,0.1321,False,0,16.8882
89,66,95,0.00026,6.5e-05,4.4e-05,0.131514,False,0,16.8895
89,67,94,0.000326,8.1e-05,5.5e-05,0.130918,False,0,16.8887
89,68,93,0.000315,7.8e-05,5.4e-05,0.130362,False,0,16.8889
89,69,92,0.000241,6e-05,4.1e-05,0.12985,False,0,16.8898
89,70,91,0.00017,4.2e-05,2.8e-05,0.129376,False,0,16.8909
89,71,90,0.000172,4.3e-05,3e-05,0.12895,False,0,16.8907
89,72,89,0.000174,4.3e-05,2.9e-05,0.128534,False,0,16.8909
89,73,88,0.000344,8.6e-05,5.9e-05,0.128174,False,0,16.8885
89,74,87,0.00033,8.2e-05,5.6e-05,0.127843,False,0,16.8887
89,75,86,0.000274,6.9e-05,4.6e-05,0.127499,False,0,16.8894
89,76,85,0.000137,3.4e-05,2.2e-05,0.127155,False,0,16.8915
89,77,84,0.000158,4e-05,2.7e-05,0.126839,False,0,16.8909
89,78,83,0.000159,4e-05,2.7e-05,0.126517,False,0,16.891
89,79,82,0.000204,5.1e-05,3.4e-05,0.126229,False,0,16.8903
89,80,81,0.00025,6.3e-05,4.3e-05,0.125978,False,0,16.8896
89,81,80,0.000117,2.9e-05,1.9e-05,0.125747,False,0,16.8919
89,82,79,0.000127,3.2e-05,2.2e-05,0.12552,False,0,16.8915
89,83,78,0.000119,3e-05,2e-05,0.125288,False,0,16.8918
89,84,77,0.000122,3.1e-05,2.1e-05,0.125053,False,0,16.8916
89,85,76,0.00011,2.7e-05,1.8e-05,0.124829,False,0,16.892
89,86,75,0.000136,3.4e-05,2.3e-05,0.124628,False,0,16.8913
89,87,74,0.000136,3.4e-05,2.3e-05,0.124475,False,0,16.8915
89,88,73,0.000161,4.1e-05,2.7e-05,0.124305,False,0,16.891
89,89,72,0.000141,3.5e-05,2.4e-05,0.124134,False,0,16.8912
89,90,71,0.000103,2.6e-05,1.7e-05,0.12394,False,0,16.8922
89,91,70,7.8e-05,2e-05,1.3e-05,0.123781,False,0,16.8925
89,92,69,5.7e-05,1.4e-05,1e-05,0.123646,False,0,16.8931
89,93,68,7.8e-05,2e-05,1.3e-05,0.123498,False,0,16.8926
89,94,67,7.9e-05,2e-05,1.3e-05,0.123354,False,0,16.8924
89,95,66,7.3e-05,1.8e-05,1.2e-05,0.123184,False,0,16.8927
89,96,65,6.9e-05,1.7e-05,1.2e-05,0.123056,False,0,16.8927
89,97,64,4.5e-05,1.1e-05,7e-06,0.122953,False,0,16.8935
89,98,63,8.6e-05,2.1e-05,1.5e-05,0.122878,False,0,16.8923
89,99,62,0.000153,3.9e-05,2.6e-05,0.122785,False,0,16.891
89,100,61,0.000122,3e-05,2e-05,0.122715,False,0,16.8916
89,101,60,4.2e-05,1e-05,7e-06,0.122624,False,0,16.8936
89,102,59,3.3e-05,8e-06,5e-06,0.122543,False,0,16.8939
89,103,58,2.9e-05,7e-06,5e-06,0.122473,False,0,16.8939
89,104,57,7.9e-05,2e-05,1.4e-05,0.122396,False,0,16.8925
89,105,56,3.4e-05,8e-06,5e-06,0.122312,False,0,16.8938
89,106,55,1.7e-05,4e-06,3e-06,0.122214,False,0,16.8945
89,107,54,1.5e-05,4e-06,2e-06,0.122147,False,0,16.8946
89,108,53,5e-06,1e-06,1e-06,0.122109,False,0,16.8954
89,109,52,1.2e-05,3e-06,2e-06,0.122061,False,0,16.8947
89,110,51,3e-06,1e-06,1e-06,0.122002,False,0,16.8956
89,111,50,1e-06,0.0,0.0,0.121962,False,0,16.896
89,112,49,1e-06,0.0,0.0,0.121932,False,0,16.8964
89,113,48,1e-06,0.0,0.0,0.121903,False,0,16.8961
89,114,47,3e-06,1e-06,1e-06,0.121883,False,0,16.8966
89,115,46,1e-05,3e-06,2e-06,0.121892,False,0,16.8973
89,116,45,1.8e-05,4e-06,3e-06,0.121902,False,0,16.8977
89,117,44,4.4e-05,1.1e-05,8e-06,0.121921,False,0,16.8987
89,118,43,5.3e-05,1.3e-05,1e-05,0.121965,False,0,16.8991
89,119,42,7.3e-05,1.9e-05,1.3e-05,0.122006,False,0,16.8995
89,120,41,7.5e-05,1.9e-05,1.3e-05,0.122029,False,0,16.8996
90,52,125,2.5e-05,6e-06,4e-06,0.14411,True,0,16.8941
90,53,125,8e-06,2e-06,1e-06,0.14218,False,0,16.895
90,54,125,2.6e-05,6e-06,4e-06,0.140506,False,0,16.8941
90,55,125,6e-06,1e-06,1e-06,0.139046,False,0,16.8954
90,56,125,5e-06,1e-06,1e-06,0.13773,False,0,16.8952
90,57,125,1e-06,0.0,0.0,0.136575,False,0,16.8959
90,58,125,8e-06,2e-06,2e-06,0.135517,False,0,16.8972
90,59,125,2.4e-05,6e-06,4e-06,0.134578,False,0,16.898
90,60,125,2e-06,1e-06,0.0,0.133723,False,0,16.8963
90,61,125,4e-06,1e-06,1e-06,0.132896,False,0,16.8963
90,62,125,2e-06,0.0,0.0,0.132122,False,0,16.8961
90,63,125,2e-06,1e-06,0.0,0.131388,False,0,16.8963
90,64,125,3e-06,1e-06,1e-06,0.130756,False,0,16.8957
90,65,125,2e-06,0.0,0.0,0.130178,False,0,16.8957
90,66,125,3e-06,1e-06,0.0,0.12961,False,0,16.8956
90,67,125,2e-06,0.0,0.0,0.129105,False,0,16.8957
90,68,125,8e-06,2e-06,1e-06,0.128612,False,0,16.895
90,69,125,1.1e-05,3e-06,2e-06,0.128146,False,0,16.8947
90,70,125,6e-06,1e-06,1e-06,0.127682,False,0,16.8951
90,71,125,2e-06,0.0,0.0,0.12727,False,0,16.8956
90,72,125,7e-06,2e-06,1e-06,0.126903,False,0,16.8971
90,73,125,1.1e-05,3e-06,2e-06,0.126563,False,0,16.8974
90,74,125,2e-06,0.0,0.0,0.126227,False,0,16.8965
90,75,125,4e-06,1e-06,1e-06,0.125901,False,0,16.8964
90,76,125,1e-06,0.0,0.0,0.125579,False,0,16.8957
90,77,125,9e-06,2e-06,2e-06,0.125277,False,0,16.8949
90,78,125,7e-06,2e-06,1e-06,0.124979,False,0,16.895
90,79,125,7e-06,2e-06,1e-06,0.124712,False,0,16.895
90,80,125,1e-06,0.0,0.0,0.124457,False,0,16.8959
90,81,125,1e-06,0.0,0.0,0.124201,False,0,16.8959
90,82,125,3e-06,1e-06,1e-06,0.124012,False,0,16.8968
90,83,125,6e-06,2e-06,1e-06,0.123828,False,0,16.897
90,84,125,1e-05,2e-06,2e-06,0.123677,False,0,16.8974
90,85,125,1.5e-05,3e-06,3e-06,0.123501,False,0,16.8976
90,86,125,8e-06,2e-06,1e-06,0.123338,False,0,16.8972
90,87,125,2e-06,0.0,1e-06,0.123195,False,0,16.8965
90,88,125,1e-06,0.0,0.0,0.123043,False,0,16.8958
90,89,125,5e-06,1e-06,1e-06,0.122907,False,0,16.8969
90,90,125,1e-05,2e-06,2e-06,0.122753,False,0,16.8973
90,91,125,1e-06,0.0,0.0,0.122595,False,0,16.8965
90,92,125,3e-06,1e-06,1e-06,0.122444,False,0,16.8964
90,93,125,4e-06,1e-06,1e-06,0.122323,False,0,16.8963
90,94,125,1.2e-05,3e-06,2e-06,0.12221,False,0,16.8974
90,95,125,1.8e-05,4e-06,3e-06,0.122117,False,0,16.8978
90,96,125,1e-05,3e-06,2e-06,0.122033,False,0,16.8973
90,97,125,6e-06,2e-06,1e-06,0.121918,False,0,16.897
90,98,125,7e-06,2e-06,1e-06,0.121797,False,0,16.8971
90,99,125,2e-05,5e-06,3e-06,0.121707,False,0,16.8978
90,100,125,4.4e-05,1.1e-05,8e-06,0.121629,False,0,16.8988
90,101,125,2.6e-05,6e-06,4e-06,0.121577,False,0,16.8981
90,102,125,1e-05,3e-06,2e-06,0.121514,False,0,16.8971
90,103,125,1.6e-05,4e-06,3e-06,0.121437,False,0,16.8977
90,104,125,2e-05,5e-06,3e-06,0.121365,False,0,16.8978
90,105,125,1.4e-05,3e-06,3e-06,0.121318,False,0,16.8976
90,106,125,1e-05,3e-06,2e-06,0.121302,False,0,16.8972
90,107,125,1.5e-05,4e-06,3e-06,0.121293,False,0,16.8977
90,108,125,2e-05,5e-06,3e-06,0.12129,False,0,16.8977
90,109,125,1.5e-05,4e-06,3e-06,0.121257,False,0,16.8976
90,110,125,1.8e-05,5e-06,3e-06,0.121228,False,0,16.8975
90,111,125,4e-05,1e-05,7e-06,0.121226,False,0,16.8986
90,112,125,2.3e-05,6e-06,4e-06,0.121229,False,0,16.8979
90,113,125,3.6e-05,9e-06,6e-06,0.121193,False,0,16.8985
90,114,125,3e-05,7e-06,5e-06,0.121156,False,0,16.8982
90,115,125,2.6e-05,6e-06,5e-06,0.121152,False,0,16.8981
90,116,125,4.2e-05,1.1e-05,7e-06,0.121158,False,0,16.8987
90,117,125,2.1e-05,5e-06,4e-06,0.121153,False,0,16.8979
90,118,125,1.1e-05,3e-06,2e-06,0.121135,False,0,16.8971
90,119,125,2.2e-05,6e-06,4e-06,0.121149,False,0,16.898
90,120,125,3.4e-05,9e-06,6e-06,0.121174,False,0,16.8984
90,121,125,4.8e-05,1.2e-05,8e-06,0.121239,False,0,16.8989
90,122,125,2.3e-05,6e-06,4e-06,0.121252,False,0,16.8978
90,123,125,5.5e-05,1.4e-05,1e-05,0.121255,False,0,16.8991
90,124,125,5.7e-05,1.4e-05,1e-05,0.121246,False,0,16.8991
90,125,125,6.6e-05,1.7e-05,1.1e-05,0.121289,False,0,16.8994
90,126,125,5.3e-05,1.3e-05,9e-06,0.121324,False,0,16.899
90,127,125,8.4e-05,2.1e-05,1.5e-05,0.121362,False,0,16.8998
90,128,125,6.5e-05,1.6e-05,1.1e-05,0.121398,False,0,16.8993
90,129,125,0.000113,2.8e-05,2e-05,0.121452,False,0,16.9004
90,130,125,0.000115,2.9e-05,2e-05,0.121503,False,0,16.9004
90,131,125,6.4e-05,1.6e-05,1.1e-05,0.121566,False,0,16.8991
90,132,125,8.3e-05,2.1e-05,1.5e-05,0.121607,False,0,16.8998
90,133,124,7.1e-05,1.8e-05,1.2e-05,0.121657,False,0,16.8995
90,134,123,6.6e-05,1.7e-05,1.1e-05,0.121677,False,0,16.8994
90,135,122,4.5e-05,1.1e-05,8e-06,0.121704,False,0,16.8988
90,136,121,6e-05,1.5e-05,1e-05,0.121718,False,0,16.8992
90,137,120,6.4e-05,1.6e-05,1.1e-05,0.121739,False,0,16.8993
90,138,119,7.3e-05,1.8e-05,1.3e-05,0.121777,False,0,16.8996
90,139,118,4.4e-05,1.1e-05,8e-06,0.121833,False,0,16.8988
90,140,117,5.5e-05,1.4e-05,9e-06,0.121894,False,0,16.8988
90,141,116,7.5e-05,1.9e-05,1.3e-05,0.121973,False,0,16.8996
90,142,115,7e-05,1.8e-05,1.2e-05,0.122039,False,0,16.8995
90,143,114,7e-05,1.8e-05,1.2e-05,0.122112,False,0,16.8993
90,144,113,8.8e-05,2.2e-05,1.6e-05,0.122183,False,0,16.8999
90,145,112,0.000108,2.7e-05,1.9e-05,0.122274,False,0,16.9003
90,146,111,0.000133,3.3e-05,2.2e-05,0.122353,False,0,16.9006
90,147,110,0.000114,2.8e-05,2e-05,0.122447,False,0,16.9004
90,148,109,9.3e-05,2.3e-05,1.6e-05,0.122562,False,0,16.8997
90,149,108,8.7e-05,2.2e-05,1.5e-05,0.122648,False,0,16.8997
90,150,107,8.6e-05,2.2e-05,1.5e-05,0.122719,False,0,16.8999
90,151,106,7.8e-05,2e-05,1.3e-05,0.122789,False,0,16.8993
90,152,105,2.5e-05,6e-06,4e-06,0.122861,False,0,16.8981
90,153,104,1.6e-05,4e-06,3e-06,0.122962,False,0,16.8975
90,154,103,5.5e-05,1.4e-05,9e-06,0.12305,False,0,16.899
90,155,102,9.1e-05,2.3e-05,1.5e-05,0.123153,False,0,16.8998
90,156,101,0.000124,3.1e-05,2.2e-05,0.123263,False,0,16.9006
90,157,100,0.000113,2.8e-05,1.9e-05,0.123359,False,0,16.9003
90,158,99,9e-05,2.3e-05,1.5e-05,0.123451,False,0,16.8999
90,159,98,8e-05,2e-05,1.4e-05,0.123534,False,0,16.8996
90,160,97,7.5e-05,1.9e-05,1.3e-05,0.123628,False,0,16.8993
90,161,96,9.1e-05,2.3e-05,1.6e-05,0.123693,False,0,16.8999
90,162,95,0.000127,3.2e-05,2.2e-05,0.123806,False,0,16.9007
90,163,94,0.00011,2.7e-05,1.9e-05,0.123934,False,0,16.9004
90,164,93,0.000141,3.5e-05,2.4e-05,0.124064,False,0,16.9008
90,165,92,0.000163,4.1e-05,2.8e-05,0.124157,False,0,16.9012
90,166,91,0.000155,3.9e-05,2.7e-05,0.124283,False,0,16.9011
90,167,90,0.00017,4.2e-05,3e-05,0.124426,False,0,16.9014
90,168,89,0.000164,4.1e-05,2.8e-05,0.124586,False,0,16.9012
90,169,88,0.00014,3.5e-05,2.4e-05,0.12475,False,0,16.9005
90,170,87,0.000157,3.9e-05,2.8e-05,0.124892,False,0,16.9012
90,171,86,0.000185,4.6e-05,3.2e-05,0.125019,False,0,16.9015
90,172,85,0.000202,5.1e-05,3.5e-05,0.125128,False,0,16.9019
90,173,84,0.000217,5.4e-05,3.8e-05,0.125257,False,0,16.9021
90,174,83,0.000201,5e-05,3.5e-05,0.125397,False,0,16.9017
90,175,82,0.000231,5.8e-05,3.9e-05,0.125553,False,0,16.9022
90,176,81,0.000247,6.2e-05,4.3e-05,0.125694,False,0,16.9025
90,177,80,0.000274,6.9e-05,4.7e-05,0.125853,False,0,16.9028
90,178,79,0.000244,6.1e-05,4.2e-05,0.126,False,0,16.9025
90,179,78,0.000192,4.8e-05,3.2e-05,0.126117,False,0,16.9014
90,180,77,0.000199,5e-05,3.4e-05,0.126225,False,0,16.9018
90,181,76,0.000229,5.7e-05,3.9e-05,0.126366,False,0,16.9021
90,182,75,0.000273,6.9e-05,4.8e-05,0.126506,False,0,16.9028
90,183,74,0.000293,7.3e-05,5e-05,0.126684,False,0,16.9029
90,184,73,0.000288,7.2e-05,4.9e-05,0.126847,False,0,16.9029
90,185,72,0.000274,6.9e-05,4.7e-05,0.127081,False,0,16.9027
90,186,71,0.000271,6.8e-05,4.7e-05,0.12727,False,0,16.9028
90,187,70,0.000277,6.9e-05,4.7e-05,0.127483,False,0,16.9027
90,188,69,0.000239,6e-05,4.1e-05,0.127656,False,0,16.9023
90,189,68,0.000204,5.1e-05,3.5e-05,0.127845,False,0,16.9018
90,190,67,0.000215,5.4e-05,3.6e-05,0.128059,False,0,16.9018
90,191,66,0.000298,7.5e-05,5.2e-05,0.128263,False,0,16.9031
90,192,65,0.000293,7.4e-05,5e-05,0.128467,False,0,16.9028
90,193,64,0.000319,8e-05,5.5e-05,0.128644,False,0,16.9033
90,194,63,0.000415,0.000104,7.2e-05,0.128886,False,0,16.9044
90,195,62,0.000407,0.000102,7e-05,0.129084,False,0,16.9042
90,196,61,0.000457,0.000114,7.9e-05,0.129324,False,0,16.9048
90,197,60,0.000405,0.000101,6.9e-05,0.129523,False,0,16.9041
90,198,59,0.000399,1e-04,6.9e-05,0.129743,False,0,16.9041
90,199,58,0.000311,7.8e-05,5.3e-05,0.129972,False,0,16.9031
90,200,57,0.00031,7.8e-05,5.3e-05,0.130189,False,0,16.9031
90,201,56,0.000352,8.8e-05,6.1e-05,0.130391,False,0,16.9037
90,202,55,0.000325,8.1e-05,5.6e-05,0.130624,False,0,16.9033
90,203,54,0.000279,7e-05,4.8e-05,0.13086,False,0,16.9027
90,204,53,0.000288,7.2e-05,4.9e-05,0.131101,False,0,16.9029
90,205,52,0.000346,8.7e-05,6e-05,0.131347,False,0,16.9036
90,206,51,0.000366,9.2e-05,6.2e-05,0.131577,False,0,16.9036
91,52,85,1.8e-05,5e-06,3e-06,0.146966,True,0,16.8977
91,53,84,3.7e-05,9e-06,7e-06,0.145018,True,0,16.8986
91,54,83,8.7e-05,2.2e-05,1.6e-05,0.143393,True,0,16.8999
91,55,82,7.8e-05,2e-05,1.4e-05,0.141951,False,0,16.8997
91,56,81,5.7e-05,1.4e-05,9e-06,0.140766,False,0,16.8991
92,52,125,0.000281,7e-05,4.8e-05,0.144412,True,0,16.8893
92,53,125,0.000448,0.000112,7.6e-05,0.14251,False,0,16.8875
92,54,125,0.000288,7.2e-05,4.9e-05,0.140855,False,0,16.8892
92,55,125,0.000146,3.7e-05,2.5e-05,0.139325,False,0,16.8912
92,56,125,0.000129,3.2e-05,2.2e-05,0.138001,False,0,16.8915
92,57,125,0.000139,3.5e-05,2.3e-05,0.136824,False,0,16.8915
92,58,125,0.000132,3.3e-05,2.3e-05,0.135778,False,0,16.8914
92,59,125,9.6e-05,2.4e-05,1.6e-05,0.134812,False,0,16.8922
92,60,125,9.9e-05,2.5e-05,1.7e-05,0.133896,False,0,16.8921
92,61,125,6.3e-05,1.6e-05,1e-05,0.133062,False,0,16.8931
92,62,125,6.7e-05,1.7e-05,1.2e-05,0.132256,False,0,16.8928
92,63,125,7.8e-05,1.9e-05,1.3e-05,0.131526,False,0,16.8925
92,64,125,0.000101,2.5e-05,1.7e-05,0.130855,False,0,16.8921
92,65,125,5.7e-05,1.4e-05,1e-05,0.13024,False,0,16.8931
92,66,125,7.4e-05,1.8e-05,1.3e-05,0.12967,False,0,16.8926
92,67,125,1e-04,2.5e-05,1.7e-05,0.129115,False,0,16.892
92,68,125,0.000166,4.1e-05,2.8e-05,0.128606,False,0,16.8908
92,69,125,0.000182,4.6e-05,3e-05,0.128121,False,0,16.8908
92,70,125,0.000161,4e-05,2.7e-05,0.127708,False,0,16.8909
92,71,125,0.000138,3.5e-05,2.3e-05,0.127318,False,0,16.8913
92,72,125,0.000133,3.3e-05,2.3e-05,0.126926,False,0,16.8914
92,73,125,0.000217,5.4e-05,3.7e-05,0.126556,False,0,16.8901
92,74,125,0.000147,3.7e-05,2.5e-05,0.126229,False,0,16.8912
92,75,125,0.000176,4.4e-05,3e-05,0.125931,False,0,16.8908
92,76,125,0.000116,2.9e-05,2e-05,0.125621,False,0,16.8917
92,77,125,4.2e-05,1.1e-05,7e-06,0.125312,False,0,16.8935
92,78,125,1.2e-05,3e-06,2e-06,0.125052,False,0,16.8949
92,79,125,5.6e-05,1.4e-05,1e-05,0.124758,False,0,16.893
92,80,125,0.00014,3.5e-05,2.4e-05,0.124482,False,0,16.8912
92,81,125,6.6e-05,1.7e-05,1.1e-05,0.124229,False,0,16.8929
92,82,125,4.1e-05,1e-05,7e-06,0.123983,False,0,16.8935
92,83,125,5e-05,1.2e-05,8e-06,0.123754,False,0,16.8933
92,84,125,1e-04,2.5e-05,1.7e-05,0.123516,False,0,16.892
92,85,125,8.5e-05,2.1e-05,1.4e-05,0.123325,False,0,16.8925
92,86,125,8.4e-05,2.1e-05,1.5e-05,0.12317,False,0,16.8923
92,87,125,6.3e-05,1.6e-05,1e-05,0.123044,False,0,16.8929
92,88,125,4.2e-05,1.1e-05,7e-06,0.122908,False,0,16.8936
92,89,125,1.7e-05,4e-06,3e-06,0.122792,False,0,16.8946
92,90,125,4e-05,1e-05,7e-06,0.122686,False,0,16.8935
92,91,125,7.3e-05,1.8e-05,1.2e-05,0.12256,False,0,16.8927
92,92,125,7.8e-05,1.9e-05,1.3e-05,0.122416,False,0,16.8925
92,93,125,8.4e-05,2.1e-05,1.4e-05,0.122246,False,0,16.8924
92,94,125,0.000119,3e-05,2e-05,0.122107,False,0,16.8917
92,95,125,0.00011,2.8e-05,1.9e-05,0.121986,False,0,16.8918
92,96,125,8.4e-05,2.1e-05,1.4e-05,0.121883,False,0,16.8924
92,97,125,5.3e-05,1.3e-05,9e-06,0.121791,False,0,16.8932
92,98,125,6.3e-05,1.6e-05,1.1e-05,0.121687,False,0,16.8928
92,99,125,4.8e-05,1.2e-05,8e-06,0.121615,False,0,16.8933
92,100,125,3.9e-05,1e-05,7e-06,0.12151,False,0,16.8936
92,101,125,3.4e-05,9e-06,6e-06,0.121426,False,0,16.8937
92,102,125,4e-05,1e-05,7e-06,0.12134,False,0,16.8936
92,103,125,6.3e-05,1.6e-05,1.1e-05,0.121303,False,0,16.8928
92,104,125,2.8e-05,7e-06,4e-06,0.121252,False,0,16.8941
92,105,125,6e-06,1e-06,1e-06,0.121218,False,0,16.8951
92,106,125,7e-06,2e-06,1e-06,0.121187,False,0,16.8952
92,107,125,1.3e-05,3e-06,2e-06,0.121163,False,0,16.8947
92,108,125,1.8e-05,4e-06,3e-06,0.121121,False,0,16.8944
92,109,125,8e-06,2e-06,1e-06,0.121088,False,0,16.8951
92,110,125,1.3e-05,3e-06,2e-06,0.121081,False,0,16.8949
92,111,125,3.2e-05,8e-06,5e-06,0.121064,False,0,16.8939
92,112,125,4.9e-05,1.2e-05,8e-06,0.121056,False,0,16.8933
92,113,125,3.6e-05,9e-06,6e-06,0.121019,False,0,16.8937
92,114,125,2.2e-05,6e-06,4e-06,0.121031,False,0,16.8942
92,115,125,2.2e-05,5e-06,4e-06,0.121032,False,0,16.8943
92,116,125,2.6e-05,6e-06,4e-06,0.12102,False,0,16.8941
92,117,125,6e-06,2e-06,1e-06,0.120988,False,0,16.8952
92,118,125,1.9e-05,5e-06,3e-06,0.120983,False,0,16.8943
92,119,125,3.1e-05,8e-06,5e-06,0.120976,False,0,16.8939
92,120,125,2.8e-05,7e-06,5e-06,0.120949,False,0,16.8939
92,121,125,1.2e-05,3e-06,2e-06,0.120911,False,0,16.8947
92,122,125,6e-06,2e-06,1e-06,0.12088,False,0,16.8952
92,123,125,1.2e-05,3e-06,2e-06,0.120895,False,0,16.8946
92,124,125,4e-06,1e-06,1e-06,0.120912,False,0,16.8954
92,125,125,9e-06,3e-06,2e-06,0.120946,False,0,16.8948
92,126,125,1.1e-05,3e-06,2e-06,0.120992,False,0,16.8947
92,127,125,1.1e-05,3e-06,2e-06,0.12106,False,0,16.895
92,128,125,1.3e-05,3e-06,2e-06,0.121056,False,0,16.8947
92,129,125,1.8e-05,4e-06,3e-06,0.121064,False,0,16.8943
92,130,125,4e-06,1e-06,1e-06,0.121098,False,0,16.8954
92,131,125,1.3e-05,3e-06,2e-06,0.121137,False,0,16.8946
92,132,125,5e-06,1e-06,1e-06,0.121158,False,0,16.8954
92,133,125,3.2e-05,8e-06,5e-06,0.12119,False,0,16.8938
92,134,125,2.2e-05,6e-06,4e-06,0.121246,False,0,16.8942
92,135,125,1.6e-05,4e-06,3e-06,0.121301,False,0,16.8946
92,136,125,6e-06,1e-06,1e-06,0.121349,False,0,16.8951
92,137,125,1.8e-05,5e-06,3e-06,0.121414,False,0,16.8945
92,138,125,5e-05,1.3e-05,9e-06,0.121494,False,0,16.8932
92,139,125,9e-06,2e-06,1e-06,0.121551,False,0,16.8951
92,140,125,6e-06,2e-06,1e-06,0.121569,False,0,16.8971
92,141,125,1.1e-05,3e-06,2e-06,0.121602,False,0,16.8974
92,142,125,2e-06,0.0,0.0,0.121646,False,0,16.8965
92,143,125,9e-06,2e-06,2e-06,0.121693,False,0,16.8973
92,144,125,0.0,0.0,0.0,0.12173,False,0,16.8962
92,145,125,3e-06,1e-06,1e-06,0.121786,False,0,16.8965
92,146,125,2e-06,1e-06,0.0,0.121879,False,0,16.8956
92,147,125,1e-06,0.0,0.0,0.121978,False,0,16.8961
92,148,125,1e-06,0.0,0.0,0.122062,False,0,16.8962
92,149,125,5e-06,1e-06,1e-06,0.122124,False,0,16.8969
92,150,125,5e-06,1e-06,1e-06,0.122198,False,0,16.8968
92,151,125,1.4e-05,4e-06,3e-06,0.122264,False,0,16.8976
92,152,125,1.5e-05,4e-06,3e-06,0.122317,False,0,16.8976
92,153,125,9e-06,2e-06,2e-06,0.122378,False,0,16.8971
92,154,125,1.1e-05,3e-06,2e-06,0.122483,False,0,16.8975
92,155,125,5e-06,1e-06,1e-06,0.122592,False,0,16.8965
92,156,124,2.8e-05,7e-06,5e-06,0.122659,False,0,16.8982
92,157,123,3.2e-05,8e-06,6e-06,0.122714,False,0,16.8983
92,158,122,4.3e-05,1.1e-05,7e-06,0.122801,False,0,16.8986
92,159,121,9e-06,2e-06,2e-06,0.122875,False,0,16.8972
92,160,120,1e-06,0.0,0.0,0.122924,False,0,16.8964
92,161,119,9e-06,2e-06,2e-06,0.122984,False,0,16.8971
92,162,118,1.1e-05,3e-06,2e-06,0.123045,False,0,16.8974
92,163,117,3.9e-05,1e-05,7e-06,0.12313,False,0,16.8986
92,164,116,7e-05,1.7e-05,1.2e-05,0.123205,False,0,16.8994
92,165,115,6.6e-05,1.6e-05,1.2e-05,0.123312,False,0,16.8994
92,166,114,4.5e-05,1.2e-05,8e-06,0.123439,False,0,16.8988
92,167,113,2.2e-05,5e-06,4e-06,0.123548,False,0,16.898
92,168,112,4e-05,1e-05,7e-06,0.123613,False,0,16.8986
92,169,111,2.1e-05,5e-06,4e-06,0.123682,False,0,16.8979
92,170,110,4e-05,1e-05,7e-06,0.123776,False,0,16.8986
92,171,109,6.2e-05,1.5e-05,1.1e-05,0.123883,False,0,16.8993
92,172,108,4.4e-05,1.1e-05,8e-06,0.123985,False,0,16.8987
92,173,107,4.1e-05,1e-05,7e-06,0.124071,False,0,16.8986
92,174,106,8e-05,2e-05,1.4e-05,0.124127,False,0,16.8997
92,175,105,0.000108,2.7e-05,1.9e-05,0.124193,False,0,16.9003
92,176,104,8.7e-05,2.2e-05,1.5e-05,0.124281,False,0,16.8998
92,177,103,7.8e-05,2e-05,1.4e-05,0.124388,False,0,16.8997
92,178,102,7.5e-05,1.9e-05,1.3e-05,0.124483,False,0,16.8995
92,179,101,0.000112,2.8e-05,2e-05,0.124581,False,0,16.9005
92,180,100,0.000122,3.1e-05,2.1e-05,0.12465,False,0,16.9005
92,181,99,0.000123,3.1e-05,2.2e-05,0.124749,False,0,16.9006
92,182,98,0.000114,2.9e-05,2e-05,0.124833,False,0,16.9003
92,183,97,0.000139,3.5e-05,2.5e-05,0.124943,False,0,16.9009
92,184,96,0.000101,2.5e-05,1.8e-05,0.125045,False,0,16.9001
92,185,95,0.000141,3.5e-05,2.5e-05,0.125152,False,0,16.9009
92,186,94,0.000125,3.1e-05,2.2e-05,0.12523,False,0,16.9006
92,187,93,0.000145,3.6e-05,2.5e-05,0.125315,False,0,16.901
92,188,92,0.000141,3.5e-05,2.5e-05,0.125421,False,0,16.901
92,189,91,0.000129,3.3e-05,2.3e-05,0.125507,False,0,16.9006
92,190,90,0.000159,4e-05,2.8e-05,0.125617,False,0,16.9012
92,191,89,0.000158,3.9e-05,2.8e-05,0.125734,False,0,16.901
92,192,88,0.00023,5.7e-05,4e-05,0.125896,False,0,16.9022
92,193,87,0.000211,5.3e-05,3.7e-05,0.126044,False,0,16.9019
92,194,86,0.000258,6.5e-05,4.6e-05,0.126219,False,0,16.9027
92,195,85,0.000291,7.3e-05,5.1e-05,0.126401,False,0,16.9029
92,196,84,0.00038,9.5e-05,6.7e-05,0.126559,False,0,16.9041
92,197,83,0.000374,9.4e-05,6.5e-05,0.126734,False,0,16.9039
92,198,82,0.000286,7.1e-05,5e-05,0.126914,False,0,16.903
92,199,81,0.000226,5.7e-05,3.9e-05,0.127087,False,0,16.9021
92,200,80,0.000246,6.2e-05,4.3e-05,0.127241,False,0,16.9025
92,201,79,0.000311,7.8e-05,5.4e-05,0.127357,False,0,16.9032
92,202,78,0.000229,5.7e-05,4e-05,0.12749,False,0,16.902
92,203,77,0.000261,6.6e-05,4.6e-05,0.127641,False,0,16.9026
92,204,76,0.000271,6.8e-05,4.8e-05,0.127761,False,0,16.9027
92,205,75,0.000266,6.7e-05,4.7e-05,0.127917,False,0,16.9026
92,206,74,0.000274,6.9e-05,4.8e-05,0.128077,False,0,16.9027
92,207,73,0.000344,8.6e-05,6e-05,0.128258,False,0,16.9037
92,208,72,0.000333,8.3e-05,5.8e-05,0.128415,False,0,16.9034
92,209,71,0.000352,8.8e-05,6.1e-05,0.128575,False,0,16.9036
92,210,70,0.000339,8.5e-05,5.9e-05,0.128745,False,0,16.9035
92,211,69,0.000292,7.3e-05,5.2e-05,0.128905,False,0,16.903
92,212,68,0.000359,9e-05,6.2e-05,0.129117,False,0,16.9037
92,213,67,0.000359,9e-05,6.3e-05,0.129301,False,0,16.9038
92,214,66,0.000395,9.9e-05,6.9e-05,0.12948,False,0,16.904
92,215,65,0.00046,0.000115,8.1e-05,0.129666,False,0,16.9049
92,216,64,0.000407,0.000102,7e-05,0.129862,False,0,16.9041
92,217,63,0.000389,9.7e-05,6.8e-05,0.130108,False,0,16.9038
92,218,62,0.00048,0.00012,8.4e-05,0.130376,False,0,16.905
92,219,61,0.000565,0.000142,9.9e-05,0.130677,False,0,16.9058
92,220,60,0.000555,0.000139,9.6e-05,0.13095,False,0,16.9056
92,221,59,0.000597,0.000149,0.000104,0.13124,False,0,16.906
92,222,58,0.000568,0.000142,9.9e-05,0.131536,False,0,16.9057
92,223,57,0.000536,0.000134,9.3e-05,0.131815,False,0,16.9053
92,224,56,0.000568,0.000142,9.9e-05,0.1321,False,0,16.9058
92,225,55,0.000614,0.000154,0.000106,0.13243,False,0,16.906
92,226,54,0.000655,0.000164,0.000115,0.132737,False,0,16.9065
92,227,53,0.000567,0.000142,9.8e-05,0.133035,False,0,16.9056
92,228,52,0.00058,0.000145,0.000101,0.133307,False,0,16.9058
92,229,51,0.000676,0.000169,0.000117,0.133655,False,0,16.9065
92,230,50,0.00082,0.000205,0.000143,0.133997,False,0,16.9077
92,231,49,0.000801,0.0002,0.000138,0.134356,False,0,16.9074
92,232,48,0.000743,0.000186,0.000129,0.134718,False,0,16.907
92,233,47,0.000796,0.000199,0.000138,0.135079,False,0,16.9074
92,234,46,0.000851,0.000213,0.000148,0.135479,False,0,16.9078
92,235,45,0.000873,0.000219,0.000151,0.13588,False,0,16.9079
92,236,44,0.000893,0.000224,0.000155,0.136293,False,0,16.9081
92,237,43,0.000911,0.000228,0.000159,0.136713,False,0,16.9083
92,238,42,0.000923,0.000231,0.00016,0.137126,False,0,16.9083
92,239,41,0.000962,0.000241,0.000168,0.137558,False,0,16.9087
92,240,40,0.000928,0.000232,0.00016,0.137989,False,0,16.9083
92,241,39,0.000977,0.000244,0.000169,0.138432,False,0,16.9087
92,242,38,0.001065,0.000267,0.000185,0.138907,False,0,16.9092
92,243,37,0.001064,0.000266,0.000185,0.139388,False,0,16.9093
92,244,36,0.001001,0.000251,0.000174,0.139854,False,0,16.9088
92,245,35,0.001007,0.000252,0.000174,0.140317,False,0,16.9087
92,246,34,0.001199,0.0003,0.000209,0.140829,False,0,16.9101
92,247,33,0.001305,0.000327,0.000226,0.141361,False,0,16.9106
92,248,32,0.001307,0.000327,0.000226,0.141956,False,0,16.9106
92,249,31,0.001323,0.000331,0.000229,0.142544,False,0,16.9107
92,250,30,0.00122,0.000306,0.000211,0.143157,True,0,16.9101
92,251,29,0.001266,0.000317,0.00022,0.143741,True,0,16.9105
92,252,28,0.001252,0.000313,0.000217,0.144348,True,0,16.9103
92,253,27,0.001361,0.000341,0.000237,0.144958,True,0,16.911
92,254,26,0.001431,0.000358,0.000247,0.145654,True,0,16.9113
92,255,25,0.001555,0.000389,0.000269,0.146382,True,0,16.912
92,256,24,0.001564,0.000392,0.00027,0.147173,True,0,16.912
92,257,23,0.001615,0.000404,0.00028,0.147953,True,0,16.9123
92,258,22,0.001575,0.000395,0.000272,0.148734,True,0,16.9121
92,259,21,0.001468,0.000368,0.000253,0.14952,True,0,16.9114
92,260,20,0.001445,0.000362,0.000249,0.150337,True,0,16.9112
92,261,19,0.001562,0.000391,0.000271,0.15126,True,0,16.9119
92,262,18,0.001835,0.000459,0.000318,0.152276,True,0,16.9133
92,263,17,0.001993,0.000499,0.000346,0.153384,True,0,16.9141
92,264,16,0.001918,0.00048,0.000331,0.15446,True,0,16.9137
92,265,15,0.001823,0.000457,0.000315,0.155515,True,0,16.9131
92,266,14,0.001918,0.00048,0.000332,0.156591,True,0,16.9137
93,52,125,0.000284,7.1e-05,5e-05,0.144493,True,0,16.8891
93,53,125,0.00031,7.8e-05,5.3e-05,0.142622,False,0,16.8889
93,54,125,0.000167,4.2e-05,2.8e-05,0.140933,False,0,16.891
93,55,125,0.000126,3.2e-05,2.2e-05,0.139433,False,0,16.8915
93,56,125,9.4e-05,2.4e-05,1.6e-05,0.138105,False,0,16.8922
93,57,125,7.4e-05,1.9e-05,1.3e-05,0.136967,False,0,16.8926
93,58,125,4.8e-05,1.2e-05,8e-06,0.135902,False,0,16.8934
93,59,125,6.2e-05,1.5e-05,1.1e-05,0.134925,False,0,16.8929
93,60,125,3.8e-05,1e-05,6e-06,0.134036,False,0,16.8937
93,61,125,5.5e-05,1.4e-05,9e-06,0.133211,False,0,16.8931
93,62,125,3.3e-05,8e-06,6e-06,0.132409,False,0,16.8938
93,63,125,0.000141,3.5e-05,2.4e-05,0.131712,False,0,16.8914
93,64,125,0.000142,3.6e-05,2.5e-05,0.131116,False,0,16.8912
93,65,125,8.7e-05,2.2e-05,1.5e-05,0.130543,False,0,16.8924
93,66,125,6.4e-05,1.6e-05,1.1e-05,0.129975,False,0,16.8928
93,67,125,6.3e-05,1.5e-05,1.1e-05,0.129454,False,0,16.893
93,68,125,1e-04,2.5e-05,1.8e-05,0.128968,False,0,16.892
93,69,125,0.000135,3.4e-05,2.3e-05,0.128513,False,0,16.8915
93,70,125,9.6e-05,2.4e-05,1.6e-05,0.12806,False,0,16.8921
93,71,125,7e-05,1.8e-05,1.2e-05,0.127664,False,0,16.8927
93,72,125,7.5e-05,1.9e-05,1.3e-05,0.127242,False,0,16.8925
93,73,125,9.8e-05,2.5e-05,1.7e-05,0.12688,False,0,16.8922
93,74,125,8.6e-05,2.2e-05,1.5e-05,0.126566,False,0,16.8922
93,75,125,4.3e-05,1.1e-05,7e-06,0.126269,False,0,16.8937
93,76,125,8e-05,2e-05,1.4e-05,0.125983,False,0,16.8924
93,77,125,9.6e-05,2.4e-05,1.7e-05,0.12569,False,0,16.8921
93,78,125,8.4e-05,2.1e-05,1.4e-05,0.125413,False,0,16.8925
93,79,125,5.7e-05,1.4e-05,1e-05,0.125146,False,0,16.893
93,80,125,6.2e-05,1.6e-05,1.1e-05,0.124891,False,0,16.8928
93,81,125,7.5e-05,1.9e-05,1.3e-05,0.124652,False,0,16.8926
93,82,125,8.4e-05,2.1e-05,1.5e-05,0.124404,False,0,16.8923
93,83,125,5.8e-05,1.5e-05,1e-05,0.1242,False,0,16.8929
93,84,125,4.9e-05,1.2e-05,8e-06,0.124039,False,0,16.8933
93,85,125,2.6e-05,6e-06,4e-06,0.123878,False,0,16.8941
93,86,125,2.4e-05,6e-06,4e-06,0.123721,False,0,16.894
93,87,125,5.1e-05,1.3e-05,9e-06,0.123589,False,0,16.8934
93,88,125,5.9e-05,1.5e-05,1.1e-05,0.123453,False,0,16.8929
93,89,125,4.2e-05,1.1e-05,7e-06,0.123317,False,0,16.8934
93,90,125,1.2e-05,3e-06,2e-06,0.123176,False,0,16.8951
93,91,125,1.1e-05,3e-06,2e-06,0.123039,False,0,16.8947
93,92,125,1.4e-05,4e-06,2e-06,0.122912,False,0,16.8947
93,93,125,1.8e-05,4e-06,3e-06,0.122796,False,0,16.8946
93,94,125,2.4e-05,6e-06,4e-06,0.12268,False,0,16.8942
93,95,125,2.7e-05,7e-06,5e-06,0.12259,False,0,16.8939
93,96,125,2.4e-05,6e-06,4e-06,0.122496,False,0,16.8941
93,97,125,9e-06,2e-06,1e-06,0.122389,False,0,16.8952
93,98,125,3e-05,8e-06,6e-06,0.122317,False,0,16.8938
93,99,125,1.7e-05,4e-06,3e-06,0.122234,False,0,16.8944
93,100,125,1.4e-05,3e-06,2e-06,0.122142,False,0,16.8948
93,101,124,6e-06,2e-06,1e-06,0.122025,False,0,16.8951
93,102,123,1.7e-05,4e-06,3e-06,0.121894,False,0,16.8945
93,103,122,1.1e-05,3e-06,2e-06,0.12181,False,0,16.8948
93,104,121,1e-05,2e-06,2e-06,0.121772,False,0,16.895
93,105,120,7e-06,2e-06,1e-06,0.121777,False,0,16.895
93,106,119,5e-06,1e-06,1e-06,0.121759,False,0,16.8958
93,107,118,2e-06,1e-06,1e-06,0.121753,False,0,16.8962
93,108,117,6e-06,1e-06,1e-06,0.121757,False,0,16.8964
93,109,116,1e-06,0.0,0.0,0.121746,False,0,16.8961
93,110,115,1e-06,0.0,0.0,0.121691,False,0,16.8964
93,111,114,1e-06,0.0,0.0,0.121644,False,0,16.8962
93,112,113,2e-06,1e-06,0.0,0.121593,False,0,16.8966
93,113,112,2e-06,0.0,0.0,0.121545,False,0,16.8965
93,114,111,1e-06,0.0,0.0,0.121477,False,0,16.8957
93,115,110,4e-06,1e-06,1e-06,0.121444,False,0,16.8953
93,116,109,5e-06,1e-06,1e-06,0.121422,False,0,16.8964
93,117,108,2e-06,0.0,0.0,0.121411,False,0,16.8965
93,118,107,9e-06,2e-06,2e-06,0.121435,False,0,16.8971
93,119,106,3.5e-05,9e-06,6e-06,0.121478,False,0,16.8985
93,120,105,3e-05,8e-06,5e-06,0.121534,False,0,16.898
93,121,104,3e-05,8e-06,6e-06,0.121548,False,0,16.8982
93,122,103,6e-06,2e-06,1e-06,0.12155,False,0,16.8968
93,123,102,0.0,0.0,0.0,0.121543,False,0,16.8961
93,124,101,2e-06,1e-06,0.0,0.121547,False,0,16.8964
93,125,100,1.2e-05,3e-06,2e-06,0.121545,False,0,16.8974
93,126,99,2.1e-05,5e-06,4e-06,0.121547,False,0,16.8979
93,127,98,1.8e-05,5e-06,3e-06,0.121564,False,0,16.8978
93,128,97,2.8e-05,7e-06,5e-06,0.121601,False,0,16.8982
93,129,96,3.2e-05,8e-06,6e-06,0.121623,False,0,16.8984
93,130,95,2e-05,5e-06,3e-06,0.121632,False,0,16.8977
93,131,94,2.6e-05,6e-06,5e-06,0.121639,False,0,16.8981
93,132,93,5.1e-05,1.3e-05,9e-06,0.121702,False,0,16.8988
93,133,92,5.2e-05,1.3e-05,9e-06,0.121754,False,0,16.899
93,134,91,4.6e-05,1.2e-05,8e-06,0.121771,False,0,16.8988
93,135,90,3.5e-05,9e-06,6e-06,0.121786,False,0,16.8985
93,136,89,4.1e-05,1e-05,7e-06,0.121802,False,0,16.8986
93,137,88,6.6e-05,1.7e-05,1.2e-05,0.121823,False,0,16.8994
93,138,87,3e-05,7e-06,5e-06,0.121859,False,0,16.8982
93,139,86,6.6e-05,1.6e-05,1.1e-05,0.121946,False,0,16.8993
93,140,85,7.1e-05,1.8e-05,1.3e-05,0.122024,False,0,16.8995
93,141,84,4.7e-05,1.2e-05,8e-06,0.122077,False,0,16.8987
93,142,83,2.9e-05,7e-06,5e-06,0.122126,False,0,16.8981
93,143,82,4.2e-05,1.1e-05,8e-06,0.122169,False,0,16.8987
93,144,81,2.2e-05,6e-06,4e-06,0.12223,False,0,16.8979
93,145,80,4e-05,1e-05,7e-06,0.122285,False,0,16.8985
93,146,79,5.2e-05,1.3e-05,9e-06,0.122382,False,0,16.8989
93,147,78,6.5e-05,1.6e-05,1.2e-05,0.122453,False,0,16.8994
93,148,77,4.9e-05,1.2e-05,8e-06,0.122524,False,0,16.8987
93,149,76,9e-05,2.3e-05,1.6e-05,0.122574,False,0,16.9
93,150,75,9.9e-05,2.5e-05,1.7e-05,0.122646,False,0,16.9
93,151,74,5.9e-05,1.5e-05,1e-05,0.12271,False,0,16.8991
93,152,73,6.5e-05,1.6e-05,1.2e-05,0.122797,False,0,16.8993
93,153,72,0.000102,2.6e-05,1.8e-05,0.122872,False,0,16.9002
93,154,71,0.000195,4.9e-05,3.4e-05,0.12295,False,0,16.9018
93,155,70,0.000148,3.7e-05,2.6e-05,0.123039,False,0,16.901
93,156,69,0.00017,4.3e-05,2.9e-05,0.123156,False,0,16.9012
93,157,68,0.000167,4.2e-05,2.9e-05,0.123229,False,0,16.9013
93,158,67,0.000166,4.2e-05,2.9e-05,0.123299,False,0,16.9012
94,52,125,2.4e-05,6e-06,4e-06,0.144647,True,0,16.8941
94,53,125,7e-06,2e-06,1e-06,0.142701,False,0,16.8951
94,54,125,3e-06,1e-06,0.0,0.141056,False,0,16.8955
94,55,125,2e-06,1e-06,0.0,0.139623,False,0,16.896
94,56,125,7e-06,2e-06,1e-06,0.138319,False,0,16.895
94,57,125,3e-06,1e-06,0.0,0.137112,False,0,16.8955
94,58,125,5e-06,1e-06,1e-06,0.136025,False,0,16.8954
94,59,125,4e-06,1e-06,1e-06,0.135066,False,0,16.8956
94,60,125,1.1e-05,3e-06,2e-06,0.134166,False,0,16.895
94,61,125,1.6e-05,4e-06,3e-06,0.133325,False,0,16.8946
94,62,125,8e-06,2e-06,2e-06,0.13258,False,0,16.8949
94,63,125,1.1e-05,3e-06,2e-06,0.1319,False,0,16.8949
94,64,125,6e-06,1e-06,1e-06,0.131262,False,0,16.8953
94,65,125,3e-06,1e-06,1e-06,0.130649,False,0,16.8965
94,66,125,8e-06,2e-06,2e-06,0.130111,False,0,16.8972
94,67,125,3.1e-05,8e-06,6e-06,0.129676,False,0,16.898
94,68,125,2e-06,1e-06,1e-06,0.129204,False,0,16.8959
94,69,125,3e-06,1e-06,1e-06,0.128747,False,0,16.8957
94,70,125,3e-06,1e-06,0.0,0.128297,False,0,16.8964
94,71,125,3e-06,1e-06,0.0,0.127918,False,0,16.8962
94,72,125,1.9e-05,5e-06,3e-06,0.127546,False,0,16.8978
94,73,125,1.4e-05,3e-06,2e-06,0.127224,False,0,16.8975
94,74,125,6e-06,2e-06,1e-06,0.126893,False,0,16.8969
94,75,125,1.1e-05,3e-06,2e-06,0.126637,False,0,16.8948
94,76,125,2e-06,0.0,0.0,0.126367,False,0,16.896
94,77,125,1e-06,0.0,0.0,0.126058,False,0,16.8959
94,78,125,1e-06,0.0,0.0,0.125767,False,0,16.8961
94,79,125,1e-06,0.0,0.0,0.125504,False,0,16.8963
94,80,125,1e-06,0.0,0.0,0.125265,False,0,16.896
94,81,125,2.1e-05,5e-06,4e-06,0.125038,False,0,16.8942
94,82,125,2.8e-05,7e-06,5e-06,0.124819,False,0,16.8939
94,83,125,1.1e-05,3e-06,2e-06,0.124642,False,0,16.8949
94,84,125,3e-06,1e-06,1e-06,0.124452,False,0,16.8954
94,85,125,2e-06,0.0,0.0,0.124298,False,0,16.8956
94,86,125,1e-06,0.0,0.0,0.124144,False,0,16.8962
94,87,125,1.4e-05,4e-06,3e-06,0.123996,False,0,16.8975
94,88,125,1.5e-05,4e-06,3e-06,0.123836,False,0,16.8976
94,89,125,9e-06,2e-06,2e-06,0.123688,False,0,16.8973
94,90,125,3e-06,1e-06,1e-06,0.123572,False,0,16.8967
94,91,125,4e-06,1e-06,1e-06,0.123446,False,0,16.8966
94,92,125,3e-06,1e-06,1e-06,0.123315,False,0,16.8966
94,93,125,1.2e-05,3e-06,2e-06,0.123228,False,0,16.8948
94,94,125,1e-06,0.0,0.0,0.12312,False,0,16.8958
94,95,125,1e-06,0.0,0.0,0.123047,False,0,16.8962
94,96,125,3e-06,1e-06,1e-06,0.122946,False,0,16.8968
94,97,125,6e-06,2e-06,1e-06,0.122864,False,0,16.8969
94,98,125,1e-06,-0.0,0.0,0.12274,False,0,16.896
94,99,125,1e-06,0.0,0.0,0.122617,False,0,16.8964
94,100,125,1.7e-05,4e-06,3e-06,0.122515,False,0,16.8976
94,101,125,2.4e-05,6e-06,4e-06,0.122458,False,0,16.898
94,102,125,3.5e-05,9e-06,6e-06,0.122425,False,0,16.8984
94,103,125,3e-05,8e-06,5e-06,0.122402,False,0,16.8982
94,104,125,1.1e-05,3e-06,2e-06,0.122381,False,0,16.8972
94,105,125,1.4e-05,4e-06,3e-06,0.122316,False,0,16.8976
94,106,125,4e-06,1e-06,1e-06,0.122288,False,0,16.8969
94,107,125,1.5e-05,4e-06,3e-06,0.122255,False,0,16.8976
94,108,125,1.7e-05,4e-06,4e-06,0.122254,False,0,16.8978
94,109,125,2.1e-05,5e-06,4e-06,0.122255,False,0,16.8978
94,110,125,1.1e-05,3e-06,2e-06,0.122262,False,0,16.8974
94,111,125,8e-06,2e-06,1e-06,0.122233,False,0,16.897
94,112,125,1.3e-05,3e-06,2e-06,0.122193,False,0,16.8975
94,113,125,2e-06,1e-06,0.0,0.122167,False,0,16.8966
94,114,125,3e-06,1e-06,1e-06,0.122168,False,0,16.8966
94,115,125,7e-06,2e-06,1e-06,0.122171,False,0,16.8971
94,116,125,1.9e-05,5e-06,4e-06,0.122128,False,0,16.8978
94,117,125,4.2e-05,1.1e-05,7e-06,0.12206,False,0,16.8986
94,118,125,7.9e-05,2e-05,1.4e-05,0.122048,False,0,16.8997
94,119,125,3.3e-05,8e-06,6e-06,0.122076,False,0,16.8983
94,120,125,2.4e-05,6e-06,4e-06,0.122094,False,0,16.8981
94,121,125,1e-05,3e-06,2e-06,0.122119,False,0,16.897
94,122,125,2.7e-05,7e-06,5e-06,0.122107,False,0,16.8981
94,123,125,1.1e-05,3e-06,2e-06,0.122046,False,0,16.8975
94,124,125,5e-06,1e-06,1e-06,0.122009,False,0,16.8969
94,125,125,9e-06,2e-06,2e-06,0.121995,False,0,16.8973
94,126,125,1.5e-05,4e-06,3e-06,0.121987,False,0,16.8976
94,127,125,4.5e-05,1.1e-05,8e-06,0.121995,False,0,16.8988
94,128,125,5.2e-05,1.3e-05,9e-06,0.122013,False,0,16.899
94,129,125,7.6e-05,1.9e-05,1.3e-05,0.122023,False,0,16.8996
94,130,125,5.1e-05,1.3e-05,9e-06,0.122047,False,0,16.899
94,131,125,1.6e-05,4e-06,3e-06,0.122064,False,0,16.8977
94,132,125,1.6e-05,4e-06,3e-06,0.122122,False,0,16.8976
94,133,125,7.9e-05,2e-05,1.4e-05,0.122178,False,0,16.8997
94,134,125,0.000109,2.7e-05,1.9e-05,0.122259,False,0,16.9002
94,135,125,0.00015,3.8e-05,2.6e-05,0.122347,False,0,16.9011
94,136,125,7.2e-05,1.8e-05,1.2e-05,0.122417,False,0,16.8995
94,137,125,4e-05,1e-05,7e-06,0.122514,False,0,16.8986
94,138,125,2.6e-05,7e-06,5e-06,0.122595,False,0,16.8981
94,139,125,5.6e-05,1.4e-05,1e-05,0.122628,False,0,16.8991
94,140,125,9.7e-05,2.5e-05,1.7e-05,0.122703,False,0,16.9
94,141,125,0.000113,2.8e-05,2e-05,0.122746,False,0,16.9004
94,142,125,7.7e-05,1.9e-05,1.4e-05,0.1228,False,0,16.8996
94,143,125,8.1e-05,2e-05,1.4e-05,0.122817,False,0,16.8996
94,144,125,9e-05,2.3e-05,1.6e-05,0.122871,False,0,16.9
94,145,125,6.5e-05,1.6e-05,1.1e-05,0.122939,False,0,16.8992
94,146,125,6.5e-05,1.6e-05,1.1e-05,0.122983,False,0,16.8993
94,147,125,6.7e-05,1.7e-05,1.2e-05,0.123027,False,0,16.8994
94,148,125,3.4e-05,9e-06,6e-06,0.12307,False,0,16.8984
94,149,125,2.9e-05,8e-06,5e-06,0.123156,False,0,16.8981
94,150,125,4.7e-05,1.2e-05,8e-06,0.123236,False,0,16.8989
94,151,125,6e-05,1.5e-05,1e-05,0.123285,False,0,16.8991
94,152,125,6.1e-05,1.5e-05,1.1e-05,0.123334,False,0,16.8992
94,153,125,6.9e-05,1.7e-05,1.2e-05,0.123355,False,0,16.8993
94,154,125,9e-05,2.2e-05,1.6e-05,0.123383,False,0,16.8999
94,155,125,9.5e-05,2.4e-05,1.6e-05,0.123436,False,0,16.9
94,156,125,0.000127,3.2e-05,2.2e-05,0.123514,False,0,16.9006
94,157,125,0.000122,3.1e-05,2.1e-05,0.123592,False,0,16.9004
94,158,125,0.000121,3e-05,2.1e-05,0.123652,False,0,16.9005
94,159,125,0.000113,2.9e-05,2e-05,0.123665,False,0,16.9004
94,160,125,0.000123,3.1e-05,2.2e-05,0.123708,False,0,16.9005
94,161,125,0.000114,2.9e-05,2e-05,0.123739,False,0,16.9004
94,162,125,0.000123,3.1e-05,2.1e-05,0.123826,False,0,16.9005
94,163,125,0.00016,4e-05,2.7e-05,0.123928,False,0,16.9011
94,164,125,0.00018,4.5e-05,3.2e-05,0.124059,False,0,16.9016
94,165,125,9e-05,2.2e-05,1.5e-05,0.124202,False,0,16.8998
94,166,125,9.3e-05,2.4e-05,1.6e-05,0.124295,False,0,16.8998
94,167,125,0.000126,3.2e-05,2.2e-05,0.124359,False,0,16.9006
94,168,125,0.000112,2.8e-05,1.9e-05,0.12441,False,0,16.9002
94,169,125,0.000129,3.2e-05,2.2e-05,0.124488,False,0,16.9007
94,170,125,0.000152,3.8e-05,2.7e-05,0.124561,False,0,16.9011
94,171,125,0.000132,3.3e-05,2.3e-05,0.124635,False,0,16.9007
94,172,125,0.000129,3.3e-05,2.2e-05,0.124697,False,0,16.9007
94,173,125,0.000157,4e-05,2.7e-05,0.124771,False,0,16.9011
94,174,125,0.00018,4.5e-05,3.1e-05,0.124878,False,0,16.9015
94,175,125,0.000163,4.1e-05,2.9e-05,0.124997,False,0,16.9012
94,176,125,0.000204,5.1e-05,3.6e-05,0.125123,False,0,16.9019
94,177,125,0.000214,5.4e-05,3.7e-05,0.125257,False,0,16.902
94,178,125,0.000247,6.2e-05,4.3e-05,0.125369,False,0,16.9025
94,179,125,0.000202,5e-05,3.5e-05,0.12545,False,0,16.9018
94,180,125,0.000139,3.5e-05,2.4e-05,0.125499,False,0,16.9007
94,181,125,0.000124,3.1e-05,2.2e-05,0.125612,False,0,16.9006
94,182,125,0.000136,3.4e-05,2.4e-05,0.125711,False,0,16.9008
94,183,125,0.000205,5.2e-05,3.6e-05,0.125835,False,0,16.9019
94,184,125,0.000215,5.4e-05,3.7e-05,0.125891,False,0,16.902
94,185,125,0.000168,4.2e-05,2.9e-05,0.125928,False,0,16.9012
94,186,125,0.000183,4.6e-05,3.2e-05,0.126001,False,0,16.9016
94,187,125,0.000174,4.4e-05,3.1e-05,0.126116,False,0,16.9015
94,188,125,0.000255,6.4e-05,4.3e-05,0.126226,False,0,16.9023
94,189,125,0.000209,5.2e-05,3.6e-05,0.126382,False,0,16.902
94,190,125,0.000219,5.5e-05,3.8e-05,0.12647,False,0,16.902
94,191,125,0.000213,5.3e-05,3.7e-05,0.126571,False,0,16.9019
94,192,125,0.000177,4.4e-05,3e-05,0.126677,False,0,16.9012
94,193,125,0.000167,4.2e-05,2.9e-05,0.126783,False,0,16.9013
94,194,125,0.000214,5.4e-05,3.7e-05,0.126894,False,0,16.9019
94,195,125,0.000232,5.8e-05,4e-05,0.126993,False,0,16.9022
94,196,125,0.000237,5.9e-05,4.1e-05,0.127102,False,0,16.9021
94,197,125,0.000284,7.1e-05,4.9e-05,0.127208,False,0,16.9029
94,198,125,0.000312,7.8e-05,5.5e-05,0.127347,False,0,16.9033
94,199,125,0.000293,7.3e-05,5.1e-05,0.127468,False,0,16.9027
94,200,125,0.000295,7.4e-05,5.1e-05,0.12757,False,0,16.903
94,201,125,0.000207,5.2e-05,3.6e-05,0.127686,False,0,16.9018
94,202,125,0.000181,4.5e-05,3.2e-05,0.127801,False,0,16.9016
94,203,125,0.000196,4.9e-05,3.4e-05,0.127926,False,0,16.9017
94,204,125,0.000262,6.6e-05,4.6e-05,0.128083,False,0,16.9027
94,205,125,0.000375,9.4e-05,6.5e-05,0.128251,False,0,16.904
94,206,125,0.000303,7.6e-05,5.2e-05,0.128396,False,0,16.903
94,207,125,0.000291,7.3e-05,5.1e-05,0.12849,False,0,16.903
94,208,125,0.000265,6.6e-05,4.6e-05,0.128589,False,0,16.9027
94,209,125,0.000284,7.1e-05,4.9e-05,0.128716,False,0,16.9029
94,210,125,0.000323,8.1e-05,5.5e-05,0.128837,False,0,16.9033
94,211,125,0.000393,9.9e-05,6.9e-05,0.128989,False,0,16.9042
94,212,125,0.000346,8.7e-05,6e-05,0.129099,False,0,16.9035
94,213,125,0.000271,6.8e-05,4.7e-05,0.129181,False,0,16.9027
94,214,125,0.000248,6.2e-05,4.3e-05,0.129263,False,0,16.9024
94,215,125,0.000312,7.8e-05,5.4e-05,0.129375,False,0,16.9033
94,216,125,0.000331,8.3e-05,5.7e-05,0.129528,False,0,16.9034
94,217,125,0.000263,6.6e-05,4.6e-05,0.12969,False,0,16.9026
94,218,125,0.000324,8.1e-05,5.6e-05,0.129825,False,0,16.9033
94,219,124,0.000391,9.8e-05,6.8e-05,0.129971,False,0,16.9041
94,220,123,0.000459,0.000115,7.9e-05,0.130126,False,0,16.9047
94,221,122,0.000407,0.000102,7e-05,0.130286,False,0,16.9042
94,222,121,0.000428,0.000107,7.4e-05,0.130466,False,0,16.9044
94,223,120,0.000397,9.9e-05,6.8e-05,0.130618,False,0,16.9041
94,224,119,0.000367,9.2e-05,6.3e-05,0.130743,False,0,16.9037
94,225,118,0.000324,8.1e-05,5.7e-05,0.13084,False,0,16.9034
94,226,117,0.000401,1e-04,6.9e-05,0.130993,False,0,16.9041
94,227,116,0.000421,0.000105,7.3e-05,0.131129,False,0,16.9044
94,228,115,0.000466,0.000116,8.1e-05,0.131276,False,0,16.9049
94,229,114,0.000454,0.000114,7.9e-05,0.131423,False,0,16.9047
94,230,113,0.000502,0.000125,8.7e-05,0.131589,False,0,16.9052
94,231,112,0.000413,0.000104,7.1e-05,0.131757,False,0,16.9041
94,232,111,0.000576,0.000144,0.000101,0.131946,False,0,16.9059
94,233,110,0.000484,0.000121,8.4e-05,0.132076,False,0,16.905
94,234,109,0.00048,0.00012,8.3e-05,0.132229,False,0,16.9049
94,235,108,0.000436,0.000109,7.6e-05,0.132393,False,0,16.9046
94,236,107,0.000449,0.000113,7.8e-05,0.132567,False,0,16.9047
94,237,106,0.000489,0.000122,8.5e-05,0.132712,False,0,16.905
94,238,105,0.000588,0.000147,0.000102,0.132837,False,0,16.9059
94,239,104,0.000624,0.000156,0.000108,0.132987,False,0,16.9062
94,240,103,0.000648,0.000162,0.000112,0.133183,False,0,16.9063
94,241,102,0.000633,0.000159,0.00011,0.133349,False,0,16.9063
94,242,101,0.000537,0.000134,9.2e-05,0.133528,False,0,16.9052
94,243,100,0.000523,0.000131,9.2e-05,0.133714,False,0,16.9054
94,244,99,0.000518,0.00013,8.9e-05,0.13391,False,0,16.9051
94,245,98,0.000573,0.000143,1e-04,0.134097,False,0,16.9058
94,246,97,0.000602,0.000151,0.000104,0.134301,False,0,16.9059
94,247,96,0.000573,0.000143,1e-04,0.13451,False,0,16.9057
94,248,95,0.000636,0.000159,0.00011,0.134691,False,0,16.9062
94,249,94,0.000651,0.000163,0.000112,0.134851,False,0,16.9063
94,250,93,0.000685,0.000171,0.000118,0.135031,False,0,16.9066
94,251,92,0.000634,0.000159,0.00011,0.135206,False,0,16.9063
94,252,91,0.000604,0.000152,0.000105,0.135428,False,0,16.906
94,253,90,0.000629,0.000158,0.000108,0.135651,False,0,16.9061
94,254,89,0.00076,0.000191,0.000132,0.135893,False,0,16.9073
94,255,88,0.000687,0.000172,0.000118,0.136117,False,0,16.9066
94,256,87,0.000726,0.000182,0.000126,0.136333,False,0,16.907
94,257,86,0.000647,0.000162,0.000111,0.136599,False,0,16.9061
94,258,85,0.000731,0.000183,0.000126,0.136856,False,0,16.907
94,259,84,0.000825,0.000206,0.000144,0.137131,False,0,16.9077
94,260,83,0.000715,0.000179,0.000123,0.137389,False,0,16.9067
94,261,82,0.000722,0.000181,0.000125,0.137582,False,0,16.9069
94,262,81,0.000809,0.000202,0.000141,0.137794,False,0,16.9076
94,263,80,0.000814,0.000203,0.000141,0.138075,False,0,16.9076
94,264,79,0.000808,0.000202,0.000139,0.138343,False,0,16.9075
94,265,78,0.000768,0.000192,0.000133,0.138593,False,0,16.9073
94,266,77,0.000767,0.000192,0.000132,0.138799,False,0,16.9072
94,267,76,0.000779,0.000195,0.000135,0.139016,False,0,16.9074
94,268,75,0.000764,0.000191,0.000131,0.139314,False,0,16.907
94,269,74,0.000803,0.000201,0.000139,0.139574,False,0,16.9075
94,270,73,0.000892,0.000223,0.000155,0.139846,False,0,16.9081
94,271,72,0.000893,0.000224,0.000154,0.140118,False,0,16.9081
94,272,71,0.000907,0.000227,0.000157,0.140362,False,0,16.9082
94,273,70,0.000934,0.000234,0.000161,0.140642,False,0,16.9083
94,274,69,0.001028,0.000257,0.000178,0.140978,False,0,16.909
94,275,68,0.001056,0.000264,0.000182,0.141391,False,0,16.9091
94,276,67,0.001044,0.000262,0.000181,0.141728,False,0,16.9092
94,277,66,0.000966,0.000242,0.000166,0.142099,False,0,16.9084
94,278,65,0.001149,0.000288,0.000199,0.142443,False,0,16.9098
94,279,64,0.001121,0.000281,0.000193,0.142831,False,0,16.9095
94,280,63,0.001179,0.000295,0.000203,0.143208,True,0,16.9099
94,281,62,0.001219,0.000305,0.00021,0.143631,True,0,16.9102
94,282,61,0.00106,0.000265,0.000183,0.144036,True,0,16.9093
94,283,60,0.001012,0.000253,0.000174,0.144414,True,0,16.9088
94,284,59,0.001033,0.000259,0.000179,0.144753,True,0,16.909
94,285,58,0.001153,0.000288,0.0002,0.145121,True,0,16.9098
94,286,57,0.00119,0.000298,0.000206,0.145535,True,0,16.91
94,287,56,0.001109,0.000278,0.000191,0.145978,True,0,16.9094
94,288,55,0.001181,0.000296,0.000203,0.146397,True,0,16.9099
94,289,54,0.001243,0.000311,0.000216,0.146784,True,0,16.9104
94,290,53,0.00128,0.00032,0.000221,0.147197,True,0,16.9106
94,291,52,0.001406,0.000352,0.000244,0.147662,True,0,16.9113
94,292,51,0.001429,0.000358,0.000246,0.148175,True,0,16.9112
94,293,50,0.001528,0.000383,0.000265,0.148701,True,0,16.912
94,294,49,0.001347,0.000338,0.000232,0.149174,True,0,16.9108
94,295,48,0.001369,0.000343,0.000236,0.149665,True,0,16.9108
94,296,47,0.001452,0.000363,0.000252,0.150116,True,0,16.9115
94,297,46,0.001458,0.000365,0.000251,0.150685,True,0,16.9113
94,298,45,0.001525,0.000382,0.000264,0.151252,True,0,16.9118
94,299,44,0.001542,0.000386,0.000265,0.151865,True,0,16.9118
94,300,43,0.001588,0.000397,0.000274,0.152447,True,0,16.9121
94,301,42,0.001569,0.000393,0.000271,0.153073,True,0,16.912
94,302,41,0.001541,0.000386,0.000266,0.153689,True,0,16.9119
94,303,40,0.001475,0.000369,0.000254,0.154281,True,0,16.9115
94,304,39,0.001426,0.000357,0.000246,0.15488,True,0,16.9111
94,305,38,0.001548,0.000387,0.000268,0.155462,True,0,16.9119
94,306,37,0.001703,0.000426,0.000294,0.156127,True,0,16.9127
94,307,36,0.001589,0.000398,0.000274,0.156729,True,0,16.912
94,308,35,0.001579,0.000395,0.000272,0.157352,True,0,16.9119
94,309,34,0.001707,0.000427,0.000296,0.15793,True,0,16.9128
94,310,33,0.001665,0.000417,0.000287,0.158595,True,0,16.9124
94,311,32,0.001709,0.000428,0.000295,0.15933,True,0,16.9127
94,312,31,0.001872,0.000469,0.000323,0.160154,True,0,16.9136
94,313,30,0.001865,0.000467,0.000321,0.160925,True,0,16.9134
94,314,29,0.001898,0.000475,0.000327,0.161758,True,0,16.9135
94,315,28,0.00188,0.000471,0.000324,0.162613,True,0,16.9135
94,316,27,0.001925,0.000482,0.000333,0.163535,True,0,16.9137
94,317,26,0.001936,0.000485,0.000334,0.164453,True,0,16.9137
94,318,25,0.001916,0.00048,0.00033,0.165305,True,0,16.9136
94,319,24,0.002016,0.000505,0.000349,0.166232,True,0,16.9142
94,320,23,0.002091,0.000524,0.00036,0.167114,True,0,16.9144
94,321,22,0.00201,0.000503,0.000346,0.168032,True,0,16.914
94,322,21,0.002088,0.000523,0.000361,0.169055,True,0,16.9145
94,323,20,0.002094,0.000524,0.00036,0.170065,True,0,16.9143
94,324,19,0.002212,0.000554,0.000381,0.171159,True,0,16.9149
94,325,18,0.002224,0.000557,0.000385,0.172144,True,0,16.9151
94,326,17,0.002177,0.000545,0.000374,0.173219,True,0,16.9146
94,327,16,0.002319,0.000581,0.000402,0.174274,True,0,16.9155
94,328,15,0.002213,0.000554,0.000381,0.175365,True,0,16.9148
94,329,14,0.002202,0.000551,0.000379,0.17645,True,0,16.9148
94,330,13,0.002299,0.000576,0.000397,0.177625,True,0,16.9153
94,331,12,0.002385,0.000597,0.000412,0.178829,True,0,16.9157
94,332,11,0.002404,0.000602,0.000413,0.180108,True,0,16.9156
94,333,10,0.002433,0.000609,0.00042,0.181423,True,0,16.9159
95,52,125,0.000105,2.6e-05,1.8e-05,0.143973,True,0,16.8919
95,53,125,0.000104,2.6e-05,1.7e-05,0.142048,False,0,16.8921
95,54,125,0.000115,2.9e-05,1.9e-05,0.140399,False,0,16.8919
95,55,125,0.00013,3.3e-05,2.2e-05,0.138904,False,0,16.8915
95,56,125,0.000106,2.7e-05,1.8e-05,0.137572,False,0,16.8921
95,57,125,0.000126,3.2e-05,2.2e-05,0.136374,False,0,16.8916
95,58,125,0.000106,2.6e-05,1.8e-05,0.135325,False,0,16.892
95,59,125,0.000112,2.8e-05,1.9e-05,0.134372,False,0,16.892
95,60,125,6.8e-05,1.7e-05,1.2e-05,0.1335,False,0,16.8929
95,61,125,6.8e-05,1.7e-05,1.2e-05,0.132703,False,0,16.8927
95,62,125,5.1e-05,1.3e-05,9e-06,0.131965,False,0,16.8932
95,63,125,4.5e-05,1.1e-05,8e-06,0.131276,False,0,16.8934
95,64,125,8.6e-05,2.2e-05,1.5e-05,0.13062,False,0,16.8923
95,65,125,7.2e-05,1.8e-05,1.2e-05,0.130014,False,0,16.8927
95,66,125,6.5e-05,1.6e-05,1.1e-05,0.12943,False,0,16.8929
95,67,125,5.3e-05,1.3e-05,9e-06,0.12887,False,0,16.8933
95,68,125,3.9e-05,1e-05,7e-06,0.128358,False,0,16.8936
95,69,125,4.8e-05,1.2e-05,8e-06,0.127887,False,0,16.8935
95,70,125,7.2e-05,1.8e-05,1.2e-05,0.127476,False,0,16.8927
95,71,125,8.1e-05,2e-05,1.4e-05,0.127083,False,0,16.8925
95,72,125,9.6e-05,2.4e-05,1.6e-05,0.126702,False,0,16.8922
95,73,125,7.3e-05,1.8e-05,1.3e-05,0.126338,False,0,16.8926
95,74,125,9.2e-05,2.3e-05,1.5e-05,0.126,False,0,16.8923
95,75,125,6.9e-05,1.7e-05,1.2e-05,0.125671,False,0,16.8927
95,76,125,4.6e-05,1.1e-05,8e-06,0.125367,False,0,16.8933
95,77,125,3.3e-05,9e-06,6e-06,0.125129,False,0,16.8942
95,78,125,3.1e-05,8e-06,5e-06,0.124872,False,0,16.8938
95,79,125,3.3e-05,8e-06,6e-06,0.124608,False,0,16.8939
95,80,125,3.3e-05,8e-06,5e-06,0.124361,False,0,16.8939
95,81,125,2.5e-05,6e-06,4e-06,0.124104,False,0,16.8941
95,82,125,1.6e-05,4e-06,3e-06,0.12388,False,0,16.8945
95,83,125,2.8e-05,7e-06,5e-06,0.12368,False,0,16.894
95,84,125,4e-05,1e-05,7e-06,0.123524,False,0,16.8935
95,85,125,0.000103,2.6e-05,1.7e-05,0.123381,False,0,16.892
95,86,125,6.3e-05,1.6e-05,1.1e-05,0.123218,False,0,16.8928
95,87,125,8.7e-05,2.2e-05,1.5e-05,0.123062,False,0,16.8923
95,88,125,8.9e-05,2.3e-05,1.5e-05,0.122904,False,0,16.8922
95,89,125,7e-05,1.8e-05,1.2e-05,0.122755,False,0,16.8927
95,90,125,2.7e-05,6e-06,4e-06,0.122625,False,0,16.8941
95,91,125,7e-06,2e-06,1e-06,0.122521,False,0,16.8951
95,92,125,6e-06,1e-06,1e-06,0.122408,False,0,16.8951
95,93,125,5e-06,1e-06,1e-06,0.122314,False,0,16.8955
95,94,125,1.8e-05,5e-06,3e-06,0.122191,False,0,16.8944
95,95,125,1.9e-05,5e-06,3e-06,0.122069,False,0,16.8944
95,96,125,1.6e-05,4e-06,3e-06,0.121966,False,0,16.8944
95,97,125,2.3e-05,6e-06,4e-06,0.121854,False,0,16.8943
95,98,125,6.3e-05,1.6e-05,1.1e-05,0.121772,False,0,16.8928
95,99,125,4.1e-05,1e-05,7e-06,0.121673,False,0,16.8936
95,100,125,5e-05,1.2e-05,9e-06,0.121622,False,0,16.8932
95,101,125,3.6e-05,9e-06,6e-06,0.121531,False,0,16.8939
95,102,125,2.9e-05,7e-06,5e-06,0.121479,False,0,16.894
95,103,125,1.5e-05,4e-06,3e-06,0.121412,False,0,16.8945
95,104,125,2.3e-05,6e-06,4e-06,0.121376,False,0,16.8942
95,105,125,1.4e-05,4e-06,3e-06,0.121355,False,0,16.8951
95,106,125,2e-05,5e-06,3e-06,0.121305,False,0,16.8943
95,107,125,1.3e-05,3e-06,2e-06,0.121251,False,0,16.8946
95,108,125,1.3e-05,3e-06,2e-06,0.121191,False,0,16.8946
95,109,125,1e-05,2e-06,2e-06,0.121159,False,0,16.8948
95,110,125,0.0,0.0,0.0,0.121108,False,0,16.896
95,111,125,0.0,0.0,0.0,0.121068,False,0,16.8959
95,112,125,3e-06,1e-06,0.0,0.121052,False,0,16.8955
95,113,125,5e-06,1e-06,1e-06,0.121015,False,0,16.8954
95,114,125,7e-06,2e-06,1e-06,0.121003,False,0,16.8952
95,115,125,3e-06,1e-06,1e-06,0.120976,False,0,16.8954
95,116,125,6e-06,2e-06,1e-06,0.120992,False,0,16.895
95,117,125,7e-06,2e-06,1e-06,0.121023,False,0,16.8954
95,118,125,1.2e-05,3e-06,2e-06,0.121053,False,0,16.8946
95,119,125,4e-06,1e-06,1e-06,0.121079,False,0,16.8954
95,120,125,3e-06,1e-06,1e-06,0.121082,False,0,16.8955
95,121,125,7e-06,2e-06,1e-06,0.121077,False,0,16.8953
95,122,125,6e-06,1e-06,1e-06,0.121087,False,0,16.8952
95,123,125,7e-06,2e-06,1e-06,0.121094,False,0,16.895
95,124,125,7e-06,2e-06,1e-06,0.121143,False,0,16.8951
95,125,125,1.3e-05,3e-06,2e-06,0.121205,False,0,16.8947
95,126,125,3.9e-05,1e-05,6e-06,0.121279,False,0,16.8937
95,127,125,8e-06,2e-06,1e-06,0.121319,False,0,16.895
95,128,125,5e-06,1e-06,1e-06,0.121315,False,0,16.8954
95,129,125,0.0,0.0,0.0,0.121356,False,0,16.8959
95,130,125,2e-06,0.0,0.0,0.121409,False,0,16.8963
95,131,125,2e-06,1e-06,0.0,0.121446,False,0,16.8956
95,132,125,2e-06,1e-06,0.0,0.121456,False,0,16.8955
95,133,125,1e-06,-0.0,0.0,0.121452,False,0,16.8961
95,134,125,3e-06,1e-06,1e-06,0.121456,False,0,16.8964
95,135,125,1e-06,0.0,0.0,0.121467,False,0,16.8959
95,136,125,6e-06,1e-06,1e-06,0.121487,False,0,16.8964
95,137,125,2e-06,1e-06,1e-06,0.121528,False,0,16.8956
95,138,125,5e-06,1e-06,1e-06,0.121563,False,0,16.8952
95,139,125,8e-06,2e-06,1e-06,0.121589,False,0,16.895
95,140,125,5e-06,1e-06,1e-06,0.12164,False,0,16.8966
95,141,125,2e-06,0.0,0.0,0.121692,False,0,16.8963
95,142,125,2e-06,0.0,0.0,0.121731,False,0,16.8962
95,143,125,8e-06,2e-06,2e-06,0.121761,False,0,16.897
95,144,125,5e-06,1e-06,1e-06,0.121788,False,0,16.8968
95,145,125,3e-06,1e-06,1e-06,0.121849,False,0,16.8963
95,146,125,4e-06,1e-06,1e-06,0.121886,False,0,16.8958
95,147,125,9e-06,2e-06,1e-06,0.121947,False,0,16.8951
95,148,125,1e-06,0.0,0.0,0.121984,False,0,16.8959
95,149,125,2e-06,1e-06,0.0,0.122032,False,0,16.8966
95,150,125,0.0,0.0,0.0,0.122066,False,0,16.8962
95,151,125,2e-06,0.0,0.0,0.122124,False,0,16.8963
95,152,125,7e-06,2e-06,1e-06,0.122188,False,0,16.897
95,153,125,6e-06,1e-06,1e-06,0.122237,False,0,16.8971
95,154,125,2e-06,0.0,0.0,0.122269,False,0,16.8966
95,155,125,4e-06,1e-06,1e-06,0.122334,False,0,16.8968
95,156,125,1.3e-05,3e-06,2e-06,0.122409,False,0,16.8975
95,157,125,8e-06,2e-06,2e-06,0.122487,False,0,16.8972
95,158,125,5e-06,1e-06,1e-06,0.122547,False,0,16.897
95,159,125,2.8e-05,7e-06,5e-06,0.122639,False,0,16.8982
95,160,125,1.5e-05,4e-06,3e-06,0.122712,False,0,16.8974
95,161,125,2.3e-05,6e-06,4e-06,0.122782,False,0,16.898
95,162,125,2.3e-05,6e-06,4e-06,0.122814,False,0,16.898
95,163,125,3e-06,1e-06,1e-06,0.122877,False,0,16.8967
95,164,125,2e-06,1e-06,0.0,0.122941,False,0,16.8966
95,165,125,3e-06,1e-06,1e-06,0.123006,False,0,16.8967
95,166,125,1e-06,0.0,0.0,0.123052,False,0,16.8959
95,167,125,2e-06,1e-06,1e-06,0.123076,False,0,16.8965
95,168,125,6e-06,2e-06,1e-06,0.123119,False,0,16.8971
95,169,125,2.1e-05,5e-06,4e-06,0.123158,False,0,16.8979
95,170,125,1.4e-05,4e-06,3e-06,0.123188,False,0,16.8976
95,171,125,1.7e-05,4e-06,3e-06,0.123244,False,0,16.8975
95,172,125,2e-06,1e-06,0.0,0.123334,False,0,16.8966
95,173,125,1e-06,0.0,0.0,0.123404,False,0,16.8959
95,174,125,2e-06,0.0,0.0,0.123452,False,0,16.8964
95,175,125,2.8e-05,7e-06,5e-06,0.123469,False,0,16.8983
95,176,125,3.2e-05,8e-06,6e-06,0.123518,False,0,16.8982
95,177,125,2.4e-05,6e-06,4e-06,0.123564,False,0,16.8979
95,178,125,3.1e-05,8e-06,6e-06,0.12367,False,0,16.8984
95,179,125,3.4e-05,9e-06,6e-06,0.123732,False,0,16.8983
95,180,125,5.4e-05,1.4e-05,1e-05,0.123822,False,0,16.899
95,181,125,7.6e-05,1.9e-05,1.3e-05,0.12394,False,0,16.8996
95,182,125,6.9e-05,1.7e-05,1.2e-05,0.124038,False,0,16.8994
95,183,125,3.2e-05,8e-06,6e-06,0.124133,False,0,16.8982
95,184,125,1e-05,3e-06,2e-06,0.124215,False,0,16.8973
95,185,125,2e-06,0.0,1e-06,0.124313,False,0,16.8963
95,186,125,2.3e-05,6e-06,4e-06,0.124424,False,0,16.8979
95,187,125,2.7e-05,7e-06,5e-06,0.124492,False,0,16.8982
95,188,125,3.4e-05,9e-06,6e-06,0.124586,False,0,16.8984
95,189,125,2e-05,5e-06,4e-06,0.124676,False,0,16.8976
95,190,125,1.1e-05,3e-06,2e-06,0.124767,False,0,16.8974
95,191,125,2.4e-05,6e-06,4e-06,0.124818,False,0,16.8979
95,192,125,3.4e-05,8e-06,6e-06,0.124883,False,0,16.8985
95,193,125,5.3e-05,1.3e-05,9e-06,0.124963,False,0,16.899
95,194,125,5.3e-05,1.4e-05,1e-05,0.125043,False,0,16.8989
95,195,125,6.6e-05,1.7e-05,1.2e-05,0.125107,False,0,16.8993
95,196,125,7.7e-05,1.9e-05,1.4e-05,0.125193,False,0,16.8996
95,197,125,9e-05,2.2e-05,1.6e-05,0.125282,False,0,16.8999
95,198,125,0.000103,2.6e-05,1.8e-05,0.125375,False,0,16.9001
95,199,125,8.9e-05,2.2e-05,1.6e-05,0.12547,False,0,16.8996
95,200,125,0.000149,3.7e-05,2.6e-05,0.125564,False,0,16.901
95,201,125,0.000161,4e-05,2.8e-05,0.125663,False,0,16.9012
95,202,125,0.000154,3.8e-05,2.7e-05,0.125755,False,0,16.9011
95,203,125,0.000114,2.8e-05,2e-05,0.125834,False,0,16.9004
95,204,125,8.2e-05,2e-05,1.4e-05,0.125927,False,0,16.8996
95,205,125,6.9e-05,1.7e-05,1.2e-05,0.126,False,0,16.8994
95,206,125,9.2e-05,2.4e-05,1.6e-05,0.12606,False,0,16.9
95,207,125,8.5e-05,2.1e-05,1.5e-05,0.126136,False,0,16.8998
95,208,125,7.9e-05,2e-05,1.4e-05,0.126246,False,0,16.8997
95,209,125,8.8e-05,2.2e-05,1.5e-05,0.126352,False,0,16.8998
95,210,125,9.6e-05,2.4e-05,1.7e-05,0.126447,False,0,16.8999
95,211,125,0.000137,3.4e-05,2.5e-05,0.12653,False,0,16.9009
95,212,125,0.000128,3.2e-05,2.2e-05,0.126618,False,0,16.9006
95,213,125,0.000169,4.2e-05,3e-05,0.126707,False,0,16.9014
96,52,125,5.3e-05,1.3e-05,9e-06,0.147016,True,0,16.8989
96,53,125,8.4e-05,2.1e-05,1.5e-05,0.145119,True,0,16.8998
96,54,125,4.3e-05,1.1e-05,8e-06,0.14351,True,0,16.8986
96,55,125,6.7e-05,1.7e-05,1.2e-05,0.142069,False,0,16.8994
96,56,125,9.9e-05,2.5e-05,1.7e-05,0.140748,False,0,16.9001
96,57,125,0.000147,3.7e-05,2.6e-05,0.139591,False,0,16.901
96,58,125,0.000164,4.1e-05,2.9e-05,0.138565,False,0,16.9013
96,59,125,0.000125,3.1e-05,2.2e-05,0.137621,False,0,16.9005
96,60,125,0.000129,3.3e-05,2.3e-05,0.136736,False,0,16.9007
96,61,125,0.000134,3.4e-05,2.4e-05,0.13591,False,0,16.9008
96,62,125,9.4e-05,2.4e-05,1.6e-05,0.135167,False,0,16.9
96,63,125,8.1e-05,2e-05,1.4e-05,0.134481,False,0,16.8996
96,64,125,0.000118,3e-05,2.1e-05,0.133842,False,0,16.9005
96,65,125,0.000125,3.1e-05,2.2e-05,0.133244,False,0,16.9006
96,66,125,0.000109,2.7e-05,1.9e-05,0.1327,False,0,16.9002
96,67,125,0.000113,2.8e-05,2e-05,0.1322,False,0,16.9004
96,68,125,0.000143,3.6e-05,2.5e-05,0.131705,False,0,16.9009
96,69,125,0.000151,3.8e-05,2.6e-05,0.131209,False,0,16.9011
96,70,125,0.000111,2.8e-05,2e-05,0.130764,False,0,16.9004
96,71,125,0.000101,2.6e-05,1.7e-05,0.130366,False,0,16.9001
96,72,125,0.000131,3.3e-05,2.3e-05,0.129968,False,0,16.9007
96,73,125,0.000113,2.8e-05,2e-05,0.129612,False,0,16.9004
96,74,125,0.00011,2.8e-05,1.9e-05,0.12925,False,0,16.9002
96,75,125,0.000148,3.7e-05,2.6e-05,0.128957,False,0,16.9011
96,76,125,0.000167,4.2e-05,2.9e-05,0.12867,False,0,16.9012
96,77,125,0.000183,4.6e-05,3.2e-05,0.128413,False,0,16.9016
96,78,125,0.000152,3.8e-05,2.7e-05,0.128132,False,0,16.9011
96,79,125,0.00014,3.5e-05,2.5e-05,0.127868,False,0,16.9009
96,80,125,0.000148,3.7e-05,2.5e-05,0.127615,False,0,16.9009
96,81,125,0.00014,3.5e-05,2.4e-05,0.127381,False,0,16.9009
96,82,125,9.1e-05,2.3e-05,1.6e-05,0.127188,False,0,16.8998
96,83,125,1e-04,2.5e-05,1.8e-05,0.127023,False,0,16.9001
96,84,125,0.00011,2.8e-05,1.9e-05,0.12685,False,0,16.9003
96,85,125,0.000118,3e-05,2.1e-05,0.126678,False,0,16.9005
96,86,125,0.000105,2.6e-05,1.8e-05,0.126495,False,0,16.9002
96,87,125,9.8e-05,2.4e-05,1.7e-05,0.126299,False,0,16.9
96,88,125,9.7e-05,2.4e-05,1.7e-05,0.126114,False,0,16.9001
96,89,125,0.000112,2.8e-05,2e-05,0.12596,False,0,16.9003
96,90,125,0.000162,4.1e-05,2.9e-05,0.125831,False,0,16.9013
96,91,125,0.00023,5.7e-05,4e-05,0.12576,False,0,16.9023
96,92,125,0.000167,4.2e-05,2.9e-05,0.125669,False,0,16.9013
96,93,125,0.000146,3.7e-05,2.5e-05,0.125558,False,0,16.9009
96,94,125,0.000125,3.1e-05,2.2e-05,0.125426,False,0,16.9006
96,95,125,0.000111,2.8e-05,1.9e-05,0.125353,False,0,16.9002
96,96,125,0.000153,3.8e-05,2.7e-05,0.125284,False,0,16.9011
96,97,125,0.000137,3.4e-05,2.4e-05,0.125236,False,0,16.9007
96,98,125,0.000146,3.7e-05,2.6e-05,0.125184,False,0,16.901
96,99,125,0.000116,2.9e-05,2e-05,0.125108,False,0,16.9005
96,100,125,0.000148,3.7e-05,2.6e-05,0.125055,False,0,16.9009
96,101,125,0.000184,4.6e-05,3.3e-05,0.125037,False,0,16.9016
96,102,125,0.000166,4.1e-05,2.9e-05,0.124968,False,0,16.9012
96,103,125,0.000156,3.9e-05,2.7e-05,0.124884,False,0,16.9011
96,104,125,0.000193,4.9e-05,3.5e-05,0.124798,False,0,16.9018
96,105,125,0.000162,4.1e-05,2.8e-05,0.124763,False,0,16.9012
96,106,125,0.000185,4.6e-05,3.2e-05,0.124759,False,0,16.9016
96,107,125,0.000152,3.8e-05,2.6e-05,0.124714,False,0,16.9009
96,108,125,0.000174,4.4e-05,3.1e-05,0.124679,False,0,16.9015
96,109,125,0.00014,3.5e-05,2.4e-05,0.124639,False,0,16.9007
96,110,125,0.000143,3.6e-05,2.5e-05,0.124625,False,0,16.9009
96,111,125,0.00016,4e-05,2.8e-05,0.124595,False,0,16.9012
96,112,125,0.000205,5.1e-05,3.5e-05,0.124596,False,0,16.9018
96,113,125,0.000186,4.6e-05,3.2e-05,0.12458,False,0,16.9016
96,114,125,0.000185,4.6e-05,3.2e-05,0.124558,False,0,16.9015
96,115,125,0.000152,3.8e-05,2.6e-05,0.124526,False,0,16.901
96,116,125,0.000123,3.1e-05,2.1e-05,0.124519,False,0,16.9004
96,117,125,0.000131,3.3e-05,2.3e-05,0.124509,False,0,16.9008
96,118,125,0.000161,4e-05,2.8e-05,0.124474,False,0,16.9012
96,119,125,0.000171,4.3e-05,3e-05,0.124439,False,0,16.9014
96,120,125,0.000213,5.3e-05,3.7e-05,0.124433,False,0,16.902
96,121,125,0.000296,7.4e-05,5.2e-05,0.124476,False,0,16.9031
96,122,125,0.000191,4.8e-05,3.3e-05,0.124533,False,0,16.9017
96,123,125,0.000139,3.5e-05,2.4e-05,0.12455,False,0,16.9007
96,124,125,0.000154,3.9e-05,2.7e-05,0.124567,False,0,16.9011
96,125,125,0.000208,5.2e-05,3.6e-05,0.124583,False,0,16.9019
96,126,125,0.000176,4.4e-05,3e-05,0.124576,False,0,16.9013
96,127,125,0.000233,5.8e-05,4.1e-05,0.124588,False,0,16.9023
96,128,125,0.000247,6.2e-05,4.3e-05,0.124615,False,0,16.9025
96,129,125,0.000224,5.6e-05,3.9e-05,0.124662,False,0,16.9022
96,130,125,0.000143,3.6e-05,2.5e-05,0.124682,False,0,16.9008
96,131,125,0.000176,4.4e-05,3.1e-05,0.124685,False,0,16.9014
96,132,125,0.000159,4e-05,2.8e-05,0.124666,False,0,16.9012
96,133,125,0.000181,4.5e-05,3.2e-05,0.124654,False,0,16.9016
96,134,125,0.000174,4.4e-05,3e-05,0.124636,False,0,16.9014
96,135,125,0.000191,4.8e-05,3.3e-05,0.12464,False,0,16.9017
96,136,125,0.000177,4.4e-05,3.1e-05,0.124664,False,0,16.9014
96,137,125,0.00015,3.8e-05,2.6e-05,0.124701,False,0,16.901
96,138,125,0.000174,4.4e-05,3e-05,0.124763,False,0,16.9014
96,139,125,0.000176,4.4e-05,3.1e-05,0.12482,False,0,16.9015
96,140,125,0.000194,4.9e-05,3.3e-05,0.124875,False,0,16.9016
96,141,125,0.000214,5.4e-05,3.8e-05,0.124866,False,0,16.9021
96,142,125,0.000182,4.6e-05,3.1e-05,0.124833,False,0,16.9014
96,143,125,0.000163,4.1e-05,2.8e-05,0.124847,False,0,16.9013
96,144,125,0.000189,4.7e-05,3.4e-05,0.124915,False,0,16.9017
96,145,125,0.000164,4.1e-05,2.8e-05,0.124937,False,0,16.9011
96,146,125,0.000222,5.5e-05,3.9e-05,0.124979,False,0,16.9021
96,147,125,0.000192,4.8e-05,3.3e-05,0.12501,False,0,16.9016
96,148,125,0.000321,8e-05,5.6e-05,0.125072,False,0,16.9034
96,149,125,0.000261,6.5e-05,4.5e-05,0.125145,False,0,16.9026
96,150,125,0.000259,6.5e-05,4.5e-05,0.125194,False,0,16.9025
96,151,125,0.00024,6e-05,4.2e-05,0.125238,False,0,16.9023
96,152,125,0.000259,6.5e-05,4.4e-05,0.125247,False,0,16.9025
96,153,125,0.000246,6.2e-05,4.3e-05,0.125287,False,0,16.9024
96,154,125,0.000208,5.2e-05,3.7e-05,0.125319,False,0,16.902
96,155,125,0.000212,5.3e-05,3.6e-05,0.125375,False,0,16.9018
96,156,125,0.000243,6.1e-05,4.3e-05,0.125447,False,0,16.9024
96,157,125,0.000322,8.1e-05,5.5e-05,0.125532,False,0,16.9033
96,158,125,0.000236,5.9e-05,4.1e-05,0.125619,False,0,16.9021
96,159,125,0.000236,5.9e-05,4.1e-05,0.125705,False,0,16.9023
96,160,125,0.00025,6.2e-05,4.3e-05,0.125846,False,0,16.9025
96,161,125,0.000303,7.6e-05,5.3e-05,0.125964,False,0,16.9032
96,162,125,0.000311,7.8e-05,5.4e-05,0.126038,False,0,16.9033
96,163,125,0.000301,7.5e-05,5.2e-05,0.126113,False,0,16.903
96,164,125,0.000244,6.1e-05,4.2e-05,0.126165,False,0,16.9022
96,165,125,0.000243,6.1e-05,4.2e-05,0.126241,False,0,16.9024
96,166,125,0.000263,6.6e-05,4.5e-05,0.12632,False,0,16.9026
96,167,125,0.000345,8.7e-05,6e-05,0.126439,False,0,16.9037
96,168,125,0.000282,7.1e-05,4.8e-05,0.126563,False,0,16.9028
96,169,125,0.000267,6.7e-05,4.7e-05,0.126657,False,0,16.9027
96,170,125,0.000245,6.2e-05,4.2e-05,0.126717,False,0,16.9024
96,171,125,0.000268,6.7e-05,4.6e-05,0.126737,False,0,16.9027
96,172,125,0.000263,6.6e-05,4.5e-05,0.126758,False,0,16.9026
96,173,125,0.000279,7e-05,4.8e-05,0.126823,False,0,16.9027
96,174,125,0.000297,7.4e-05,5.2e-05,0.126927,False,0,16.9031
96,175,125,0.000291,7.3e-05,5e-05,0.127012,False,0,16.9029
96,176,125,0.000226,5.6e-05,3.9e-05,0.127103,False,0,16.9021
96,177,125,0.000202,5e-05,3.5e-05,0.127147,False,0,16.9018
96,178,125,0.000188,4.7e-05,3.3e-05,0.127179,False,0,16.9016
96,179,125,0.000194,4.8e-05,3.3e-05,0.127198,False,0,16.9016
96,180,125,0.000214,5.4e-05,3.8e-05,0.127242,False,0,16.9021
96,181,125,0.000225,5.7e-05,3.9e-05,0.127298,False,0,16.9021
96,182,125,0.000286,7.2e-05,5e-05,0.127384,False,0,16.903
96,183,125,0.000314,7.9e-05,5.5e-05,0.127482,False,0,16.9033
96,184,125,0.000289,7.2e-05,5e-05,0.12758,False,0,16.9029
96,185,125,0.000271,6.8e-05,4.7e-05,0.127693,False,0,16.9027
96,186,125,0.000274,6.9e-05,4.7e-05,0.127797,False,0,16.9026
96,187,125,0.000261,6.5e-05,4.6e-05,0.127907,False,0,16.9027
96,188,125,0.000229,5.7e-05,4e-05,0.127978,False,0,16.9022
96,189,125,0.000173,4.3e-05,3e-05,0.128073,False,0,16.9013
96,190,125,0.000193,4.8e-05,3.4e-05,0.128117,False,0,16.9017
96,191,125,0.000212,5.3e-05,3.7e-05,0.12816,False,0,16.902
96,192,125,0.000226,5.7e-05,4e-05,0.128198,False,0,16.9022
96,193,125,0.00026,6.5e-05,4.5e-05,0.128301,False,0,16.9025
96,194,125,0.000245,6.1e-05,4.3e-05,0.128402,False,0,16.9023
96,195,125,0.000237,5.9e-05,4.1e-05,0.128526,False,0,16.9024
96,196,125,0.00023,5.8e-05,4e-05,0.128608,False,0,16.9021
96,197,125,0.000275,6.9e-05,4.8e-05,0.12871,False,0,16.9029
96,198,125,0.000388,9.7e-05,6.7e-05,0.128787,False,0,16.904
96,199,125,0.000372,9.3e-05,6.5e-05,0.128884,False,0,16.9038
96,200,125,0.000467,0.000117,8.1e-05,0.129013,False,0,16.9048
96,201,125,0.000422,0.000106,7.3e-05,0.129132,False,0,16.9044
96,202,125,0.000317,7.9e-05,5.4e-05,0.129252,False,0,16.9033
96,203,125,0.000247,6.2e-05,4.3e-05,0.129373,False,0,16.9024
96,204,125,0.000263,6.6e-05,4.6e-05,0.129485,False,0,16.9027
96,205,125,0.000355,8.9e-05,6.2e-05,0.12959,False,0,16.9037
96,206,125,0.000336,8.4e-05,5.9e-05,0.129663,False,0,16.9035
96,207,125,0.00036,9e-05,6.3e-05,0.129672,False,0,16.9038
96,208,125,0.000345,8.6e-05,6e-05,0.12969,False,0,16.9036
96,209,125,0.000311,7.8e-05,5.4e-05,0.129733,False,0,16.9031
96,210,125,0.000366,9.2e-05,6.3e-05,0.129776,False,0,16.9038
96,211,125,0.000415,0.000104,7.2e-05,0.129831,False,0,16.9044
96,212,125,0.000404,0.000101,7e-05,0.12992,False,0,16.9042
96,213,125,0.000298,7.5e-05,5.1e-05,0.130008,False,0,16.9029
96,214,125,0.000305,7.7e-05,5.3e-05,0.130124,False,0,16.9029
96,215,125,0.000373,9.3e-05,6.6e-05,0.13022,False,0,16.9039
96,216,125,0.000408,0.000102,7.1e-05,0.130326,False,0,16.9042
96,217,125,0.000355,8.9e-05,6.2e-05,0.130398,False,0,16.9037
96,218,125,0.000275,6.9e-05,4.7e-05,0.130496,False,0,16.9025
96,219,125,0.000329,8.2e-05,5.8e-05,0.130618,False,0,16.9035
96,220,125,0.000311,7.8e-05,5.3e-05,0.13076,False,0,16.9031
96,221,125,0.000361,9e-05,6.2e-05,0.130882,False,0,16.9037
96,222,125,0.000397,9.9e-05,6.9e-05,0.130995,False,0,16.9041
96,223,125,0.000391,9.8e-05,6.8e-05,0.131121,False,0,16.9041
96,224,125,0.000319,8e-05,5.5e-05,0.131213,False,0,16.9031
96,225,125,0.000356,8.9e-05,6.2e-05,0.131297,False,0,16.9037
96,226,125,0.000302,7.5e-05,5.3e-05,0.131414,False,0,16.9031
96,227,125,0.0003,7.5e-05,5.2e-05,0.131501,False,0,16.9031
96,228,125,0.000297,7.4e-05,5.1e-05,0.131604,False,0,16.903
96,229,125,0.000302,7.6e-05,5.3e-05,0.131727,False,0,16.9031
96,230,125,0.000379,9.5e-05,6.5e-05,0.131863,False,0,16.904
96,231,125,0.000329,8.2e-05,5.7e-05,0.13199,False,0,16.9033
96,232,125,0.000341,8.5e-05,5.9e-05,0.132095,False,0,16.9035
96,233,125,0.000324,8.1e-05,5.6e-05,0.1322,False,0,16.9034
96,234,125,0.000316,7.9e-05,5.5e-05,0.132282,False,0,16.9032
96,235,125,0.000351,8.8e-05,6.2e-05,0.13236,False,0,16.9037
96,236,125,0.000325,8.1e-05,5.6e-05,0.13242,False,0,16.9033
96,237,125,0.000314,7.9e-05,5.5e-05,0.132484,False,0,16.9032
96,238,125,0.000369,9.2e-05,6.4e-05,0.132561,False,0,16.9039
96,239,125,0.000394,9.9e-05,6.8e-05,0.132679,False,0,16.9041
96,240,125,0.000377,9.4e-05,6.5e-05,0.132814,False,0,16.9039
96,241,125,0.000363,9.1e-05,6.3e-05,0.132953,False,0,16.9038
96,242,125,0.000338,8.5e-05,5.9e-05,0.133076,False,0,16.9035
96,243,125,0.000388,9.7e-05,6.7e-05,0.133157,False,0,16.904
96,244,125,0.000343,8.6e-05,5.9e-05,0.133216,False,0,16.9036
96,245,125,0.000259,6.5e-05,4.5e-05,0.133318,False,0,16.9024
96,246,125,0.000305,7.7e-05,5.3e-05,0.133412,False,0,16.9031
96,247,125,0.000303,7.6e-05,5.2e-05,0.133572,False,0,16.903
96,248,125,0.000289,7.3e-05,5e-05,0.133645,False,0,16.9028
96,249,125,0.000292,7.3e-05,5.1e-05,0.13374,False,0,16.903
96,250,125,0.000251,6.3e-05,4.3e-05,0.133757,False,0,16.9024
96,251,125,0.000298,7.5e-05,5.2e-05,0.133799,False,0,16.903
96,252,125,0.000401,0.000101,7e-05,0.133858,False,0,16.9043
96,253,125,0.000371,9.3e-05,6.4e-05,0.133939,False,0,16.9038
96,254,125,0.000366,9.2e-05,6.4e-05,0.13404,False,0,16.9038
96,255,125,0.000406,0.000101,7.1e-05,0.134133,False,0,16.9043
96,256,125,0.00031,7.8e-05,5.3e-05,0.134266,False,0,16.9029
96,257,125,0.000377,9.4e-05,6.6e-05,0.134388,False,0,16.9039
96,258,125,0.000423,0.000106,7.4e-05,0.134528,False,0,16.9044
96,259,125,0.000418,0.000104,7.2e-05,0.134661,False,0,16.9043
96,260,125,0.000459,0.000115,8e-05,0.134781,False,0,16.9047
96,261,125,0.000494,0.000124,8.6e-05,0.134884,False,0,16.9051
96,262,125,0.000485,0.000121,8.4e-05,0.134986,False,0,16.9049
96,263,125,0.0005,0.000125,8.6e-05,0.135088,False,0,16.9051
96,264,125,0.000472,0.000118,8.1e-05,0.135197,False,0,16.9048
96,265,125,0.000446,0.000112,7.7e-05,0.135304,False,0,16.9046
96,266,125,0.000372,9.3e-05,6.4e-05,0.13541,False,0,16.9038
96,267,125,0.000406,0.000102,7.1e-05,0.135489,False,0,16.9042
96,268,125,0.000442,0.000111,7.7e-05,0.135598,False,0,16.9046
96,269,125,0.00045,0.000112,7.7e-05,0.135699,False,0,16.9046
96,270,125,0.000391,9.8e-05,6.8e-05,0.135839,False,0,16.9041
96,271,125,0.000392,9.8e-05,6.8e-05,0.135955,False,0,16.904
96,272,125,0.000422,0.000105,7.4e-05,0.136052,False,0,16.9044
96,273,125,0.000451,0.000113,7.8e-05,0.136086,False,0,16.9046
96,274,125,0.00044,0.00011,7.7e-05,0.136163,False,0,16.9046
96,275,125,0.000414,0.000104,7.2e-05,0.136242,False,0,16.9043
96,276,125,0.000452,0.000113,7.9e-05,0.13636,False,0,16.9046
96,277,125,0.000476,0.000119,8.2e-05,0.136504,False,0,16.9049
96,278,125,0.000474,0.000118,8.2e-05,0.13669,False,0,16.9048
96,279,125,0.000508,0.000127,8.8e-05,0.136846,False,0,16.9052
96,280,125,0.000612,0.000153,0.000106,0.136996,False,0,16.9061
96,281,125,0.000602,0.000151,0.000104,0.137148,False,0,16.906
96,282,125,0.000532,0.000133,9.2e-05,0.137286,False,0,16.9053
96,283,125,0.000608,0.000152,0.000106,0.137425,False,0,16.9061
96,284,125,0.000479,0.00012,8.3e-05,0.137552,False,0,16.905
96,285,125,0.000434,0.000109,7.5e-05,0.137696,False,0,16.9044
96,286,125,0.000478,0.00012,8.4e-05,0.137832,False,0,16.905
96,287,125,0.000542,0.000136,9.4e-05,0.137997,False,0,16.9055
96,288,125,0.000475,0.000119,8.2e-05,0.138162,False,0,16.9048
96,289,125,0.000466,0.000116,8.1e-05,0.138307,False,0,16.9047
96,290,125,0.000553,0.000138,9.7e-05,0.138465,False,0,16.9057
96,291,125,0.000663,0.000166,0.000113,0.13863,False,0,16.9064
96,292,125,0.000657,0.000164,0.000115,0.138821,False,0,16.9065
96,293,125,0.000548,0.000137,9.4e-05,0.138979,False,0,16.9055
96,294,125,0.000532,0.000133,9.3e-05,0.139136,False,0,16.9054
96,295,125,0.000507,0.000127,8.8e-05,0.139261,False,0,16.905
96,296,125,0.000594,0.000149,0.000104,0.139417,False,0,16.906
96,297,125,0.000522,0.000131,9e-05,0.13955,False,0,16.9052
96,298,125,0.000602,0.000151,0.000105,0.139689,False,0,16.906
96,299,125,0.000578,0.000145,1e-04,0.139828,False,0,16.9057
96,300,125,0.000579,0.000145,1e-04,0.140014,False,0,16.9058
96,301,125,0.000682,0.00017,0.000119,0.140177,False,0,16.9067
96,302,125,0.000634,0.000159,0.000109,0.140348,False,0,16.9061
96,303,125,0.000614,0.000154,0.000106,0.140478,False,0,16.9061
96,304,125,0.000526,0.000132,9.1e-05,0.140627,False,0,16.9053
96,305,125,0.000519,0.00013,9e-05,0.140746,False,0,16.9053
96,306,125,0.000646,0.000162,0.000112,0.140885,False,0,16.9064
96,307,125,0.000773,0.000193,0.000134,0.141052,False,0,16.9074
96,308,125,0.000721,0.000181,0.000125,0.141198,False,0,16.907
96,309,125,0.000689,0.000172,0.000119,0.141335,False,0,16.9066
96,310,125,0.000629,0.000157,0.000109,0.141482,False,0,16.9061
96,311,125,0.000635,0.000159,0.00011,0.141631,False,0,16.9063
96,312,125,0.000486,0.000122,8.4e-05,0.141761,False,0,16.9048
96,313,125,0.000539,0.000135,9.3e-05,0.141889,False,0,16.9054
96,314,125,0.000602,0.000151,0.000104,0.142019,False,0,16.9059
96,315,125,0.00066,0.000165,0.000114,0.142154,False,0,16.9065
96,316,125,0.000648,0.000162,0.000112,0.142278,False,0,16.9064
96,317,125,0.000681,0.00017,0.000118,0.142417,False,0,16.9066
96,318,125,0.000612,0.000153,0.000106,0.142549,False,0,16.906
96,319,125,0.000618,0.000155,0.000107,0.142703,False,0,16.9061
96,320,125,0.000715,0.000179,0.000124,0.142861,False,0,16.9069
96,321,125,0.00074,0.000185,0.000128,0.143038,True,0,16.9071
96,322,125,0.000711,0.000178,0.000123,0.143205,True,0,16.9068
96,323,125,0.000662,0.000166,0.000114,0.143376,True,0,16.9065
96,324,125,0.000676,0.000169,0.000117,0.143555,True,0,16.9065
96,325,125,0.000737,0.000185,0.000129,0.143736,True,0,16.9072
96,326,125,0.000696,0.000174,0.00012,0.143885,True,0,16.9067
96,327,125,0.000666,0.000167,0.000116,0.144032,True,0,16.9065
96,328,125,0.000648,0.000162,0.000111,0.144176,True,0,16.9062
96,329,125,0.000676,0.000169,0.000117,0.144327,True,0,16.9065
96,330,125,0.00067,0.000168,0.000116,0.144443,True,0,16.9065
96,331,125,0.000633,0.000159,0.000109,0.144539,True,0,16.9061
96,332,125,0.000646,0.000162,0.000112,0.14462,True,0,16.9063
96,333,125,0.000677,0.000169,0.000117,0.144736,True,0,16.9066
96,334,125,0.000719,0.00018,0.000125,0.144863,True,0,16.907
96,335,125,0.000598,0.00015,0.000104,0.145018,True,0,16.9058
96,336,125,0.000672,0.000168,0.000116,0.14518,True,0,16.9065
96,337,125,0.000812,0.000203,0.000141,0.145339,True,0,16.9076
96,338,125,0.00085,0.000213,0.000147,0.145521,True,0,16.9079
96,339,125,0.00082,0.000205,0.000141,0.145712,True,0,16.9075
96,340,125,0.000818,0.000205,0.000141,0.145943,True,0,16.9076
96,341,125,0.000835,0.000209,0.000146,0.146126,True,0,16.9078
96,342,125,0.000796,0.000199,0.000137,0.146294,True,0,16.9072
96,343,125,0.00081,0.000203,0.000141,0.14648,True,0,16.9076
96,344,125,0.000807,0.000202,0.00014,0.146677,True,0,16.9076
96,345,125,0.000801,0.0002,0.000138,0.146913,True,0,16.9074
96,346,125,0.000891,0.000223,0.000155,0.147092,True,0,16.9081
96,347,124,0.000948,0.000237,0.000164,0.147319,True,0,16.9085
96,348,123,0.000894,0.000224,0.000154,0.14756,True,0,16.908
96,349,122,0.000937,0.000235,0.000163,0.147817,True,0,16.9085
96,350,121,0.000764,0.000191,0.000132,0.148028,True,0,16.9071
96,351,120,0.000873,0.000219,0.000151,0.148247,True,0,16.908
96,352,119,0.000954,0.000239,0.000166,0.148436,True,0,16.9086
96,353,118,0.00098,0.000245,0.00017,0.148672,True,0,16.9088
96,354,117,0.000837,0.000209,0.000144,0.148902,True,0,16.9076
96,355,116,0.000916,0.000229,0.000159,0.149168,True,0,16.9084
96,356,115,0.000863,0.000216,0.000149,0.149411,True,0,16.9077
96,357,114,0.000851,0.000213,0.000147,0.149603,True,0,16.9077
96,358,113,0.000936,0.000235,0.000163,0.149762,True,0,16.9085
97,52,125,5.9e-05,1.5e-05,1e-05,0.14438,True,0,16.893
97,53,125,7.5e-05,1.9e-05,1.3e-05,0.142468,False,0,16.8929
97,54,125,4.8e-05,1.2e-05,8e-06,0.14081,False,0,16.8932
97,55,125,6.5e-05,1.6e-05,1.1e-05,0.139349,False,0,16.8928
97,56,125,4e-05,1e-05,7e-06,0.138011,False,0,16.8935
97,57,125,9.9e-05,2.5e-05,1.7e-05,0.136861,False,0,16.892
97,58,125,0.000103,2.6e-05,1.8e-05,0.135798,False,0,16.8919
97,59,125,5e-05,1.3e-05,9e-06,0.134842,False,0,16.8934
97,60,125,1.6e-05,4e-06,3e-06,0.133957,False,0,16.8946
97,61,125,1.5e-05,4e-06,3e-06,0.133148,False,0,16.8946
97,62,125,2.1e-05,5e-06,4e-06,0.132392,False,0,16.8942
97,63,125,1.9e-05,5e-06,3e-06,0.131674,False,0,16.8944
97,64,125,1e-06,0.0,0.0,0.131018,False,0,16.8961
97,65,125,2e-06,0.0,0.0,0.130428,False,0,16.8956
97,66,125,1e-05,2e-06,2e-06,0.129835,False,0,16.8949
97,67,125,2.8e-05,7e-06,5e-06,0.12924,False,0,16.894
97,68,125,2e-05,5e-06,3e-06,0.128701,False,0,16.8943
97,69,125,1.2e-05,3e-06,2e-06,0.128192,False,0,16.8947
97,70,125,1.4e-05,3e-06,2e-06,0.127761,False,0,16.8948
97,71,125,5e-06,1e-06,1e-06,0.127344,False,0,16.8954
97,72,125,3e-06,1e-06,1e-06,0.126954,False,0,16.8957
97,73,125,3e-06,1e-06,1e-06,0.126579,False,0,16.8959
97,74,125,3e-06,1e-06,1e-06,0.126193,False,0,16.8956
97,75,125,1e-06,0.0,0.0,0.125837,False,0,16.8958
97,76,125,1.7e-05,4e-06,3e-06,0.125495,False,0,16.8945
97,77,125,7e-06,2e-06,1e-06,0.125196,False,0,16.895
97,78,125,3e-06,1e-06,0.0,0.124877,False,0,16.8955
97,79,125,7e-06,2e-06,1e-06,0.12458,False,0,16.897
97,80,125,4e-06,1e-06,1e-06,0.124325,False,0,16.8953
97,81,125,6e-06,1e-06,1e-06,0.124086,False,0,16.8955
97,82,125,1.8e-05,4e-06,3e-06,0.123892,False,0,16.8944
97,83,125,1.1e-05,3e-06,2e-06,0.123698,False,0,16.8948
97,84,125,2e-06,0.0,0.0,0.123512,False,0,16.8959
97,85,125,3e-06,1e-06,1e-06,0.12333,False,0,16.8955
97,86,125,1.2e-05,3e-06,2e-06,0.123176,False,0,16.8947
97,87,125,5e-06,1e-06,1e-06,0.123008,False,0,16.8955
97,88,125,1.1e-05,3e-06,2e-06,0.12284,False,0,16.8952
97,89,125,3e-06,1e-06,1e-06,0.122678,False,0,16.8955
97,90,125,5e-06,1e-06,1e-06,0.122522,False,0,16.8954
97,91,125,2e-06,0.0,0.0,0.122387,False,0,16.8955
97,92,125,2e-06,0.0,0.0,0.122253,False,0,16.8957
97,93,125,5e-06,1e-06,1e-06,0.122121,False,0,16.8952
97,94,124,1e-06,0.0,0.0,0.122019,False,0,16.8958
97,95,123,3e-06,1e-06,0.0,0.121948,False,0,16.8954
98,52,125,1.2e-05,3e-06,3e-06,0.149558,True,0,16.8974
98,53,125,2e-05,5e-06,4e-06,0.14766,True,0,16.8978
98,54,125,2.2e-05,6e-06,4e-06,0.146019,True,0,16.898
98,55,125,2.3e-05,5e-06,5e-06,0.144616,True,0,16.8979
98,56,125,1.1e-05,3e-06,2e-06,0.143336,True,0,16.8973
98,57,125,1.3e-05,3e-06,2e-06,0.142152,False,0,16.8975
98,58,125,3.5e-05,9e-06,7e-06,0.141117,False,0,16.8985
98,59,125,1.4e-05,3e-06,2e-06,0.140174,False,0,16.8975
98,60,125,2.1e-05,5e-06,4e-06,0.139302,False,0,16.898
98,61,125,2e-05,5e-06,4e-06,0.138456,False,0,16.8979
98,62,125,2e-05,5e-06,4e-06,0.13774,False,0,16.8979
98,63,125,1.6e-05,4e-06,3e-06,0.137071,False,0,16.8977
98,64,125,2e-05,5e-06,4e-06,0.136437,False,0,16.8979
98,65,125,1.6e-05,4e-06,3e-06,0.13588,False,0,16.8976
98,66,125,5.2e-05,1.3e-05,1e-05,0.135358,False,0,16.8991
98,67,125,7.8e-05,2e-05,1.4e-05,0.134934,False,0,16.8997
98,68,125,4.4e-05,1.1e-05,8e-06,0.134496,False,0,16.8988
98,69,125,2.2e-05,5e-06,4e-06,0.134106,False,0,16.8978
98,70,125,1.2e-05,3e-06,2e-06,0.133678,False,0,16.8974
98,71,125,4.5e-05,1.1e-05,8e-06,0.133294,False,0,16.8988
98,72,125,5.8e-05,1.5e-05,1e-05,0.132899,False,0,16.8992
98,73,125,5.4e-05,1.3e-05,9e-06,0.132508,False,0,16.899
98,74,125,5.3e-05,1.3e-05,9e-06,0.132152,False,0,16.899
98,75,124,6.3e-05,1.6e-05,1.1e-05,0.13181,False,0,16.8993
98,76,123,5.2e-05,1.3e-05,9e-06,0.131489,False,0,16.8989
98,77,122,4.5e-05,1.1e-05,8e-06,0.131176,False,0,16.8988
98,78,121,5.6e-05,1.4e-05,1e-05,0.130883,False,0,16.8991
98,79,120,6e-05,1.5e-05,1.1e-05,0.130639,False,0,16.8993
98,80,119,8.7e-05,2.2e-05,1.5e-05,0.130468,False,0,16.8999
98,81,118,7.3e-05,1.8e-05,1.3e-05,0.13029,False,0,16.8996
98,82,117,6.4e-05,1.6e-05,1.1e-05,0.130078,False,0,16.8993
98,83,116,4.8e-05,1.2e-05,8e-06,0.12989,False,0,16.8988
98,84,115,7.8e-05,2e-05,1.4e-05,0.129755,False,0,16.8997
98,85,114,9.8e-05,2.5e-05,1.7e-05,0.129635,False,0,16.9001
98,86,113,0.000108,2.7e-05,1.8e-05,0.129489,False,0,16.9003
98,87,112,9.8e-05,2.5e-05,1.7e-05,0.12935,False,0,16.9001
98,88,111,0.000119,3e-05,2.1e-05,0.129228,False,0,16.9006
98,89,110,0.000121,3e-05,2.1e-05,0.129121,False,0,16.9006
98,90,109,8.7e-05,2.2e-05,1.5e-05,0.128975,False,0,16.8999
98,91,108,4.8e-05,1.2e-05,8e-06,0.128823,False,0,16.8989
98,92,107,5.6e-05,1.4e-05,9e-06,0.128729,False,0,16.8991
98,93,106,1e-04,2.5e-05,1.9e-05,0.12865,False,0,16.9001
98,94,105,6.9e-05,1.7e-05,1.2e-05,0.128562,False,0,16.8993
98,95,104,8.9e-05,2.2e-05,1.6e-05,0.128465,False,0,16.8999
98,96,103,0.000125,3.1e-05,2.2e-05,0.128391,False,0,16.9006
98,97,102,0.000114,2.9e-05,2e-05,0.128329,False,0,16.9004
98,98,101,0.000103,2.6e-05,1.8e-05,0.12826,False,0,16.9002
98,99,100,0.000125,3.1e-05,2.2e-05,0.128197,False,0,16.9006
98,100,99,0.000153,3.8e-05,2.7e-05,0.128175,False,0,16.9011
98,101,98,0.000199,5e-05,3.5e-05,0.12819,False,0,16.9019
98,102,97,0.00017,4.3e-05,3e-05,0.128226,False,0,16.9014
98,103,96,0.00015,3.8e-05,2.5e-05,0.128221,False,0,16.9009
98,104,95,0.000142,3.5e-05,2.5e-05,0.128199,False,0,16.901
98,105,94,0.000191,4.8e-05,3.3e-05,0.128204,False,0,16.9017
98,106,93,0.000181,4.5e-05,3.1e-05,0.128243,False,0,16.9016
98,107,92,0.000158,4e-05,2.7e-05,0.12828,False,0,16.9012
98,108,91,0.000137,3.4e-05,2.4e-05,0.128298,False,0,16.9009
98,109,90,0.000114,2.8e-05,2e-05,0.128281,False,0,16.9004
98,110,89,9.2e-05,2.3e-05,1.6e-05,0.12827,False,0,16.9
98,111,88,0.000113,2.9e-05,2e-05,0.128319,False,0,16.9004
98,112,87,0.000124,3.1e-05,2.1e-05,0.128366,False,0,16.9005
98,113,86,0.000145,3.7e-05,2.6e-05,0.128481,False,0,16.901
98,114,85,0.000176,4.4e-05,3e-05,0.128585,False,0,16.9014
98,115,84,0.000208,5.3e-05,3.6e-05,0.128644,False,0,16.902
98,116,83,0.000165,4.1e-05,2.8e-05,0.128682,False,0,16.9013
98,117,82,0.000204,5.1e-05,3.5e-05,0.128645,False,0,16.9019
98,118,81,0.000237,5.9e-05,4.1e-05,0.128613,False,0,16.9024
98,119,80,0.000175,4.4e-05,3e-05,0.128603,False,0,16.9014
98,120,79,0.000184,4.6e-05,3.1e-05,0.128672,False,0,16.9016
98,121,78,0.000183,4.6e-05,3.2e-05,0.128808,False,0,16.9016
98,122,77,0.000202,5e-05,3.4e-05,0.128953,False,0,16.9018
98,123,76,0.000305,7.6e-05,5.3e-05,0.129056,False,0,16.9032
98,124,75,0.000267,6.7e-05,4.6e-05,0.129089,False,0,16.9028
98,125,74,0.000266,6.7e-05,4.6e-05,0.129138,False,0,16.9027
98,126,73,0.000251,6.3e-05,4.3e-05,0.129243,False,0,16.9024
98,127,72,0.00025,6.2e-05,4.3e-05,0.129383,False,0,16.9025
98,128,71,0.00028,7e-05,4.9e-05,0.129533,False,0,16.9029
98,129,70,0.000302,7.6e-05,5.1e-05,0.129622,False,0,16.9031
98,130,69,0.000294,7.4e-05,5.1e-05,0.129696,False,0,16.9031
98,131,68,0.000271,6.8e-05,4.7e-05,0.129778,False,0,16.9028
98,132,67,0.000232,5.8e-05,4e-05,0.129919,False,0,16.9022
98,133,66,0.000281,7e-05,4.9e-05,0.130063,False,0,16.9029
98,134,65,0.000281,7.1e-05,4.9e-05,0.130169,False,0,16.9029
98,135,64,0.000306,7.7e-05,5.3e-05,0.13031,False,0,16.9032
98,136,63,0.000273,6.8e-05,4.7e-05,0.130473,False,0,16.9028
98,137,62,0.000252,6.3e-05,4.3e-05,0.130635,False,0,16.9024
98,138,61,0.000274,6.9e-05,4.8e-05,0.130793,False,0,16.9028
98,139,60,0.00028,7e-05,4.9e-05,0.130935,False,0,16.9029
98,140,59,0.000356,8.9e-05,6.2e-05,0.13114,False,0,16.9038
98,141,58,0.000333,8.3e-05,5.7e-05,0.131348,False,0,16.9034
98,142,57,0.00033,8.3e-05,5.7e-05,0.131556,False,0,16.9034
98,143,56,0.00028,7e-05,4.8e-05,0.131738,False,0,16.9029
98,144,55,0.00028,7e-05,4.9e-05,0.131917,False,0,16.9029
98,145,54,0.00033,8.3e-05,5.6e-05,0.132108,False,0,16.9033
98,146,53,0.000384,9.6e-05,6.7e-05,0.132304,False,0,16.9041
98,147,52,0.000303,7.6e-05,5.2e-05,0.132496,False,0,16.9031
98,148,51,0.000318,8e-05,5.5e-05,0.132657,False,0,16.9033
98,149,50,0.000298,7.5e-05,5.1e-05,0.132793,False,0,16.903
98,150,49,0.000371,9.3e-05,6.4e-05,0.132931,False,0,16.9039
98,151,48,0.000332,8.3e-05,5.6e-05,0.133081,False,0,16.9034
98,152,47,0.000361,9.1e-05,6.3e-05,0.133296,False,0,16.9038
98,153,46,0.000383,9.6e-05,6.6e-05,0.133513,False,0,16.904
98,154,45,0.000479,0.00012,8.1e-05,0.133787,False,0,16.9048
98,155,44,0.000417,0.000104,7.2e-05,0.134014,False,0,16.9044
98,156,43,0.000406,0.000102,6.9e-05,0.134207,False,0,16.9042
98,157,42,0.000416,0.000104,7.1e-05,0.134425,False,0,16.9043
98,158,41,0.000493,0.000123,8.5e-05,0.134683,False,0,16.9051
98,159,40,0.000512,0.000128,8.6e-05,0.135013,False,0,16.9052
98,160,39,0.000497,0.000125,8.6e-05,0.135358,False,0,16.9051
98,161,38,0.000451,0.000113,7.7e-05,0.135658,False,0,16.9046
98,162,37,0.000476,0.000119,8.1e-05,0.135922,False,0,16.9048
98,163,36,0.000485,0.000121,8.3e-05,0.136145,False,0,16.9049
98,164,35,0.000486,0.000122,8.3e-05,0.136375,False,0,16.9049
98,165,34,0.000435,0.000109,7.5e-05,0.136662,False,0,16.9044
98,166,33,0.000441,0.000111,7.6e-05,0.136932,False,0,16.9045
98,167,32,0.000466,0.000117,8e-05,0.137243,False,0,16.9047
98,168,31,0.000552,0.000138,9.5e-05,0.137565,False,0,16.9056
98,169,30,0.000607,0.000152,0.000104,0.137917,False,0,16.906
98,170,29,0.000624,0.000156,0.000106,0.138266,False,0,16.906
98,171,28,0.000583,0.000146,1e-04,0.13855,False,0,16.9058
98,172,27,0.000521,0.000131,9e-05,0.138865,False,0,16.9053
98,173,26,0.000458,0.000115,7.8e-05,0.139182,False,0,16.9044
98,174,25,0.000488,0.000122,8.3e-05,0.139588,False,0,16.9049
98,175,24,0.000526,0.000132,9e-05,0.139993,False,0,16.9053
98,176,23,0.000649,0.000163,0.000111,0.140439,False,0,16.9063
98,177,22,0.000715,0.000179,0.000123,0.140898,False,0,16.9069
98,178,21,0.000731,0.000183,0.000124,0.141334,False,0,16.9068
98,179,20,0.000719,0.00018,0.000123,0.141847,False,0,16.9068
98,180,19,0.000764,0.000191,0.000131,0.142343,False,0,16.9072
98,181,18,0.000771,0.000193,0.000131,0.142941,False,0,16.9072
98,182,17,0.000792,0.000198,0.000135,0.143506,True,0,16.9073
99,52,125,0.000192,4.8e-05,3.2e-05,0.144586,True,0,16.8905
99,53,125,0.000206,5.2e-05,3.5e-05,0.142675,False,0,16.8903
99,54,125,0.000232,5.8e-05,3.9e-05,0.141041,False,0,16.8901
99,55,125,0.000327,8.2e-05,5.7e-05,0.139614,False,0,16.8887
99,56,125,0.000234,5.9e-05,4e-05,0.138336,False,0,16.89
99,57,125,0.000275,6.9e-05,4.6e-05,0.137174,False,0,16.8896
99,58,125,0.000273,6.8e-05,4.7e-05,0.136115,False,0,16.8894
99,59,125,0.000302,7.6e-05,5.1e-05,0.135173,False,0,16.8892
99,60,125,0.000276,6.9e-05,4.7e-05,0.134303,False,0,16.8893
99,61,125,0.000419,0.000105,7.2e-05,0.133487,False,0,16.8877
99,62,125,0.00031,7.8e-05,5.2e-05,0.132759,False,0,16.889
99,63,125,0.000224,5.6e-05,3.8e-05,0.132057,False,0,16.89
99,64,125,0.000209,5.2e-05,3.5e-05,0.131401,False,0,16.8903
99,65,125,0.000202,5e-05,3.4e-05,0.130765,False,0,16.8904
99,66,125,0.000218,5.5e-05,3.8e-05,0.130186,False,0,16.89
99,67,125,0.000268,6.7e-05,4.5e-05,0.129634,False,0,16.8895
99,68,125,0.000228,5.7e-05,3.9e-05,0.129115,False,0,16.8899
99,69,125,0.00028,7e-05,4.7e-05,0.128614,False,0,16.8893
99,70,125,0.000234,5.9e-05,4e-05,0.128138,False,0,16.8898
99,71,125,0.000231,5.8e-05,3.9e-05,0.127679,False,0,16.8899
99,72,125,0.000188,4.7e-05,3.2e-05,0.127231,False,0,16.8905
99,73,125,0.000135,3.4e-05,2.3e-05,0.126813,False,0,16.8915
99,74,125,0.000172,4.3e-05,3e-05,0.126445,False,0,16.8907
99,75,125,0.000226,5.7e-05,3.9e-05,0.12613,False,0,16.89
99,76,125,0.00031,7.8e-05,5.2e-05,0.125871,False,0,16.889
99,77,125,0.000307,7.7e-05,5.3e-05,0.125605,False,0,16.8889
99,78,125,0.00022,5.5e-05,3.7e-05,0.12532,False,0,16.8902
99,79,125,0.000211,5.3e-05,3.6e-05,0.125043,False,0,16.8902
99,80,125,0.000226,5.7e-05,3.8e-05,0.124805,False,0,16.89
99,81,125,0.000163,4.1e-05,2.8e-05,0.124604,False,0,16.8911
99,82,125,0.000176,4.4e-05,3e-05,0.124429,False,0,16.8908
99,83,125,0.000164,4.1e-05,2.8e-05,0.124264,False,0,16.8909
99,84,125,7.7e-05,2e-05,1.3e-05,0.124069,False,0,16.8925
99,85,125,9.3e-05,2.3e-05,1.6e-05,0.123872,False,0,16.8922
99,86,125,0.000142,3.6e-05,2.4e-05,0.123699,False,0,16.8912
99,87,125,0.000149,3.7e-05,2.5e-05,0.12354,False,0,16.8911
99,88,125,0.000107,2.7e-05,1.8e-05,0.123414,False,0,16.8919
99,89,125,0.000162,4.1e-05,2.8e-05,0.123288,False,0,16.8909
99,90,125,0.000135,3.4e-05,2.3e-05,0.123187,False,0,16.8914
99,91,125,0.000196,4.9e-05,3.3e-05,0.123061,False,0,16.8904
99,92,125,0.000192,4.8e-05,3.2e-05,0.122963,False,0,16.8905
99,93,125,0.000138,3.5e-05,2.4e-05,0.122851,False,0,16.8913
99,94,125,0.000209,5.2e-05,3.7e-05,0.122788,False,0,16.8901
99,95,125,0.000155,3.9e-05,2.6e-05,0.122704,False,0,16.8911
99,96,125,0.000195,4.9e-05,3.3e-05,0.122634,False,0,16.8904
99,97,125,0.000114,2.8e-05,2e-05,0.122567,False,0,16.8917
99,98,125,0.000128,3.2e-05,2.2e-05,0.122515,False,0,16.8915
99,99,125,0.00012,3e-05,2e-05,0.122459,False,0,16.8918
99,100,125,0.000172,4.3e-05,3e-05,0.122396,False,0,16.8907
99,101,125,0.000124,3.1e-05,2.1e-05,0.122352,False,0,16.8916
99,102,125,6.4e-05,1.6e-05,1.1e-05,0.122274,False,0,16.893
99,103,125,7.2e-05,1.8e-05,1.2e-05,0.122192,False,0,16.8927
99,104,125,9.7e-05,2.5e-05,1.7e-05,0.122098,False,0,16.892
99,105,125,0.000133,3.4e-05,2.3e-05,0.122023,False,0,16.8914
99,106,125,0.000201,5.1e-05,3.4e-05,0.12196,False,0,16.8903
99,107,125,0.000142,3.6e-05,2.4e-05,0.121911,False,0,16.8913
99,108,125,0.000138,3.5e-05,2.4e-05,0.121887,False,0,16.8913
99,109,125,6.7e-05,1.7e-05,1.1e-05,0.121853,False,0,16.8929
99,110,125,9.7e-05,2.4e-05,1.6e-05,0.121798,False,0,16.8921
99,111,125,6.1e-05,1.5e-05,1e-05,0.121774,False,0,16.893
99,112,125,0.000133,3.3e-05,2.3e-05,0.121754,False,0,16.8913
99,113,125,8.4e-05,2.1e-05,1.4e-05,0.121741,False,0,16.8926
99,114,125,9.3e-05,2.3e-05,1.6e-05,0.121744,False,0,16.8921
99,115,125,7.8e-05,1.9e-05,1.3e-05,0.121748,False,0,16.8925
99,116,125,0.000124,3.1e-05,2.1e-05,0.121743,False,0,16.8915
99,117,125,6.9e-05,1.7e-05,1.1e-05,0.121736,False,0,16.8928
99,118,125,1e-04,2.5e-05,1.7e-05,0.121763,False,0,16.8921
99,119,125,8.3e-05,2.1e-05,1.4e-05,0.121799,False,0,16.8923
99,120,125,0.00011,2.8e-05,1.8e-05,0.121811,False,0,16.8919
99,121,125,4.6e-05,1.1e-05,8e-06,0.121818,False,0,16.8934
99,122,125,5.9e-05,1.5e-05,1e-05,0.121823,False,0,16.8931
99,123,125,4e-05,1e-05,7e-06,0.121809,False,0,16.8935
99,124,125,2.9e-05,7e-06,5e-06,0.121785,False,0,16.894
99,125,125,1.1e-05,3e-06,2e-06,0.121778,False,0,16.8949
99,126,125,6e-06,1e-06,1e-06,0.121789,False,0,16.8951
99,127,125,1.7e-05,4e-06,3e-06,0.121813,False,0,16.8944
99,128,125,1.9e-05,5e-06,3e-06,0.121836,False,0,16.8944
99,129,125,5.6e-05,1.4e-05,9e-06,0.121876,False,0,16.8932
99,130,125,3.7e-05,9e-06,7e-06,0.121894,False,0,16.8936
99,131,125,1.4e-05,3e-06,2e-06,0.121884,False,0,16.8947
99,132,125,2.3e-05,6e-06,4e-06,0.121924,False,0,16.8941
99,133,125,2.6e-05,6e-06,4e-06,0.121908,False,0,16.8941
99,134,125,2.6e-05,6e-06,4e-06,0.121929,False,0,16.894
99,135,125,4.2e-05,1e-05,7e-06,0.121941,False,0,16.8934
99,136,125,3.4e-05,9e-06,6e-06,0.121996,False,0,16.8938
99,137,125,6.5e-05,1.6e-05,1.1e-05,0.121982,False,0,16.8928
99,138,125,3.7e-05,9e-06,6e-06,0.121986,False,0,16.8936
99,139,125,1.5e-05,4e-06,2e-06,0.121969,False,0,16.8946
99,140,125,0.0,0.0,0.0,0.12197,False,0,16.896
99,141,125,2e-06,0.0,0.0,0.121998,False,0,16.8955
99,142,125,1e-06,0.0,0.0,0.122012,False,0,16.8963
99,143,125,2e-06,1e-06,0.0,0.122008,False,0,16.8966
99,144,125,5e-06,1e-06,1e-06,0.122022,False,0,16.8953
99,145,125,2e-06,0.0,0.0,0.12206,False,0,16.8961
99,146,125,1e-06,0.0,0.0,0.122124,False,0,16.8956
99,147,125,2e-06,0.0,0.0,0.122153,False,0,16.8965
99,148,125,8e-06,2e-06,1e-06,0.122194,False,0,16.8949
99,149,125,2e-06,1e-06,1e-06,0.122229,False,0,16.8964
99,150,125,2e-06,0.0,0.0,0.122277,False,0,16.8955
99,151,125,8e-06,2e-06,1e-06,0.122344,False,0,16.895
99,152,125,6e-06,2e-06,1e-06,0.12242,False,0,16.8952
99,153,125,5e-06,1e-06,1e-06,0.122491,False,0,16.8959
99,154,125,6e-06,1e-06,1e-06,0.12253,False,0,16.8952
99,155,125,6e-06,1e-06,1e-06,0.122569,False,0,16.8951
99,156,125,2e-06,0.0,0.0,0.1226,False,0,16.8956
99,157,125,1e-06,0.0,0.0,0.122653,False,0,16.8963
99,158,125,6e-06,2e-06,1e-06,0.122704,False,0,16.8951
99,159,125,3e-06,1e-06,0.0,0.122735,False,0,16.8956
99,160,125,5e-06,1e-06,1e-06,0.122783,False,0,16.8969
99,161,125,1e-06,0.0,0.0,0.12281,False,0,16.8964
99,162,125,1e-06,0.0,0.0,0.122879,False,0,16.8963
99,163,125,2e-06,0.0,0.0,0.122927,False,0,16.8955
99,164,125,1e-06,0.0,0.0,0.122966,False,0,16.8957
99,165,125,1e-06,0.0,0.0,0.122995,False,0,16.8958
99,166,125,2e-06,0.0,0.0,0.123054,False,0,16.8965
99,167,125,7e-06,2e-06,1e-06,0.123118,False,0,16.8967
99,168,125,2e-06,1e-06,1e-06,0.123151,False,0,16.8967
99,169,125,1e-06,-0.0,0.0,0.123183,False,0,16.8962
99,170,125,1.2e-05,3e-06,2e-06,0.12325,False,0,16.8974
99,171,125,1.3e-05,3e-06,2e-06,0.123325,False,0,16.8974
99,172,125,2.8e-05,7e-06,5e-06,0.123408,False,0,16.8981
99,173,124,1e-05,3e-06,2e-06,0.123486,False,0,16.8974
99,174,123,1.7e-05,4e-06,3e-06,0.123566,False,0,16.8977
99,175,122,1.6e-05,4e-06,3e-06,0.123635,False,0,16.8976
99,176,121,1.6e-05,4e-06,3e-06,0.123685,False,0,16.8976
99,177,120,2.4e-05,6e-06,4e-06,0.123707,False,0,16.898
99,178,119,2.3e-05,6e-06,4e-06,0.123762,False,0,16.898
99,179,118,1.7e-05,4e-06,3e-06,0.123862,False,0,16.8976
99,180,117,2e-05,5e-06,4e-06,0.123942,False,0,16.8979
99,181,116,1.8e-05,4e-06,3e-06,0.124014,False,0,16.8977
99,182,115,2.5e-05,6e-06,5e-06,0.124116,False,0,16.898
99,183,114,3.2e-05,8e-06,6e-06,0.124206,False,0,16.8984
99,184,113,1.7e-05,5e-06,3e-06,0.12428,False,0,16.8977
99,185,112,8e-06,2e-06,2e-06,0.124331,False,0,16.8972
99,186,111,8e-06,2e-06,2e-06,0.124414,False,0,16.8972
99,187,110,3.5e-05,9e-06,6e-06,0.124516,False,0,16.8984
99,188,109,4.7e-05,1.2e-05,8e-06,0.12461,False,0,16.8988
99,189,108,4.8e-05,1.2e-05,9e-06,0.124748,False,0,16.8987
99,190,107,4.9e-05,1.2e-05,9e-06,0.124869,False,0,16.8989
99,191,106,3.7e-05,9e-06,7e-06,0.124973,False,0,16.8985
99,192,105,3.9e-05,1e-05,7e-06,0.125072,False,0,16.8985
99,193,104,4.6e-05,1.2e-05,8e-06,0.12514,False,0,16.8988
99,194,103,3.9e-05,1e-05,7e-06,0.125222,False,0,16.8986
99,195,102,5.9e-05,1.5e-05,1.1e-05,0.125282,False,0,16.8992
99,196,101,6.4e-05,1.6e-05,1.1e-05,0.125371,False,0,16.8993
99,197,100,5.5e-05,1.4e-05,1e-05,0.125448,False,0,16.8991
99,198,99,5e-05,1.2e-05,9e-06,0.125537,False,0,16.8989
99,199,98,6.3e-05,1.6e-05,1.1e-05,0.125597,False,0,16.8992
99,200,97,5.3e-05,1.3e-05,1e-05,0.125669,False,0,16.899
99,201,96,6.4e-05,1.6e-05,1.2e-05,0.125753,False,0,16.8992
99,202,95,9.3e-05,2.3e-05,1.6e-05,0.125849,False,0,16.8999
99,203,94,8e-05,2e-05,1.4e-05,0.125939,False,0,16.8997
99,204,93,2.7e-05,7e-06,5e-06,0.126028,False,0,16.898
99,205,92,4.9e-05,1.2e-05,9e-06,0.126147,False,0,16.8987
99,206,91,7.1e-05,1.8e-05,1.3e-05,0.126291,False,0,16.8995
99,207,90,0.000139,3.5e-05,2.4e-05,0.126423,False,0,16.9008
99,208,89,0.000145,3.7e-05,2.5e-05,0.126559,False,0,16.9009
99,209,88,0.000158,4e-05,2.8e-05,0.126693,False,0,16.901
99,210,87,0.00018,4.5e-05,3.2e-05,0.126831,False,0,16.9015
99,211,86,0.000155,3.9e-05,2.7e-05,0.126955,False,0,16.9012
99,212,85,0.000126,3.2e-05,2.2e-05,0.12708,False,0,16.9006
99,213,84,0.000168,4.2e-05,2.9e-05,0.127216,False,0,16.9012
99,214,83,0.00018,4.5e-05,3.2e-05,0.127373,False,0,16.9014
99,215,82,0.000278,6.9e-05,4.8e-05,0.127571,False,0,16.9028
99,216,81,0.000271,6.8e-05,4.7e-05,0.127775,False,0,16.9026
99,217,80,0.00022,5.5e-05,3.9e-05,0.127947,False,0,16.9021
99,218,79,0.000217,5.4e-05,3.8e-05,0.128086,False,0,16.9019
99,219,78,0.000226,5.7e-05,4e-05,0.128224,False,0,16.9022
99,220,77,0.000292,7.3e-05,5.1e-05,0.128376,False,0,16.903
99,221,76,0.000293,7.3e-05,5.2e-05,0.128521,False,0,16.9031
99,222,75,0.000241,6.1e-05,4.1e-05,0.12865,False,0,16.9022
99,223,74,0.000259,6.5e-05,4.6e-05,0.128813,False,0,16.9026
99,224,73,0.000249,6.3e-05,4.3e-05,0.128996,False,0,16.9024
99,225,72,0.00037,9.3e-05,6.5e-05,0.129203,False,0,16.9039
99,226,71,0.000318,8e-05,5.6e-05,0.129394,False,0,16.9033
99,227,70,0.000407,0.000102,7e-05,0.129584,False,0,16.9041
99,228,69,0.00041,0.000103,7.2e-05,0.129775,False,0,16.9043
99,229,68,0.000409,0.000102,7.1e-05,0.129954,False,0,16.9041
99,230,67,0.000386,9.7e-05,6.8e-05,0.130147,False,0,16.9039
99,231,66,0.00041,0.000102,7.2e-05,0.130368,False,0,16.9043
99,232,65,0.000369,9.2e-05,6.4e-05,0.130529,False,0,16.9038
99,233,64,0.000357,8.9e-05,6.1e-05,0.130702,False,0,16.9036
99,234,63,0.000452,0.000113,8e-05,0.130886,False,0,16.9048
99,235,62,0.000519,0.00013,9e-05,0.131141,False,0,16.9052
99,236,61,0.000568,0.000142,9.9e-05,0.131393,False,0,16.9057
99,237,60,0.000587,0.000147,0.000102,0.131672,False,0,16.9058
99,238,59,0.00064,0.00016,0.000112,0.131926,False,0,16.9064
99,239,58,0.000582,0.000146,0.000101,0.132164,False,0,16.9058
99,240,57,0.000574,0.000144,9.9e-05,0.13244,False,0,16.9056
99,241,56,0.000687,0.000172,0.000121,0.132702,False,0,16.9068
99,242,55,0.000674,0.000169,0.000117,0.133016,False,0,16.9066
99,243,54,0.000738,0.000185,0.000128,0.133334,False,0,16.9071
99,244,53,0.00084,0.00021,0.000145,0.1337,False,0,16.9078
99,245,52,0.000788,0.000197,0.000136,0.134054,False,0,16.9074
99,246,51,0.000655,0.000164,0.000113,0.134382,False,0,16.9063
99,247,50,0.000592,0.000148,0.000103,0.134681,False,0,16.9059
99,248,49,0.000649,0.000163,0.000112,0.135018,False,0,16.9063
99,249,48,0.000756,0.000189,0.000133,0.135357,False,0,16.9073
99,250,47,0.000781,0.000195,0.000136,0.135761,False,0,16.9073
99,251,46,0.000842,0.00021,0.000146,0.136146,False,0,16.9078
99,252,45,0.000859,0.000215,0.00015,0.136508,False,0,16.908
99,253,44,0.000793,0.000199,0.000138,0.136844,False,0,16.9074
99,254,43,0.000822,0.000206,0.000142,0.137249,False,0,16.9075
99,255,42,0.000983,0.000246,0.000173,0.137656,False,0,16.9089
99,256,41,0.000978,0.000245,0.000169,0.138081,False,0,16.9086
99,257,40,0.000996,0.000249,0.000173,0.138502,False,0,16.9087
99,258,39,0.001016,0.000254,0.000177,0.138958,False,0,16.909
99,259,38,0.001001,0.000251,0.000172,0.139419,False,0,16.9087
99,260,37,0.001082,0.000271,0.000189,0.139864,False,0,16.9095
99,261,36,0.001023,0.000256,0.000176,0.140346,False,0,16.9089
99,262,35,0.001107,0.000277,0.000193,0.140863,False,0,16.9096
99,263,34,0.001022,0.000256,0.000176,0.141346,False,0,16.9088
99,264,33,0.001023,0.000256,0.000177,0.141838,False,0,16.9088
99,265,32,0.001193,0.000299,0.000208,0.142313,False,0,16.9101
99,266,31,0.001195,0.000299,0.000208,0.142849,False,0,16.9101
99,267,30,0.001125,0.000282,0.000194,0.143444,True,0,16.9092
99,268,29,0.001362,0.000341,0.000236,0.144151,True,0,16.9109
99,269,28,0.001294,0.000324,0.000223,0.144878,True,0,16.9105
99,270,27,0.001281,0.000321,0.000223,0.145564,True,0,16.9105
99,271,26,0.001303,0.000326,0.000226,0.146229,True,0,16.9106
99,272,25,0.001433,0.000359,0.000248,0.14692,True,0,16.9113
99,273,24,0.001467,0.000367,0.000255,0.147627,True,0,16.9116
99,274,23,0.001501,0.000376,0.000258,0.148402,True,0,16.9116
99,275,22,0.001549,0.000388,0.000268,0.149172,True,0,16.912
99,276,21,0.001537,0.000385,0.000266,0.149976,True,0,16.9118
99,277,20,0.00162,0.000406,0.00028,0.150771,True,0,16.9123
99,278,19,0.001726,0.000432,0.000298,0.15164,True,0,16.9128
99,279,18,0.001733,0.000434,0.000299,0.152505,True,0,16.9128
99,280,17,0.001804,0.000452,0.000313,0.153434,True,0,16.9133
99,281,16,0.001777,0.000445,0.000308,0.154331,True,0,16.9131
99,282,15,0.001895,0.000475,0.000328,0.155351,True,0,16.9136
99,283,14,0.001891,0.000474,0.000327,0.156387,True,0,16.9136
99,284,13,0.001901,0.000476,0.000329,0.157479,True,0,16.9136
99,285,12,0.00187,0.000468,0.000323,0.158561,True,0,16.9134
99,286,11,0.001989,0.000498,0.000345,0.159692,True,0,16.9141
99,287,10,0.001973,0.000494,0.000341,0.160792,True,0,16.9139
99,288,9,0.002043,0.000511,0.000353,0.161996,True,0,16.9143
99,289,8,0.002031,0.000509,0.00035,0.163241,True,0,16.9141
100,52,125,0.001194,0.000298,0.000203,0.156833,True,0,16.8822
100,53,125,0.000959,0.00024,0.000165,0.154778,True,0,16.8835
100,54,125,0.000906,0.000227,0.000155,0.152995,True,0,16.884
100,55,125,0.001117,0.000279,0.000191,0.151425,True,0,16.8828
100,56,125,0.001801,0.00045,0.00031,0.150123,True,0,16.879
100,57,125,0.00203,0.000507,0.000346,0.148964,True,0,16.878
100,58,125,0.001949,0.000487,0.000334,0.148149,True,0,16.8784
100,59,125,0.002509,0.000626,0.00043,0.14741,True,0,16.8759
100,60,125,0.002733,0.000682,0.000466,0.146846,True,0,16.8751
100,61,125,0.00194,0.000484,0.000332,0.146252,True,0,16.8782
100,62,125,0.001456,0.000364,0.000248,0.145655,True,0,16.881
100,63,125,0.001608,0.000402,0.000276,0.145009,True,0,16.88
100,64,125,0.00178,0.000445,0.000304,0.144509,True,0,16.879
100,65,125,0.001089,0.000272,0.000185,0.14392,True,0,16.8828
100,66,125,0.000827,0.000207,0.000141,0.143591,True,0,16.8848
100,67,125,0.001293,0.000323,0.000225,0.143268,True,0,16.8813
100,68,125,0.000945,0.000236,0.000159,0.14277,False,0,16.8838
100,69,125,0.000613,0.000153,0.000105,0.142174,False,0,16.8861
100,70,125,0.000855,0.000214,0.000147,0.1419,False,0,16.8844
100,71,125,0.001326,0.000331,0.000227,0.14147,False,0,16.8813
100,72,125,0.000907,0.000227,0.000155,0.140926,False,0,16.884
100,73,125,0.000543,0.000136,9.4e-05,0.140328,False,0,16.8867
100,74,125,0.000609,0.000152,0.000104,0.139804,False,0,16.8861
100,75,125,0.000556,0.000139,9.5e-05,0.13927,False,0,16.8867
100,76,125,0.000551,0.000138,9.3e-05,0.138789,False,0,16.8866
100,77,125,0.000623,0.000156,0.000108,0.138509,False,0,16.8861
100,78,125,0.001296,0.000324,0.000223,0.138262,False,0,16.8815
100,79,125,0.001135,0.000283,0.000192,0.138009,False,0,16.8825
100,80,125,0.000793,0.000198,0.000135,0.137668,False,0,16.8847
100,81,125,0.000743,0.000186,0.000128,0.137419,False,0,16.885
100,82,125,0.001062,0.000265,0.000181,0.137012,False,0,16.8829
100,83,125,0.000698,0.000174,0.000119,0.136389,False,0,16.8855
100,84,125,0.000495,0.000124,8.4e-05,0.135788,False,0,16.8872
100,85,125,0.000425,0.000106,7.3e-05,0.135343,False,0,16.8878
100,86,125,0.00056,0.00014,9.6e-05,0.134981,False,0,16.8865
100,87,125,0.000512,0.000128,8.8e-05,0.134667,False,0,16.8869
100,88,125,0.000501,0.000125,8.5e-05,0.134346,False,0,16.887
100,89,125,0.000544,0.000136,9.4e-05,0.134035,False,0,16.8866
100,90,125,0.000524,0.000131,8.9e-05,0.133716,False,0,16.8869
100,91,125,0.000534,0.000133,9.1e-05,0.133433,False,0,16.8867
100,92,125,0.000386,9.6e-05,6.5e-05,0.133178,False,0,16.8883
100,93,125,0.000395,9.9e-05,6.8e-05,0.132917,False,0,16.888
100,94,125,0.00039,9.8e-05,6.6e-05,0.132642,False,0,16.8882
100,95,125,0.00041,0.000102,7.1e-05,0.132387,False,0,16.8878
100,96,125,0.00076,0.00019,0.00013,0.132317,False,0,16.8851
100,97,125,0.00099,0.000247,0.000169,0.132328,False,0,16.8833
100,98,125,0.000641,0.00016,0.00011,0.132177,False,0,16.8858
100,99,125,0.000387,9.7e-05,6.6e-05,0.131884,False,0,16.8881
100,100,125,0.00062,0.000155,0.000106,0.131801,False,0,16.8861
100,101,125,0.000798,0.000199,0.000136,0.131753,False,0,16.8846
100,102,125,0.000565,0.000141,9.6e-05,0.131738,False,0,16.8867
100,103,125,0.000371,9.3e-05,6.4e-05,0.13166,False,0,16.8882
100,104,125,0.000339,8.5e-05,5.8e-05,0.131517,False,0,16.8886
100,105,125,0.000345,8.6e-05,5.9e-05,0.131236,False,0,16.8885
100,106,125,0.000401,1e-04,6.9e-05,0.130889,False,0,16.8879
100,107,125,0.000305,7.6e-05,5.2e-05,0.130506,False,0,16.8891
100,108,125,0.000195,4.9e-05,3.4e-05,0.130032,False,0,16.8903
100,109,125,0.000248,6.2e-05,4.3e-05,0.129606,False,0,16.8897
100,110,125,0.000251,6.3e-05,4.3e-05,0.129213,False,0,16.8897
100,111,125,0.000297,7.4e-05,5.1e-05,0.128832,False,0,16.889
100,112,125,0.000329,8.2e-05,5.6e-05,0.128514,False,0,16.8888
100,113,125,0.000299,7.5e-05,5.1e-05,0.128282,False,0,16.8891
100,114,125,0.000291,7.3e-05,5e-05,0.128006,False,0,16.8891
100,115,125,0.00023,5.8e-05,3.9e-05,0.12781,False,0,16.8899
100,116,125,0.000249,6.3e-05,4.3e-05,0.127384,False,0,16.8896
100,117,125,0.000199,5e-05,3.3e-05,0.126965,False,0,16.8905
100,118,125,0.000291,7.3e-05,5e-05,0.126763,False,0,16.8891
100,119,125,0.000274,6.8e-05,4.6e-05,0.126677,False,0,16.8894
100,120,125,0.000297,7.4e-05,5.1e-05,0.126332,False,0,16.889
100,121,125,0.000271,6.8e-05,4.6e-05,0.126002,False,0,16.8895
100,122,125,0.00017,4.3e-05,2.9e-05,0.125867,False,0,16.8907
100,123,125,0.000279,7e-05,4.7e-05,0.125847,False,0,16.8894
100,124,125,0.000302,7.5e-05,5.2e-05,0.125814,False,0,16.889
100,125,125,0.000322,8.1e-05,5.5e-05,0.125787,False,0,16.8888
100,126,125,0.000222,5.6e-05,3.7e-05,0.125687,False,0,16.8901
100,127,125,0.000186,4.6e-05,3.2e-05,0.125387,False,0,16.8906
100,128,125,0.000195,4.9e-05,3.3e-05,0.125193,False,0,16.8904
100,129,125,0.000222,5.6e-05,3.8e-05,0.124983,False,0,16.8901
100,130,125,0.000217,5.4e-05,3.7e-05,0.124893,False,0,16.8901
100,131,125,0.000119,3e-05,2e-05,0.124715,False,0,16.8917
100,132,125,0.000151,3.8e-05,2.6e-05,0.124546,False,0,16.8911
100,133,125,0.000193,4.8e-05,3.3e-05,0.124504,False,0,16.8905
100,134,125,0.000265,6.7e-05,4.6e-05,0.124522,False,0,16.8894
100,135,125,0.000207,5.2e-05,3.5e-05,0.124512,False,0,16.8903
100,136,125,0.000152,3.8e-05,2.6e-05,0.124512,False,0,16.8912
100,137,125,0.000184,4.6e-05,3.2e-05,0.124534,False,0,16.8905
100,138,125,7.2e-05,1.8e-05,1.2e-05,0.124557,False,0,16.8927
100,139,125,0.000134,3.3e-05,2.2e-05,0.124563,False,0,16.8915
100,140,125,0.000167,4.2e-05,2.9e-05,0.124559,False,0,16.8908
100,141,125,0.000216,5.4e-05,3.7e-05,0.124573,False,0,16.8901
100,142,125,0.000205,5.1e-05,3.5e-05,0.124588,False,0,16.8902
100,143,125,0.000196,4.9e-05,3.4e-05,0.124594,False,0,16.8903
100,144,125,0.000179,4.5e-05,3e-05,0.124604,False,0,16.8907
100,145,125,0.000225,5.6e-05,3.8e-05,0.124578,False,0,16.89
100,146,125,1e-04,2.5e-05,1.7e-05,0.124411,False,0,16.8922
100,147,125,6.9e-05,1.7e-05,1.2e-05,0.124196,False,0,16.893
100,148,125,4.4e-05,1.1e-05,8e-06,0.124142,False,0,16.8934
100,149,125,8.6e-05,2.1e-05,1.4e-05,0.124101,False,0,16.8924
100,150,125,7e-05,1.7e-05,1.2e-05,0.123922,False,0,16.8927
100,151,124,0.000119,3e-05,2e-05,0.123733,False,0,16.8918
100,152,123,9.3e-05,2.4e-05,1.6e-05,0.123698,False,0,16.8922
100,153,122,7.2e-05,1.8e-05,1.2e-05,0.123695,False,0,16.8926
100,154,121,2.8e-05,7e-06,5e-06,0.123704,False,0,16.894
100,155,120,2.3e-05,6e-06,4e-06,0.123713,False,0,16.8941
100,156,119,4.8e-05,1.2e-05,8e-06,0.123728,False,0,16.8935
100,157,118,6.5e-05,1.7e-05,1.1e-05,0.123753,False,0,16.8928
100,158,117,6.3e-05,1.6e-05,1e-05,0.123786,False,0,16.8929
100,159,116,9.4e-05,2.4e-05,1.6e-05,0.123835,False,0,16.8921
100,160,115,7.9e-05,2e-05,1.4e-05,0.12389,False,0,16.8924
100,161,114,7.1e-05,1.8e-05,1.1e-05,0.123931,False,0,16.8928
100,162,113,5.4e-05,1.3e-05,9e-06,0.123955,False,0,16.8931
100,163,112,3.6e-05,9e-06,6e-06,0.12397,False,0,16.8937
100,164,111,6.6e-05,1.6e-05,1.1e-05,0.124004,False,0,16.8928
100,165,110,7.5e-05,1.9e-05,1.3e-05,0.124075,False,0,16.8925
100,166,109,6.6e-05,1.7e-05,1.1e-05,0.124159,False,0,16.8928
100,167,108,2.7e-05,7e-06,4e-06,0.124205,False,0,16.8942
100,168,107,7e-06,2e-06,1e-06,0.124248,False,0,16.8952
100,169,106,3.8e-05,9e-06,6e-06,0.124282,False,0,16.8936
100,170,105,6.6e-05,1.6e-05,1.1e-05,0.124348,False,0,16.8928
100,171,104,3.9e-05,1e-05,6e-06,0.124404,False,0,16.8938
100,172,103,2.1e-05,5e-06,3e-06,0.12442,False,0,16.8942
100,173,102,1.8e-05,4e-06,3e-06,0.124414,False,0,16.8945
100,174,101,1.6e-05,4e-06,3e-06,0.12443,False,0,16.8945
100,175,100,2.7e-05,7e-06,4e-06,0.124485,False,0,16.894
100,176,99,7e-06,2e-06,1e-06,0.12453,False,0,16.895
100,177,98,1.1e-05,2e-06,2e-06,0.124585,False,0,16.8948
100,178,97,3e-06,1e-06,0.0,0.124626,False,0,16.8956
100,179,96,4e-06,1e-06,1e-06,0.124679,False,0,16.8954
100,180,95,1e-06,0.0,0.0,0.124723,False,0,16.8958
100,181,94,3e-06,1e-06,1e-06,0.124775,False,0,16.8967
100,182,93,4e-06,1e-06,1e-06,0.124828,False,0,16.8967
100,183,92,1e-06,0.0,0.0,0.124875,False,0,16.8963
100,184,91,1e-06,0.0,0.0,0.124896,False,0,16.8958
100,185,90,6e-06,1e-06,1e-06,0.124942,False,0,16.8971
100,186,89,1.1e-05,2e-06,2e-06,0.12498,False,0,16.8974
100,187,88,2.2e-05,6e-06,4e-06,0.125008,False,0,16.8977
100,188,87,9e-06,2e-06,2e-06,0.125023,False,0,16.8973
100,189,86,1.3e-05,3e-06,2e-06,0.125066,False,0,16.8975
100,190,85,7e-06,2e-06,1e-06,0.125118,False,0,16.8968
100,191,84,3.3e-05,8e-06,6e-06,0.125201,False,0,16.8984
100,192,83,3.7e-05,9e-06,6e-06,0.125308,False,0,16.8984
100,193,82,8.5e-05,2.2e-05,1.6e-05,0.125392,False,0,16.8999
100,194,81,6.6e-05,1.7e-05,1.2e-05,0.125453,False,0,16.8994
100,195,80,5.1e-05,1.3e-05,9e-06,0.125503,False,0,16.8988
100,196,79,3.8e-05,9e-06,7e-06,0.125547,False,0,16.8986
100,197,78,3.7e-05,9e-06,7e-06,0.125606,False,0,16.8985
100,198,77,2.8e-05,7e-06,5e-06,0.125683,False,0,16.8982
100,199,76,4.6e-05,1.2e-05,8e-06,0.125805,False,0,16.8987
100,200,75,5.7e-05,1.5e-05,1e-05,0.125893,False,0,16.8991
100,201,74,9.6e-05,2.4e-05,1.7e-05,0.125964,False,0,16.9
100,202,73,7.7e-05,1.9e-05,1.4e-05,0.126057,False,0,16.8996
100,203,72,6.1e-05,1.6e-05,1.1e-05,0.126175,False,0,16.8993
100,204,71,7e-05,1.7e-05,1.3e-05,0.126267,False,0,16.8995
100,205,70,9.5e-05,2.4e-05,1.7e-05,0.126369,False,0,16.9
100,206,69,8.9e-05,2.3e-05,1.6e-05,0.126459,False,0,16.8999
100,207,68,0.000124,3.1e-05,2.2e-05,0.126563,False,0,16.9006
100,208,67,0.000139,3.5e-05,2.5e-05,0.126667,False,0,16.9009
100,209,66,0.000137,3.4e-05,2.4e-05,0.126779,False,0,16.9009
100,210,65,8.5e-05,2.1e-05,1.5e-05,0.126881,False,0,16.8998
100,211,64,0.00017,4.3e-05,3e-05,0.127003,False,0,16.9014
100,212,63,0.000242,6e-05,4.2e-05,0.127128,False,0,16.9024
100,213,62,0.000223,5.6e-05,3.9e-05,0.127271,False,0,16.902
100,214,61,0.00022,5.5e-05,3.9e-05,0.127399,False,0,16.9021
100,215,60,0.000245,6.1e-05,4.3e-05,0.127533,False,0,16.9024
100,216,59,0.00023,5.8e-05,4e-05,0.127669,False,0,16.9021
100,217,58,0.000299,7.5e-05,5.3e-05,0.127851,False,0,16.9032
100,218,57,0.000242,6.1e-05,4.2e-05,0.128004,False,0,16.9023
100,219,56,0.000287,7.2e-05,5e-05,0.128153,False,0,16.903
100,220,55,0.000227,5.7e-05,4e-05,0.12829,False,0,16.9022
100,221,54,0.000233,5.8e-05,4.1e-05,0.128483,False,0,16.9023
100,222,53,0.000223,5.6e-05,3.9e-05,0.128709,False,0,16.9021
100,223,52,0.000315,7.9e-05,5.5e-05,0.128917,False,0,16.9033
100,224,51,0.000409,0.000102,7.1e-05,0.12915,False,0,16.9042
100,225,50,0.000499,0.000125,8.8e-05,0.129401,False,0,16.9052
100,226,49,0.000454,0.000114,7.8e-05,0.129668,False,0,16.9044
100,227,48,0.0005,0.000125,8.7e-05,0.129936,False,0,16.9051
100,228,47,0.000557,0.000139,9.7e-05,0.130201,False,0,16.9056
100,229,46,0.000565,0.000142,9.9e-05,0.130479,False,0,16.9058
100,230,45,0.000555,0.000139,9.6e-05,0.130764,False,0,16.9055
100,231,44,0.000547,0.000137,9.5e-05,0.131037,False,0,16.9056
100,232,43,0.000549,0.000137,9.5e-05,0.131297,False,0,16.9056
100,233,42,0.000568,0.000142,9.8e-05,0.131619,False,0,16.9056
100,234,41,0.00067,0.000168,0.000118,0.131959,False,0,16.9066
100,235,40,0.000683,0.000171,0.000118,0.13232,False,0,16.9065
100,236,39,0.000717,0.000179,0.000124,0.132663,False,0,16.9068
100,237,38,0.000768,0.000192,0.000134,0.133013,False,0,16.9073
100,238,37,0.000755,0.000189,0.000131,0.133407,False,0,16.9071
100,239,36,0.000864,0.000216,0.00015,0.133829,False,0,16.9079
100,240,35,0.000864,0.000216,0.000151,0.13428,False,0,16.908
100,241,34,0.000893,0.000223,0.000155,0.134736,False,0,16.9081
100,242,33,0.000939,0.000235,0.000163,0.135174,False,0,16.9084
100,243,32,0.000966,0.000242,0.000168,0.135646,False,0,16.9086
100,244,31,0.00108,0.00027,0.000188,0.136132,False,0,16.9094
100,245,30,0.001098,0.000275,0.000191,0.136635,False,0,16.9095
100,246,29,0.001045,0.000262,0.000181,0.137176,False,0,16.909
100,247,28,0.001186,0.000297,0.000208,0.137745,False,0,16.9101
