unit_number,cycle,true_rul,pred_rul,pred_std,lower_90,upper_90,prob_failure_20,prob_failure_50,alert_tier,residual
1,52,125,123.97,2.77,119.42,128.53,0.001,0.001,NOMINAL,-1.03
1,53,125,124.07,4.0,117.49,130.66,0.001,0.001,NOMINAL,-0.93
1,54,125,124.07,2.77,119.52,128.62,0.001,0.001,NOMINAL,-0.93
1,55,125,124.07,2.77,119.52,128.62,0.001,0.001,NOMINAL,-0.93
1,56,125,124.07,2.77,119.52,128.62,0.001,0.001,NOMINAL,-0.93
1,57,125,124.07,2.77,119.52,128.62,0.001,0.001,NOMINAL,-0.93
1,58,125,124.07,2.77,119.52,128.62,0.001,0.001,NOMINAL,-0.93
1,59,125,124.07,2.77,119.52,128.62,0.001,0.001,NOMINAL,-0.93
1,60,125,124.07,2.77,119.52,128.62,0.001,0.001,NOMINAL,-0.93
1,61,125,124.07,2.77,119.52,128.62,0.001,0.001,NOMINAL,-0.93
1,62,125,124.07,2.77,119.52,128.62,0.001,0.001,NOMINAL,-0.93
1,63,125,124.07,2.77,119.52,128.62,0.001,0.001,NOMINAL,-0.93
1,64,125,124.07,2.77,119.52,128.62,0.001,0.001,NOMINAL,-0.93
1,65,125,124.07,2.77,119.52,128.62,0.001,0.001,NOMINAL,-0.93
1,66,125,124.07,2.77,119.52,128.62,0.001,0.001,NOMINAL,-0.93
1,67,125,123.97,2.77,119.42,128.53,0.001,0.001,NOMINAL,-1.03
1,68,125,124.07,2.77,119.52,128.62,0.001,0.001,NOMINAL,-0.93
1,69,125,124.07,4.0,117.49,130.66,0.001,0.001,NOMINAL,-0.93
1,70,125,124.07,2.77,119.52,128.62,0.001,0.001,NOMINAL,-0.93
1,71,125,124.07,2.77,119.52,128.62,0.001,0.001,NOMINAL,-0.93
1,72,125,124.07,2.77,119.52,128.62,0.001,0.001,NOMINAL,-0.93
1,73,125,124.07,2.77,119.52,128.62,0.001,0.001,NOMINAL,-0.93
1,74,125,123.97,4.0,117.39,130.56,0.001,0.001,NOMINAL,-1.03
1,75,125,124.07,2.77,119.52,128.62,0.001,0.001,NOMINAL,-0.93
1,76,125,124.07,4.0,117.49,130.66,0.001,0.001,NOMINAL,-0.93
1,77,125,124.07,2.77,119.52,128.62,0.001,0.001,NOMINAL,-0.93
1,78,125,124.07,4.0,117.49,130.66,0.001,0.001,NOMINAL,-0.93
1,79,125,124.07,2.77,119.52,128.62,0.001,0.001,NOMINAL,-0.93
1,80,125,124.07,2.77,119.52,128.62,0.001,0.001,NOMINAL,-0.93
1,81,125,124.07,2.77,119.52,128.62,0.001,0.001,NOMINAL,-0.93
1,82,125,124.07,2.77,119.52,128.62,0.001,0.001,NOMINAL,-0.93
1,83,125,124.07,2.77,119.52,128.62,0.001,0.001,NOMINAL,-0.93
1,84,125,124.07,2.77,119.52,128.62,0.001,0.001,NOMINAL,-0.93
1,85,125,124.07,2.77,119.52,128.62,0.001,0.001,NOMINAL,-0.93
1,86,125,124.07,2.77,119.52,128.62,0.001,0.001,NOMINAL,-0.93
1,87,125,124.07,2.77,119.52,128.62,0.001,0.001,NOMINAL,-0.93
1,88,125,124.07,2.77,119.52,128.62,0.001,0.001,NOMINAL,-0.93
1,89,125,124.07,2.77,119.52,128.62,0.001,0.001,NOMINAL,-0.93
1,90,125,124.07,2.77,119.52,128.62,0.001,0.001,NOMINAL,-0.93
1,91,125,124.07,2.77,119.52,128.62,0.001,0.001,NOMINAL,-0.93
1,92,125,124.07,2.77,119.52,128.62,0.001,0.001,NOMINAL,-0.93
1,93,125,124.07,2.77,119.52,128.62,0.001,0.001,NOMINAL,-0.93
1,94,125,123.97,2.77,119.42,128.53,0.001,0.001,NOMINAL,-1.03
1,95,125,123.78,3.0,118.85,128.72,0.001,0.001,NOMINAL,-1.22
1,96,125,123.97,6.25,113.7,134.25,0.001,0.001,NOMINAL,-1.03
1,97,125,123.97,6.15,113.85,134.09,0.001,0.001,NOMINAL,-1.03
1,98,125,123.97,6.15,113.85,134.09,0.001,0.001,NOMINAL,-1.03
1,99,125,123.78,6.15,113.66,133.9,0.001,0.001,NOMINAL,-1.22
1,100,125,123.97,6.25,113.7,134.25,0.001,0.001,NOMINAL,-1.03
1,101,125,123.78,6.45,113.16,134.4,0.001,0.001,NOMINAL,-1.22
1,102,125,123.64,6.25,113.37,133.92,0.001,0.001,NOMINAL,-1.36
1,103,125,122.93,7.22,111.05,134.81,0.001,0.001,NOMINAL,-2.07
1,104,125,123.53,7.22,111.65,135.41,0.001,0.001,NOMINAL,-1.47
1,105,125,123.78,6.43,113.2,134.36,0.001,0.001,NOMINAL,-1.22
1,106,125,123.34,7.22,111.46,135.22,0.001,0.001,NOMINAL,-1.66
1,107,125,120.43,8.19,106.96,133.91,0.001,0.001,NOMINAL,-4.57
1,108,125,122.13,8.13,108.76,135.5,0.001,0.001,NOMINAL,-2.87
1,109,125,123.78,7.14,112.05,135.52,0.001,0.001,NOMINAL,-1.22
1,110,125,123.26,7.16,111.49,135.04,0.001,0.001,NOMINAL,-1.74
1,111,125,123.52,6.99,112.01,135.02,0.001,0.001,NOMINAL,-1.48
1,112,125,123.26,7.39,111.1,135.42,0.001,0.001,NOMINAL,-1.74
1,113,125,123.52,7.14,111.78,135.25,0.001,0.001,NOMINAL,-1.48
1,114,125,123.07,7.39,110.91,135.23,0.001,0.001,NOMINAL,-1.93
1,115,125,123.97,6.25,113.7,134.25,0.001,0.001,NOMINAL,-1.03
1,116,125,123.97,6.15,113.85,134.09,0.001,0.001,NOMINAL,-1.03
1,117,125,123.97,6.15,113.85,134.09,0.001,0.001,NOMINAL,-1.03
1,118,125,124.07,5.68,114.74,133.41,0.001,0.001,NOMINAL,-0.93
1,119,125,122.92,6.45,112.3,133.54,0.001,0.001,NOMINAL,-2.08
1,120,125,123.97,6.15,113.85,134.09,0.001,0.001,NOMINAL,-1.03
1,121,125,123.97,6.25,113.7,134.25,0.001,0.001,NOMINAL,-1.03
1,122,125,123.97,6.15,113.85,134.09,0.001,0.001,NOMINAL,-1.03
1,123,125,123.78,6.45,113.16,134.4,0.001,0.001,NOMINAL,-1.22
1,124,125,123.78,6.45,113.16,134.4,0.001,0.001,NOMINAL,-1.22
1,125,125,123.38,7.22,111.5,135.26,0.001,0.001,NOMINAL,-1.62
1,126,125,122.93,7.37,110.81,135.06,0.001,0.001,NOMINAL,-2.07
1,127,125,123.38,6.65,112.45,134.31,0.001,0.001,NOMINAL,-1.62
1,128,125,121.69,7.52,109.32,134.05,0.001,0.001,NOMINAL,-3.31
1,129,125,122.79,8.2,109.31,136.28,0.001,0.001,NOMINAL,-2.21
1,130,125,119.63,8.19,106.15,133.1,0.001,0.001,NOMINAL,-5.37
1,131,125,121.35,8.17,107.9,134.79,0.001,0.001,NOMINAL,-3.65
1,132,125,121.43,8.13,108.06,134.8,0.001,0.001,NOMINAL,-3.57
1,133,125,121.43,8.13,108.06,134.8,0.001,0.001,NOMINAL,-3.57
1,134,125,123.45,7.16,111.68,135.22,0.001,0.001,NOMINAL,-1.55
1,135,125,123.97,6.99,112.47,135.48,0.001,0.001,NOMINAL,-1.03
1,136,125,122.92,7.37,110.8,135.05,0.001,0.001,NOMINAL,-2.08
1,137,125,123.78,6.45,113.16,134.4,0.001,0.001,NOMINAL,-1.22
1,138,125,123.38,6.45,112.76,134.0,0.001,0.001,NOMINAL,-1.62
1,139,125,123.72,6.45,113.1,134.33,0.001,0.001,NOMINAL,-1.28
1,140,125,123.38,7.22,111.5,135.26,0.001,0.001,NOMINAL,-1.62
1,141,125,118.43,10.62,100.95,135.9,0.001,0.001,NOMINAL,-6.57
1,142,125,120.76,8.26,107.18,134.34,0.001,0.001,NOMINAL,-4.24
1,143,125,119.31,10.62,101.83,136.79,0.001,0.001,NOMINAL,-5.69
1,144,125,115.46,10.45,98.27,132.66,0.001,0.001,NOMINAL,-9.54
1,145,125,119.19,9.42,103.69,134.69,0.001,0.001,NOMINAL,-5.81
1,146,125,117.7,9.52,102.04,133.36,0.001,0.001,NOMINAL,-7.3
1,147,125,111.78,10.37,94.73,128.83,0.001,0.001,NOMINAL,-13.22
1,148,125,119.34,9.37,103.94,134.74,0.001,0.001,NOMINAL,-5.66
1,149,125,111.43,11.1,93.17,129.7,0.001,0.001,NOMINAL,-13.57
1,150,125,109.29,11.53,90.33,128.26,0.001,0.001,NOMINAL,-15.71
1,151,125,109.26,11.5,90.34,128.17,0.001,0.001,NOMINAL,-15.74
1,152,125,109.4,11.83,89.95,128.86,0.001,0.001,NOMINAL,-15.6
1,153,124,110.3,11.1,92.04,128.56,0.001,0.001,NOMINAL,-13.7
1,154,123,112.34,11.1,94.07,130.6,0.001,0.001,NOMINAL,-10.66
1,155,122,111.24,12.02,91.46,131.02,0.001,0.001,NOMINAL,-10.76
1,156,121,110.99,12.02,91.22,130.77,0.001,0.001,NOMINAL,-10.01
1,157,120,110.03,12.02,90.25,129.81,0.001,0.001,NOMINAL,-9.97
1,158,119,110.02,12.02,90.24,129.8,0.001,0.001,NOMINAL,-8.98
1,159,118,108.1,11.16,89.75,126.44,0.001,0.001,NOMINAL,-9.9
1,160,117,106.74,11.03,88.59,124.89,0.001,0.001,NOMINAL,-10.26
1,161,116,98.18,11.08,79.96,116.41,0.001,0.0013,NOMINAL,-17.82
1,162,115,103.56,11.03,85.42,121.71,0.001,0.001,NOMINAL,-11.44
1,163,114,101.23,10.98,83.17,119.28,0.001,0.0011,NOMINAL,-12.77
1,164,113,105.55,11.16,87.2,123.9,0.001,0.001,NOMINAL,-7.45
1,165,112,108.55,10.99,90.47,126.64,0.001,0.001,NOMINAL,-3.45
1,166,111,110.38,11.1,92.12,128.65,0.001,0.001,NOMINAL,-0.62
1,167,110,111.3,11.1,93.03,129.56,0.001,0.001,NOMINAL,1.3
1,168,109,110.02,12.52,89.43,130.62,0.001,0.001,NOMINAL,1.02
1,169,108,117.3,9.41,101.82,132.78,0.001,0.001,NOMINAL,9.3
1,170,107,118.07,9.37,102.66,133.47,0.001,0.001,NOMINAL,11.07
1,171,106,113.12,10.37,96.06,130.17,0.001,0.001,NOMINAL,7.12
1,172,105,110.71,11.05,92.53,128.88,0.001,0.001,NOMINAL,5.71
1,173,104,106.12,10.98,88.06,124.17,0.001,0.001,NOMINAL,2.12
1,174,103,109.38,11.43,90.58,128.19,0.001,0.001,NOMINAL,6.38
1,175,102,102.02,10.98,83.97,120.08,0.001,0.0011,NOMINAL,0.02
1,176,101,97.54,11.08,79.32,115.76,0.001,0.0014,NOMINAL,-3.46
1,177,100,97.66,11.25,79.16,116.16,0.001,0.0015,NOMINAL,-2.34
1,178,99,94.45,10.9,76.53,112.37,0.001,0.002,NOMINAL,-4.55
1,179,98,94.36,10.9,76.43,112.28,0.001,0.002,NOMINAL,-3.64
1,180,97,92.52,9.62,76.71,108.34,0.001,0.0012,NOMINAL,-4.48
1,181,96,93.7,10.9,75.78,111.62,0.001,0.0023,NOMINAL,-2.3
1,182,95,96.96,10.0,80.52,113.4,0.001,0.0011,NOMINAL,1.96
1,183,94,92.52,10.83,74.71,110.32,0.001,0.0029,NOMINAL,-1.48
1,184,93,93.3,10.84,75.46,111.14,0.001,0.0025,NOMINAL,0.3
1,185,92,90.65,10.6,73.22,108.08,0.001,0.0038,NOMINAL,-1.35
1,186,91,90.83,10.17,74.1,107.56,0.001,0.0023,NOMINAL,-0.17
1,187,90,87.94,10.55,70.58,105.29,0.001,0.0082,NOMINAL,-2.06
1,188,89,82.96,10.33,65.98,99.94,0.001,0.024,NOMINAL,-6.04
1,189,88,82.65,9.8,66.53,98.77,0.001,0.0201,NOMINAL,-5.35
1,190,87,82.65,10.22,65.84,99.45,0.001,0.024,NOMINAL,-4.35
1,191,86,80.93,9.13,65.9,95.95,0.001,0.0167,NOMINAL,-5.07
1,192,85,78.14,8.41,64.3,91.97,0.001,0.0192,NOMINAL,-6.86
1,193,84,77.65,7.8,64.82,90.47,0.001,0.0097,NOMINAL,-6.35
1,194,83,76.39,7.81,63.53,89.24,0.001,0.0172,NOMINAL,-6.61
1,195,82,71.16,7.6,58.65,83.67,0.001,0.0263,NOMINAL,-10.84
1,196,81,69.96,7.6,57.45,82.47,0.001,0.0299,NOMINAL,-11.04
1,197,80,71.45,7.78,58.65,84.25,0.001,0.0263,NOMINAL,-8.55
1,198,79,71.45,7.61,58.93,83.98,0.001,0.0262,NOMINAL,-7.55
1,199,78,72.37,7.61,59.85,84.9,0.001,0.0258,NOMINAL,-5.63
1,200,77,74.97,8.56,60.89,89.05,0.001,0.0259,NOMINAL,-2.03
1,201,76,73.99,7.95,60.92,87.06,0.001,0.0255,NOMINAL,-2.01
1,202,75,69.96,8.04,56.73,83.19,0.001,0.0328,NOMINAL,-5.04
1,203,74,68.84,8.04,55.62,82.06,0.001,0.0366,NOMINAL,-5.16
1,204,73,68.41,7.79,55.6,81.22,0.001,0.036,NOMINAL,-4.59
1,205,72,71.71,7.96,58.62,84.79,0.001,0.0267,NOMINAL,-0.29
1,206,71,68.61,7.7,55.95,81.27,0.001,0.0343,NOMINAL,-2.39
1,207,70,61.17,7.71,48.49,73.86,0.001,0.0987,NOMINAL,-8.83
1,208,69,59.19,6.32,48.79,69.59,0.001,0.0983,NOMINAL,-9.81
1,209,68,55.61,6.37,45.14,66.08,0.001,0.2015,NOMINAL,-12.39
1,210,67,56.14,6.34,45.71,66.58,0.001,0.1811,NOMINAL,-10.86
1,211,66,56.86,6.34,46.42,67.3,0.001,0.1539,NOMINAL,-9.14
1,212,65,57.71,6.37,47.23,68.19,0.001,0.1298,NOMINAL,-7.29
1,213,64,57.94,6.37,47.46,68.41,0.001,0.1248,NOMINAL,-6.06
1,214,63,57.34,6.43,46.77,67.91,0.001,0.1396,NOMINAL,-5.66
1,215,62,56.31,6.42,45.75,66.88,0.001,0.1775,NOMINAL,-5.69
1,216,61,53.35,6.6,42.5,64.2,0.001,0.3535,NOMINAL,-7.65
1,217,60,53.8,6.36,43.34,64.27,0.001,0.3191,NOMINAL,-6.2
1,218,59,55.34,6.46,44.71,65.97,0.001,0.223,NOMINAL,-3.66
1,219,58,53.2,6.17,43.04,63.35,0.001,0.3482,NOMINAL,-4.8
1,220,57,56.46,6.35,46.01,66.91,0.001,0.1696,NOMINAL,-0.54
1,221,56,56.71,6.35,46.26,67.16,0.001,0.161,NOMINAL,0.71
1,222,55,53.35,6.4,42.82,63.87,0.001,0.3468,NOMINAL,-1.65
1,223,54,53.02,6.17,42.87,63.17,0.001,0.3621,NOMINAL,-0.98
1,224,53,50.37,6.43,39.8,60.94,0.0011,0.55,MONITOR,-2.63
1,225,52,49.51,6.43,38.94,60.08,0.0011,0.6096,MONITOR,-2.49
1,226,51,48.85,6.43,38.28,59.42,0.0012,0.6445,MONITOR,-2.15
1,227,50,50.1,6.29,39.75,60.45,0.001,0.5684,MONITOR,0.1
1,228,49,51.29,6.19,41.11,61.47,0.001,0.4672,NOMINAL,2.29
1,229,48,52.43,6.24,42.18,62.69,0.001,0.4032,NOMINAL,4.43
1,230,47,50.92,6.49,40.24,61.59,0.001,0.508,MONITOR,3.92
1,231,46,51.89,6.49,41.22,62.56,0.001,0.439,NOMINAL,5.89
1,232,45,50.63,6.42,40.07,61.2,0.001,0.5273,MONITOR,5.63
1,233,44,51.61,6.42,41.04,62.18,0.001,0.4537,NOMINAL,7.61
2,52,123,119.74,13.27,97.92,141.57,0.001,0.001,NOMINAL,-3.26
2,53,122,122.45,11.83,102.98,141.91,0.001,0.001,NOMINAL,0.45
2,54,121,120.98,13.27,99.15,142.8,0.001,0.001,NOMINAL,-0.02
2,55,120,120.67,13.27,98.84,142.5,0.001,0.001,NOMINAL,0.67
2,56,119,120.67,13.27,98.84,142.5,0.001,0.001,NOMINAL,1.67
2,57,118,120.48,13.35,98.51,142.44,0.001,0.001,NOMINAL,2.48
2,58,117,120.21,9.95,103.84,136.59,0.001,0.001,NOMINAL,3.21
2,59,116,120.05,10.24,103.21,136.9,0.001,0.001,NOMINAL,4.05
2,60,115,119.89,12.6,99.16,140.61,0.001,0.001,NOMINAL,4.89
2,61,114,120.18,11.53,101.22,139.14,0.001,0.001,NOMINAL,6.18
2,62,113,120.02,12.6,99.29,140.74,0.001,0.001,NOMINAL,7.02
2,63,112,119.89,12.67,99.05,140.72,0.001,0.001,NOMINAL,7.89
2,64,111,118.01,12.57,97.34,138.68,0.001,0.001,NOMINAL,7.01
2,65,110,118.04,12.57,97.37,138.71,0.001,0.001,NOMINAL,8.04
2,66,109,118.04,12.57,97.37,138.71,0.001,0.001,NOMINAL,9.04
2,67,108,119.82,12.57,99.15,140.49,0.001,0.001,NOMINAL,11.82
2,68,107,118.1,12.57,97.42,138.77,0.001,0.001,NOMINAL,11.1
2,69,106,118.1,12.57,97.42,138.77,0.001,0.001,NOMINAL,12.1
2,70,105,118.07,12.57,97.39,138.74,0.001,0.001,NOMINAL,13.07
2,71,104,118.32,12.57,97.65,138.99,0.001,0.001,NOMINAL,14.32
2,72,103,116.79,12.52,96.2,137.39,0.001,0.001,NOMINAL,13.79
2,73,102,118.2,12.52,97.6,138.79,0.001,0.001,NOMINAL,16.2
2,74,101,115.77,12.52,95.17,136.36,0.001,0.001,NOMINAL,14.77
2,75,100,111.87,12.52,91.28,132.47,0.001,0.001,NOMINAL,11.87
2,76,99,115.41,12.52,94.81,136.0,0.001,0.001,NOMINAL,16.41
2,77,98,111.87,12.52,91.28,132.47,0.001,0.001,NOMINAL,13.87
2,78,97,111.87,12.52,91.28,132.47,0.001,0.001,NOMINAL,14.87
2,79,96,104.21,12.3,83.97,124.44,0.001,0.0012,NOMINAL,8.21
2,80,95,93.53,11.49,74.64,112.43,0.001,0.0043,NOMINAL,-1.47
2,81,94,88.88,11.49,69.98,107.78,0.001,0.0168,NOMINAL,-5.12
2,82,93,87.57,11.43,68.77,106.37,0.001,0.0232,NOMINAL,-5.43
2,83,92,81.91,10.98,63.85,99.96,0.001,0.026,NOMINAL,-10.09
2,84,91,85.76,10.9,67.84,103.68,0.001,0.0232,NOMINAL,-5.24
2,85,90,75.67,10.61,58.22,93.13,0.001,0.0342,NOMINAL,-14.33
2,86,89,74.97,10.48,57.73,92.21,0.001,0.0353,NOMINAL,-14.03
2,87,88,66.61,9.23,51.43,81.79,0.001,0.0662,NOMINAL,-21.39
2,88,87,64.6,8.0,51.44,77.77,0.001,0.0647,NOMINAL,-22.4
2,89,86,64.95,8.97,50.19,79.71,0.001,0.0797,NOMINAL,-21.05
2,90,85,65.58,9.52,49.91,81.24,0.001,0.0836,NOMINAL,-19.42
2,91,84,61.45,8.57,47.34,75.55,0.001,0.1115,NOMINAL,-22.55
2,92,83,62.24,8.43,48.37,76.11,0.001,0.0985,NOMINAL,-20.76
2,93,82,62.61,9.72,46.63,78.6,0.0013,0.1165,NOMINAL,-19.39
2,94,81,65.92,9.66,50.03,81.81,0.0011,0.0822,NOMINAL,-15.08
2,95,80,64.98,10.01,48.52,81.44,0.0012,0.0958,NOMINAL,-15.02
2,96,79,63.17,10.4,46.06,80.27,0.0017,0.1208,NOMINAL,-15.83
2,97,78,64.06,10.4,46.95,81.17,0.0015,0.1094,NOMINAL,-13.94
2,98,77,64.06,9.8,47.94,80.18,0.0012,0.0997,NOMINAL,-12.94
2,99,76,61.36,9.33,46.01,76.72,0.0012,0.1288,NOMINAL,-14.64
2,100,75,60.68,9.14,45.65,75.71,0.0012,0.1324,NOMINAL,-14.32
2,101,74,60.71,8.7,46.4,75.02,0.0011,0.1272,NOMINAL,-13.29
2,102,73,60.16,9.12,45.15,75.17,0.0012,0.1462,NOMINAL,-12.84
2,103,72,58.33,9.21,43.17,73.48,0.0017,0.1938,NOMINAL,-13.67
2,104,71,56.48,9.37,41.07,71.89,0.0032,0.2754,NOMINAL,-14.52
2,105,70,56.21,9.29,40.93,71.5,0.0032,0.2875,NOMINAL,-13.79
2,106,69,55.74,9.15,40.69,70.78,0.0031,0.308,NOMINAL,-13.26
2,107,68,57.94,8.24,44.38,71.49,0.0011,0.1827,NOMINAL,-10.06
2,108,67,60.6,8.07,47.33,73.87,0.001,0.1153,NOMINAL,-6.4
2,109,66,60.93,8.1,47.6,74.25,0.001,0.1103,NOMINAL,-5.07
2,110,65,60.26,8.52,46.25,74.27,0.0011,0.1301,NOMINAL,-4.74
2,111,64,59.13,9.01,44.31,73.95,0.0013,0.1704,NOMINAL,-4.87
2,112,63,56.9,9.22,41.73,72.07,0.0024,0.2549,NOMINAL,-6.1
2,113,62,59.88,9.2,44.75,75.0,0.0013,0.1559,NOMINAL,-2.12
2,114,61,59.73,9.2,44.6,74.85,0.0014,0.1603,NOMINAL,-1.27
2,115,60,58.56,9.03,43.71,73.42,0.0014,0.1854,NOMINAL,-1.44
2,116,59,56.24,9.03,41.39,71.1,0.0023,0.2756,NOMINAL,-2.76
2,117,58,54.14,9.2,39.02,69.27,0.0056,0.3803,NOMINAL,-3.86
2,118,57,52.89,9.13,37.86,67.91,0.008,0.4256,NOMINAL,-4.11
2,119,56,52.68,9.16,37.61,67.75,0.009,0.4379,NOMINAL,-3.32
2,120,55,50.73,9.16,35.65,65.8,0.0187,0.5394,MONITOR,-4.27
2,121,54,50.59,8.49,36.63,64.55,0.008,0.5453,MONITOR,-3.41
2,122,53,51.02,8.62,36.83,65.2,0.0082,0.5178,MONITOR,-1.98
2,123,52,49.89,8.09,36.58,63.2,0.0059,0.5827,MONITOR,-2.11
2,124,51,50.75,8.56,36.67,64.84,0.0083,0.5363,MONITOR,-0.25
3,52,125,117.47,11.14,99.14,135.79,0.001,0.001,NOMINAL,-7.53
3,53,125,120.6,9.38,105.17,136.02,0.001,0.001,NOMINAL,-4.4
3,54,125,121.79,8.38,108.01,135.58,0.001,0.001,NOMINAL,-3.21
3,55,125,121.9,7.32,109.87,133.94,0.001,0.001,NOMINAL,-3.1
3,56,125,121.7,8.25,108.13,135.27,0.001,0.001,NOMINAL,-3.3
3,57,125,121.82,7.48,109.51,134.13,0.001,0.001,NOMINAL,-3.18
3,58,125,123.41,5.02,115.15,131.67,0.001,0.001,NOMINAL,-1.59
3,59,125,122.11,4.45,114.78,129.43,0.001,0.001,NOMINAL,-2.89
3,60,125,123.41,4.45,116.08,130.73,0.001,0.001,NOMINAL,-1.59
3,61,125,121.82,8.39,108.02,135.62,0.001,0.001,NOMINAL,-3.18
3,62,125,122.57,8.39,108.77,136.37,0.001,0.001,NOMINAL,-2.43
3,63,125,122.28,8.39,108.48,136.08,0.001,0.001,NOMINAL,-2.72
3,64,125,119.95,11.1,101.7,138.21,0.001,0.001,NOMINAL,-5.05
3,65,125,123.87,4.45,116.54,131.19,0.001,0.001,NOMINAL,-1.13
3,66,125,122.18,8.39,108.38,135.98,0.001,0.001,NOMINAL,-2.82
3,67,125,123.87,4.46,116.53,131.2,0.001,0.001,NOMINAL,-1.13
3,68,125,124.07,3.19,118.83,129.32,0.001,0.001,NOMINAL,-0.93
3,69,125,124.07,3.88,117.69,130.45,0.001,0.001,NOMINAL,-0.93
3,70,125,124.07,3.88,117.69,130.45,0.001,0.001,NOMINAL,-0.93
3,71,125,124.07,3.88,117.69,130.45,0.001,0.001,NOMINAL,-0.93
3,72,125,122.47,8.39,108.67,136.27,0.001,0.001,NOMINAL,-2.53
3,73,125,122.47,10.9,104.55,140.39,0.001,0.001,NOMINAL,-2.53
3,74,125,122.47,10.9,104.55,140.39,0.001,0.001,NOMINAL,-2.53
3,75,125,123.77,5.02,115.51,132.03,0.001,0.001,NOMINAL,-1.23
3,76,125,122.67,7.49,110.35,134.98,0.001,0.001,NOMINAL,-2.33
3,77,125,122.94,4.89,114.89,130.99,0.001,0.001,NOMINAL,-2.06
3,78,125,121.45,8.24,107.9,135.01,0.001,0.001,NOMINAL,-3.55
3,79,125,122.58,7.17,110.79,134.36,0.001,0.001,NOMINAL,-2.42
3,80,125,123.97,6.94,112.56,135.39,0.001,0.001,NOMINAL,-1.03
3,81,125,123.97,6.94,112.56,135.39,0.001,0.001,NOMINAL,-1.03
3,82,125,123.97,7.05,112.39,135.56,0.001,0.001,NOMINAL,-1.03
3,83,125,123.97,6.94,112.56,135.39,0.001,0.001,NOMINAL,-1.03
3,84,125,123.97,6.15,113.85,134.09,0.001,0.001,NOMINAL,-1.03
3,85,125,123.97,6.94,112.56,135.39,0.001,0.001,NOMINAL,-1.03
3,86,125,123.97,6.94,112.56,135.39,0.001,0.001,NOMINAL,-1.03
3,87,125,123.61,7.28,111.64,135.58,0.001,0.001,NOMINAL,-1.39
3,88,125,121.68,8.41,107.85,135.52,0.001,0.001,NOMINAL,-3.32
3,89,125,116.63,12.46,96.14,137.12,0.001,0.001,NOMINAL,-8.37
3,90,125,115.07,12.52,94.47,135.66,0.001,0.001,NOMINAL,-9.93
3,91,125,115.68,12.46,95.19,136.17,0.001,0.001,NOMINAL,-9.32
3,92,125,117.24,9.47,101.66,132.83,0.001,0.001,NOMINAL,-7.76
3,93,125,112.98,12.46,92.49,133.47,0.001,0.001,NOMINAL,-12.02
3,94,125,109.86,12.46,89.37,130.35,0.001,0.001,NOMINAL,-15.14
3,95,125,102.95,11.7,83.7,122.2,0.001,0.0011,NOMINAL,-22.05
3,96,125,98.81,11.49,79.91,117.71,0.001,0.0015,NOMINAL,-26.19
3,97,125,97.9,11.43,79.1,116.7,0.001,0.0016,NOMINAL,-27.1
3,98,125,97.68,11.43,78.88,116.48,0.001,0.0017,NOMINAL,-27.32
3,99,125,96.89,11.43,78.09,115.69,0.001,0.0019,NOMINAL,-28.11
3,100,125,101.55,11.69,82.32,120.79,0.001,0.0012,NOMINAL,-23.45
3,101,125,105.16,12.44,84.7,125.62,0.001,0.0012,NOMINAL,-19.84
3,102,125,105.04,12.52,84.44,125.63,0.001,0.0013,NOMINAL,-19.96
3,103,125,101.29,11.63,82.16,120.43,0.001,0.0012,NOMINAL,-23.71
3,104,125,104.07,11.97,84.38,123.77,0.001,0.0011,NOMINAL,-20.93
3,105,125,97.99,11.49,79.09,116.89,0.001,0.0017,NOMINAL,-27.01
3,106,125,107.8,12.52,87.21,128.4,0.001,0.0011,NOMINAL,-17.2
3,107,125,109.09,12.52,88.49,129.68,0.001,0.0011,NOMINAL,-15.91
3,108,125,111.19,12.52,90.59,131.78,0.001,0.001,NOMINAL,-13.81
3,109,125,111.19,12.52,90.59,131.78,0.001,0.001,NOMINAL,-13.81
3,110,125,107.95,12.52,87.35,128.54,0.001,0.0011,NOMINAL,-17.05
3,111,125,109.9,12.52,89.31,130.5,0.001,0.001,NOMINAL,-15.1
3,112,125,108.92,12.52,88.33,129.52,0.001,0.0011,NOMINAL,-16.08
3,113,125,109.92,12.52,89.33,130.52,0.001,0.001,NOMINAL,-15.08
3,114,125,108.92,12.52,88.33,129.52,0.001,0.0011,NOMINAL,-16.08
3,115,125,110.04,12.52,89.45,130.64,0.001,0.001,NOMINAL,-14.96
3,116,125,109.92,12.52,89.33,130.52,0.001,0.001,NOMINAL,-15.08
3,117,125,110.8,12.52,90.2,131.39,0.001,0.001,NOMINAL,-14.2
3,118,125,115.89,12.46,95.4,136.38,0.001,0.001,NOMINAL,-9.11
3,119,125,119.0,10.54,101.65,136.34,0.001,0.001,NOMINAL,-6.0
3,120,125,117.13,12.55,96.48,137.78,0.001,0.001,NOMINAL,-7.87
3,121,125,117.33,12.6,96.6,138.06,0.001,0.001,NOMINAL,-7.67
3,122,125,118.5,10.82,100.7,136.29,0.001,0.001,NOMINAL,-6.5
3,123,125,120.38,9.4,104.91,135.85,0.001,0.001,NOMINAL,-4.62
3,124,125,118.47,9.62,102.64,134.29,0.001,0.001,NOMINAL,-6.53
3,125,125,121.72,7.28,109.75,133.69,0.001,0.001,NOMINAL,-3.28
3,126,125,121.4,7.17,109.61,133.19,0.001,0.001,NOMINAL,-3.6
3,127,125,120.67,7.3,108.66,132.67,0.001,0.001,NOMINAL,-4.33
3,128,125,122.58,7.15,110.82,134.34,0.001,0.001,NOMINAL,-2.42
3,129,125,122.22,7.17,110.43,134.01,0.001,0.001,NOMINAL,-2.78
3,130,125,119.81,8.2,106.33,133.29,0.001,0.001,NOMINAL,-5.19
3,131,125,119.81,8.2,106.33,133.29,0.001,0.001,NOMINAL,-5.19
3,132,125,123.22,7.17,111.43,135.01,0.001,0.001,NOMINAL,-1.78
3,133,125,122.76,7.17,110.98,134.55,0.001,0.001,NOMINAL,-2.24
3,134,125,123.3,7.17,111.51,135.08,0.001,0.001,NOMINAL,-1.7
3,135,125,123.1,7.17,111.31,134.89,0.001,0.001,NOMINAL,-1.9
3,136,125,123.42,7.17,111.63,135.21,0.001,0.001,NOMINAL,-1.58
3,137,124,122.49,7.3,110.48,134.49,0.001,0.001,NOMINAL,-1.51
3,138,123,117.01,9.92,100.7,133.32,0.001,0.001,NOMINAL,-5.99
3,139,122,117.53,10.8,99.76,135.3,0.001,0.001,NOMINAL,-4.47
3,140,121,122.11,9.73,106.11,138.11,0.001,0.001,NOMINAL,1.11
3,141,120,119.71,10.71,102.1,137.32,0.001,0.001,NOMINAL,-0.29
3,142,119,121.46,10.68,103.89,139.04,0.001,0.001,NOMINAL,2.46
3,143,118,117.25,11.69,98.02,136.48,0.001,0.001,NOMINAL,-0.75
3,144,117,114.6,11.69,95.37,133.83,0.001,0.001,NOMINAL,-2.4
3,145,116,121.92,9.72,105.93,137.9,0.001,0.001,NOMINAL,5.92
3,146,115,121.71,9.72,105.72,137.69,0.001,0.001,NOMINAL,6.71
3,147,114,122.6,8.14,109.21,135.99,0.001,0.001,NOMINAL,8.6
3,148,113,124.18,7.05,112.59,135.77,0.001,0.001,NOMINAL,11.18
3,149,112,123.1,7.28,111.13,135.07,0.001,0.001,NOMINAL,11.1
3,150,111,124.07,6.94,112.66,135.49,0.001,0.001,NOMINAL,13.07
3,151,110,122.49,7.3,110.48,134.49,0.001,0.001,NOMINAL,12.49
3,152,109,123.16,7.05,111.57,134.74,0.001,0.001,NOMINAL,14.16
3,153,108,122.01,8.41,108.17,135.84,0.001,0.001,NOMINAL,14.01
3,154,107,122.49,8.34,108.77,136.2,0.001,0.001,NOMINAL,15.49
3,155,106,121.75,8.42,107.89,135.6,0.001,0.001,NOMINAL,15.75
3,156,105,122.19,8.41,108.36,136.03,0.001,0.001,NOMINAL,17.19
3,157,104,122.58,8.41,108.75,136.42,0.001,0.001,NOMINAL,18.58
3,158,103,122.85,8.41,109.01,136.68,0.001,0.001,NOMINAL,19.85
3,159,102,119.29,9.79,103.18,135.4,0.001,0.001,NOMINAL,17.29
3,160,101,116.93,10.76,99.23,134.64,0.001,0.001,NOMINAL,15.93
3,161,100,113.03,12.46,92.54,133.52,0.001,0.001,NOMINAL,13.03
3,162,99,112.84,12.46,92.35,133.33,0.001,0.001,NOMINAL,13.84
3,163,98,113.78,11.69,94.55,133.0,0.001,0.001,NOMINAL,15.78
3,164,97,114.6,10.68,97.03,132.17,0.001,0.001,NOMINAL,17.6
3,165,96,112.84,12.46,92.35,133.33,0.001,0.001,NOMINAL,16.84
3,166,95,109.58,12.4,89.18,129.98,0.001,0.001,NOMINAL,14.58
3,167,94,103.72,11.38,85.0,122.44,0.001,0.0011,NOMINAL,9.72
3,168,93,104.62,11.38,85.9,123.33,0.001,0.001,NOMINAL,11.62
3,169,92,101.07,11.32,82.45,119.68,0.001,0.0011,NOMINAL,9.07
3,170,91,99.4,11.4,80.65,118.15,0.001,0.0013,NOMINAL,8.4
3,171,90,103.56,11.38,84.84,122.27,0.001,0.0011,NOMINAL,13.56
3,172,89,104.45,11.32,85.84,123.06,0.001,0.001,NOMINAL,15.45
3,173,88,106.03,11.45,87.19,124.87,0.001,0.001,NOMINAL,18.03
3,174,87,108.54,11.76,89.2,127.88,0.001,0.001,NOMINAL,21.54
3,175,86,108.07,12.1,88.17,127.97,0.001,0.001,NOMINAL,22.07
3,176,85,108.81,11.62,89.7,127.93,0.001,0.001,NOMINAL,23.81
3,177,84,108.49,11.62,89.37,127.61,0.001,0.001,NOMINAL,24.49
3,178,83,104.44,11.32,85.83,123.05,0.001,0.001,NOMINAL,21.44
3,179,82,98.46,11.41,79.69,117.23,0.001,0.0015,NOMINAL,16.46
3,180,81,96.24,11.41,77.47,115.01,0.001,0.0021,NOMINAL,15.24
3,181,80,94.26,11.4,75.52,113.01,0.001,0.0033,NOMINAL,14.26
3,182,79,89.46,10.68,71.9,107.03,0.001,0.0059,NOMINAL,10.46
3,183,78,89.24,10.66,71.71,106.78,0.001,0.0061,NOMINAL,11.24
3,184,77,89.24,10.61,71.79,106.7,0.001,0.0058,NOMINAL,12.24
3,185,76,89.24,10.53,71.92,106.57,0.001,0.0053,NOMINAL,13.24
3,186,75,86.09,10.53,68.76,103.41,0.001,0.0146,NOMINAL,11.09
3,187,74,85.66,10.27,68.77,102.56,0.001,0.0124,NOMINAL,11.66
3,188,73,83.32,10.05,66.79,99.85,0.001,0.0213,NOMINAL,10.32
3,189,72,78.83,10.06,62.28,95.38,0.001,0.0261,NOMINAL,6.83
3,190,71,73.23,9.49,57.61,88.85,0.001,0.0337,NOMINAL,2.23
3,191,70,71.03,9.25,55.81,86.25,0.001,0.0406,NOMINAL,1.03
3,192,69,72.29,8.27,58.69,85.9,0.001,0.0276,NOMINAL,3.29
3,193,68,81.94,10.07,65.38,98.5,0.001,0.0242,NOMINAL,13.94
3,194,67,74.88,9.95,58.51,91.25,0.001,0.0325,NOMINAL,7.88
3,195,66,75.69,10.27,58.79,92.59,0.001,0.0325,NOMINAL,9.69
3,196,65,75.58,9.99,59.15,92.01,0.001,0.0308,NOMINAL,10.58
3,197,64,75.39,9.82,59.23,91.55,0.001,0.0302,NOMINAL,11.39
3,198,63,69.68,9.28,54.41,84.95,0.001,0.0491,NOMINAL,6.68
3,199,62,69.68,9.25,54.46,84.9,0.001,0.049,NOMINAL,7.68
3,200,61,70.9,8.87,56.31,85.5,0.001,0.0362,NOMINAL,9.9
3,201,60,64.55,8.27,50.94,78.15,0.001,0.0695,NOMINAL,4.55
3,202,59,64.55,8.27,50.94,78.15,0.001,0.0695,NOMINAL,5.55
3,203,58,65.39,8.27,51.79,79.0,0.001,0.063,NOMINAL,7.39
3,204,57,65.48,8.24,51.92,79.03,0.001,0.0612,NOMINAL,8.48
3,205,56,64.23,8.2,50.75,77.72,0.001,0.0701,NOMINAL,8.23
3,206,55,60.19,6.16,50.05,70.32,0.001,0.0814,NOMINAL,5.19
3,207,54,56.14,6.18,45.97,66.31,0.001,0.1757,NOMINAL,2.14
3,208,53,56.46,6.04,46.52,66.4,0.001,0.1563,NOMINAL,3.46
3,209,52,52.41,6.17,42.26,62.56,0.001,0.4031,NOMINAL,0.41
3,210,51,56.15,6.12,46.07,66.22,0.001,0.1732,NOMINAL,5.15
3,211,50,54.62,6.12,44.55,64.7,0.001,0.2532,NOMINAL,4.62
3,212,49,52.64,6.38,42.13,63.14,0.001,0.3919,NOMINAL,3.64
3,213,48,52.35,6.49,41.68,63.02,0.001,0.4116,NOMINAL,4.35
3,214,47,52.21,6.49,41.54,62.89,0.001,0.4188,NOMINAL,5.21
3,215,46,47.46,6.52,36.74,58.19,0.0016,0.7107,MONITOR,1.46
3,216,45,47.08,6.52,36.35,57.8,0.0017,0.7269,MONITOR,2.08
3,217,44,43.2,4.51,35.78,50.61,0.001,0.9292,WARNING,-0.8
3,218,43,44.91,6.52,34.18,55.64,0.004,0.8117,WARNING,1.91
3,219,42,42.35,4.54,34.89,49.82,0.001,0.9412,WARNING,0.35
3,220,41,43.58,4.47,36.22,50.94,0.001,0.9217,WARNING,2.58
3,221,40,42.73,4.47,35.38,50.09,0.001,0.9378,WARNING,2.73
3,222,39,42.0,4.56,34.5,49.51,0.001,0.9471,WARNING,3.0
3,223,38,38.39,4.66,30.73,46.05,0.0027,0.9786,WARNING,0.39
3,224,37,38.38,4.52,30.95,45.81,0.0021,0.9804,WARNING,1.38
3,225,36,36.31,4.22,29.37,43.25,0.0035,0.993,WARNING,0.31
3,226,35,37.39,4.17,30.54,44.25,0.0017,0.9903,WARNING,2.39
3,227,34,35.54,3.93,29.08,42.0,0.0027,0.9983,WARNING,1.54
3,228,33,34.47,3.66,28.44,40.5,0.0027,0.9997,WARNING,1.47
3,229,32,34.25,3.54,28.43,40.06,0.0022,0.9997,WARNING,2.25
3,230,31,34.25,3.54,28.43,40.06,0.0022,0.9997,WARNING,3.25
3,231,30,33.58,3.56,27.72,39.45,0.0041,0.9998,WARNING,3.58
3,232,29,32.58,3.6,26.67,38.5,0.0113,0.9998,WARNING,3.58
3,233,28,30.93,3.67,24.9,36.96,0.0257,0.9998,WARNING,2.93
3,234,27,29.72,3.76,23.54,35.91,0.0302,0.9998,WARNING,2.72
4,52,125,116.77,11.22,98.32,135.23,0.001,0.001,NOMINAL,-8.23
4,53,125,116.21,11.42,97.42,135.0,0.001,0.001,NOMINAL,-8.79
4,54,125,116.46,11.42,97.67,135.25,0.001,0.001,NOMINAL,-8.54
4,55,125,115.63,11.8,96.21,135.04,0.001,0.001,NOMINAL,-9.37
4,56,125,116.22,11.59,97.16,135.28,0.001,0.001,NOMINAL,-8.78
4,57,125,115.48,11.58,96.42,134.54,0.001,0.001,NOMINAL,-9.52
4,58,125,116.57,11.39,97.84,135.3,0.001,0.001,NOMINAL,-8.43
4,59,125,114.86,12.52,94.26,135.45,0.001,0.001,NOMINAL,-10.14
4,60,125,114.06,12.52,93.47,134.65,0.001,0.001,NOMINAL,-10.94
4,61,125,114.8,12.57,94.13,135.47,0.001,0.001,NOMINAL,-10.2
4,62,125,114.06,12.52,93.46,134.65,0.001,0.001,NOMINAL,-10.94
4,63,125,114.67,12.3,94.44,134.91,0.001,0.001,NOMINAL,-10.33
4,64,124,112.38,12.52,91.78,132.97,0.001,0.001,NOMINAL,-11.62
4,65,123,113.64,12.3,93.41,133.88,0.001,0.001,NOMINAL,-9.36
4,66,122,114.07,12.52,93.47,134.66,0.001,0.001,NOMINAL,-7.93
4,67,121,118.88,11.39,100.15,137.61,0.001,0.001,NOMINAL,-2.12
4,68,120,121.13,11.49,102.23,140.02,0.001,0.001,NOMINAL,1.13
5,52,125,124.47,2.61,120.18,128.76,0.001,0.001,NOMINAL,-0.53
5,53,125,124.47,2.61,120.18,128.76,0.001,0.001,NOMINAL,-0.53
5,54,125,124.47,2.61,120.18,128.76,0.001,0.001,NOMINAL,-0.53
5,55,125,124.47,2.61,120.18,128.76,0.001,0.001,NOMINAL,-0.53
5,56,125,124.47,2.61,120.18,128.76,0.001,0.001,NOMINAL,-0.53
5,57,125,124.47,2.61,120.18,128.76,0.001,0.001,NOMINAL,-0.53
5,58,125,124.47,2.61,120.18,128.76,0.001,0.001,NOMINAL,-0.53
5,59,125,124.47,2.61,120.18,128.76,0.001,0.001,NOMINAL,-0.53
5,60,125,124.47,2.61,120.18,128.76,0.001,0.001,NOMINAL,-0.53
5,61,125,124.47,2.61,120.18,128.76,0.001,0.001,NOMINAL,-0.53
5,62,125,124.47,2.61,120.18,128.76,0.001,0.001,NOMINAL,-0.53
5,63,125,124.47,2.61,120.18,128.76,0.001,0.001,NOMINAL,-0.53
5,64,125,124.47,2.61,120.18,128.76,0.001,0.001,NOMINAL,-0.53
5,65,125,124.47,2.61,120.18,128.76,0.001,0.001,NOMINAL,-0.53
5,66,125,124.47,2.61,120.18,128.76,0.001,0.001,NOMINAL,-0.53
5,67,125,124.47,2.61,120.18,128.76,0.001,0.001,NOMINAL,-0.53
5,68,125,124.47,2.61,120.18,128.76,0.001,0.001,NOMINAL,-0.53
5,69,125,124.47,2.61,120.18,128.76,0.001,0.001,NOMINAL,-0.53
5,70,125,124.47,2.61,120.18,128.76,0.001,0.001,NOMINAL,-0.53
5,71,125,124.47,2.61,120.18,128.76,0.001,0.001,NOMINAL,-0.53
5,72,125,124.47,2.61,120.18,128.76,0.001,0.001,NOMINAL,-0.53
5,73,125,124.47,2.61,120.18,128.76,0.001,0.001,NOMINAL,-0.53
5,74,125,124.47,2.61,120.18,128.76,0.001,0.001,NOMINAL,-0.53
5,75,125,124.47,2.61,120.18,128.76,0.001,0.001,NOMINAL,-0.53
5,76,125,124.47,2.61,120.18,128.76,0.001,0.001,NOMINAL,-0.53
5,77,125,124.47,2.63,120.15,128.79,0.001,0.001,NOMINAL,-0.53
5,78,125,124.47,2.61,120.18,128.76,0.001,0.001,NOMINAL,-0.53
5,79,125,124.47,2.61,120.18,128.76,0.001,0.001,NOMINAL,-0.53
5,80,125,124.47,2.61,120.18,128.76,0.001,0.001,NOMINAL,-0.53
5,81,125,124.47,2.61,120.18,128.76,0.001,0.001,NOMINAL,-0.53
5,82,125,124.47,2.61,120.18,128.76,0.001,0.001,NOMINAL,-0.53
5,83,125,124.47,2.61,120.18,128.76,0.001,0.001,NOMINAL,-0.53
5,84,125,124.47,2.61,120.18,128.76,0.001,0.001,NOMINAL,-0.53
5,85,125,124.47,2.61,120.18,128.76,0.001,0.001,NOMINAL,-0.53
5,86,125,124.47,2.61,120.18,128.76,0.001,0.001,NOMINAL,-0.53
5,87,125,124.47,2.61,120.18,128.76,0.001,0.001,NOMINAL,-0.53
5,88,125,124.47,2.61,120.18,128.76,0.001,0.001,NOMINAL,-0.53
5,89,125,124.47,2.61,120.18,128.76,0.001,0.001,NOMINAL,-0.53
5,90,125,124.47,2.61,120.18,128.76,0.001,0.001,NOMINAL,-0.53
5,91,125,124.47,2.61,120.18,128.76,0.001,0.001,NOMINAL,-0.53
5,92,125,124.47,2.61,120.18,128.76,0.001,0.001,NOMINAL,-0.53
5,93,125,124.47,2.61,120.18,128.76,0.001,0.001,NOMINAL,-0.53
5,94,125,124.47,2.61,120.18,128.76,0.001,0.001,NOMINAL,-0.53
5,95,125,124.47,2.61,120.18,128.76,0.001,0.001,NOMINAL,-0.53
5,96,125,124.47,2.61,120.18,128.76,0.001,0.001,NOMINAL,-0.53
5,97,125,124.47,2.61,120.18,128.76,0.001,0.001,NOMINAL,-0.53
5,98,125,124.52,2.61,120.24,128.81,0.001,0.001,NOMINAL,-0.48
5,99,125,124.47,2.61,120.18,128.76,0.001,0.001,NOMINAL,-0.53
5,100,125,124.47,2.61,120.18,128.76,0.001,0.001,NOMINAL,-0.53
5,101,125,124.47,2.61,120.18,128.76,0.001,0.001,NOMINAL,-0.53
5,102,125,124.12,2.85,119.43,128.81,0.001,0.001,NOMINAL,-0.88
5,103,125,124.12,3.1,119.02,129.22,0.001,0.001,NOMINAL,-0.88
5,104,125,124.12,4.16,117.27,130.97,0.001,0.001,NOMINAL,-0.88
5,105,125,124.47,5.86,114.83,134.11,0.001,0.001,NOMINAL,-0.53
5,106,125,124.12,6.42,113.56,134.67,0.001,0.001,NOMINAL,-0.88
5,107,125,123.98,6.63,113.08,134.88,0.001,0.001,NOMINAL,-1.02
5,108,125,124.12,6.42,113.56,134.67,0.001,0.001,NOMINAL,-0.88
5,109,125,123.67,6.72,112.62,134.72,0.001,0.001,NOMINAL,-1.33
5,110,125,123.39,6.72,112.34,134.43,0.001,0.001,NOMINAL,-1.61
5,111,125,121.92,6.73,110.84,132.99,0.001,0.001,NOMINAL,-3.08
5,112,125,120.74,6.74,109.66,131.82,0.001,0.001,NOMINAL,-4.26
5,113,125,110.64,7.18,98.83,122.45,0.001,0.001,NOMINAL,-14.36
5,114,125,110.46,7.18,98.65,122.27,0.001,0.001,NOMINAL,-14.54
5,115,124,115.82,6.83,104.59,127.05,0.001,0.001,NOMINAL,-8.18
5,116,123,105.25,7.7,92.58,117.92,0.001,0.001,NOMINAL,-17.75
5,117,122,109.55,8.19,96.07,123.02,0.001,0.001,NOMINAL,-12.45
5,118,121,108.54,8.19,95.06,122.02,0.001,0.001,NOMINAL,-12.46
5,119,120,120.69,6.72,109.63,131.75,0.001,0.001,NOMINAL,0.69
5,120,119,115.28,7.09,103.61,126.94,0.001,0.001,NOMINAL,-3.72
5,121,118,96.92,7.54,84.52,109.32,0.001,0.001,NOMINAL,-21.08
5,122,117,96.64,7.68,84.01,109.27,0.001,0.001,NOMINAL,-20.36
5,123,116,88.4,7.28,76.43,100.37,0.001,0.001,NOMINAL,-27.6
5,124,115,96.64,7.77,83.85,109.43,0.001,0.001,NOMINAL,-18.36
5,125,114,90.71,7.61,78.19,103.23,0.001,0.001,NOMINAL,-23.29
5,126,113,107.47,8.19,93.99,120.95,0.001,0.001,NOMINAL,-5.53
5,127,112,123.22,6.72,112.17,134.26,0.001,0.001,NOMINAL,11.22
5,128,111,119.82,6.8,108.64,130.99,0.001,0.001,NOMINAL,8.82
5,129,110,124.47,5.39,115.6,133.34,0.001,0.001,NOMINAL,14.47
5,130,109,124.12,6.42,113.56,134.67,0.001,0.001,NOMINAL,15.12
5,131,108,123.22,6.63,112.31,134.12,0.001,0.001,NOMINAL,15.22
5,132,107,121.43,6.7,110.41,132.45,0.001,0.001,NOMINAL,14.43
5,133,106,114.23,6.76,103.1,125.35,0.001,0.001,NOMINAL,8.23
5,134,105,98.57,7.1,86.89,110.24,0.001,0.001,NOMINAL,-6.43
5,135,104,97.38,10.75,79.7,115.06,0.001,0.0012,NOMINAL,-6.62
5,136,103,102.42,7.18,90.61,114.24,0.001,0.001,NOMINAL,-0.58
5,137,102,96.5,7.07,84.87,108.13,0.001,0.001,NOMINAL,-5.5
5,138,101,85.05,10.07,68.48,101.61,0.001,0.0121,NOMINAL,-15.95
6,52,111,116.96,13.48,94.8,139.13,0.001,0.001,NOMINAL,5.96
6,53,110,116.77,11.25,98.27,135.28,0.001,0.001,NOMINAL,6.77
6,54,109,117.91,11.19,99.5,136.32,0.001,0.001,NOMINAL,8.91
6,55,108,119.92,11.25,101.41,138.43,0.001,0.001,NOMINAL,11.92
6,56,107,118.95,11.42,100.17,137.74,0.001,0.001,NOMINAL,11.95
6,57,106,117.1,11.33,98.47,135.73,0.001,0.001,NOMINAL,11.1
6,58,105,118.75,11.28,100.2,137.3,0.001,0.001,NOMINAL,13.75
6,59,104,117.1,11.33,98.47,135.73,0.001,0.001,NOMINAL,13.1
6,60,103,118.33,11.48,99.45,137.2,0.001,0.001,NOMINAL,15.33
6,61,102,117.95,11.53,98.99,136.91,0.001,0.001,NOMINAL,15.95
6,62,101,116.35,12.67,95.51,137.18,0.001,0.001,NOMINAL,15.35
6,63,100,113.81,12.52,93.21,134.4,0.001,0.001,NOMINAL,13.81
6,64,99,111.22,12.52,90.62,131.81,0.001,0.001,NOMINAL,12.22
7,52,125,116.7,11.25,98.19,135.21,0.001,0.001,NOMINAL,-8.3
7,53,125,117.08,10.44,99.92,134.25,0.001,0.001,NOMINAL,-7.92
7,54,125,117.32,10.14,100.65,134.0,0.001,0.001,NOMINAL,-7.68
7,55,125,116.62,11.48,97.73,135.5,0.001,0.001,NOMINAL,-8.38
7,56,125,116.32,11.49,97.43,135.21,0.001,0.001,NOMINAL,-8.68
7,57,125,116.07,11.8,96.66,135.48,0.001,0.001,NOMINAL,-8.93
7,58,125,114.95,12.57,94.28,135.63,0.001,0.001,NOMINAL,-10.05
7,59,125,115.93,12.67,95.09,136.76,0.001,0.001,NOMINAL,-9.07
7,60,125,115.93,12.67,95.09,136.76,0.001,0.001,NOMINAL,-9.07
7,61,125,114.57,12.57,93.89,135.24,0.001,0.001,NOMINAL,-10.43
7,62,125,117.96,12.45,97.48,138.43,0.001,0.001,NOMINAL,-7.04
7,63,125,111.93,12.52,91.34,132.53,0.001,0.001,NOMINAL,-13.07
7,64,125,115.25,12.3,95.01,135.49,0.001,0.001,NOMINAL,-9.75
7,65,125,114.94,12.52,94.34,135.53,0.001,0.001,NOMINAL,-10.06
7,66,125,119.04,12.35,98.72,139.35,0.001,0.001,NOMINAL,-5.96
7,67,125,116.41,12.35,96.1,136.73,0.001,0.001,NOMINAL,-8.59
7,68,125,122.6,11.55,103.6,141.59,0.001,0.001,NOMINAL,-2.4
7,69,125,122.6,11.25,104.09,141.11,0.001,0.001,NOMINAL,-2.4
7,70,125,122.55,11.55,103.56,141.55,0.001,0.001,NOMINAL,-2.45
7,71,125,117.78,12.67,96.94,138.61,0.001,0.001,NOMINAL,-7.22
7,72,125,117.6,12.67,96.77,138.43,0.001,0.001,NOMINAL,-7.4
7,73,125,119.99,12.45,99.52,140.46,0.001,0.001,NOMINAL,-5.01
7,74,125,122.44,12.45,101.97,142.91,0.001,0.001,NOMINAL,-2.56
7,75,125,119.16,12.57,98.48,139.83,0.001,0.001,NOMINAL,-5.84
7,76,125,122.6,11.34,103.95,141.24,0.001,0.001,NOMINAL,-2.4
7,77,125,122.55,11.11,104.28,140.83,0.001,0.001,NOMINAL,-2.45
7,78,125,120.77,12.33,100.49,141.05,0.001,0.001,NOMINAL,-4.23
7,79,125,121.85,12.67,101.01,142.69,0.001,0.001,NOMINAL,-3.15
7,80,125,121.72,12.67,100.89,142.55,0.001,0.001,NOMINAL,-3.28
7,81,125,120.44,12.57,99.77,141.12,0.001,0.001,NOMINAL,-4.56
7,82,125,118.66,12.57,97.99,139.34,0.001,0.001,NOMINAL,-6.34
7,83,125,120.89,12.57,100.22,141.56,0.001,0.001,NOMINAL,-4.11
7,84,125,120.89,12.57,100.22,141.56,0.001,0.001,NOMINAL,-4.11
7,85,125,119.93,12.57,99.25,140.6,0.001,0.001,NOMINAL,-5.07
7,86,125,120.22,12.57,99.54,140.89,0.001,0.001,NOMINAL,-4.78
7,87,125,118.15,12.57,97.47,138.82,0.001,0.001,NOMINAL,-6.85
7,88,125,120.72,12.57,100.04,141.39,0.001,0.001,NOMINAL,-4.28
7,89,125,118.15,12.57,97.47,138.82,0.001,0.001,NOMINAL,-6.85
7,90,125,115.61,12.52,95.02,136.21,0.001,0.001,NOMINAL,-9.39
7,91,125,116.63,12.52,96.03,137.22,0.001,0.001,NOMINAL,-8.37
7,92,125,115.61,12.52,95.02,136.21,0.001,0.001,NOMINAL,-9.39
7,93,125,116.44,12.52,95.85,137.04,0.001,0.001,NOMINAL,-8.56
7,94,125,113.99,12.52,93.39,134.58,0.001,0.001,NOMINAL,-11.01
7,95,125,117.39,12.52,96.8,137.99,0.001,0.001,NOMINAL,-7.61
7,96,125,115.78,12.52,95.19,136.38,0.001,0.001,NOMINAL,-9.22
7,97,125,115.89,12.52,95.29,136.48,0.001,0.001,NOMINAL,-9.11
7,98,125,117.88,12.52,97.29,138.48,0.001,0.001,NOMINAL,-7.12
7,99,125,118.86,12.52,98.26,139.45,0.001,0.001,NOMINAL,-6.14
7,100,125,117.28,12.52,96.69,137.88,0.001,0.001,NOMINAL,-7.72
7,101,125,111.23,12.52,90.64,131.83,0.001,0.001,NOMINAL,-13.77
7,102,125,109.36,12.52,88.77,129.95,0.001,0.0011,NOMINAL,-15.64
7,103,125,112.49,12.52,91.89,133.08,0.001,0.001,NOMINAL,-12.51
7,104,125,112.23,12.52,91.64,132.83,0.001,0.001,NOMINAL,-12.77
7,105,124,114.26,12.52,93.66,134.85,0.001,0.001,NOMINAL,-9.74
7,106,123,118.03,12.52,97.44,138.63,0.001,0.001,NOMINAL,-4.97
7,107,122,113.95,12.52,93.36,134.54,0.001,0.001,NOMINAL,-8.05
7,108,121,110.37,12.52,89.77,130.96,0.001,0.001,NOMINAL,-10.63
7,109,120,103.21,11.6,84.12,122.29,0.001,0.0011,NOMINAL,-16.79
7,110,119,97.66,11.49,78.76,116.55,0.001,0.0017,NOMINAL,-21.34
7,111,118,92.98,11.49,74.08,111.87,0.001,0.0051,NOMINAL,-25.02
7,112,117,89.95,11.43,71.15,108.75,0.001,0.0115,NOMINAL,-27.05
7,113,116,93.75,11.49,74.86,112.65,0.001,0.0041,NOMINAL,-22.25
7,114,115,94.97,11.49,76.07,113.86,0.001,0.003,NOMINAL,-20.03
7,115,114,92.52,11.49,73.63,111.42,0.001,0.0058,NOMINAL,-21.48
7,116,113,94.08,11.49,75.18,112.97,0.001,0.0038,NOMINAL,-18.92
7,117,112,103.75,12.21,83.66,123.84,0.001,0.0012,NOMINAL,-8.25
7,118,111,104.02,12.47,83.52,124.53,0.001,0.0013,NOMINAL,-6.98
7,119,110,108.92,12.52,88.33,129.52,0.001,0.0011,NOMINAL,-1.08
7,120,109,114.27,12.52,93.67,134.86,0.001,0.001,NOMINAL,5.27
7,121,108,113.01,12.52,92.42,133.61,0.001,0.001,NOMINAL,5.01
7,122,107,114.27,12.52,93.67,134.86,0.001,0.001,NOMINAL,7.27
7,123,106,114.69,12.52,94.1,135.29,0.001,0.001,NOMINAL,8.69
7,124,105,114.5,12.52,93.9,135.09,0.001,0.001,NOMINAL,9.5
7,125,104,118.03,12.52,97.44,138.63,0.001,0.001,NOMINAL,14.03
7,126,103,114.68,12.52,94.08,135.27,0.001,0.001,NOMINAL,11.68
7,127,102,108.33,12.52,87.73,128.92,0.001,0.0011,NOMINAL,6.33
7,128,101,105.54,12.43,85.1,125.98,0.001,0.0012,NOMINAL,4.54
7,129,100,107.92,11.6,88.84,127.01,0.001,0.001,NOMINAL,7.92
7,130,99,107.92,11.75,88.6,127.25,0.001,0.001,NOMINAL,8.92
7,131,98,109.0,12.52,88.41,129.6,0.001,0.0011,NOMINAL,11.0
7,132,97,109.52,12.52,88.93,130.12,0.001,0.0011,NOMINAL,12.52
7,133,96,110.36,12.52,89.76,130.95,0.001,0.001,NOMINAL,14.36
7,134,95,117.81,12.52,97.21,138.4,0.001,0.001,NOMINAL,22.81
7,135,94,114.65,12.52,94.05,135.24,0.001,0.001,NOMINAL,20.65
7,136,93,118.48,12.52,97.89,139.08,0.001,0.001,NOMINAL,25.48
7,137,92,118.81,12.52,98.21,139.4,0.001,0.001,NOMINAL,26.81
7,138,91,118.81,12.52,98.21,139.4,0.001,0.001,NOMINAL,27.81
7,139,90,118.66,12.52,98.07,139.26,0.001,0.001,NOMINAL,28.66
7,140,89,115.95,12.52,95.35,136.54,0.001,0.001,NOMINAL,26.95
7,141,88,116.41,12.52,95.82,137.01,0.001,0.001,NOMINAL,28.41
7,142,87,114.53,12.52,93.94,135.13,0.001,0.001,NOMINAL,27.53
7,143,86,116.93,12.52,96.34,137.52,0.001,0.001,NOMINAL,30.93
7,144,85,112.73,12.52,92.14,133.33,0.001,0.001,NOMINAL,27.73
7,145,84,104.43,11.6,85.34,123.52,0.001,0.0011,NOMINAL,20.43
7,146,83,107.02,12.09,87.13,126.92,0.001,0.0011,NOMINAL,24.02
7,147,82,100.74,11.49,81.85,119.64,0.001,0.0012,NOMINAL,18.74
7,148,81,96.44,11.43,77.64,115.24,0.001,0.0021,NOMINAL,15.44
7,149,80,92.36,11.42,73.58,111.15,0.001,0.0056,NOMINAL,12.36
7,150,79,95.83,11.42,77.04,114.61,0.001,0.0023,NOMINAL,16.83
7,151,78,94.46,11.49,75.56,113.36,0.001,0.0034,NOMINAL,16.46
7,152,77,93.86,11.41,75.09,112.62,0.001,0.0037,NOMINAL,16.86
7,153,76,90.65,11.41,71.88,109.42,0.001,0.0091,NOMINAL,14.65
7,154,75,87.65,11.26,69.12,106.17,0.001,0.0193,NOMINAL,12.65
7,155,74,87.21,11.24,68.72,105.7,0.001,0.0216,NOMINAL,13.21
7,156,73,74.24,10.11,57.6,90.88,0.001,0.0348,NOMINAL,1.24
7,157,72,76.19,10.17,59.46,92.92,0.001,0.0303,NOMINAL,4.19
7,158,71,78.91,10.11,62.28,95.55,0.001,0.0261,NOMINAL,7.91
8,52,125,116.96,11.12,98.67,135.26,0.001,0.001,NOMINAL,-8.04
8,53,125,116.37,11.42,97.58,135.15,0.001,0.001,NOMINAL,-8.63
8,54,125,116.13,11.53,97.17,135.09,0.001,0.001,NOMINAL,-8.87
8,55,125,116.32,11.33,97.69,134.95,0.001,0.001,NOMINAL,-8.68
8,56,125,116.62,11.42,97.83,135.4,0.001,0.001,NOMINAL,-8.38
8,57,125,116.62,11.42,97.83,135.4,0.001,0.001,NOMINAL,-8.38
8,58,125,119.31,11.19,100.9,137.72,0.001,0.001,NOMINAL,-5.69
8,59,125,119.48,11.19,101.07,137.89,0.001,0.001,NOMINAL,-5.52
8,60,125,118.79,11.42,100.0,137.57,0.001,0.001,NOMINAL,-6.21
8,61,125,120.51,10.08,103.92,137.09,0.001,0.001,NOMINAL,-4.49
8,62,125,121.13,11.19,102.72,139.54,0.001,0.001,NOMINAL,-3.87
8,63,125,120.35,11.21,101.91,138.79,0.001,0.001,NOMINAL,-4.65
8,64,125,118.71,11.53,99.75,137.67,0.001,0.001,NOMINAL,-6.29
8,65,125,119.92,11.53,100.96,138.88,0.001,0.001,NOMINAL,-5.08
8,66,125,119.51,12.67,98.67,140.34,0.001,0.001,NOMINAL,-5.49
8,67,125,118.59,12.57,97.91,139.26,0.001,0.001,NOMINAL,-6.41
8,68,125,119.06,12.57,98.39,139.73,0.001,0.001,NOMINAL,-5.94
8,69,125,119.05,12.35,98.74,139.37,0.001,0.001,NOMINAL,-5.95
8,70,125,119.61,12.35,99.3,139.93,0.001,0.001,NOMINAL,-5.39
8,71,125,119.45,12.57,98.78,140.12,0.001,0.001,NOMINAL,-5.55
8,72,125,119.26,12.57,98.59,139.94,0.001,0.001,NOMINAL,-5.74
8,73,125,119.06,12.57,98.39,139.73,0.001,0.001,NOMINAL,-5.94
8,74,125,120.2,12.45,99.73,140.67,0.001,0.001,NOMINAL,-4.8
8,75,125,120.7,11.28,102.15,139.24,0.001,0.001,NOMINAL,-4.3
8,76,125,120.43,11.48,101.55,139.3,0.001,0.001,NOMINAL,-4.57
8,77,125,120.08,12.6,99.35,140.81,0.001,0.001,NOMINAL,-4.92
8,78,125,119.2,11.53,100.24,138.16,0.001,0.001,NOMINAL,-5.8
8,79,125,119.06,12.57,98.39,139.73,0.001,0.001,NOMINAL,-5.94
8,80,125,118.54,12.57,97.87,139.21,0.001,0.001,NOMINAL,-6.46
8,81,125,118.15,12.57,97.48,138.83,0.001,0.001,NOMINAL,-6.85
8,82,125,117.61,12.57,96.94,138.29,0.001,0.001,NOMINAL,-7.39
8,83,125,118.21,12.67,97.38,139.04,0.001,0.001,NOMINAL,-6.79
8,84,125,117.35,12.67,96.52,138.19,0.001,0.001,NOMINAL,-7.65
8,85,125,115.85,12.57,95.18,136.53,0.001,0.001,NOMINAL,-9.15
8,86,125,115.61,12.52,95.01,136.2,0.001,0.001,NOMINAL,-9.39
8,87,125,116.21,12.52,95.61,136.8,0.001,0.001,NOMINAL,-8.79
8,88,125,117.9,12.52,97.31,138.5,0.001,0.001,NOMINAL,-7.1
8,89,125,117.71,12.52,97.11,138.3,0.001,0.001,NOMINAL,-7.29
8,90,125,116.86,12.57,96.18,137.53,0.001,0.001,NOMINAL,-8.14
8,91,125,117.71,12.52,97.11,138.3,0.001,0.001,NOMINAL,-7.29
8,92,125,117.44,12.52,96.85,138.04,0.001,0.001,NOMINAL,-7.56
8,93,125,111.47,12.52,90.87,132.06,0.001,0.001,NOMINAL,-13.53
8,94,125,109.45,12.44,88.99,129.91,0.001,0.001,NOMINAL,-15.55
8,95,125,110.53,12.52,89.93,131.12,0.001,0.001,NOMINAL,-14.47
8,96,125,110.82,12.52,90.23,131.42,0.001,0.001,NOMINAL,-14.18
8,97,125,112.38,12.52,91.79,132.98,0.001,0.001,NOMINAL,-12.62
8,98,125,114.94,12.52,94.34,135.53,0.001,0.001,NOMINAL,-10.06
8,99,125,116.7,12.35,96.38,137.01,0.001,0.001,NOMINAL,-8.3
8,100,125,117.46,12.57,96.79,138.14,0.001,0.001,NOMINAL,-7.54
8,101,125,118.59,12.57,97.92,139.27,0.001,0.001,NOMINAL,-6.41
8,102,125,115.61,12.52,95.02,136.21,0.001,0.001,NOMINAL,-9.39
8,103,125,118.04,12.57,97.37,138.71,0.001,0.001,NOMINAL,-6.96
8,104,125,117.79,12.57,97.11,138.46,0.001,0.001,NOMINAL,-7.21
8,105,125,116.25,12.52,95.66,136.85,0.001,0.001,NOMINAL,-8.75
8,106,125,111.77,12.52,91.18,132.36,0.001,0.001,NOMINAL,-13.23
8,107,125,111.89,12.52,91.3,132.48,0.001,0.001,NOMINAL,-13.11
8,108,125,106.45,11.73,87.15,125.74,0.001,0.001,NOMINAL,-18.55
8,109,125,106.38,11.73,87.08,125.67,0.001,0.001,NOMINAL,-18.62
8,110,125,104.87,11.87,85.34,124.39,0.001,0.0011,NOMINAL,-20.13
8,111,125,106.28,11.6,87.19,125.37,0.001,0.001,NOMINAL,-18.72
8,112,125,102.45,11.49,83.55,121.35,0.001,0.0011,NOMINAL,-22.55
8,113,125,96.99,11.49,78.09,115.89,0.001,0.002,NOMINAL,-28.01
8,114,125,98.27,11.49,79.38,117.17,0.001,0.0016,NOMINAL,-26.73
8,115,125,103.49,11.49,84.59,122.38,0.001,0.0011,NOMINAL,-21.51
8,116,125,104.19,11.7,84.93,123.44,0.001,0.0011,NOMINAL,-20.81
8,117,125,104.15,11.73,84.85,123.45,0.001,0.0011,NOMINAL,-20.85
8,118,125,104.28,11.62,85.17,123.38,0.001,0.0011,NOMINAL,-20.72
8,119,125,104.0,12.44,83.54,124.46,0.001,0.0013,NOMINAL,-21.0
8,120,125,108.25,12.52,87.66,128.85,0.001,0.0011,NOMINAL,-16.75
8,121,125,111.09,12.52,90.5,131.68,0.001,0.001,NOMINAL,-13.91
8,122,125,111.16,12.52,90.57,131.76,0.001,0.001,NOMINAL,-13.84
8,123,124,110.72,12.52,90.13,131.32,0.001,0.001,NOMINAL,-13.28
8,124,123,109.62,12.52,89.02,130.21,0.001,0.0011,NOMINAL,-13.38
8,125,122,111.71,12.52,91.12,132.3,0.001,0.001,NOMINAL,-10.29
8,126,121,111.96,12.52,91.37,132.56,0.001,0.001,NOMINAL,-9.04
8,127,120,109.73,12.52,89.14,130.33,0.001,0.001,NOMINAL,-10.27
8,128,119,110.11,12.52,89.52,130.71,0.001,0.001,NOMINAL,-8.89
8,129,118,116.54,12.52,95.94,137.13,0.001,0.001,NOMINAL,-1.46
8,130,117,118.65,12.52,98.05,139.24,0.001,0.001,NOMINAL,1.65
8,131,116,112.23,12.52,91.64,132.83,0.001,0.001,NOMINAL,-3.77
8,132,115,105.25,12.21,85.16,125.33,0.001,0.0011,NOMINAL,-9.75
8,133,114,107.65,12.47,87.15,128.15,0.001,0.0011,NOMINAL,-6.35
8,134,113,104.87,12.44,84.4,125.33,0.001,0.0012,NOMINAL,-8.13
8,135,112,112.33,12.52,91.74,132.93,0.001,0.001,NOMINAL,0.33
8,136,111,111.85,12.52,91.26,132.45,0.001,0.001,NOMINAL,0.85
8,137,110,109.83,12.52,89.24,130.43,0.001,0.001,NOMINAL,-0.17
8,138,109,103.34,11.6,84.25,122.42,0.001,0.0011,NOMINAL,-5.66
8,139,108,97.02,11.49,78.12,115.92,0.001,0.002,NOMINAL,-10.98
8,140,107,100.24,11.6,81.15,119.32,0.001,0.0013,NOMINAL,-6.76
8,141,106,104.87,12.43,84.42,125.31,0.001,0.0012,NOMINAL,-1.13
8,142,105,104.69,11.73,85.4,123.99,0.001,0.0011,NOMINAL,-0.31
8,143,104,109.13,12.52,88.54,129.73,0.001,0.0011,NOMINAL,5.13
8,144,103,106.38,12.43,85.93,126.82,0.001,0.0011,NOMINAL,3.38
8,145,102,104.6,11.6,85.51,123.68,0.001,0.0011,NOMINAL,2.6
8,146,101,99.7,11.49,80.8,118.59,0.001,0.0013,NOMINAL,-1.3
8,147,100,102.0,11.49,83.1,120.89,0.001,0.0011,NOMINAL,2.0
8,148,99,92.33,11.42,73.54,111.11,0.001,0.0057,NOMINAL,-6.67
8,149,98,101.59,11.43,82.79,120.39,0.001,0.0011,NOMINAL,3.59
8,150,97,105.87,12.09,85.98,125.76,0.001,0.0011,NOMINAL,8.87
8,151,96,106.3,12.52,85.71,126.9,0.001,0.0012,NOMINAL,10.3
8,152,95,104.07,11.6,84.98,123.16,0.001,0.0011,NOMINAL,9.07
8,153,94,96.49,11.43,77.69,115.29,0.001,0.0021,NOMINAL,2.49
8,154,93,97.66,11.43,78.86,116.46,0.001,0.0017,NOMINAL,4.66
8,155,92,102.36,11.43,83.56,121.16,0.001,0.0011,NOMINAL,10.36
8,156,91,96.53,11.43,77.73,115.33,0.001,0.002,NOMINAL,5.53
8,157,90,98.4,11.43,79.59,117.2,0.001,0.0015,NOMINAL,8.4
8,158,89,92.83,11.38,74.11,111.55,0.001,0.0047,NOMINAL,3.83
8,159,88,91.19,11.41,72.42,109.96,0.001,0.0078,NOMINAL,3.19
8,160,87,80.63,10.95,62.61,98.64,0.001,0.0262,NOMINAL,-6.37
8,161,86,80.83,10.69,63.24,98.41,0.001,0.026,NOMINAL,-5.17
8,162,85,72.96,10.13,56.31,89.62,0.001,0.041,NOMINAL,-12.04
8,163,84,70.19,9.22,55.02,85.35,0.001,0.0455,NOMINAL,-13.81
8,164,83,68.7,10.16,51.98,85.41,0.001,0.0638,NOMINAL,-14.3
8,165,82,65.33,8.56,51.25,79.41,0.001,0.067,NOMINAL,-16.67
8,166,81,66.36,8.92,51.69,81.02,0.001,0.0642,NOMINAL,-14.64
8,167,80,63.66,8.92,49.0,78.33,0.001,0.0932,NOMINAL,-16.34
8,168,79,68.52,10.01,52.05,84.99,0.001,0.0636,NOMINAL,-10.48
8,169,78,69.73,10.02,53.26,86.21,0.001,0.0561,NOMINAL,-8.27
8,170,77,68.01,10.22,51.21,84.82,0.0011,0.0691,NOMINAL,-8.99
8,171,76,72.97,10.61,55.51,90.43,0.001,0.0472,NOMINAL,-3.03
8,172,75,66.19,9.75,50.15,82.23,0.0011,0.0807,NOMINAL,-8.81
8,173,74,63.07,9.75,47.03,79.12,0.0012,0.1112,NOMINAL,-10.93
8,174,73,62.29,9.74,46.26,78.31,0.0013,0.1213,NOMINAL,-10.71
8,175,72,65.89,10.34,48.89,82.9,0.0012,0.0929,NOMINAL,-6.11
8,176,71,63.63,9.85,47.43,79.82,0.0012,0.1051,NOMINAL,-7.37
8,177,70,62.29,9.27,47.04,77.53,0.0011,0.1134,NOMINAL,-7.71
8,178,69,62.12,9.84,45.94,78.3,0.0014,0.127,NOMINAL,-6.88
8,179,68,61.11,9.27,45.86,76.35,0.0012,0.1302,NOMINAL,-6.89
8,180,67,64.43,9.36,49.03,79.83,0.0011,0.0928,NOMINAL,-2.57
8,181,66,63.24,9.35,47.86,78.63,0.0011,0.1003,NOMINAL,-2.76
8,182,65,61.76,9.29,46.48,77.04,0.0012,0.1208,NOMINAL,-3.24
8,183,64,66.32,9.76,50.27,82.37,0.0011,0.0788,NOMINAL,2.32
8,184,63,63.34,9.69,47.41,79.28,0.0012,0.1056,NOMINAL,0.34
8,185,62,64.81,9.85,48.61,81.0,0.0011,0.0954,NOMINAL,2.81
8,186,61,63.34,9.85,47.15,79.54,0.0012,0.1086,NOMINAL,2.34
8,187,60,65.89,10.34,48.89,82.9,0.0012,0.0929,NOMINAL,5.89
8,188,59,63.36,9.84,47.18,79.53,0.0012,0.108,NOMINAL,4.36
8,189,58,61.11,6.59,50.27,71.95,0.001,0.076,NOMINAL,3.11
8,190,57,57.35,6.67,46.38,68.33,0.001,0.1483,NOMINAL,0.35
8,191,56,55.61,6.13,45.53,65.7,0.001,0.1911,NOMINAL,-0.39
8,192,55,60.32,6.43,49.74,70.89,0.001,0.0878,NOMINAL,5.32
9,52,125,122.99,3.25,117.63,128.34,0.001,0.001,NOMINAL,-2.01
9,53,125,122.99,3.25,117.63,128.34,0.001,0.001,NOMINAL,-2.01
9,54,125,123.23,2.87,118.5,127.95,0.001,0.001,NOMINAL,-1.77
9,55,125,123.61,2.77,119.06,128.17,0.001,0.001,NOMINAL,-1.39
9,56,125,123.61,2.83,118.96,128.27,0.001,0.001,NOMINAL,-1.39
9,57,125,123.61,2.77,119.06,128.17,0.001,0.001,NOMINAL,-1.39
9,58,125,123.61,2.77,119.06,128.17,0.001,0.001,NOMINAL,-1.39
9,59,125,124.07,2.77,119.52,128.62,0.001,0.001,NOMINAL,-0.93
9,60,125,124.07,2.77,119.52,128.62,0.001,0.001,NOMINAL,-0.93
9,61,125,124.07,2.77,119.52,128.62,0.001,0.001,NOMINAL,-0.93
9,62,125,123.97,2.77,119.42,128.53,0.001,0.001,NOMINAL,-1.03
9,63,125,123.97,4.0,117.39,130.56,0.001,0.001,NOMINAL,-1.03
9,64,125,123.97,4.0,117.39,130.56,0.001,0.001,NOMINAL,-1.03
9,65,125,124.07,2.77,119.52,128.62,0.001,0.001,NOMINAL,-0.93
9,66,125,124.07,2.77,119.52,128.62,0.001,0.001,NOMINAL,-0.93
9,67,125,124.07,2.77,119.52,128.62,0.001,0.001,NOMINAL,-0.93
9,68,125,124.07,2.77,119.52,128.62,0.001,0.001,NOMINAL,-0.93
9,69,125,124.07,2.77,119.52,128.62,0.001,0.001,NOMINAL,-0.93
9,70,125,123.97,2.77,119.42,128.53,0.001,0.001,NOMINAL,-1.03
9,71,125,123.97,2.77,119.42,128.53,0.001,0.001,NOMINAL,-1.03
9,72,125,123.97,4.34,116.84,131.11,0.001,0.001,NOMINAL,-1.03
9,73,125,123.97,2.77,119.42,128.53,0.001,0.001,NOMINAL,-1.03
9,74,125,123.97,2.77,119.42,128.53,0.001,0.001,NOMINAL,-1.03
9,75,125,124.07,2.77,119.52,128.62,0.001,0.001,NOMINAL,-0.93
9,76,125,124.07,2.77,119.52,128.62,0.001,0.001,NOMINAL,-0.93
9,77,125,124.07,2.77,119.52,128.62,0.001,0.001,NOMINAL,-0.93
9,78,125,123.97,2.77,119.42,128.53,0.001,0.001,NOMINAL,-1.03
9,79,125,123.97,2.77,119.42,128.53,0.001,0.001,NOMINAL,-1.03
9,80,125,123.97,2.77,119.42,128.53,0.001,0.001,NOMINAL,-1.03
9,81,125,123.97,6.15,113.85,134.09,0.001,0.001,NOMINAL,-1.03
9,82,125,123.97,6.15,113.85,134.09,0.001,0.001,NOMINAL,-1.03
9,83,125,123.84,6.45,113.22,134.45,0.001,0.001,NOMINAL,-1.16
9,84,125,123.72,6.45,113.1,134.33,0.001,0.001,NOMINAL,-1.28
9,85,125,123.97,6.25,113.7,134.25,0.001,0.001,NOMINAL,-1.03
9,86,125,123.97,6.25,113.7,134.25,0.001,0.001,NOMINAL,-1.03
9,87,125,123.97,6.25,113.7,134.25,0.001,0.001,NOMINAL,-1.03
9,88,125,123.97,6.25,113.7,134.25,0.001,0.001,NOMINAL,-1.03
9,89,125,123.97,5.68,114.64,133.31,0.001,0.001,NOMINAL,-1.03
9,90,125,124.07,5.68,114.74,133.41,0.001,0.001,NOMINAL,-0.93
9,91,125,123.97,5.68,114.64,133.31,0.001,0.001,NOMINAL,-1.03
9,92,125,124.07,2.77,119.52,128.62,0.001,0.001,NOMINAL,-0.93
9,93,125,124.07,2.77,119.52,128.62,0.001,0.001,NOMINAL,-0.93
9,94,125,124.07,2.77,119.52,128.62,0.001,0.001,NOMINAL,-0.93
9,95,125,123.97,2.77,119.42,128.53,0.001,0.001,NOMINAL,-1.03
9,96,125,124.07,2.77,119.52,128.62,0.001,0.001,NOMINAL,-0.93
9,97,125,123.97,3.0,119.04,128.91,0.001,0.001,NOMINAL,-1.03
9,98,125,123.97,2.77,119.42,128.53,0.001,0.001,NOMINAL,-1.03
9,99,125,123.97,2.77,119.42,128.53,0.001,0.001,NOMINAL,-1.03
9,100,125,123.97,4.0,117.39,130.56,0.001,0.001,NOMINAL,-1.03
9,101,125,124.07,2.77,119.52,128.62,0.001,0.001,NOMINAL,-0.93
9,102,125,124.07,2.77,119.52,128.62,0.001,0.001,NOMINAL,-0.93
9,103,125,123.97,4.0,117.39,130.56,0.001,0.001,NOMINAL,-1.03
9,104,125,124.07,2.77,119.52,128.62,0.001,0.001,NOMINAL,-0.93
9,105,125,123.97,3.0,119.04,128.91,0.001,0.001,NOMINAL,-1.03
9,106,125,123.97,3.0,119.04,128.91,0.001,0.001,NOMINAL,-1.03
9,107,125,123.97,3.0,119.04,128.91,0.001,0.001,NOMINAL,-1.03
9,108,125,123.97,6.15,113.85,134.09,0.001,0.001,NOMINAL,-1.03
9,109,125,123.97,4.0,117.39,130.56,0.001,0.001,NOMINAL,-1.03
9,110,125,123.97,2.77,119.42,128.53,0.001,0.001,NOMINAL,-1.03
9,111,125,124.07,2.77,119.52,128.62,0.001,0.001,NOMINAL,-0.93
9,112,125,123.97,2.77,119.42,128.53,0.001,0.001,NOMINAL,-1.03
9,113,125,123.97,3.0,119.04,128.91,0.001,0.001,NOMINAL,-1.03
9,114,125,123.97,4.34,116.84,131.11,0.001,0.001,NOMINAL,-1.03
9,115,125,123.97,4.0,117.39,130.56,0.001,0.001,NOMINAL,-1.03
9,116,125,123.97,3.0,119.04,128.91,0.001,0.001,NOMINAL,-1.03
9,117,125,124.07,2.77,119.52,128.62,0.001,0.001,NOMINAL,-0.93
9,118,125,123.97,4.34,116.84,131.11,0.001,0.001,NOMINAL,-1.03
9,119,125,123.97,6.94,112.56,135.39,0.001,0.001,NOMINAL,-1.03
9,120,125,123.97,4.34,116.84,131.11,0.001,0.001,NOMINAL,-1.03
9,121,125,123.97,4.34,116.84,131.11,0.001,0.001,NOMINAL,-1.03
9,122,125,123.97,6.15,113.85,134.09,0.001,0.001,NOMINAL,-1.03
9,123,125,123.97,6.15,113.85,134.09,0.001,0.001,NOMINAL,-1.03
9,124,125,123.97,6.15,113.85,134.09,0.001,0.001,NOMINAL,-1.03
9,125,125,124.12,6.15,114.0,134.24,0.001,0.001,NOMINAL,-0.88
9,126,125,124.12,5.68,114.78,133.45,0.001,0.001,NOMINAL,-0.88
9,127,125,124.12,6.15,114.0,134.24,0.001,0.001,NOMINAL,-0.88
9,128,125,123.97,6.25,113.7,134.25,0.001,0.001,NOMINAL,-1.03
9,129,125,124.12,6.15,114.0,134.24,0.001,0.001,NOMINAL,-0.88
9,130,125,124.12,5.68,114.78,133.45,0.001,0.001,NOMINAL,-0.88
9,131,125,124.12,5.68,114.78,133.45,0.001,0.001,NOMINAL,-0.88
9,132,125,123.97,5.68,114.64,133.31,0.001,0.001,NOMINAL,-1.03
9,133,125,123.97,2.77,119.42,128.53,0.001,0.001,NOMINAL,-1.03
9,134,125,123.97,2.77,119.42,128.53,0.001,0.001,NOMINAL,-1.03
9,135,125,123.97,2.77,119.42,128.53,0.001,0.001,NOMINAL,-1.03
9,136,125,124.07,2.77,119.52,128.62,0.001,0.001,NOMINAL,-0.93
9,137,125,123.97,2.77,119.42,128.53,0.001,0.001,NOMINAL,-1.03
9,138,125,123.97,3.0,119.04,128.91,0.001,0.001,NOMINAL,-1.03
9,139,125,123.97,3.0,119.04,128.91,0.001,0.001,NOMINAL,-1.03
9,140,125,123.97,4.34,116.84,131.11,0.001,0.001,NOMINAL,-1.03
9,141,125,123.97,6.15,113.85,134.09,0.001,0.001,NOMINAL,-1.03
9,142,125,123.97,6.15,113.85,134.09,0.001,0.001,NOMINAL,-1.03
9,143,125,123.18,7.18,111.37,135.0,0.001,0.001,NOMINAL,-1.82
9,144,125,121.05,8.59,106.92,135.18,0.001,0.001,NOMINAL,-3.95
9,145,125,120.88,8.85,106.32,135.43,0.001,0.001,NOMINAL,-4.12
9,146,125,121.53,8.26,107.95,135.11,0.001,0.001,NOMINAL,-3.47
9,147,125,120.69,9.31,105.37,136.0,0.001,0.001,NOMINAL,-4.31
9,148,125,122.78,8.19,109.3,136.25,0.001,0.001,NOMINAL,-2.22
9,149,125,120.49,9.44,104.96,136.01,0.001,0.001,NOMINAL,-4.51
9,150,125,121.15,7.87,108.21,134.09,0.001,0.001,NOMINAL,-3.85
9,151,125,123.32,7.2,111.48,135.16,0.001,0.001,NOMINAL,-1.68
9,152,125,124.37,6.25,114.1,134.65,0.001,0.001,NOMINAL,-0.63
9,153,125,124.18,6.45,113.56,134.8,0.001,0.001,NOMINAL,-0.82
9,154,125,122.65,8.59,108.52,136.78,0.001,0.001,NOMINAL,-2.35
9,155,125,120.92,9.72,104.94,136.9,0.001,0.001,NOMINAL,-4.08
9,156,125,121.38,10.96,103.36,139.4,0.001,0.001,NOMINAL,-3.62
9,157,125,123.3,8.3,109.64,136.96,0.001,0.001,NOMINAL,-1.7
9,158,125,121.59,9.12,106.6,136.59,0.001,0.001,NOMINAL,-3.41
9,159,125,115.25,12.52,94.66,135.85,0.001,0.001,NOMINAL,-9.75
9,160,125,116.17,11.1,97.9,134.43,0.001,0.001,NOMINAL,-8.83
9,161,125,116.26,12.52,95.67,136.86,0.001,0.001,NOMINAL,-8.74
9,162,125,116.08,11.1,97.81,134.34,0.001,0.001,NOMINAL,-8.92
9,163,125,111.94,12.44,91.48,132.4,0.001,0.001,NOMINAL,-13.06
9,164,125,113.46,11.1,95.2,131.73,0.001,0.001,NOMINAL,-11.54
9,165,125,113.14,12.52,92.54,133.73,0.001,0.001,NOMINAL,-11.86
9,166,125,113.04,11.1,94.78,131.31,0.001,0.001,NOMINAL,-11.96
9,167,125,113.04,12.52,92.45,133.64,0.001,0.001,NOMINAL,-11.96
9,168,125,107.23,10.58,89.83,124.63,0.001,0.001,NOMINAL,-17.77
9,169,124,106.67,11.49,87.77,125.57,0.001,0.001,NOMINAL,-17.33
9,170,123,105.6,11.03,87.45,123.75,0.001,0.001,NOMINAL,-17.4
9,171,122,104.22,11.49,85.32,123.12,0.001,0.0011,NOMINAL,-17.78
9,172,121,105.34,11.49,86.45,124.24,0.001,0.001,NOMINAL,-15.66
9,173,120,96.17,11.3,77.58,114.76,0.001,0.002,NOMINAL,-23.83
9,174,119,102.23,11.49,83.33,121.12,0.001,0.0011,NOMINAL,-16.77
9,175,118,101.29,11.03,83.14,119.43,0.001,0.0011,NOMINAL,-16.71
9,176,117,100.85,11.49,81.95,119.75,0.001,0.0012,NOMINAL,-16.15
9,177,116,101.77,11.49,82.87,120.66,0.001,0.0012,NOMINAL,-14.23
9,178,115,98.98,11.49,80.08,117.87,0.001,0.0015,NOMINAL,-16.02
9,179,114,106.06,11.62,86.95,125.17,0.001,0.001,NOMINAL,-7.94
9,180,113,107.73,12.05,87.92,127.55,0.001,0.001,NOMINAL,-5.27
9,181,112,116.51,11.1,98.25,134.77,0.001,0.001,NOMINAL,4.51
9,182,111,115.64,12.52,95.05,136.24,0.001,0.001,NOMINAL,4.64
9,183,110,119.51,11.1,101.24,137.77,0.001,0.001,NOMINAL,9.51
9,184,109,112.81,12.52,92.22,133.41,0.001,0.001,NOMINAL,3.81
9,185,108,110.15,12.43,89.7,130.59,0.001,0.001,NOMINAL,2.15
9,186,107,111.43,11.87,91.91,130.96,0.001,0.001,NOMINAL,4.43
9,187,106,116.08,11.1,97.81,134.34,0.001,0.001,NOMINAL,10.08
9,188,105,116.08,12.52,95.48,136.67,0.001,0.001,NOMINAL,11.08
9,189,104,117.19,12.52,96.59,137.78,0.001,0.001,NOMINAL,13.19
9,190,103,119.9,12.57,99.23,140.58,0.001,0.001,NOMINAL,16.9
9,191,102,122.36,7.87,109.41,135.3,0.001,0.001,NOMINAL,20.36
9,192,101,123.53,8.14,110.14,136.92,0.001,0.001,NOMINAL,22.53
9,193,100,120.97,9.64,105.11,136.83,0.001,0.001,NOMINAL,20.97
9,194,99,122.12,10.02,105.64,138.61,0.001,0.001,NOMINAL,23.12
9,195,98,119.73,12.57,99.06,140.41,0.001,0.001,NOMINAL,21.73
9,196,97,119.39,12.57,98.72,140.07,0.001,0.001,NOMINAL,22.39
9,197,96,122.3,8.85,107.75,136.85,0.001,0.001,NOMINAL,26.3
9,198,95,117.3,12.57,96.63,137.97,0.001,0.001,NOMINAL,22.3
9,199,94,117.65,12.57,96.98,138.32,0.001,0.001,NOMINAL,23.65
9,200,93,119.82,12.57,99.15,140.5,0.001,0.001,NOMINAL,26.82
9,201,92,115.25,12.57,94.58,135.93,0.001,0.001,NOMINAL,23.25
9,202,91,118.8,12.57,98.12,139.47,0.001,0.001,NOMINAL,27.8
9,203,90,112.93,12.52,92.34,133.53,0.001,0.001,NOMINAL,22.93
9,204,89,110.41,12.3,90.18,130.65,0.001,0.001,NOMINAL,21.41
9,205,88,108.26,11.87,88.74,127.79,0.001,0.001,NOMINAL,20.26
9,206,87,109.38,12.3,89.14,129.61,0.001,0.001,NOMINAL,22.38
9,207,86,103.45,11.49,84.56,122.35,0.001,0.0011,NOMINAL,17.45
9,208,85,102.13,11.49,83.24,121.03,0.001,0.0011,NOMINAL,17.13
9,209,84,102.13,11.43,83.33,120.94,0.001,0.0011,NOMINAL,18.13
9,210,83,101.0,11.43,82.2,119.8,0.001,0.0012,NOMINAL,18.0
9,211,82,93.0,11.07,74.79,111.21,0.001,0.0033,NOMINAL,11.0
9,212,81,93.03,11.07,74.83,111.24,0.001,0.0032,NOMINAL,12.03
9,213,80,101.61,11.43,82.81,120.41,0.001,0.0011,NOMINAL,21.61
9,214,79,97.51,11.43,78.71,116.31,0.001,0.0017,NOMINAL,18.51
9,215,78,93.96,11.43,75.16,112.76,0.001,0.0037,NOMINAL,15.96
9,216,77,90.2,11.42,71.41,108.98,0.001,0.0106,NOMINAL,13.2
9,217,76,90.03,10.96,72.0,108.05,0.001,0.0068,NOMINAL,14.03
9,218,75,89.52,10.69,71.94,107.1,0.001,0.0058,NOMINAL,14.52
9,219,74,90.39,11.07,72.18,108.6,0.001,0.0068,NOMINAL,16.39
9,220,73,86.94,10.63,69.46,104.42,0.001,0.0123,NOMINAL,13.94
9,221,72,84.69,10.49,67.44,101.95,0.001,0.0219,NOMINAL,12.69
9,222,71,81.1,10.36,64.05,98.14,0.001,0.0256,NOMINAL,10.1
9,223,70,76.67,9.63,60.82,92.51,0.001,0.0263,NOMINAL,6.67
9,224,69,79.74,10.29,62.82,96.67,0.001,0.026,NOMINAL,10.74
9,225,68,75.12,9.95,58.75,91.49,0.001,0.032,NOMINAL,7.12
9,226,67,81.6,10.28,64.69,98.51,0.001,0.0253,NOMINAL,14.6
9,227,66,80.75,10.07,64.19,97.32,0.001,0.0254,NOMINAL,14.75
9,228,65,75.58,9.91,59.27,91.89,0.001,0.0303,NOMINAL,10.58
9,229,64,69.62,8.49,55.66,83.58,0.001,0.0385,NOMINAL,5.62
9,230,63,70.3,8.75,55.91,84.69,0.001,0.0379,NOMINAL,7.3
9,231,62,70.52,7.93,57.47,83.56,0.001,0.0302,NOMINAL,8.52
9,232,61,62.63,7.67,50.01,75.24,0.001,0.0829,NOMINAL,1.63
9,233,60,60.35,7.8,47.52,73.18,0.001,0.1131,NOMINAL,0.35
9,234,59,55.35,8.33,41.65,69.05,0.0015,0.2979,NOMINAL,-3.65
9,235,58,57.96,8.07,44.69,71.23,0.0011,0.1764,NOMINAL,-0.04
9,236,57,57.27,8.17,43.83,70.71,0.0011,0.1977,NOMINAL,0.27
9,237,56,53.86,8.71,39.53,68.2,0.0033,0.3824,NOMINAL,-2.14
9,238,55,51.47,8.71,37.14,65.8,0.0078,0.4934,NOMINAL,-3.53
10,52,125,123.41,4.49,116.02,130.79,0.001,0.001,NOMINAL,-1.59
10,53,125,123.41,4.43,116.12,130.69,0.001,0.001,NOMINAL,-1.59
10,54,125,123.31,12.35,102.99,143.63,0.001,0.001,NOMINAL,-1.69
10,55,125,123.31,8.49,109.35,137.27,0.001,0.001,NOMINAL,-1.69
10,56,125,122.38,8.75,107.98,136.77,0.001,0.001,NOMINAL,-2.62
10,57,125,123.31,8.25,109.74,136.88,0.001,0.001,NOMINAL,-1.69
10,58,125,123.52,3.9,117.09,129.94,0.001,0.001,NOMINAL,-1.48
10,59,125,123.97,3.47,118.27,129.68,0.001,0.001,NOMINAL,-1.03
10,60,125,123.97,4.0,117.39,130.56,0.001,0.001,NOMINAL,-1.03
10,61,125,123.97,3.9,117.55,130.4,0.001,0.001,NOMINAL,-1.03
10,62,125,123.97,4.71,116.23,131.72,0.001,0.001,NOMINAL,-1.03
10,63,125,122.65,7.72,109.96,135.35,0.001,0.001,NOMINAL,-2.35
10,64,125,121.09,12.6,100.36,141.82,0.001,0.001,NOMINAL,-3.91
10,65,125,120.02,11.15,101.68,138.35,0.001,0.001,NOMINAL,-4.98
10,66,125,119.5,11.15,101.17,137.84,0.001,0.001,NOMINAL,-5.5
10,67,125,120.75,9.64,104.89,136.61,0.001,0.001,NOMINAL,-4.25
10,68,125,120.29,9.64,104.44,136.15,0.001,0.001,NOMINAL,-4.71
10,69,125,119.5,11.09,101.26,137.75,0.001,0.001,NOMINAL,-5.5
10,70,125,117.92,11.15,99.59,136.26,0.001,0.001,NOMINAL,-7.08
10,71,125,117.37,11.1,99.11,135.63,0.001,0.001,NOMINAL,-7.63
10,72,125,117.37,11.1,99.11,135.63,0.001,0.001,NOMINAL,-7.63
10,73,124,119.77,10.79,102.02,137.52,0.001,0.001,NOMINAL,-4.23
10,74,123,120.76,9.33,105.41,136.11,0.001,0.001,NOMINAL,-2.24
10,75,122,121.78,10.56,104.41,139.15,0.001,0.001,NOMINAL,-0.22
10,76,121,122.02,8.52,108.01,136.03,0.001,0.001,NOMINAL,1.02
10,77,120,122.58,7.65,110.0,135.17,0.001,0.001,NOMINAL,2.58
10,78,119,122.39,8.59,108.26,136.52,0.001,0.001,NOMINAL,3.39
10,79,118,122.39,8.46,108.47,136.31,0.001,0.001,NOMINAL,4.39
10,80,117,122.39,8.46,108.47,136.31,0.001,0.001,NOMINAL,5.39
10,81,116,122.39,8.62,108.22,136.56,0.001,0.001,NOMINAL,6.39
10,82,115,122.39,8.42,108.54,136.24,0.001,0.001,NOMINAL,7.39
10,83,114,121.29,10.12,104.64,137.93,0.001,0.001,NOMINAL,7.29
10,84,113,119.74,10.18,103.0,136.48,0.001,0.001,NOMINAL,6.74
10,85,112,115.09,12.57,94.42,135.77,0.001,0.001,NOMINAL,3.09
10,86,111,113.08,11.1,94.81,131.34,0.001,0.001,NOMINAL,2.08
10,87,110,114.18,12.52,93.58,134.77,0.001,0.001,NOMINAL,4.18
10,88,109,112.97,11.1,94.71,131.23,0.001,0.001,NOMINAL,3.97
10,89,108,115.61,12.52,95.02,136.21,0.001,0.001,NOMINAL,7.61
10,90,107,108.74,12.44,88.28,129.2,0.001,0.0011,NOMINAL,1.74
10,91,106,109.92,11.63,90.78,129.05,0.001,0.001,NOMINAL,3.92
10,92,105,106.15,11.62,87.04,125.26,0.001,0.001,NOMINAL,1.15
10,93,104,112.64,11.1,94.38,130.91,0.001,0.001,NOMINAL,8.64
10,94,103,116.37,11.1,98.1,134.63,0.001,0.001,NOMINAL,13.37
10,95,102,116.37,11.1,98.1,134.63,0.001,0.001,NOMINAL,14.37
10,96,101,110.28,11.1,92.02,128.55,0.001,0.001,NOMINAL,9.28
10,97,100,104.65,11.49,85.76,123.55,0.001,0.0011,NOMINAL,4.65
10,98,99,103.14,11.49,84.24,122.04,0.001,0.0011,NOMINAL,4.14
10,99,98,103.02,11.56,84.0,122.04,0.001,0.0011,NOMINAL,5.02
10,100,97,97.59,11.49,78.7,116.49,0.001,0.0018,NOMINAL,0.59
10,101,96,106.27,11.03,88.13,124.42,0.001,0.001,NOMINAL,10.27
10,102,95,92.49,10.9,74.57,110.41,0.001,0.0031,NOMINAL,-2.51
10,103,94,88.82,10.9,70.9,106.75,0.001,0.0091,NOMINAL,-5.18
10,104,93,91.9,10.9,73.97,109.82,0.001,0.0037,NOMINAL,-1.1
10,105,92,92.99,10.52,75.69,110.29,0.001,0.002,NOMINAL,0.99
10,106,91,89.48,10.45,72.29,106.66,0.001,0.0045,NOMINAL,-1.52
10,107,90,94.45,10.69,76.86,112.04,0.001,0.0017,NOMINAL,4.45
10,108,89,90.77,10.62,73.3,108.23,0.001,0.0037,NOMINAL,1.77
10,109,88,89.31,10.93,71.34,107.28,0.001,0.0081,NOMINAL,1.31
10,110,87,89.95,10.5,72.68,107.22,0.001,0.0042,NOMINAL,2.95
10,111,86,82.47,10.58,65.06,99.88,0.001,0.0253,NOMINAL,-3.53
10,112,85,79.94,10.6,62.51,97.38,0.001,0.0262,NOMINAL,-5.06
10,113,84,80.14,10.59,62.72,97.56,0.001,0.0261,NOMINAL,-3.86
10,114,83,80.71,10.59,63.29,98.12,0.001,0.026,NOMINAL,-2.29
10,115,82,80.78,10.58,63.37,98.18,0.001,0.026,NOMINAL,-1.22
10,116,81,82.24,10.26,65.37,99.11,0.001,0.0245,NOMINAL,1.24
10,117,80,79.1,10.64,61.6,96.61,0.001,0.0266,NOMINAL,-0.9
10,118,79,80.31,10.57,62.92,97.71,0.001,0.0261,NOMINAL,1.31
10,119,78,80.75,10.41,63.63,97.87,0.001,0.0258,NOMINAL,2.75
10,120,77,81.79,10.8,64.02,99.55,0.001,0.0258,NOMINAL,4.79
10,121,76,77.98,10.56,60.61,95.36,0.001,0.0296,NOMINAL,1.98
10,122,75,77.64,10.05,61.11,94.17,0.001,0.0263,NOMINAL,2.64
10,123,74,77.47,10.05,60.94,94.0,0.001,0.0266,NOMINAL,3.47
10,124,73,71.49,9.75,55.46,87.53,0.001,0.0449,NOMINAL,-1.51
10,125,72,75.69,9.95,59.32,92.07,0.001,0.0303,NOMINAL,3.69
10,126,71,74.82,9.95,58.44,91.19,0.001,0.0326,NOMINAL,3.82
10,127,70,74.29,9.75,58.25,90.33,0.001,0.0326,NOMINAL,4.29
10,128,69,67.27,8.22,53.76,80.79,0.001,0.0494,NOMINAL,-1.73
10,129,68,65.77,7.69,53.13,78.41,0.001,0.0517,NOMINAL,-2.23
10,130,67,67.27,8.01,54.09,80.45,0.001,0.0477,NOMINAL,0.27
10,131,66,65.59,7.98,52.46,78.73,0.001,0.0573,NOMINAL,-0.41
11,52,125,117.66,13.43,95.58,139.75,0.001,0.001,NOMINAL,-7.34
11,53,125,116.46,10.14,99.79,133.13,0.001,0.001,NOMINAL,-8.54
11,54,125,116.55,12.39,96.16,136.93,0.001,0.001,NOMINAL,-8.45
11,55,125,116.42,10.44,99.25,133.58,0.001,0.001,NOMINAL,-8.58
11,56,124,115.77,11.74,96.46,135.08,0.001,0.001,NOMINAL,-8.23
11,57,123,115.43,11.53,96.47,134.39,0.001,0.001,NOMINAL,-7.57
11,58,122,113.93,12.62,93.17,134.68,0.001,0.001,NOMINAL,-8.07
11,59,121,112.65,12.52,92.05,133.24,0.001,0.001,NOMINAL,-8.35
11,60,120,113.53,12.52,92.93,134.12,0.001,0.001,NOMINAL,-6.47
11,61,119,112.95,12.52,92.36,133.54,0.001,0.001,NOMINAL,-6.05
11,62,118,113.34,12.52,92.75,133.94,0.001,0.001,NOMINAL,-4.66
11,63,117,108.97,12.52,88.38,129.57,0.001,0.0011,NOMINAL,-8.03
11,64,116,108.13,12.52,87.53,128.72,0.001,0.0011,NOMINAL,-7.87
11,65,115,107.77,12.52,87.17,128.36,0.001,0.0011,NOMINAL,-7.23
11,66,114,104.34,12.52,83.74,124.93,0.001,0.0013,NOMINAL,-9.66
11,67,113,104.68,12.52,84.08,125.27,0.001,0.0013,NOMINAL,-8.32
11,68,112,108.74,12.52,88.15,129.34,0.001,0.0011,NOMINAL,-3.26
11,69,111,103.97,12.52,83.38,124.57,0.001,0.0014,NOMINAL,-7.03
11,70,110,109.26,12.52,88.67,129.86,0.001,0.0011,NOMINAL,-0.74
11,71,109,107.62,12.52,87.03,128.22,0.001,0.0011,NOMINAL,-1.38
11,72,108,109.18,12.52,88.58,129.77,0.001,0.0011,NOMINAL,1.18
11,73,107,109.36,12.52,88.77,129.96,0.001,0.0011,NOMINAL,2.36
11,74,106,107.26,12.52,86.67,127.86,0.001,0.0011,NOMINAL,1.26
11,75,105,109.26,12.52,88.66,129.85,0.001,0.0011,NOMINAL,4.26
11,76,104,107.81,12.52,87.22,128.41,0.001,0.0011,NOMINAL,3.81
11,77,103,109.5,12.52,88.9,130.09,0.001,0.0011,NOMINAL,6.5
11,78,102,109.03,12.52,88.44,129.62,0.001,0.0011,NOMINAL,7.03
11,79,101,108.14,12.52,87.54,128.73,0.001,0.0011,NOMINAL,7.14
11,80,100,107.24,12.52,86.64,127.83,0.001,0.0011,NOMINAL,7.24
11,81,99,104.48,12.52,83.89,125.08,0.001,0.0013,NOMINAL,5.48
11,82,98,104.23,12.52,83.64,124.83,0.001,0.0013,NOMINAL,6.23
11,83,97,100.35,12.52,79.76,120.95,0.001,0.0023,NOMINAL,3.35
11,84,96,104.0,12.52,83.4,124.59,0.001,0.0014,NOMINAL,8.0
11,85,95,98.23,12.52,77.64,118.83,0.001,0.0036,NOMINAL,3.23
11,86,94,100.35,12.52,79.76,120.95,0.001,0.0023,NOMINAL,6.35
11,87,93,100.75,12.52,80.16,121.35,0.001,0.0021,NOMINAL,7.75
11,88,92,101.93,12.52,81.34,122.53,0.001,0.0018,NOMINAL,9.93
11,89,91,100.84,12.52,80.24,121.43,0.001,0.0021,NOMINAL,9.84
11,90,90,90.25,11.43,71.45,109.05,0.001,0.0105,NOMINAL,0.25
11,91,89,89.27,11.42,70.49,108.06,0.001,0.0139,NOMINAL,0.27
11,92,88,86.53,11.42,67.74,105.32,0.001,0.0239,NOMINAL,-1.47
11,93,87,84.5,11.22,66.04,102.96,0.001,0.0253,NOMINAL,-2.5
11,94,86,83.0,11.2,64.58,101.42,0.001,0.0258,NOMINAL,-3.0
11,95,85,85.81,11.34,67.16,104.47,0.001,0.0244,NOMINAL,0.81
11,96,84,68.32,10.01,51.85,84.79,0.001,0.0645,NOMINAL,-15.68
11,97,83,66.92,10.09,50.32,83.51,0.0011,0.078,NOMINAL,-16.08
11,98,82,66.17,10.18,49.42,82.92,0.0011,0.0894,NOMINAL,-15.83
11,99,81,68.88,10.33,51.88,85.88,0.0011,0.0646,NOMINAL,-12.12
11,100,80,74.08,10.8,56.31,91.85,0.001,0.0434,NOMINAL,-5.92
11,101,79,74.43,10.46,57.23,91.62,0.001,0.037,NOMINAL,-4.57
11,102,78,79.68,10.9,61.74,97.61,0.001,0.0269,NOMINAL,1.68
11,103,77,83.13,11.22,64.67,101.59,0.001,0.0258,NOMINAL,6.13
12,52,125,122.53,13.34,100.58,144.47,0.001,0.001,NOMINAL,-2.47
12,53,125,120.75,13.27,98.92,142.57,0.001,0.001,NOMINAL,-4.25
12,54,125,122.53,13.34,100.58,144.47,0.001,0.001,NOMINAL,-2.47
12,55,125,120.86,13.35,98.9,142.83,0.001,0.001,NOMINAL,-4.14
12,56,125,122.53,13.43,100.44,144.61,0.001,0.001,NOMINAL,-2.47
12,57,125,122.69,13.34,100.74,144.63,0.001,0.001,NOMINAL,-2.31
12,58,125,122.87,12.13,102.92,142.81,0.001,0.001,NOMINAL,-2.13
12,59,125,120.08,11.24,101.58,138.57,0.001,0.001,NOMINAL,-4.92
12,60,125,121.93,11.83,102.46,141.39,0.001,0.001,NOMINAL,-3.07
12,61,125,121.73,13.34,99.79,143.68,0.001,0.001,NOMINAL,-3.27
12,62,125,122.87,13.27,101.04,144.7,0.001,0.001,NOMINAL,-2.13
12,63,125,122.87,13.27,101.04,144.7,0.001,0.001,NOMINAL,-2.13
12,64,125,122.68,11.92,103.08,142.28,0.001,0.001,NOMINAL,-2.32
12,65,125,120.7,10.07,104.14,137.25,0.001,0.001,NOMINAL,-4.3
12,66,125,120.59,12.08,100.72,140.46,0.001,0.001,NOMINAL,-4.41
12,67,125,121.96,12.6,101.23,142.69,0.001,0.001,NOMINAL,-3.04
12,68,125,122.62,12.55,101.98,143.26,0.001,0.001,NOMINAL,-2.38
12,69,125,119.66,11.53,100.7,138.61,0.001,0.001,NOMINAL,-5.34
12,70,125,121.64,12.67,100.81,142.48,0.001,0.001,NOMINAL,-3.36
12,71,125,119.01,12.57,98.33,139.68,0.001,0.001,NOMINAL,-5.99
12,72,125,118.07,12.57,97.4,138.74,0.001,0.001,NOMINAL,-6.93
12,73,125,116.88,12.57,96.21,137.55,0.001,0.001,NOMINAL,-8.12
12,74,125,116.51,12.57,95.83,137.18,0.001,0.001,NOMINAL,-8.49
12,75,125,116.2,11.15,97.87,134.54,0.001,0.001,NOMINAL,-8.8
12,76,125,117.03,12.57,96.36,137.7,0.001,0.001,NOMINAL,-7.97
12,77,125,117.49,12.57,96.81,138.16,0.001,0.001,NOMINAL,-7.51
12,78,125,118.45,12.57,97.77,139.12,0.001,0.001,NOMINAL,-6.55
12,79,125,118.5,12.57,97.82,139.17,0.001,0.001,NOMINAL,-6.5
12,80,125,118.22,12.57,97.54,138.89,0.001,0.001,NOMINAL,-6.78
12,81,125,120.46,11.15,102.13,138.8,0.001,0.001,NOMINAL,-4.54
12,82,125,118.45,12.57,97.77,139.12,0.001,0.001,NOMINAL,-6.55
12,83,125,118.45,11.15,100.11,136.78,0.001,0.001,NOMINAL,-6.55
12,84,125,122.51,9.64,106.66,138.36,0.001,0.001,NOMINAL,-2.49
12,85,125,119.38,9.59,103.62,135.15,0.001,0.001,NOMINAL,-5.62
12,86,125,119.03,12.57,98.36,139.7,0.001,0.001,NOMINAL,-5.97
12,87,125,119.03,12.57,98.36,139.7,0.001,0.001,NOMINAL,-5.97
12,88,125,118.07,12.57,97.4,138.74,0.001,0.001,NOMINAL,-6.93
12,89,125,118.07,12.57,97.4,138.74,0.001,0.001,NOMINAL,-6.93
12,90,125,118.07,12.57,97.4,138.74,0.001,0.001,NOMINAL,-6.93
12,91,125,117.9,12.57,97.23,138.57,0.001,0.001,NOMINAL,-7.1
12,92,125,118.04,12.57,97.37,138.71,0.001,0.001,NOMINAL,-6.96
12,93,125,116.47,12.52,95.87,137.06,0.001,0.001,NOMINAL,-8.53
12,94,125,111.03,12.52,90.44,131.62,0.001,0.001,NOMINAL,-13.97
12,95,125,106.5,11.6,87.41,125.59,0.001,0.001,NOMINAL,-18.5
12,96,125,99.72,11.49,80.82,118.62,0.001,0.0013,NOMINAL,-25.28
12,97,125,101.56,11.49,82.67,120.46,0.001,0.0012,NOMINAL,-23.44
12,98,125,99.4,11.49,80.5,118.29,0.001,0.0014,NOMINAL,-25.6
12,99,125,100.87,11.49,81.97,119.77,0.001,0.0012,NOMINAL,-24.13
12,100,125,106.94,12.44,86.47,127.4,0.001,0.0011,NOMINAL,-18.06
12,101,125,108.7,12.52,88.1,129.29,0.001,0.0011,NOMINAL,-16.3
12,102,125,115.27,12.52,94.67,135.86,0.001,0.001,NOMINAL,-9.73
12,103,125,116.12,12.52,95.52,136.71,0.001,0.001,NOMINAL,-8.88
12,104,125,113.13,12.52,92.54,133.72,0.001,0.001,NOMINAL,-11.87
12,105,125,111.72,12.52,91.13,132.32,0.001,0.001,NOMINAL,-13.28
12,106,125,109.62,12.52,89.02,130.21,0.001,0.0011,NOMINAL,-15.38
12,107,125,108.73,12.52,88.13,129.32,0.001,0.0011,NOMINAL,-16.27
12,108,125,106.33,12.44,85.87,126.79,0.001,0.0011,NOMINAL,-18.67
12,109,125,106.89,12.52,86.29,127.48,0.001,0.0011,NOMINAL,-18.11
12,110,125,107.88,12.52,87.29,128.47,0.001,0.0011,NOMINAL,-17.12
12,111,125,108.76,12.52,88.17,129.36,0.001,0.0011,NOMINAL,-16.24
12,112,125,104.87,11.73,85.57,124.16,0.001,0.0011,NOMINAL,-20.13
12,113,125,106.76,12.14,86.79,126.73,0.001,0.0011,NOMINAL,-18.24
12,114,125,111.11,12.52,90.52,131.71,0.001,0.001,NOMINAL,-13.89
12,115,125,109.62,12.52,89.02,130.21,0.001,0.0011,NOMINAL,-15.38
12,116,125,110.32,12.52,89.73,130.92,0.001,0.001,NOMINAL,-14.68
12,117,125,104.87,11.73,85.57,124.16,0.001,0.0011,NOMINAL,-20.13
12,118,125,106.38,12.09,86.48,126.27,0.001,0.0011,NOMINAL,-18.62
12,119,125,101.99,11.49,83.09,120.89,0.001,0.0011,NOMINAL,-23.01
12,120,125,107.7,12.43,87.26,128.15,0.001,0.0011,NOMINAL,-17.3
12,121,125,107.88,12.47,87.38,128.38,0.001,0.0011,NOMINAL,-17.12
12,122,125,107.88,12.44,87.42,128.34,0.001,0.0011,NOMINAL,-17.12
12,123,125,103.09,11.49,84.19,121.98,0.001,0.0011,NOMINAL,-21.91
12,124,125,97.65,11.49,78.75,116.54,0.001,0.0018,NOMINAL,-27.35
12,125,125,94.19,11.49,75.3,113.09,0.001,0.0037,NOMINAL,-30.81
12,126,125,93.15,11.43,74.35,111.95,0.001,0.0045,NOMINAL,-31.85
12,127,125,90.41,11.43,71.61,109.22,0.001,0.01,NOMINAL,-34.59
12,128,125,90.41,11.43,71.61,109.22,0.001,0.01,NOMINAL,-34.59
12,129,125,91.74,11.43,72.94,110.54,0.001,0.0068,NOMINAL,-33.26
12,130,125,90.46,11.43,71.66,109.26,0.001,0.0099,NOMINAL,-34.54
12,131,125,98.8,11.49,79.91,117.7,0.001,0.0015,NOMINAL,-26.2
12,132,125,108.81,12.52,88.22,129.4,0.001,0.0011,NOMINAL,-16.19
12,133,125,107.89,12.52,87.3,128.48,0.001,0.0011,NOMINAL,-17.11
12,134,125,110.64,12.52,90.04,131.23,0.001,0.001,NOMINAL,-14.36
12,135,125,113.34,12.52,92.75,133.94,0.001,0.001,NOMINAL,-11.66
12,136,125,115.83,12.52,95.24,136.43,0.001,0.001,NOMINAL,-9.17
12,137,124,116.74,12.52,96.15,137.33,0.001,0.001,NOMINAL,-7.26
12,138,123,115.58,12.52,94.98,136.17,0.001,0.001,NOMINAL,-7.42
12,139,122,115.76,12.52,95.16,136.35,0.001,0.001,NOMINAL,-6.24
12,140,121,114.99,12.52,94.4,135.59,0.001,0.001,NOMINAL,-6.01
12,141,120,116.01,12.52,95.42,136.61,0.001,0.001,NOMINAL,-3.99
12,142,119,115.09,12.52,94.49,135.68,0.001,0.001,NOMINAL,-3.91
12,143,118,113.51,12.52,92.92,134.11,0.001,0.001,NOMINAL,-4.49
12,144,117,114.58,12.52,93.98,135.17,0.001,0.001,NOMINAL,-2.42
12,145,116,112.48,12.52,91.88,133.07,0.001,0.001,NOMINAL,-3.52
12,146,115,110.93,12.52,90.34,131.52,0.001,0.001,NOMINAL,-4.07
13,52,125,116.57,10.37,99.51,133.63,0.001,0.001,NOMINAL,-8.43
13,53,125,121.29,9.95,104.92,137.66,0.001,0.001,NOMINAL,-3.71
13,54,125,118.02,11.28,99.47,136.57,0.001,0.001,NOMINAL,-6.98
13,55,125,116.18,11.33,97.55,134.81,0.001,0.001,NOMINAL,-8.82
13,56,124,117.95,11.33,99.32,136.58,0.001,0.001,NOMINAL,-6.05
13,57,123,115.67,11.54,96.69,134.66,0.001,0.001,NOMINAL,-7.33
13,58,122,117.07,11.38,98.34,135.79,0.001,0.001,NOMINAL,-4.93
13,59,121,116.75,12.62,96.0,137.51,0.001,0.001,NOMINAL,-4.25
13,60,120,116.99,11.34,98.34,135.65,0.001,0.001,NOMINAL,-3.01
13,61,119,110.64,12.52,90.05,131.24,0.001,0.001,NOMINAL,-8.36
13,62,118,109.86,12.52,89.26,130.45,0.001,0.001,NOMINAL,-8.14
13,63,117,111.76,12.52,91.17,132.36,0.001,0.001,NOMINAL,-5.24
13,64,116,111.83,12.52,91.24,132.43,0.001,0.001,NOMINAL,-4.17
13,65,115,111.3,12.52,90.7,131.89,0.001,0.001,NOMINAL,-3.7
14,52,125,116.96,11.12,98.67,135.26,0.001,0.001,NOMINAL,-8.04
14,53,125,117.52,10.02,101.04,134.0,0.001,0.001,NOMINAL,-7.48
14,54,125,117.36,10.05,100.83,133.9,0.001,0.001,NOMINAL,-7.64
14,55,125,118.46,13.55,96.18,140.75,0.001,0.001,NOMINAL,-6.54
14,56,125,116.77,12.29,96.56,136.99,0.001,0.001,NOMINAL,-8.23
14,57,125,116.7,11.19,98.29,135.11,0.001,0.001,NOMINAL,-8.3
14,58,125,116.57,11.49,97.68,135.46,0.001,0.001,NOMINAL,-8.43
14,59,125,116.65,11.42,97.87,135.44,0.001,0.001,NOMINAL,-8.35
14,60,125,118.82,11.19,100.41,137.23,0.001,0.001,NOMINAL,-6.18
14,61,125,118.64,11.18,100.24,137.03,0.001,0.001,NOMINAL,-6.36
14,62,125,119.25,10.99,101.18,137.32,0.001,0.001,NOMINAL,-5.75
14,63,125,120.3,11.28,101.76,138.85,0.001,0.001,NOMINAL,-4.7
14,64,125,119.94,11.41,101.17,138.71,0.001,0.001,NOMINAL,-5.06
14,65,125,119.95,11.48,101.08,138.83,0.001,0.001,NOMINAL,-5.05
14,66,125,120.18,11.53,101.22,139.14,0.001,0.001,NOMINAL,-4.82
14,67,125,115.5,12.57,94.83,136.17,0.001,0.001,NOMINAL,-9.5
14,68,125,116.58,12.52,95.99,137.18,0.001,0.001,NOMINAL,-8.42
14,69,125,118.15,12.57,97.48,138.83,0.001,0.001,NOMINAL,-6.85
14,70,125,118.33,12.57,97.66,139.01,0.001,0.001,NOMINAL,-6.67
14,71,125,119.06,12.57,98.39,139.73,0.001,0.001,NOMINAL,-5.94
14,72,125,121.08,12.57,100.4,141.75,0.001,0.001,NOMINAL,-3.92
14,73,125,119.29,12.57,98.62,139.97,0.001,0.001,NOMINAL,-5.71
14,74,125,118.3,12.52,97.71,138.9,0.001,0.001,NOMINAL,-6.7
14,75,125,116.78,12.52,96.19,137.38,0.001,0.001,NOMINAL,-8.22
14,76,124,119.89,12.67,99.06,140.73,0.001,0.001,NOMINAL,-4.11
14,77,123,113.71,12.52,93.12,134.31,0.001,0.001,NOMINAL,-9.29
14,78,122,109.07,12.52,88.48,129.67,0.001,0.0011,NOMINAL,-12.93
14,79,121,105.83,12.52,85.23,126.42,0.001,0.0012,NOMINAL,-15.17
14,80,120,111.12,12.52,90.53,131.71,0.001,0.001,NOMINAL,-8.88
14,81,119,112.61,12.52,92.01,133.2,0.001,0.001,NOMINAL,-6.39
14,82,118,115.61,12.52,95.02,136.21,0.001,0.001,NOMINAL,-2.39
14,83,117,115.61,12.52,95.02,136.21,0.001,0.001,NOMINAL,-1.39
14,84,116,112.91,12.52,92.31,133.5,0.001,0.001,NOMINAL,-3.09
14,85,115,111.88,12.52,91.29,132.48,0.001,0.001,NOMINAL,-3.12
14,86,114,112.66,12.52,92.06,133.25,0.001,0.001,NOMINAL,-1.34
14,87,113,109.87,12.52,89.28,130.46,0.001,0.001,NOMINAL,-3.13
14,88,112,100.21,11.49,81.31,119.1,0.001,0.0013,NOMINAL,-11.79
14,89,111,95.81,11.49,76.91,114.71,0.001,0.0025,NOMINAL,-15.19
14,90,110,96.15,11.49,77.25,115.05,0.001,0.0023,NOMINAL,-13.85
14,91,109,102.01,11.87,82.48,121.53,0.001,0.0013,NOMINAL,-6.99
14,92,108,108.27,12.52,87.68,128.87,0.001,0.0011,NOMINAL,0.27
14,93,107,108.02,12.52,87.42,128.61,0.001,0.0011,NOMINAL,1.02
14,94,106,113.6,12.52,93.0,134.19,0.001,0.001,NOMINAL,7.6
14,95,105,103.67,12.47,83.16,124.17,0.001,0.0014,NOMINAL,-1.33
14,96,104,102.28,11.56,83.26,121.29,0.001,0.0011,NOMINAL,-1.72
14,97,103,92.11,11.43,73.31,110.91,0.001,0.0061,NOMINAL,-10.89
14,98,102,89.98,11.43,71.18,108.78,0.001,0.0114,NOMINAL,-12.02
14,99,101,90.16,11.43,71.36,108.97,0.001,0.0108,NOMINAL,-10.84
14,100,100,89.23,11.42,70.45,108.02,0.001,0.0141,NOMINAL,-10.77
14,101,99,87.02,11.24,68.54,105.5,0.001,0.0228,NOMINAL,-11.98
14,102,98,80.41,10.6,62.97,97.84,0.001,0.0261,NOMINAL,-17.59
14,103,97,86.52,11.03,68.38,104.67,0.001,0.0216,NOMINAL,-10.48
14,104,96,88.51,11.38,69.79,107.23,0.001,0.0168,NOMINAL,-7.49
14,105,95,88.63,11.42,69.84,107.41,0.001,0.0169,NOMINAL,-6.37
14,106,94,77.06,10.6,59.63,94.5,0.001,0.0311,NOMINAL,-16.94
14,107,93,77.78,10.69,60.2,95.36,0.001,0.0301,NOMINAL,-15.22
14,108,92,76.44,10.52,59.14,93.74,0.001,0.0323,NOMINAL,-15.56
14,109,91,76.83,10.36,59.79,93.87,0.001,0.0302,NOMINAL,-14.17
14,110,90,75.55,10.28,58.65,92.46,0.001,0.0327,NOMINAL,-14.45
14,111,89,77.69,10.31,60.72,94.65,0.001,0.028,NOMINAL,-11.31
14,112,88,76.02,10.23,59.19,92.84,0.001,0.0314,NOMINAL,-11.98
14,113,87,74.85,10.13,58.19,91.51,0.001,0.0336,NOMINAL,-12.15
14,114,86,74.42,10.44,57.25,91.6,0.001,0.0369,NOMINAL,-11.58
14,115,85,73.94,10.16,57.23,90.66,0.001,0.0362,NOMINAL,-11.06
14,116,84,77.82,10.58,60.41,95.23,0.001,0.0298,NOMINAL,-6.18
14,117,83,75.25,10.36,58.21,92.29,0.001,0.0339,NOMINAL,-7.75
14,118,82,73.78,10.05,57.25,90.31,0.001,0.0359,NOMINAL,-8.22
14,119,81,71.41,9.98,55.0,87.82,0.001,0.0483,NOMINAL,-9.59
14,120,80,77.32,10.46,60.11,94.52,0.001,0.03,NOMINAL,-2.68
14,121,79,80.5,11.12,62.21,98.79,0.001,0.0264,NOMINAL,1.5
14,122,78,72.39,10.46,55.19,89.58,0.001,0.0485,NOMINAL,-5.61
14,123,77,69.38,10.01,52.92,85.85,0.001,0.0584,NOMINAL,-7.62
14,124,76,63.58,8.99,48.79,78.37,0.001,0.0952,NOMINAL,-12.42
14,125,75,63.02,8.34,49.29,76.74,0.001,0.0914,NOMINAL,-11.98
14,126,74,63.02,8.36,49.27,76.76,0.001,0.0918,NOMINAL,-10.98
14,127,73,59.79,8.36,46.05,73.54,0.0011,0.1323,NOMINAL,-13.21
14,128,72,60.03,8.58,45.93,74.14,0.0011,0.1324,NOMINAL,-11.97
14,129,71,60.11,8.61,45.96,74.27,0.0011,0.1322,NOMINAL,-10.89
14,130,70,61.13,8.21,47.64,74.63,0.001,0.1081,NOMINAL,-8.87
14,131,69,56.02,8.5,42.03,70.0,0.0015,0.2693,NOMINAL,-12.98
14,132,68,58.14,8.93,43.45,72.83,0.0014,0.192,NOMINAL,-9.86
14,133,67,56.84,9.12,41.84,71.84,0.0022,0.2547,NOMINAL,-10.16
14,134,66,58.24,9.12,43.24,73.24,0.0016,0.1942,NOMINAL,-7.76
14,135,65,58.04,9.14,43.01,73.07,0.0017,0.202,NOMINAL,-6.96
14,136,64,55.21,9.14,40.19,70.24,0.0036,0.3287,NOMINAL,-8.79
14,137,63,51.56,8.79,37.1,66.02,0.0083,0.4867,NOMINAL,-11.44
14,138,62,50.77,8.62,36.59,64.95,0.0089,0.5349,MONITOR,-11.23
14,139,61,52.68,9.12,37.68,67.68,0.0085,0.4374,NOMINAL,-8.32
14,140,60,52.57,9.14,37.54,67.6,0.0091,0.4421,NOMINAL,-7.43
14,141,59,53.52,9.18,38.43,68.62,0.0068,0.4046,NOMINAL,-5.48
14,142,58,51.75,9.26,36.53,66.98,0.0144,0.4789,NOMINAL,-6.25
14,143,57,49.28,6.11,39.23,59.34,0.001,0.6232,MONITOR,-7.72
14,144,56,52.46,6.22,42.23,62.68,0.001,0.4014,NOMINAL,-3.54
14,145,55,52.83,6.19,42.65,63.01,0.001,0.3776,NOMINAL,-2.17
14,146,54,51.14,6.15,41.03,61.25,0.001,0.4823,NOMINAL,-2.86
14,147,53,49.09,6.45,38.48,59.69,0.0012,0.6302,MONITOR,-3.91
14,148,52,49.09,5.9,39.38,58.8,0.001,0.6342,MONITOR,-2.91
14,149,51,50.12,6.13,40.03,60.2,0.001,0.5676,MONITOR,-0.88
14,150,50,50.03,6.37,39.55,60.5,0.0011,0.5726,MONITOR,0.03
14,151,49,51.36,9.22,36.19,66.53,0.0159,0.5051,MONITOR,2.36
14,152,48,51.36,9.29,36.08,66.64,0.0173,0.5056,MONITOR,3.36
14,153,47,48.33,6.4,37.79,58.86,0.0012,0.6745,MONITOR,1.33
14,154,46,47.43,6.92,36.05,58.82,0.0026,0.7077,MONITOR,1.43
14,155,45,47.49,6.42,36.92,58.05,0.0014,0.7109,MONITOR,2.49
14,156,44,47.23,6.68,36.25,58.22,0.002,0.7175,MONITOR,3.23
14,157,43,48.26,6.65,37.33,59.2,0.0015,0.6745,MONITOR,5.26
14,158,42,46.88,6.03,36.96,56.79,0.0012,0.7464,MONITOR,4.88
14,159,41,44.64,5.24,36.02,53.27,0.0011,0.861,WARNING,3.64
14,160,40,43.05,5.14,34.61,51.5,0.0012,0.9132,WARNING,3.05
14,161,39,42.07,4.34,34.93,49.21,0.001,0.9512,WARNING,3.07
14,162,38,41.69,4.27,34.66,48.71,0.001,0.9541,WARNING,3.69
14,163,37,39.91,4.21,32.98,46.84,0.0011,0.9748,WARNING,2.91
14,164,36,33.76,4.22,26.82,40.7,0.0234,0.999,WARNING,-2.24
14,165,35,31.98,4.29,24.92,39.04,0.0262,0.9996,WARNING,-3.02
14,166,34,31.99,4.24,25.02,38.96,0.0262,0.9997,WARNING,-2.01
14,167,33,31.99,4.23,25.03,38.94,0.0261,0.9997,WARNING,-1.01
14,168,32,31.38,4.26,24.37,38.4,0.0287,0.9997,WARNING,-0.62
14,169,31,29.64,4.55,22.16,37.12,0.0491,0.9997,WARNING,-1.36
15,52,125,123.61,5.76,114.13,133.09,0.001,0.001,NOMINAL,-1.39
15,53,125,123.61,5.76,114.13,133.09,0.001,0.001,NOMINAL,-1.39
15,54,125,123.61,5.76,114.13,133.09,0.001,0.001,NOMINAL,-1.39
15,55,125,123.52,5.76,114.04,133.0,0.001,0.001,NOMINAL,-1.48
15,56,125,123.61,4.06,116.93,130.3,0.001,0.001,NOMINAL,-1.39
15,57,125,123.52,6.25,113.24,133.79,0.001,0.001,NOMINAL,-1.48
15,58,125,123.45,6.83,112.22,134.69,0.001,0.001,NOMINAL,-1.55
15,59,125,123.91,6.25,113.63,134.19,0.001,0.001,NOMINAL,-1.09
15,60,125,123.91,6.25,113.63,134.19,0.001,0.001,NOMINAL,-1.09
15,61,125,123.53,6.45,112.91,134.14,0.001,0.001,NOMINAL,-1.47
15,62,125,123.91,7.65,111.34,136.49,0.001,0.001,NOMINAL,-1.09
15,63,125,123.72,6.99,112.22,135.22,0.001,0.001,NOMINAL,-1.28
15,64,125,123.72,7.65,111.14,136.3,0.001,0.001,NOMINAL,-1.28
15,65,125,123.91,6.99,112.41,135.41,0.001,0.001,NOMINAL,-1.09
15,66,125,123.72,6.32,113.33,134.11,0.001,0.001,NOMINAL,-1.28
15,67,125,123.72,6.25,113.44,134.0,0.001,0.001,NOMINAL,-1.28
15,68,125,123.72,5.68,114.38,133.06,0.001,0.001,NOMINAL,-1.28
15,69,125,123.97,5.68,114.64,133.31,0.001,0.001,NOMINAL,-1.03
15,70,125,123.72,5.76,114.24,133.2,0.001,0.001,NOMINAL,-1.28
15,71,125,124.07,5.68,114.74,133.41,0.001,0.001,NOMINAL,-0.93
15,72,125,123.97,6.15,113.85,134.09,0.001,0.001,NOMINAL,-1.03
15,73,125,124.07,2.77,119.52,128.62,0.001,0.001,NOMINAL,-0.93
15,74,125,124.07,4.0,117.49,130.66,0.001,0.001,NOMINAL,-0.93
15,75,125,124.07,4.0,117.49,130.66,0.001,0.001,NOMINAL,-0.93
15,76,125,124.07,4.0,117.49,130.66,0.001,0.001,NOMINAL,-0.93
15,77,125,123.97,6.15,113.85,134.09,0.001,0.001,NOMINAL,-1.03
15,78,125,124.07,5.68,114.74,133.41,0.001,0.001,NOMINAL,-0.93
15,79,125,123.97,6.15,113.85,134.09,0.001,0.001,NOMINAL,-1.03
15,80,125,124.07,5.76,114.59,133.55,0.001,0.001,NOMINAL,-0.93
15,81,125,124.07,2.77,119.52,128.62,0.001,0.001,NOMINAL,-0.93
15,82,125,123.78,3.0,118.85,128.72,0.001,0.001,NOMINAL,-1.22
15,83,125,124.07,4.06,117.39,130.76,0.001,0.001,NOMINAL,-0.93
15,84,125,123.91,5.68,114.58,133.25,0.001,0.001,NOMINAL,-1.09
15,85,125,123.72,4.0,117.14,130.3,0.001,0.001,NOMINAL,-1.28
15,86,125,124.07,5.68,114.74,133.41,0.001,0.001,NOMINAL,-0.93
15,87,125,124.07,5.68,114.74,133.41,0.001,0.001,NOMINAL,-0.93
15,88,125,124.05,4.0,117.47,130.63,0.001,0.001,NOMINAL,-0.95
15,89,125,124.07,2.77,119.52,128.62,0.001,0.001,NOMINAL,-0.93
15,90,125,124.07,2.77,119.52,128.62,0.001,0.001,NOMINAL,-0.93
15,91,125,124.07,2.77,119.52,128.62,0.001,0.001,NOMINAL,-0.93
15,92,125,124.07,2.77,119.52,128.62,0.001,0.001,NOMINAL,-0.93
15,93,125,124.07,2.77,119.52,128.62,0.001,0.001,NOMINAL,-0.93
15,94,125,124.07,2.77,119.52,128.62,0.001,0.001,NOMINAL,-0.93
15,95,125,124.07,2.77,119.52,128.62,0.001,0.001,NOMINAL,-0.93
15,96,124,123.97,3.0,119.04,128.91,0.001,0.001,NOMINAL,-0.03
15,97,123,124.07,2.77,119.52,128.62,0.001,0.001,NOMINAL,1.07
15,98,122,123.78,4.34,116.65,130.92,0.001,0.001,NOMINAL,1.78
15,99,121,123.72,6.15,113.6,133.84,0.001,0.001,NOMINAL,2.72
15,100,120,123.97,6.15,113.85,134.09,0.001,0.001,NOMINAL,3.97
15,101,119,123.97,6.25,113.7,134.25,0.001,0.001,NOMINAL,4.97
15,102,118,123.97,6.15,113.85,134.09,0.001,0.001,NOMINAL,5.97
15,103,117,123.78,6.45,113.16,134.4,0.001,0.001,NOMINAL,6.78
15,104,116,123.97,6.25,113.7,134.25,0.001,0.001,NOMINAL,7.97
15,105,115,123.84,6.53,113.1,134.57,0.001,0.001,NOMINAL,8.84
15,106,114,123.78,6.45,113.16,134.4,0.001,0.001,NOMINAL,9.78
15,107,113,123.09,7.39,110.93,135.25,0.001,0.001,NOMINAL,10.09
15,108,112,120.85,8.26,107.27,134.43,0.001,0.001,NOMINAL,8.85
15,109,111,121.53,8.26,107.95,135.11,0.001,0.001,NOMINAL,10.53
15,110,110,110.96,11.1,92.7,129.23,0.001,0.001,NOMINAL,0.96
15,111,109,110.54,10.72,92.9,128.18,0.001,0.001,NOMINAL,1.54
15,112,108,108.51,11.54,89.52,127.5,0.001,0.001,NOMINAL,0.51
16,52,125,124.47,2.83,119.81,129.13,0.001,0.001,NOMINAL,-0.53
16,53,125,124.47,2.83,119.81,129.13,0.001,0.001,NOMINAL,-0.53
16,54,125,124.47,2.61,120.18,128.76,0.001,0.001,NOMINAL,-0.53
16,55,125,124.47,2.83,119.81,129.13,0.001,0.001,NOMINAL,-0.53
16,56,125,124.47,2.61,120.18,128.76,0.001,0.001,NOMINAL,-0.53
16,57,125,124.47,2.83,119.81,129.13,0.001,0.001,NOMINAL,-0.53
16,58,124,124.47,2.61,120.18,128.76,0.001,0.001,NOMINAL,0.47
16,59,123,124.47,2.83,119.81,129.13,0.001,0.001,NOMINAL,1.47
16,60,122,124.47,2.61,120.18,128.76,0.001,0.001,NOMINAL,2.47
16,61,121,124.47,2.83,119.81,129.13,0.001,0.001,NOMINAL,3.47
16,62,120,124.47,2.83,119.81,129.13,0.001,0.001,NOMINAL,4.47
16,63,119,124.47,2.83,119.81,129.13,0.001,0.001,NOMINAL,5.47
16,64,118,124.47,2.83,119.81,129.13,0.001,0.001,NOMINAL,6.47
16,65,117,124.47,2.83,119.81,129.13,0.001,0.001,NOMINAL,7.47
16,66,116,124.47,2.83,119.81,129.13,0.001,0.001,NOMINAL,8.47
16,67,115,124.47,2.83,119.81,129.13,0.001,0.001,NOMINAL,9.47
16,68,114,124.47,2.83,119.81,129.13,0.001,0.001,NOMINAL,10.47
16,69,113,124.47,2.61,120.18,128.76,0.001,0.001,NOMINAL,11.47
16,70,112,124.47,2.83,119.81,129.13,0.001,0.001,NOMINAL,12.47
16,71,111,124.47,2.83,119.81,129.13,0.001,0.001,NOMINAL,13.47
16,72,110,124.47,2.83,119.81,129.13,0.001,0.001,NOMINAL,14.47
16,73,109,124.47,2.61,120.18,128.76,0.001,0.001,NOMINAL,15.47
16,74,108,124.47,2.83,119.81,129.13,0.001,0.001,NOMINAL,16.47
16,75,107,124.47,2.61,120.18,128.76,0.001,0.001,NOMINAL,17.47
16,76,106,124.47,2.61,120.18,128.76,0.001,0.001,NOMINAL,18.47
16,77,105,124.47,2.61,120.18,128.76,0.001,0.001,NOMINAL,19.47
16,78,104,124.47,2.83,119.81,129.13,0.001,0.001,NOMINAL,20.47
16,79,103,124.47,2.61,120.18,128.76,0.001,0.001,NOMINAL,21.47
16,80,102,124.47,2.83,119.81,129.13,0.001,0.001,NOMINAL,22.47
16,81,101,124.47,2.61,120.18,128.76,0.001,0.001,NOMINAL,23.47
16,82,100,124.47,2.61,120.18,128.76,0.001,0.001,NOMINAL,24.47
16,83,99,124.47,2.61,120.18,128.76,0.001,0.001,NOMINAL,25.47
16,84,98,124.47,2.61,120.18,128.76,0.001,0.001,NOMINAL,26.47
16,85,97,124.47,2.61,120.18,128.76,0.001,0.001,NOMINAL,27.47
16,86,96,124.47,2.61,120.18,128.76,0.001,0.001,NOMINAL,28.47
16,87,95,124.47,2.61,120.18,128.76,0.001,0.001,NOMINAL,29.47
16,88,94,124.47,2.61,120.18,128.76,0.001,0.001,NOMINAL,30.47
16,89,93,124.47,2.61,120.18,128.76,0.001,0.001,NOMINAL,31.47
16,90,92,124.47,2.61,120.18,128.76,0.001,0.001,NOMINAL,32.47
16,91,91,124.47,2.61,120.18,128.76,0.001,0.001,NOMINAL,33.47
16,92,90,124.47,2.61,120.18,128.76,0.001,0.001,NOMINAL,34.47
16,93,89,124.47,2.61,120.18,128.76,0.001,0.001,NOMINAL,35.47
16,94,88,124.47,2.61,120.18,128.76,0.001,0.001,NOMINAL,36.47
16,95,87,124.47,2.61,120.18,128.76,0.001,0.001,NOMINAL,37.47
16,96,86,124.47,2.61,120.18,128.76,0.001,0.001,NOMINAL,38.47
16,97,85,124.47,2.61,120.18,128.76,0.001,0.001,NOMINAL,39.47
16,98,84,124.47,2.61,120.18,128.76,0.001,0.001,NOMINAL,40.47
16,99,83,124.47,2.61,120.18,128.76,0.001,0.001,NOMINAL,41.47
16,100,82,124.47,2.61,120.18,128.76,0.001,0.001,NOMINAL,42.47
16,101,81,124.47,2.61,120.18,128.76,0.001,0.001,NOMINAL,43.47
16,102,80,124.47,2.61,120.18,128.76,0.001,0.001,NOMINAL,44.47
16,103,79,124.47,2.61,120.18,128.76,0.001,0.001,NOMINAL,45.47
16,104,78,124.47,2.61,120.18,128.76,0.001,0.001,NOMINAL,46.47
16,105,77,124.47,2.61,120.18,128.76,0.001,0.001,NOMINAL,47.47
16,106,76,124.47,2.61,120.18,128.76,0.001,0.001,NOMINAL,48.47
16,107,75,124.47,2.61,120.18,128.76,0.001,0.001,NOMINAL,49.47
16,108,74,124.47,2.61,120.18,128.76,0.001,0.001,NOMINAL,50.47
16,109,73,124.47,2.61,120.18,128.76,0.001,0.001,NOMINAL,51.47
16,110,72,124.12,2.85,119.43,128.81,0.001,0.001,NOMINAL,52.12
16,111,71,124.12,5.9,114.41,133.83,0.001,0.001,NOMINAL,53.12
16,112,70,124.12,6.42,113.56,134.67,0.001,0.001,NOMINAL,54.12
16,113,69,124.12,6.42,113.56,134.67,0.001,0.001,NOMINAL,55.12
16,114,68,123.67,6.63,112.77,134.58,0.001,0.001,NOMINAL,55.67
16,115,67,124.12,6.42,113.56,134.67,0.001,0.001,NOMINAL,57.12
16,116,66,123.08,6.72,112.03,134.13,0.001,0.001,NOMINAL,57.08
16,117,65,120.74,6.74,109.66,131.82,0.001,0.001,NOMINAL,55.74
16,118,64,119.2,6.78,108.05,130.34,0.001,0.001,NOMINAL,55.2
16,119,63,113.95,7.24,102.04,125.86,0.001,0.001,NOMINAL,50.95
16,120,62,92.74,7.01,81.2,104.28,0.001,0.001,NOMINAL,30.74
16,121,61,92.78,7.01,81.24,104.32,0.001,0.001,NOMINAL,31.78
16,122,60,84.65,6.99,73.15,96.15,0.001,0.001,NOMINAL,24.65
16,123,59,83.63,6.75,72.53,94.73,0.001,0.001,NOMINAL,24.63
16,124,58,84.14,6.2,73.94,94.33,0.001,0.001,NOMINAL,26.14
16,125,57,83.58,6.2,73.38,93.78,0.001,0.001,NOMINAL,26.58
16,126,56,83.58,6.18,73.42,93.74,0.001,0.001,NOMINAL,27.58
17,52,125,123.61,5.68,114.28,132.95,0.001,0.001,NOMINAL,-1.39
17,53,125,123.61,2.77,119.06,128.17,0.001,0.001,NOMINAL,-1.39
17,54,125,123.61,2.77,119.06,128.17,0.001,0.001,NOMINAL,-1.39
17,55,125,123.61,2.77,119.06,128.17,0.001,0.001,NOMINAL,-1.39
17,56,125,124.07,2.77,119.52,128.62,0.001,0.001,NOMINAL,-0.93
17,57,125,123.61,2.77,119.06,128.17,0.001,0.001,NOMINAL,-1.39
17,58,125,124.07,2.77,119.52,128.62,0.001,0.001,NOMINAL,-0.93
17,59,125,124.07,2.77,119.52,128.62,0.001,0.001,NOMINAL,-0.93
17,60,125,124.07,2.77,119.52,128.62,0.001,0.001,NOMINAL,-0.93
17,61,125,124.07,2.77,119.52,128.62,0.001,0.001,NOMINAL,-0.93
17,62,125,124.07,2.77,119.52,128.62,0.001,0.001,NOMINAL,-0.93
17,63,125,124.07,2.77,119.52,128.62,0.001,0.001,NOMINAL,-0.93
17,64,125,124.07,2.77,119.52,128.62,0.001,0.001,NOMINAL,-0.93
17,65,125,124.07,2.77,119.52,128.62,0.001,0.001,NOMINAL,-0.93
17,66,125,124.07,2.77,119.52,128.62,0.001,0.001,NOMINAL,-0.93
17,67,125,124.07,2.77,119.52,128.62,0.001,0.001,NOMINAL,-0.93
17,68,125,124.07,2.77,119.52,128.62,0.001,0.001,NOMINAL,-0.93
17,69,125,124.07,2.77,119.52,128.62,0.001,0.001,NOMINAL,-0.93
17,70,125,124.07,2.77,119.52,128.62,0.001,0.001,NOMINAL,-0.93
17,71,125,124.07,2.77,119.52,128.62,0.001,0.001,NOMINAL,-0.93
17,72,125,124.07,2.77,119.52,128.62,0.001,0.001,NOMINAL,-0.93
17,73,125,124.07,2.77,119.52,128.62,0.001,0.001,NOMINAL,-0.93
17,74,125,123.97,3.0,119.04,128.91,0.001,0.001,NOMINAL,-1.03
17,75,125,124.07,2.77,119.52,128.62,0.001,0.001,NOMINAL,-0.93
17,76,125,124.07,4.0,117.49,130.66,0.001,0.001,NOMINAL,-0.93
17,77,125,124.07,2.77,119.52,128.62,0.001,0.001,NOMINAL,-0.93
17,78,125,124.07,2.77,119.52,128.62,0.001,0.001,NOMINAL,-0.93
17,79,125,124.07,2.77,119.52,128.62,0.001,0.001,NOMINAL,-0.93
17,80,125,124.07,2.77,119.52,128.62,0.001,0.001,NOMINAL,-0.93
17,81,125,124.07,2.77,119.52,128.62,0.001,0.001,NOMINAL,-0.93
17,82,125,124.07,2.77,119.52,128.62,0.001,0.001,NOMINAL,-0.93
17,83,125,124.07,2.77,119.52,128.62,0.001,0.001,NOMINAL,-0.93
17,84,125,124.07,2.77,119.52,128.62,0.001,0.001,NOMINAL,-0.93
17,85,125,124.07,2.77,119.52,128.62,0.001,0.001,NOMINAL,-0.93
17,86,125,124.07,2.77,119.52,128.62,0.001,0.001,NOMINAL,-0.93
17,87,125,124.07,2.77,119.52,128.62,0.001,0.001,NOMINAL,-0.93
17,88,125,124.07,2.77,119.52,128.62,0.001,0.001,NOMINAL,-0.93
17,89,125,123.97,2.77,119.42,128.53,0.001,0.001,NOMINAL,-1.03
17,90,125,123.97,2.77,119.42,128.53,0.001,0.001,NOMINAL,-1.03
17,91,125,123.97,4.34,116.84,131.11,0.001,0.001,NOMINAL,-1.03
17,92,125,124.07,2.77,119.52,128.62,0.001,0.001,NOMINAL,-0.93
17,93,125,123.97,4.34,116.84,131.11,0.001,0.001,NOMINAL,-1.03
17,94,125,123.97,6.15,113.85,134.09,0.001,0.001,NOMINAL,-1.03
17,95,125,124.07,5.68,114.74,133.41,0.001,0.001,NOMINAL,-0.93
17,96,125,124.07,4.0,117.49,130.66,0.001,0.001,NOMINAL,-0.93
17,97,125,124.07,2.77,119.52,128.62,0.001,0.001,NOMINAL,-0.93
17,98,125,123.97,4.0,117.39,130.56,0.001,0.001,NOMINAL,-1.03
17,99,125,124.07,2.77,119.52,128.62,0.001,0.001,NOMINAL,-0.93
17,100,125,123.97,4.0,117.39,130.56,0.001,0.001,NOMINAL,-1.03
17,101,125,123.97,6.15,113.85,134.09,0.001,0.001,NOMINAL,-1.03
17,102,125,123.97,4.34,116.84,131.11,0.001,0.001,NOMINAL,-1.03
17,103,125,123.97,6.15,113.85,134.09,0.001,0.001,NOMINAL,-1.03
17,104,125,123.97,6.15,113.85,134.09,0.001,0.001,NOMINAL,-1.03
17,105,125,124.07,4.0,117.49,130.66,0.001,0.001,NOMINAL,-0.93
17,106,125,124.07,4.0,117.49,130.66,0.001,0.001,NOMINAL,-0.93
17,107,125,124.07,2.77,119.52,128.62,0.001,0.001,NOMINAL,-0.93
17,108,125,124.07,2.77,119.52,128.62,0.001,0.001,NOMINAL,-0.93
17,109,125,124.07,2.77,119.52,128.62,0.001,0.001,NOMINAL,-0.93
17,110,125,124.07,2.77,119.52,128.62,0.001,0.001,NOMINAL,-0.93
17,111,125,123.97,2.77,119.42,128.53,0.001,0.001,NOMINAL,-1.03
17,112,125,124.07,2.77,119.52,128.62,0.001,0.001,NOMINAL,-0.93
17,113,125,123.97,2.77,119.42,128.53,0.001,0.001,NOMINAL,-1.03
17,114,125,124.07,2.77,119.52,128.62,0.001,0.001,NOMINAL,-0.93
17,115,125,124.07,2.77,119.52,128.62,0.001,0.001,NOMINAL,-0.93
17,116,125,124.07,2.77,119.52,128.62,0.001,0.001,NOMINAL,-0.93
17,117,125,124.07,2.77,119.52,128.62,0.001,0.001,NOMINAL,-0.93
17,118,125,124.07,2.77,119.52,128.62,0.001,0.001,NOMINAL,-0.93
17,119,125,124.07,2.77,119.52,128.62,0.001,0.001,NOMINAL,-0.93
17,120,125,124.07,2.77,119.52,128.62,0.001,0.001,NOMINAL,-0.93
17,121,125,124.07,2.77,119.52,128.62,0.001,0.001,NOMINAL,-0.93
17,122,125,124.07,2.77,119.52,128.62,0.001,0.001,NOMINAL,-0.93
17,123,125,124.07,2.77,119.52,128.62,0.001,0.001,NOMINAL,-0.93
17,124,125,124.07,2.77,119.52,128.62,0.001,0.001,NOMINAL,-0.93
17,125,125,123.97,2.77,119.42,128.53,0.001,0.001,NOMINAL,-1.03
17,126,125,124.07,2.77,119.52,128.62,0.001,0.001,NOMINAL,-0.93
17,127,125,124.07,2.77,119.52,128.62,0.001,0.001,NOMINAL,-0.93
17,128,125,124.07,2.77,119.52,128.62,0.001,0.001,NOMINAL,-0.93
17,129,125,124.07,2.77,119.52,128.62,0.001,0.001,NOMINAL,-0.93
17,130,125,124.07,2.77,119.52,128.62,0.001,0.001,NOMINAL,-0.93
17,131,125,124.07,2.77,119.52,128.62,0.001,0.001,NOMINAL,-0.93
17,132,125,124.07,2.77,119.52,128.62,0.001,0.001,NOMINAL,-0.93
17,133,125,124.07,2.77,119.52,128.62,0.001,0.001,NOMINAL,-0.93
17,134,125,124.07,2.77,119.52,128.62,0.001,0.001,NOMINAL,-0.93
17,135,125,124.07,2.77,119.52,128.62,0.001,0.001,NOMINAL,-0.93
17,136,125,124.21,2.77,119.66,128.77,0.001,0.001,NOMINAL,-0.79
17,137,125,124.47,2.77,119.92,129.02,0.001,0.001,NOMINAL,-0.53
17,138,125,124.21,2.77,119.66,128.77,0.001,0.001,NOMINAL,-0.79
17,139,125,124.21,2.77,119.66,128.77,0.001,0.001,NOMINAL,-0.79
17,140,125,124.47,2.77,119.92,129.02,0.001,0.001,NOMINAL,-0.53
17,141,125,124.21,2.77,119.66,128.77,0.001,0.001,NOMINAL,-0.79
17,142,125,124.47,2.77,119.92,129.02,0.001,0.001,NOMINAL,-0.53
17,143,125,124.21,2.77,119.66,128.77,0.001,0.001,NOMINAL,-0.79
17,144,125,124.47,2.77,119.92,129.02,0.001,0.001,NOMINAL,-0.53
17,145,125,124.47,2.77,119.92,129.02,0.001,0.001,NOMINAL,-0.53
17,146,125,124.47,2.77,119.92,129.02,0.001,0.001,NOMINAL,-0.53
17,147,125,124.47,2.77,119.92,129.02,0.001,0.001,NOMINAL,-0.53
17,148,125,124.47,2.77,119.92,129.02,0.001,0.001,NOMINAL,-0.53
17,149,125,124.47,2.77,119.92,129.02,0.001,0.001,NOMINAL,-0.53
17,150,125,124.47,2.77,119.92,129.02,0.001,0.001,NOMINAL,-0.53
17,151,125,124.47,2.77,119.92,129.02,0.001,0.001,NOMINAL,-0.53
17,152,125,124.47,2.77,119.92,129.02,0.001,0.001,NOMINAL,-0.53
17,153,125,124.47,2.77,119.92,129.02,0.001,0.001,NOMINAL,-0.53
17,154,125,124.47,2.77,119.92,129.02,0.001,0.001,NOMINAL,-0.53
17,155,125,124.47,2.77,119.92,129.02,0.001,0.001,NOMINAL,-0.53
17,156,125,124.47,2.77,119.92,129.02,0.001,0.001,NOMINAL,-0.53
17,157,125,124.47,2.77,119.92,129.02,0.001,0.001,NOMINAL,-0.53
17,158,125,124.47,2.77,119.92,129.02,0.001,0.001,NOMINAL,-0.53
17,159,125,124.47,2.77,119.92,129.02,0.001,0.001,NOMINAL,-0.53
17,160,125,124.47,2.77,119.92,129.02,0.001,0.001,NOMINAL,-0.53
17,161,125,124.47,2.77,119.92,129.02,0.001,0.001,NOMINAL,-0.53
17,162,125,124.47,2.77,119.92,129.02,0.001,0.001,NOMINAL,-0.53
17,163,125,124.21,2.77,119.66,128.77,0.001,0.001,NOMINAL,-0.79
17,164,125,124.47,2.77,119.92,129.02,0.001,0.001,NOMINAL,-0.53
17,165,125,124.47,2.77,119.92,129.02,0.001,0.001,NOMINAL,-0.53
17,166,125,124.47,2.77,119.92,129.02,0.001,0.001,NOMINAL,-0.53
17,167,125,124.47,2.77,119.92,129.02,0.001,0.001,NOMINAL,-0.53
17,168,125,124.47,2.77,119.92,129.02,0.001,0.001,NOMINAL,-0.53
17,169,125,124.47,2.77,119.92,129.02,0.001,0.001,NOMINAL,-0.53
17,170,125,124.47,2.77,119.92,129.02,0.001,0.001,NOMINAL,-0.53
17,171,125,124.47,2.77,119.92,129.02,0.001,0.001,NOMINAL,-0.53
17,172,125,124.47,2.77,119.92,129.02,0.001,0.001,NOMINAL,-0.53
17,173,125,124.47,2.77,119.92,129.02,0.001,0.001,NOMINAL,-0.53
17,174,125,124.47,2.77,119.92,129.02,0.001,0.001,NOMINAL,-0.53
17,175,125,124.47,2.77,119.92,129.02,0.001,0.001,NOMINAL,-0.53
17,176,125,124.47,2.77,119.92,129.02,0.001,0.001,NOMINAL,-0.53
17,177,125,124.47,2.77,119.92,129.02,0.001,0.001,NOMINAL,-0.53
17,178,125,124.47,2.77,119.92,129.02,0.001,0.001,NOMINAL,-0.53
17,179,125,124.47,2.77,119.92,129.02,0.001,0.001,NOMINAL,-0.53
17,180,125,124.47,2.77,119.92,129.02,0.001,0.001,NOMINAL,-0.53
17,181,125,124.47,2.77,119.92,129.02,0.001,0.001,NOMINAL,-0.53
17,182,125,124.47,2.77,119.92,129.02,0.001,0.001,NOMINAL,-0.53
17,183,125,124.47,2.77,119.92,129.02,0.001,0.001,NOMINAL,-0.53
17,184,125,124.47,2.77,119.92,129.02,0.001,0.001,NOMINAL,-0.53
17,185,125,124.47,2.77,119.92,129.02,0.001,0.001,NOMINAL,-0.53
17,186,125,124.47,2.77,119.92,129.02,0.001,0.001,NOMINAL,-0.53
17,187,125,124.47,2.77,119.92,129.02,0.001,0.001,NOMINAL,-0.53
17,188,125,124.47,2.77,119.92,129.02,0.001,0.001,NOMINAL,-0.53
17,189,125,124.47,2.77,119.92,129.02,0.001,0.001,NOMINAL,-0.53
17,190,125,124.47,2.77,119.92,129.02,0.001,0.001,NOMINAL,-0.53
17,191,125,124.47,2.77,119.92,129.02,0.001,0.001,NOMINAL,-0.53
17,192,125,124.47,2.77,119.92,129.02,0.001,0.001,NOMINAL,-0.53
17,193,125,124.47,2.77,119.92,129.02,0.001,0.001,NOMINAL,-0.53
17,194,125,124.47,2.77,119.92,129.02,0.001,0.001,NOMINAL,-0.53
17,195,125,124.47,2.77,119.92,129.02,0.001,0.001,NOMINAL,-0.53
17,196,125,124.47,2.77,119.92,129.02,0.001,0.001,NOMINAL,-0.53
17,197,125,124.47,2.77,119.92,129.02,0.001,0.001,NOMINAL,-0.53
17,198,125,124.47,2.77,119.92,129.02,0.001,0.001,NOMINAL,-0.53
17,199,125,124.47,2.77,119.92,129.02,0.001,0.001,NOMINAL,-0.53
17,200,125,124.47,2.77,119.92,129.02,0.001,0.001,NOMINAL,-0.53
17,201,125,124.47,2.77,119.92,129.02,0.001,0.001,NOMINAL,-0.53
17,202,125,124.37,2.77,119.82,128.93,0.001,0.001,NOMINAL,-0.63
17,203,125,124.47,2.77,119.92,129.02,0.001,0.001,NOMINAL,-0.53
17,204,125,124.47,2.77,119.92,129.02,0.001,0.001,NOMINAL,-0.53
17,205,125,124.47,2.77,119.92,129.02,0.001,0.001,NOMINAL,-0.53
17,206,125,124.47,2.77,119.92,129.02,0.001,0.001,NOMINAL,-0.53
17,207,125,124.47,2.77,119.92,129.02,0.001,0.001,NOMINAL,-0.53
17,208,125,124.47,3.12,119.34,129.6,0.001,0.001,NOMINAL,-0.53
17,209,125,124.47,2.77,119.92,129.02,0.001,0.001,NOMINAL,-0.53
17,210,125,124.47,2.77,119.92,129.02,0.001,0.001,NOMINAL,-0.53
17,211,125,124.47,2.77,119.92,129.02,0.001,0.001,NOMINAL,-0.53
17,212,125,124.47,2.77,119.92,129.02,0.001,0.001,NOMINAL,-0.53
17,213,125,124.47,2.77,119.92,129.02,0.001,0.001,NOMINAL,-0.53
17,214,125,124.47,2.77,119.92,129.02,0.001,0.001,NOMINAL,-0.53
17,215,125,124.47,2.77,119.92,129.02,0.001,0.001,NOMINAL,-0.53
17,216,125,124.47,2.77,119.92,129.02,0.001,0.001,NOMINAL,-0.53
17,217,125,124.47,2.77,119.92,129.02,0.001,0.001,NOMINAL,-0.53
17,218,125,124.37,3.12,119.24,129.51,0.001,0.001,NOMINAL,-0.63
17,219,125,124.37,2.77,119.82,128.93,0.001,0.001,NOMINAL,-0.63
17,220,125,124.37,3.0,119.44,129.31,0.001,0.001,NOMINAL,-0.63
17,221,125,124.37,3.0,119.44,129.31,0.001,0.001,NOMINAL,-0.63
17,222,125,124.24,4.48,116.86,131.61,0.001,0.001,NOMINAL,-0.76
17,223,125,124.37,3.38,118.81,129.94,0.001,0.001,NOMINAL,-0.63
17,224,125,124.37,3.0,119.44,129.31,0.001,0.001,NOMINAL,-0.63
17,225,125,124.37,4.34,117.24,131.51,0.001,0.001,NOMINAL,-0.63
17,226,125,124.37,4.34,117.24,131.51,0.001,0.001,NOMINAL,-0.63
17,227,125,124.37,3.0,119.44,129.31,0.001,0.001,NOMINAL,-0.63
17,228,125,124.37,3.0,119.44,129.31,0.001,0.001,NOMINAL,-0.63
17,229,125,124.18,4.48,116.81,131.55,0.001,0.001,NOMINAL,-0.82
17,230,125,124.37,6.94,112.96,135.78,0.001,0.001,NOMINAL,-0.63
18,52,125,124.47,2.61,120.18,128.76,0.001,0.001,NOMINAL,-0.53
18,53,125,124.47,2.61,120.18,128.76,0.001,0.001,NOMINAL,-0.53
18,54,125,124.47,2.61,120.18,128.76,0.001,0.001,NOMINAL,-0.53
18,55,125,124.47,2.61,120.18,128.76,0.001,0.001,NOMINAL,-0.53
18,56,125,124.47,2.61,120.18,128.76,0.001,0.001,NOMINAL,-0.53
18,57,125,124.47,2.61,120.18,128.76,0.001,0.001,NOMINAL,-0.53
18,58,125,124.47,2.61,120.18,128.76,0.001,0.001,NOMINAL,-0.53
18,59,125,124.12,2.61,119.83,128.4,0.001,0.001,NOMINAL,-0.88
18,60,125,124.47,2.61,120.18,128.76,0.001,0.001,NOMINAL,-0.53
18,61,125,124.47,2.61,120.18,128.76,0.001,0.001,NOMINAL,-0.53
18,62,125,124.47,2.61,120.18,128.76,0.001,0.001,NOMINAL,-0.53
18,63,125,124.47,2.61,120.18,128.76,0.001,0.001,NOMINAL,-0.53
18,64,125,124.47,2.61,120.18,128.76,0.001,0.001,NOMINAL,-0.53
18,65,125,124.47,2.61,120.18,128.76,0.001,0.001,NOMINAL,-0.53
18,66,125,124.47,2.61,120.18,128.76,0.001,0.001,NOMINAL,-0.53
18,67,125,124.47,2.61,120.18,128.76,0.001,0.001,NOMINAL,-0.53
18,68,125,124.47,2.61,120.18,128.76,0.001,0.001,NOMINAL,-0.53
18,69,125,124.47,2.61,120.18,128.76,0.001,0.001,NOMINAL,-0.53
18,70,125,124.47,2.61,120.18,128.76,0.001,0.001,NOMINAL,-0.53
18,71,125,124.47,2.61,120.18,128.76,0.001,0.001,NOMINAL,-0.53
18,72,125,124.47,2.61,120.18,128.76,0.001,0.001,NOMINAL,-0.53
18,73,125,124.47,2.61,120.18,128.76,0.001,0.001,NOMINAL,-0.53
18,74,125,124.47,2.61,120.18,128.76,0.001,0.001,NOMINAL,-0.53
18,75,125,124.47,2.61,120.18,128.76,0.001,0.001,NOMINAL,-0.53
18,76,125,124.47,2.61,120.18,128.76,0.001,0.001,NOMINAL,-0.53
18,77,125,124.47,2.61,120.18,128.76,0.001,0.001,NOMINAL,-0.53
18,78,125,124.47,2.61,120.18,128.76,0.001,0.001,NOMINAL,-0.53
18,79,125,124.47,2.61,120.18,128.76,0.001,0.001,NOMINAL,-0.53
18,80,125,124.47,2.61,120.18,128.76,0.001,0.001,NOMINAL,-0.53
18,81,125,124.12,2.85,119.43,128.81,0.001,0.001,NOMINAL,-0.88
18,82,125,124.47,2.61,120.18,128.76,0.001,0.001,NOMINAL,-0.53
18,83,125,124.47,2.61,120.18,128.76,0.001,0.001,NOMINAL,-0.53
18,84,125,124.47,2.61,120.18,128.76,0.001,0.001,NOMINAL,-0.53
18,85,125,124.47,2.61,120.18,128.76,0.001,0.001,NOMINAL,-0.53
18,86,125,124.47,2.61,120.18,128.76,0.001,0.001,NOMINAL,-0.53
18,87,125,124.47,2.61,120.18,128.76,0.001,0.001,NOMINAL,-0.53
18,88,125,124.47,2.61,120.18,128.76,0.001,0.001,NOMINAL,-0.53
18,89,125,124.47,2.61,120.18,128.76,0.001,0.001,NOMINAL,-0.53
18,90,125,124.47,2.61,120.18,128.76,0.001,0.001,NOMINAL,-0.53
18,91,125,124.47,2.61,120.18,128.76,0.001,0.001,NOMINAL,-0.53
18,92,125,124.47,2.61,120.18,128.76,0.001,0.001,NOMINAL,-0.53
18,93,125,124.47,2.61,120.18,128.76,0.001,0.001,NOMINAL,-0.53
18,94,125,124.47,2.61,120.18,128.76,0.001,0.001,NOMINAL,-0.53
18,95,125,124.47,2.61,120.18,128.76,0.001,0.001,NOMINAL,-0.53
18,96,125,124.47,2.61,120.18,128.76,0.001,0.001,NOMINAL,-0.53
18,97,125,124.47,2.61,120.18,128.76,0.001,0.001,NOMINAL,-0.53
18,98,125,124.25,2.61,119.97,128.54,0.001,0.001,NOMINAL,-0.75
18,99,125,124.47,2.61,120.18,128.76,0.001,0.001,NOMINAL,-0.53
18,100,125,124.12,3.8,117.86,130.37,0.001,0.001,NOMINAL,-0.88
18,101,125,124.12,2.85,119.43,128.81,0.001,0.001,NOMINAL,-0.88
18,102,125,124.47,2.61,120.18,128.76,0.001,0.001,NOMINAL,-0.53
18,103,125,124.47,2.61,120.18,128.76,0.001,0.001,NOMINAL,-0.53
18,104,125,124.12,2.61,119.83,128.4,0.001,0.001,NOMINAL,-0.88
18,105,125,124.47,2.61,120.18,128.76,0.001,0.001,NOMINAL,-0.53
18,106,125,124.47,2.61,120.18,128.76,0.001,0.001,NOMINAL,-0.53
18,107,125,124.47,2.61,120.18,128.76,0.001,0.001,NOMINAL,-0.53
18,108,125,124.12,5.9,114.41,133.83,0.001,0.001,NOMINAL,-0.88
18,109,125,124.12,6.42,113.56,134.67,0.001,0.001,NOMINAL,-0.88
18,110,125,123.39,6.63,112.48,134.29,0.001,0.001,NOMINAL,-1.61
18,111,125,123.67,6.72,112.62,134.72,0.001,0.001,NOMINAL,-1.33
18,112,125,124.12,6.42,113.56,134.67,0.001,0.001,NOMINAL,-0.88
18,113,125,124.12,6.42,113.56,134.67,0.001,0.001,NOMINAL,-0.88
18,114,125,124.47,2.61,120.18,128.76,0.001,0.001,NOMINAL,-0.53
18,115,125,124.47,2.61,120.18,128.76,0.001,0.001,NOMINAL,-0.53
18,116,125,124.47,2.61,120.18,128.76,0.001,0.001,NOMINAL,-0.53
18,117,125,124.47,2.61,120.18,128.76,0.001,0.001,NOMINAL,-0.53
18,118,125,124.47,2.61,120.18,128.76,0.001,0.001,NOMINAL,-0.53
18,119,125,124.47,2.61,120.18,128.76,0.001,0.001,NOMINAL,-0.53
18,120,125,124.47,2.61,120.18,128.76,0.001,0.001,NOMINAL,-0.53
18,121,125,124.47,2.61,120.18,128.76,0.001,0.001,NOMINAL,-0.53
18,122,125,124.47,2.61,120.18,128.76,0.001,0.001,NOMINAL,-0.53
18,123,125,124.47,2.61,120.18,128.76,0.001,0.001,NOMINAL,-0.53
18,124,125,124.47,2.61,120.18,128.76,0.001,0.001,NOMINAL,-0.53
18,125,125,124.47,2.61,120.18,128.76,0.001,0.001,NOMINAL,-0.53
18,126,125,124.47,2.61,120.18,128.76,0.001,0.001,NOMINAL,-0.53
18,127,125,124.47,2.61,120.18,128.76,0.001,0.001,NOMINAL,-0.53
18,128,125,124.47,2.61,120.18,128.76,0.001,0.001,NOMINAL,-0.53
18,129,125,124.47,2.61,120.18,128.76,0.001,0.001,NOMINAL,-0.53
18,130,125,124.47,2.61,120.18,128.76,0.001,0.001,NOMINAL,-0.53
18,131,125,124.47,2.61,120.18,128.76,0.001,0.001,NOMINAL,-0.53
18,132,125,124.47,2.61,120.18,128.76,0.001,0.001,NOMINAL,-0.53
18,133,125,124.47,2.61,120.18,128.76,0.001,0.001,NOMINAL,-0.53
18,134,125,124.47,2.61,120.18,128.76,0.001,0.001,NOMINAL,-0.53
18,135,125,124.47,2.61,120.18,128.76,0.001,0.001,NOMINAL,-0.53
18,136,125,124.47,2.61,120.18,128.76,0.001,0.001,NOMINAL,-0.53
18,137,125,124.47,2.61,120.18,128.76,0.001,0.001,NOMINAL,-0.53
18,138,125,124.47,2.61,120.18,128.76,0.001,0.001,NOMINAL,-0.53
18,139,125,124.47,2.61,120.18,128.76,0.001,0.001,NOMINAL,-0.53
18,140,125,124.47,2.61,120.18,128.76,0.001,0.001,NOMINAL,-0.53
18,141,125,124.47,2.61,120.18,128.76,0.001,0.001,NOMINAL,-0.53
18,142,125,124.47,2.61,120.18,128.76,0.001,0.001,NOMINAL,-0.53
18,143,125,124.47,2.61,120.18,128.76,0.001,0.001,NOMINAL,-0.53
18,144,125,124.47,2.61,120.18,128.76,0.001,0.001,NOMINAL,-0.53
18,145,125,124.47,2.61,120.18,128.76,0.001,0.001,NOMINAL,-0.53
18,146,125,124.47,2.61,120.18,128.76,0.001,0.001,NOMINAL,-0.53
18,147,125,124.47,2.61,120.18,128.76,0.001,0.001,NOMINAL,-0.53
18,148,125,124.47,2.61,120.18,128.76,0.001,0.001,NOMINAL,-0.53
18,149,125,124.47,2.61,120.18,128.76,0.001,0.001,NOMINAL,-0.53
18,150,125,124.47,2.61,120.18,128.76,0.001,0.001,NOMINAL,-0.53
18,151,125,124.47,2.61,120.18,128.76,0.001,0.001,NOMINAL,-0.53
18,152,125,124.47,2.61,120.18,128.76,0.001,0.001,NOMINAL,-0.53
18,153,125,124.47,2.61,120.18,128.76,0.001,0.001,NOMINAL,-0.53
18,154,125,124.47,2.61,120.18,128.76,0.001,0.001,NOMINAL,-0.53
18,155,125,124.47,2.61,120.18,128.76,0.001,0.001,NOMINAL,-0.53
18,156,125,124.47,2.61,120.18,128.76,0.001,0.001,NOMINAL,-0.53
18,157,125,124.47,2.61,120.18,128.76,0.001,0.001,NOMINAL,-0.53
18,158,125,124.47,2.61,120.18,128.76,0.001,0.001,NOMINAL,-0.53
18,159,125,124.47,2.61,120.18,128.76,0.001,0.001,NOMINAL,-0.53
18,160,125,124.47,2.61,120.18,128.76,0.001,0.001,NOMINAL,-0.53
18,161,125,124.47,2.61,120.18,128.76,0.001,0.001,NOMINAL,-0.53
18,162,125,124.47,2.61,120.18,128.76,0.001,0.001,NOMINAL,-0.53
18,163,125,124.47,2.61,120.18,128.76,0.001,0.001,NOMINAL,-0.53
18,164,125,124.47,2.61,120.18,128.76,0.001,0.001,NOMINAL,-0.53
18,165,125,124.47,2.61,120.18,128.76,0.001,0.001,NOMINAL,-0.53
18,166,125,124.47,2.61,120.18,128.76,0.001,0.001,NOMINAL,-0.53
18,167,125,124.47,2.61,120.18,128.76,0.001,0.001,NOMINAL,-0.53
18,168,125,124.47,2.61,120.18,128.76,0.001,0.001,NOMINAL,-0.53
18,169,125,124.47,2.61,120.18,128.76,0.001,0.001,NOMINAL,-0.53
18,170,125,124.47,2.61,120.18,128.76,0.001,0.001,NOMINAL,-0.53
18,171,125,124.47,2.61,120.18,128.76,0.001,0.001,NOMINAL,-0.53
18,172,125,124.47,2.61,120.18,128.76,0.001,0.001,NOMINAL,-0.53
18,173,125,124.47,2.61,120.18,128.76,0.001,0.001,NOMINAL,-0.53
18,174,125,124.47,2.61,120.18,128.76,0.001,0.001,NOMINAL,-0.53
18,175,125,124.47,2.61,120.18,128.76,0.001,0.001,NOMINAL,-0.53
18,176,125,124.47,2.61,120.18,128.76,0.001,0.001,NOMINAL,-0.53
18,177,125,124.47,2.61,120.18,128.76,0.001,0.001,NOMINAL,-0.53
18,178,125,124.47,2.61,120.18,128.76,0.001,0.001,NOMINAL,-0.53
18,179,125,124.47,2.61,120.18,128.76,0.001,0.001,NOMINAL,-0.53
18,180,125,124.47,2.61,120.18,128.76,0.001,0.001,NOMINAL,-0.53
18,181,125,124.47,2.61,120.18,128.76,0.001,0.001,NOMINAL,-0.53
18,182,125,124.47,2.61,120.18,128.76,0.001,0.001,NOMINAL,-0.53
18,183,125,124.25,2.61,119.97,128.54,0.001,0.001,NOMINAL,-0.75
18,184,125,124.47,2.61,120.18,128.76,0.001,0.001,NOMINAL,-0.53
18,185,125,124.47,3.8,118.22,130.73,0.001,0.001,NOMINAL,-0.53
18,186,125,124.47,2.61,120.18,128.76,0.001,0.001,NOMINAL,-0.53
18,187,125,124.47,2.61,120.18,128.76,0.001,0.001,NOMINAL,-0.53
18,188,125,124.47,2.61,120.18,128.76,0.001,0.001,NOMINAL,-0.53
18,189,125,124.25,4.16,117.41,131.1,0.001,0.001,NOMINAL,-0.75
18,190,125,124.12,6.91,112.75,135.49,0.001,0.001,NOMINAL,-0.88
18,191,125,124.25,4.16,117.41,131.1,0.001,0.001,NOMINAL,-0.75
18,192,125,124.25,5.9,114.54,133.96,0.001,0.001,NOMINAL,-0.75
18,193,125,124.12,6.32,113.72,134.52,0.001,0.001,NOMINAL,-0.88
18,194,125,124.12,6.91,112.75,135.49,0.001,0.001,NOMINAL,-0.88
18,195,125,124.12,6.32,113.72,134.52,0.001,0.001,NOMINAL,-0.88
18,196,125,124.12,6.32,113.72,134.52,0.001,0.001,NOMINAL,-0.88
18,197,125,124.12,6.5,113.43,134.8,0.001,0.001,NOMINAL,-0.88
18,198,125,123.86,6.37,113.39,134.33,0.001,0.001,NOMINAL,-1.14
18,199,125,123.86,6.37,113.39,134.33,0.001,0.001,NOMINAL,-1.14
18,200,125,123.86,6.37,113.39,134.33,0.001,0.001,NOMINAL,-1.14
18,201,125,123.72,6.37,113.25,134.19,0.001,0.001,NOMINAL,-1.28
18,202,125,123.86,6.27,113.55,134.17,0.001,0.001,NOMINAL,-1.14
18,203,125,123.86,6.27,113.55,134.17,0.001,0.001,NOMINAL,-1.14
18,204,125,124.47,4.04,117.83,131.11,0.001,0.001,NOMINAL,-0.53
18,205,125,124.12,6.27,113.81,134.43,0.001,0.001,NOMINAL,-0.88
18,206,125,123.86,6.27,113.55,134.17,0.001,0.001,NOMINAL,-1.14
18,207,125,124.25,2.77,119.7,128.81,0.001,0.001,NOMINAL,-0.75
18,208,125,124.47,2.77,119.92,129.02,0.001,0.001,NOMINAL,-0.53
18,209,125,124.12,4.42,116.85,131.39,0.001,0.001,NOMINAL,-0.88
18,210,125,124.12,6.37,113.65,134.59,0.001,0.001,NOMINAL,-0.88
18,211,125,124.12,6.37,113.65,134.59,0.001,0.001,NOMINAL,-0.88
18,212,125,123.93,6.58,113.11,134.74,0.001,0.001,NOMINAL,-1.07
18,213,125,124.12,6.37,113.65,134.59,0.001,0.001,NOMINAL,-0.88
18,214,125,124.47,5.82,114.9,134.04,0.001,0.001,NOMINAL,-0.53
18,215,125,124.12,6.27,113.81,134.43,0.001,0.001,NOMINAL,-0.88
18,216,125,124.47,3.03,119.49,129.45,0.001,0.001,NOMINAL,-0.53
18,217,125,124.47,5.73,115.05,133.89,0.001,0.001,NOMINAL,-0.53
18,218,125,124.45,5.73,115.03,133.87,0.001,0.001,NOMINAL,-0.55
18,219,125,124.45,5.73,115.03,133.87,0.001,0.001,NOMINAL,-0.55
18,220,125,124.07,5.73,114.65,133.49,0.001,0.001,NOMINAL,-0.93
18,221,125,123.86,6.15,113.74,133.98,0.001,0.001,NOMINAL,-1.14
18,222,125,124.21,4.04,117.57,130.86,0.001,0.001,NOMINAL,-0.79
18,223,125,124.21,2.77,119.66,128.77,0.001,0.001,NOMINAL,-0.79
18,224,125,123.86,2.77,119.31,128.41,0.001,0.001,NOMINAL,-1.14
18,225,125,123.86,3.0,118.93,128.8,0.001,0.001,NOMINAL,-1.14
18,226,125,124.31,3.0,119.38,129.24,0.001,0.001,NOMINAL,-0.69
18,227,125,124.12,2.77,119.57,128.67,0.001,0.001,NOMINAL,-0.88
18,228,125,124.12,4.42,116.85,131.39,0.001,0.001,NOMINAL,-0.88
18,229,125,124.12,6.15,114.0,134.24,0.001,0.001,NOMINAL,-0.88
18,230,125,124.12,4.42,116.85,131.39,0.001,0.001,NOMINAL,-0.88
18,231,125,124.45,4.04,117.81,131.09,0.001,0.001,NOMINAL,-0.55
18,232,125,124.12,4.34,116.98,131.25,0.001,0.001,NOMINAL,-0.88
18,233,125,124.12,6.15,114.0,134.24,0.001,0.001,NOMINAL,-0.88
18,234,125,124.12,6.15,114.0,134.24,0.001,0.001,NOMINAL,-0.88
18,235,125,124.47,4.04,117.83,131.11,0.001,0.001,NOMINAL,-0.53
18,236,125,124.25,2.77,119.7,128.81,0.001,0.001,NOMINAL,-0.75
18,237,125,124.47,2.77,119.92,129.02,0.001,0.001,NOMINAL,-0.53
18,238,125,124.12,3.0,119.18,129.05,0.001,0.001,NOMINAL,-0.88
18,239,125,124.25,3.03,119.27,129.24,0.001,0.001,NOMINAL,-0.75
18,240,125,124.18,3.0,119.25,129.12,0.001,0.001,NOMINAL,-0.82
18,241,125,124.18,4.34,117.04,131.32,0.001,0.001,NOMINAL,-0.82
18,242,125,124.18,6.15,114.06,134.3,0.001,0.001,NOMINAL,-0.82
18,243,125,123.78,6.45,113.16,134.39,0.001,0.001,NOMINAL,-1.22
18,244,125,123.59,6.45,112.97,134.2,0.001,0.001,NOMINAL,-1.41
19,52,125,123.41,3.95,116.9,129.91,0.001,0.001,NOMINAL,-1.59
19,53,125,124.07,2.77,119.52,128.62,0.001,0.001,NOMINAL,-0.93
19,54,125,124.07,2.77,119.52,128.62,0.001,0.001,NOMINAL,-0.93
19,55,125,124.07,2.77,119.52,128.62,0.001,0.001,NOMINAL,-0.93
19,56,125,124.07,2.77,119.52,128.62,0.001,0.001,NOMINAL,-0.93
19,57,125,124.07,2.77,119.52,128.62,0.001,0.001,NOMINAL,-0.93
19,58,125,123.97,2.77,119.42,128.53,0.001,0.001,NOMINAL,-1.03
19,59,125,123.97,2.77,119.42,128.53,0.001,0.001,NOMINAL,-1.03
19,60,125,123.97,6.94,112.56,135.39,0.001,0.001,NOMINAL,-1.03
19,61,125,123.97,6.15,113.85,134.09,0.001,0.001,NOMINAL,-1.03
19,62,125,123.97,6.15,113.85,134.09,0.001,0.001,NOMINAL,-1.03
19,63,125,123.97,6.15,113.85,134.09,0.001,0.001,NOMINAL,-1.03
19,64,125,123.97,6.25,113.7,134.25,0.001,0.001,NOMINAL,-1.03
19,65,125,123.97,6.25,113.7,134.25,0.001,0.001,NOMINAL,-1.03
19,66,125,123.97,7.05,112.39,135.56,0.001,0.001,NOMINAL,-1.03
19,67,125,123.97,5.68,114.64,133.31,0.001,0.001,NOMINAL,-1.03
19,68,125,123.97,6.15,113.85,134.09,0.001,0.001,NOMINAL,-1.03
19,69,125,123.97,6.25,113.7,134.25,0.001,0.001,NOMINAL,-1.03
19,70,125,123.97,6.25,113.7,134.25,0.001,0.001,NOMINAL,-1.03
19,71,125,123.97,6.99,112.47,135.48,0.001,0.001,NOMINAL,-1.03
19,72,125,123.07,8.31,109.39,136.74,0.001,0.001,NOMINAL,-1.93
19,73,125,123.97,6.32,113.58,134.37,0.001,0.001,NOMINAL,-1.03
19,74,125,123.97,6.25,113.7,134.25,0.001,0.001,NOMINAL,-1.03
19,75,125,123.97,6.25,113.7,134.25,0.001,0.001,NOMINAL,-1.03
19,76,124,123.97,6.32,113.58,134.37,0.001,0.001,NOMINAL,-0.03
19,77,123,122.44,8.3,108.78,136.1,0.001,0.001,NOMINAL,-0.56
19,78,122,121.51,8.8,107.04,135.98,0.001,0.001,NOMINAL,-0.49
19,79,121,122.18,9.08,107.25,137.11,0.001,0.001,NOMINAL,1.18
19,80,120,123.72,7.16,111.95,135.49,0.001,0.001,NOMINAL,3.72
19,81,119,122.96,7.39,110.8,135.12,0.001,0.001,NOMINAL,3.96
19,82,118,123.97,6.25,113.7,134.25,0.001,0.001,NOMINAL,5.97
19,83,117,123.52,6.43,112.94,134.1,0.001,0.001,NOMINAL,6.52
19,84,116,123.97,6.25,113.7,134.25,0.001,0.001,NOMINAL,7.97
19,85,115,123.52,6.43,112.94,134.1,0.001,0.001,NOMINAL,8.52
19,86,114,122.73,8.2,109.23,136.22,0.001,0.001,NOMINAL,8.73
19,87,113,122.39,8.3,108.73,136.05,0.001,0.001,NOMINAL,9.39
19,88,112,120.14,9.72,104.15,136.12,0.001,0.001,NOMINAL,8.14
19,89,111,116.31,12.52,95.72,136.91,0.001,0.001,NOMINAL,5.31
19,90,110,116.77,11.1,98.5,135.03,0.001,0.001,NOMINAL,6.77
19,91,109,111.52,12.52,90.93,132.12,0.001,0.001,NOMINAL,2.52
19,92,108,111.61,12.43,91.17,132.05,0.001,0.001,NOMINAL,3.61
19,93,107,111.53,12.21,91.44,131.62,0.001,0.001,NOMINAL,4.53
19,94,106,109.32,10.42,92.17,126.47,0.001,0.001,NOMINAL,3.32
19,95,105,107.39,11.17,89.02,125.77,0.001,0.001,NOMINAL,2.39
19,96,104,100.91,11.49,82.01,119.8,0.001,0.0012,NOMINAL,-3.09
19,97,103,100.68,11.03,82.53,118.83,0.001,0.0011,NOMINAL,-2.32
19,98,102,98.12,11.3,79.53,116.72,0.001,0.0015,NOMINAL,-3.88
19,99,101,106.48,11.17,88.11,124.86,0.001,0.001,NOMINAL,5.48
19,100,100,106.65,11.85,87.16,126.15,0.001,0.001,NOMINAL,6.65
19,101,99,110.75,12.52,90.16,131.35,0.001,0.001,NOMINAL,11.75
19,102,98,107.7,11.7,88.46,126.94,0.001,0.001,NOMINAL,9.7
19,103,97,97.89,11.49,78.99,116.78,0.001,0.0017,NOMINAL,0.89
19,104,96,93.76,10.69,76.17,111.35,0.001,0.002,NOMINAL,-2.24
19,105,95,92.87,10.95,74.86,110.88,0.001,0.003,NOMINAL,-2.13
19,106,94,90.14,10.95,72.12,108.15,0.001,0.0065,NOMINAL,-3.86
19,107,93,99.61,11.62,80.51,118.72,0.001,0.0014,NOMINAL,6.61
19,108,92,100.39,11.16,82.04,118.74,0.001,0.0011,NOMINAL,8.39
19,109,91,102.43,11.62,83.33,121.54,0.001,0.0011,NOMINAL,11.43
19,110,90,102.96,11.17,84.59,121.34,0.001,0.0011,NOMINAL,12.96
19,111,89,107.31,12.52,86.72,127.9,0.001,0.0011,NOMINAL,18.31
19,112,88,105.23,12.09,85.34,125.11,0.001,0.0011,NOMINAL,17.23
19,113,87,105.77,11.03,87.62,123.92,0.001,0.001,NOMINAL,18.77
19,114,86,101.49,11.03,83.34,119.64,0.001,0.0011,NOMINAL,15.49
19,115,85,99.0,11.49,80.1,117.89,0.001,0.0015,NOMINAL,14.0
20,52,125,123.31,8.04,110.08,136.54,0.001,0.001,NOMINAL,-1.69
20,53,125,123.52,7.14,111.78,135.25,0.001,0.001,NOMINAL,-1.48
20,54,125,123.52,7.14,111.78,135.25,0.001,0.001,NOMINAL,-1.48
20,55,125,123.52,5.83,113.93,133.1,0.001,0.001,NOMINAL,-1.48
20,56,125,123.61,5.68,114.28,132.95,0.001,0.001,NOMINAL,-1.39
20,57,125,123.52,5.76,114.04,133.0,0.001,0.001,NOMINAL,-1.48
20,58,125,123.52,6.45,112.91,134.13,0.001,0.001,NOMINAL,-1.48
20,59,125,123.52,6.99,112.01,135.02,0.001,0.001,NOMINAL,-1.48
20,60,125,123.52,6.99,112.01,135.02,0.001,0.001,NOMINAL,-1.48
20,61,125,123.52,5.76,114.04,133.0,0.001,0.001,NOMINAL,-1.48
20,62,125,123.61,5.68,114.28,132.95,0.001,0.001,NOMINAL,-1.39
20,63,125,123.52,5.76,114.04,133.0,0.001,0.001,NOMINAL,-1.48
20,64,125,123.52,6.25,113.24,133.79,0.001,0.001,NOMINAL,-1.48
20,65,125,123.52,6.25,113.24,133.79,0.001,0.001,NOMINAL,-1.48
20,66,125,123.52,6.25,113.24,133.79,0.001,0.001,NOMINAL,-1.48
20,67,125,123.52,6.43,112.94,134.1,0.001,0.001,NOMINAL,-1.48
20,68,125,123.97,6.25,113.7,134.25,0.001,0.001,NOMINAL,-1.03
20,69,125,124.07,5.68,114.74,133.41,0.001,0.001,NOMINAL,-0.93
20,70,125,123.97,5.68,114.64,133.31,0.001,0.001,NOMINAL,-1.03
20,71,125,123.97,6.25,113.7,134.25,0.001,0.001,NOMINAL,-1.03
20,72,125,124.07,5.76,114.59,133.55,0.001,0.001,NOMINAL,-0.93
20,73,125,124.07,5.68,114.74,133.41,0.001,0.001,NOMINAL,-0.93
20,74,125,124.07,2.77,119.52,128.62,0.001,0.001,NOMINAL,-0.93
20,75,125,124.07,2.77,119.52,128.62,0.001,0.001,NOMINAL,-0.93
20,76,125,124.07,2.77,119.52,128.62,0.001,0.001,NOMINAL,-0.93
20,77,125,124.07,2.77,119.52,128.62,0.001,0.001,NOMINAL,-0.93
20,78,125,123.97,2.77,119.42,128.53,0.001,0.001,NOMINAL,-1.03
20,79,125,124.07,2.77,119.52,128.62,0.001,0.001,NOMINAL,-0.93
20,80,125,124.07,2.77,119.52,128.62,0.001,0.001,NOMINAL,-0.93
20,81,125,124.07,2.77,119.52,128.62,0.001,0.001,NOMINAL,-0.93
20,82,125,124.07,2.77,119.52,128.62,0.001,0.001,NOMINAL,-0.93
20,83,125,124.07,2.77,119.52,128.62,0.001,0.001,NOMINAL,-0.93
20,84,125,124.07,2.77,119.52,128.62,0.001,0.001,NOMINAL,-0.93
20,85,125,124.07,2.77,119.52,128.62,0.001,0.001,NOMINAL,-0.93
20,86,125,124.07,2.77,119.52,128.62,0.001,0.001,NOMINAL,-0.93
20,87,125,124.07,2.77,119.52,128.62,0.001,0.001,NOMINAL,-0.93
20,88,125,124.07,2.77,119.52,128.62,0.001,0.001,NOMINAL,-0.93
20,89,125,124.07,2.77,119.52,128.62,0.001,0.001,NOMINAL,-0.93
20,90,125,124.07,2.77,119.52,128.62,0.001,0.001,NOMINAL,-0.93
20,91,125,123.97,2.77,119.42,128.53,0.001,0.001,NOMINAL,-1.03
20,92,125,123.97,3.0,119.04,128.91,0.001,0.001,NOMINAL,-1.03
20,93,125,123.97,4.34,116.84,131.11,0.001,0.001,NOMINAL,-1.03
20,94,125,123.97,6.15,113.85,134.09,0.001,0.001,NOMINAL,-1.03
20,95,125,123.78,6.36,113.33,134.24,0.001,0.001,NOMINAL,-1.22
20,96,125,123.84,6.25,113.56,134.11,0.001,0.001,NOMINAL,-1.16
20,97,125,123.38,7.22,111.5,135.26,0.001,0.001,NOMINAL,-1.62
20,98,125,123.61,7.37,111.49,135.74,0.001,0.001,NOMINAL,-1.39
20,99,125,123.09,7.39,110.93,135.25,0.001,0.001,NOMINAL,-1.91
20,100,125,122.85,7.46,110.58,135.12,0.001,0.001,NOMINAL,-2.15
20,101,125,123.42,7.39,111.26,135.58,0.001,0.001,NOMINAL,-1.58
20,102,125,123.97,6.25,113.7,134.25,0.001,0.001,NOMINAL,-1.03
20,103,125,123.97,6.15,113.85,134.09,0.001,0.001,NOMINAL,-1.03
20,104,125,123.97,6.25,113.7,134.25,0.001,0.001,NOMINAL,-1.03
20,105,125,122.58,7.46,110.31,134.85,0.001,0.001,NOMINAL,-2.42
20,106,125,119.39,8.19,105.92,132.87,0.001,0.001,NOMINAL,-5.61
20,107,125,121.07,8.26,107.49,134.65,0.001,0.001,NOMINAL,-3.93
20,108,125,116.61,10.42,99.47,133.75,0.001,0.001,NOMINAL,-8.39
20,109,125,121.1,8.16,107.67,134.53,0.001,0.001,NOMINAL,-3.9
20,110,125,123.07,7.22,111.19,134.95,0.001,0.001,NOMINAL,-1.93
20,111,125,123.26,7.2,111.42,135.1,0.001,0.001,NOMINAL,-1.74
20,112,125,123.52,6.32,113.12,133.91,0.001,0.001,NOMINAL,-1.48
20,113,125,124.07,5.68,114.74,133.41,0.001,0.001,NOMINAL,-0.93
20,114,125,123.97,4.0,117.39,130.56,0.001,0.001,NOMINAL,-1.03
20,115,125,123.52,6.25,113.24,133.79,0.001,0.001,NOMINAL,-1.48
20,116,125,123.26,6.53,112.52,133.99,0.001,0.001,NOMINAL,-1.74
20,117,125,122.63,7.39,110.47,134.79,0.001,0.001,NOMINAL,-2.37
20,118,125,122.92,7.39,110.76,135.08,0.001,0.001,NOMINAL,-2.08
20,119,125,123.31,6.99,111.81,134.82,0.001,0.001,NOMINAL,-1.69
20,120,125,123.26,7.22,111.38,135.14,0.001,0.001,NOMINAL,-1.74
20,121,125,122.92,7.22,111.04,134.8,0.001,0.001,NOMINAL,-2.08
20,122,125,123.72,6.53,112.98,134.45,0.001,0.001,NOMINAL,-1.28
20,123,125,123.09,7.39,110.93,135.25,0.001,0.001,NOMINAL,-1.91
20,124,125,123.38,7.39,111.22,135.54,0.001,0.001,NOMINAL,-1.62
20,125,125,123.97,6.99,112.47,135.48,0.001,0.001,NOMINAL,-1.03
20,126,125,123.97,6.25,113.7,134.25,0.001,0.001,NOMINAL,-1.03
20,127,125,123.97,6.25,113.7,134.25,0.001,0.001,NOMINAL,-1.03
20,128,125,123.97,6.15,113.85,134.09,0.001,0.001,NOMINAL,-1.03
20,129,125,123.84,6.15,113.72,133.96,0.001,0.001,NOMINAL,-1.16
20,130,125,123.97,6.15,113.85,134.09,0.001,0.001,NOMINAL,-1.03
20,131,125,123.97,6.15,113.85,134.09,0.001,0.001,NOMINAL,-1.03
20,132,125,123.97,6.15,113.85,134.09,0.001,0.001,NOMINAL,-1.03
20,133,125,123.97,4.34,116.84,131.11,0.001,0.001,NOMINAL,-1.03
20,134,125,123.97,4.34,116.84,131.11,0.001,0.001,NOMINAL,-1.03
20,135,125,123.78,6.36,113.33,134.24,0.001,0.001,NOMINAL,-1.22
20,136,125,123.97,6.25,113.7,134.25,0.001,0.001,NOMINAL,-1.03
20,137,125,123.97,6.94,112.56,135.39,0.001,0.001,NOMINAL,-1.03
20,138,125,124.37,6.15,114.25,134.49,0.001,0.001,NOMINAL,-0.63
20,139,124,124.12,6.15,114.0,134.24,0.001,0.001,NOMINAL,0.12
20,140,123,124.37,6.15,114.25,134.49,0.001,0.001,NOMINAL,1.37
20,141,122,124.18,6.36,113.73,134.63,0.001,0.001,NOMINAL,2.18
20,142,121,124.12,6.15,114.0,134.24,0.001,0.001,NOMINAL,3.12
20,143,120,123.78,6.45,113.16,134.39,0.001,0.001,NOMINAL,3.78
20,144,119,123.23,7.39,111.07,135.39,0.001,0.001,NOMINAL,4.23
20,145,118,122.94,7.5,110.6,135.27,0.001,0.001,NOMINAL,4.94
20,146,117,115.79,11.69,96.57,135.02,0.001,0.001,NOMINAL,-1.21
20,147,116,121.54,7.55,109.12,133.96,0.001,0.001,NOMINAL,5.54
20,148,115,116.74,9.47,101.16,132.32,0.001,0.001,NOMINAL,1.74
20,149,114,108.23,11.43,89.43,127.03,0.001,0.001,NOMINAL,-5.77
20,150,113,109.23,10.14,92.55,125.9,0.001,0.001,NOMINAL,-3.77
20,151,112,107.33,10.14,90.65,124.0,0.001,0.001,NOMINAL,-4.67
20,152,111,105.68,11.56,86.67,124.69,0.001,0.001,NOMINAL,-5.32
20,153,110,105.28,11.1,87.02,123.53,0.001,0.001,NOMINAL,-4.72
20,154,109,105.68,10.98,87.62,123.73,0.001,0.001,NOMINAL,-3.32
20,155,108,111.24,11.05,93.07,129.42,0.001,0.001,NOMINAL,3.24
20,156,107,109.7,11.05,91.53,127.88,0.001,0.001,NOMINAL,2.7
20,157,106,107.51,11.43,88.71,126.31,0.001,0.001,NOMINAL,1.51
20,158,105,100.4,10.98,82.35,118.46,0.001,0.0011,NOMINAL,-4.6
20,159,104,93.14,10.84,75.3,110.97,0.001,0.0025,NOMINAL,-10.86
20,160,103,90.63,10.6,73.2,108.06,0.001,0.0038,NOMINAL,-12.37
20,161,102,95.25,10.46,78.04,112.47,0.001,0.0013,NOMINAL,-6.75
20,162,101,94.97,10.46,77.76,112.18,0.001,0.0014,NOMINAL,-6.03
20,163,100,94.14,10.46,76.92,111.35,0.001,0.0016,NOMINAL,-5.86
20,164,99,97.14,10.98,79.08,115.19,0.001,0.0014,NOMINAL,-1.86
20,165,98,99.13,11.7,79.89,118.37,0.001,0.0016,NOMINAL,1.13
20,166,97,103.69,12.4,83.3,124.08,0.001,0.0013,NOMINAL,6.69
20,167,96,100.73,11.1,82.46,118.99,0.001,0.0011,NOMINAL,4.73
20,168,95,106.52,11.16,88.18,124.87,0.001,0.001,NOMINAL,11.52
20,169,94,101.25,11.43,82.44,120.05,0.001,0.0012,NOMINAL,7.25
20,170,93,101.37,10.98,83.32,119.43,0.001,0.0011,NOMINAL,8.37
20,171,92,95.95,10.98,77.89,114.0,0.001,0.0016,NOMINAL,3.95
20,172,91,93.59,11.25,75.09,112.09,0.001,0.0034,NOMINAL,2.59
20,173,90,99.09,10.98,81.04,117.15,0.001,0.0012,NOMINAL,9.09
20,174,89,94.88,10.98,76.82,112.93,0.001,0.002,NOMINAL,5.88
20,175,88,92.6,11.25,74.11,111.1,0.001,0.0044,NOMINAL,4.6
20,176,87,93.58,11.43,74.78,112.39,0.001,0.004,NOMINAL,6.58
20,177,86,92.45,10.85,74.6,110.3,0.001,0.003,NOMINAL,6.45
20,178,85,87.52,10.61,70.06,104.97,0.001,0.01,NOMINAL,2.52
20,179,84,81.21,10.65,63.69,98.73,0.001,0.0259,NOMINAL,-2.79
20,180,83,80.34,9.26,65.1,95.57,0.001,0.0233,NOMINAL,-2.66
20,181,82,82.67,9.89,66.4,98.94,0.001,0.0223,NOMINAL,0.67
20,182,81,83.7,10.28,66.8,100.61,0.001,0.0232,NOMINAL,2.7
20,183,80,83.81,10.29,66.89,100.74,0.001,0.0232,NOMINAL,3.81
20,184,79,82.67,10.29,65.75,99.59,0.001,0.0242,NOMINAL,3.67
20,185,78,83.22,10.25,66.36,100.08,0.001,0.0235,NOMINAL,5.22
20,186,77,77.65,8.46,63.73,91.57,0.001,0.0233,NOMINAL,0.65
20,187,76,75.59,8.32,61.9,89.29,0.001,0.0253,NOMINAL,-0.41
20,188,75,73.29,8.32,59.6,86.98,0.001,0.0262,NOMINAL,-1.71
20,189,74,74.1,8.32,60.41,87.79,0.001,0.026,NOMINAL,0.1
20,190,73,69.09,7.6,56.59,81.58,0.001,0.0323,NOMINAL,-3.91
20,191,72,70.07,7.6,57.57,82.56,0.001,0.0296,NOMINAL,-1.93
20,192,71,68.99,7.6,56.49,81.48,0.001,0.0325,NOMINAL,-2.01
20,193,70,71.74,7.6,59.24,84.23,0.001,0.0261,NOMINAL,1.74
20,194,69,68.69,7.6,56.18,81.2,0.001,0.0336,NOMINAL,-0.31
20,195,68,68.42,7.6,55.92,80.91,0.001,0.0341,NOMINAL,0.42
20,196,67,67.92,7.6,55.42,80.41,0.001,0.0361,NOMINAL,0.92
20,197,66,62.43,5.8,52.9,71.96,0.001,0.0483,NOMINAL,-3.57
20,198,65,62.43,5.82,52.86,72.0,0.001,0.0487,NOMINAL,-2.57
20,199,64,62.43,5.95,52.64,72.22,0.001,0.0497,NOMINAL,-1.57
20,200,63,60.67,6.09,50.66,70.68,0.001,0.0696,NOMINAL,-2.33
20,201,62,62.54,5.99,52.69,72.38,0.001,0.0495,NOMINAL,0.54
20,202,61,60.27,6.09,50.26,70.28,0.001,0.0759,NOMINAL,-0.73
20,203,60,60.12,6.07,50.12,70.11,0.001,0.0798,NOMINAL,0.12
20,204,59,57.58,6.09,47.57,67.59,0.001,0.1248,NOMINAL,-1.42
20,205,58,55.33,6.12,45.26,65.39,0.001,0.2047,NOMINAL,-2.67
20,206,57,50.96,6.2,40.76,61.16,0.001,0.5012,MONITOR,-6.04
20,207,56,48.73,6.5,38.04,59.43,0.0012,0.6493,MONITOR,-7.27
21,52,125,124.47,2.61,120.18,128.76,0.001,0.001,NOMINAL,-0.53
21,53,125,124.47,2.61,120.18,128.76,0.001,0.001,NOMINAL,-0.53
21,54,125,124.47,2.61,120.18,128.76,0.001,0.001,NOMINAL,-0.53
21,55,125,124.47,2.61,120.18,128.76,0.001,0.001,NOMINAL,-0.53
21,56,125,124.47,2.63,120.15,128.79,0.001,0.001,NOMINAL,-0.53
21,57,125,124.47,2.61,120.18,128.76,0.001,0.001,NOMINAL,-0.53
21,58,125,124.47,2.61,120.18,128.76,0.001,0.001,NOMINAL,-0.53
21,59,125,124.47,2.61,120.18,128.76,0.001,0.001,NOMINAL,-0.53
21,60,125,124.47,2.61,120.18,128.76,0.001,0.001,NOMINAL,-0.53
21,61,125,124.47,2.61,120.18,128.76,0.001,0.001,NOMINAL,-0.53
21,62,125,124.47,2.61,120.18,128.76,0.001,0.001,NOMINAL,-0.53
21,63,125,124.47,2.61,120.18,128.76,0.001,0.001,NOMINAL,-0.53
21,64,125,124.47,2.61,120.18,128.76,0.001,0.001,NOMINAL,-0.53
21,65,125,124.47,2.61,120.18,128.76,0.001,0.001,NOMINAL,-0.53
21,66,125,124.47,2.61,120.18,128.76,0.001,0.001,NOMINAL,-0.53
21,67,125,124.47,2.61,120.18,128.76,0.001,0.001,NOMINAL,-0.53
21,68,125,124.47,2.61,120.18,128.76,0.001,0.001,NOMINAL,-0.53
21,69,125,124.47,2.61,120.18,128.76,0.001,0.001,NOMINAL,-0.53
21,70,125,124.47,2.61,120.18,128.76,0.001,0.001,NOMINAL,-0.53
21,71,125,124.47,2.83,119.81,129.13,0.001,0.001,NOMINAL,-0.53
21,72,125,124.47,2.61,120.18,128.76,0.001,0.001,NOMINAL,-0.53
21,73,125,124.47,2.61,120.18,128.76,0.001,0.001,NOMINAL,-0.53
21,74,125,124.47,2.61,120.18,128.76,0.001,0.001,NOMINAL,-0.53
21,75,125,124.47,2.61,120.18,128.76,0.001,0.001,NOMINAL,-0.53
21,76,125,124.47,2.61,120.18,128.76,0.001,0.001,NOMINAL,-0.53
21,77,125,124.47,2.61,120.18,128.76,0.001,0.001,NOMINAL,-0.53
21,78,125,124.47,2.61,120.18,128.76,0.001,0.001,NOMINAL,-0.53
21,79,125,124.47,2.61,120.18,128.76,0.001,0.001,NOMINAL,-0.53
21,80,125,124.47,2.61,120.18,128.76,0.001,0.001,NOMINAL,-0.53
21,81,125,124.47,2.61,120.18,128.76,0.001,0.001,NOMINAL,-0.53
21,82,125,124.47,2.61,120.18,128.76,0.001,0.001,NOMINAL,-0.53
21,83,125,124.47,2.61,120.18,128.76,0.001,0.001,NOMINAL,-0.53
21,84,125,124.47,2.61,120.18,128.76,0.001,0.001,NOMINAL,-0.53
21,85,125,124.47,2.61,120.18,128.76,0.001,0.001,NOMINAL,-0.53
21,86,125,124.47,2.61,120.18,128.76,0.001,0.001,NOMINAL,-0.53
21,87,125,124.47,2.61,120.18,128.76,0.001,0.001,NOMINAL,-0.53
21,88,125,124.47,2.61,120.18,128.76,0.001,0.001,NOMINAL,-0.53
21,89,125,124.47,2.61,120.18,128.76,0.001,0.001,NOMINAL,-0.53
21,90,125,124.47,2.61,120.18,128.76,0.001,0.001,NOMINAL,-0.53
21,91,125,124.47,2.61,120.18,128.76,0.001,0.001,NOMINAL,-0.53
21,92,125,124.47,2.61,120.18,128.76,0.001,0.001,NOMINAL,-0.53
21,93,125,124.47,2.61,120.18,128.76,0.001,0.001,NOMINAL,-0.53
21,94,125,124.47,2.61,120.18,128.76,0.001,0.001,NOMINAL,-0.53
21,95,125,124.47,2.61,120.18,128.76,0.001,0.001,NOMINAL,-0.53
21,96,125,124.47,2.61,120.18,128.76,0.001,0.001,NOMINAL,-0.53
21,97,125,124.47,2.61,120.18,128.76,0.001,0.001,NOMINAL,-0.53
21,98,125,124.47,2.61,120.18,128.76,0.001,0.001,NOMINAL,-0.53
21,99,125,124.47,2.61,120.18,128.76,0.001,0.001,NOMINAL,-0.53
21,100,125,124.47,2.61,120.18,128.76,0.001,0.001,NOMINAL,-0.53
21,101,125,124.47,2.61,120.18,128.76,0.001,0.001,NOMINAL,-0.53
21,102,125,124.47,2.61,120.18,128.76,0.001,0.001,NOMINAL,-0.53
21,103,125,124.47,2.61,120.18,128.76,0.001,0.001,NOMINAL,-0.53
21,104,125,124.47,2.61,120.18,128.76,0.001,0.001,NOMINAL,-0.53
21,105,125,124.47,2.61,120.18,128.76,0.001,0.001,NOMINAL,-0.53
21,106,125,124.47,2.61,120.18,128.76,0.001,0.001,NOMINAL,-0.53
21,107,125,124.47,2.61,120.18,128.76,0.001,0.001,NOMINAL,-0.53
21,108,125,124.47,2.61,120.18,128.76,0.001,0.001,NOMINAL,-0.53
21,109,125,124.47,2.61,120.18,128.76,0.001,0.001,NOMINAL,-0.53
21,110,125,124.47,2.61,120.18,128.76,0.001,0.001,NOMINAL,-0.53
21,111,125,124.47,2.61,120.18,128.76,0.001,0.001,NOMINAL,-0.53
21,112,125,124.47,2.61,120.18,128.76,0.001,0.001,NOMINAL,-0.53
21,113,125,124.47,2.61,120.18,128.76,0.001,0.001,NOMINAL,-0.53
21,114,125,124.47,2.61,120.18,128.76,0.001,0.001,NOMINAL,-0.53
21,115,125,124.47,2.61,120.18,128.76,0.001,0.001,NOMINAL,-0.53
21,116,125,124.47,2.61,120.18,128.76,0.001,0.001,NOMINAL,-0.53
21,117,125,124.47,2.61,120.18,128.76,0.001,0.001,NOMINAL,-0.53
21,118,125,124.47,2.61,120.18,128.76,0.001,0.001,NOMINAL,-0.53
21,119,125,124.47,2.61,120.18,128.76,0.001,0.001,NOMINAL,-0.53
21,120,125,124.47,2.61,120.18,128.76,0.001,0.001,NOMINAL,-0.53
21,121,125,124.47,2.61,120.18,128.76,0.001,0.001,NOMINAL,-0.53
21,122,125,124.47,2.61,120.18,128.76,0.001,0.001,NOMINAL,-0.53
21,123,125,124.47,2.61,120.18,128.76,0.001,0.001,NOMINAL,-0.53
21,124,125,124.47,2.61,120.18,128.76,0.001,0.001,NOMINAL,-0.53
21,125,125,124.47,2.61,120.18,128.76,0.001,0.001,NOMINAL,-0.53
21,126,125,124.47,2.61,120.18,128.76,0.001,0.001,NOMINAL,-0.53
21,127,125,124.47,2.61,120.18,128.76,0.001,0.001,NOMINAL,-0.53
21,128,125,124.47,2.61,120.18,128.76,0.001,0.001,NOMINAL,-0.53
21,129,125,124.47,2.61,120.18,128.76,0.001,0.001,NOMINAL,-0.53
21,130,125,124.47,2.61,120.18,128.76,0.001,0.001,NOMINAL,-0.53
21,131,125,124.47,2.61,120.18,128.76,0.001,0.001,NOMINAL,-0.53
21,132,125,124.52,2.61,120.24,128.81,0.001,0.001,NOMINAL,-0.48
21,133,125,124.47,2.61,120.18,128.76,0.001,0.001,NOMINAL,-0.53
21,134,125,124.47,2.61,120.18,128.76,0.001,0.001,NOMINAL,-0.53
21,135,125,124.47,2.61,120.18,128.76,0.001,0.001,NOMINAL,-0.53
21,136,125,124.47,2.61,120.18,128.76,0.001,0.001,NOMINAL,-0.53
21,137,125,124.47,2.61,120.18,128.76,0.001,0.001,NOMINAL,-0.53
21,138,125,124.47,2.61,120.18,128.76,0.001,0.001,NOMINAL,-0.53
21,139,125,124.47,2.61,120.18,128.76,0.001,0.001,NOMINAL,-0.53
21,140,125,124.47,2.61,120.18,128.76,0.001,0.001,NOMINAL,-0.53
21,141,125,124.47,2.61,120.18,128.76,0.001,0.001,NOMINAL,-0.53
21,142,125,124.52,2.61,120.24,128.81,0.001,0.001,NOMINAL,-0.48
21,143,125,124.52,2.61,120.24,128.81,0.001,0.001,NOMINAL,-0.48
21,144,125,124.52,2.61,120.24,128.81,0.001,0.001,NOMINAL,-0.48
21,145,125,124.17,2.85,119.48,128.86,0.001,0.001,NOMINAL,-0.83
21,146,125,124.17,2.85,119.48,128.86,0.001,0.001,NOMINAL,-0.83
21,147,125,124.25,5.9,114.54,133.96,0.001,0.001,NOMINAL,-0.75
21,148,125,124.25,4.16,117.41,131.1,0.001,0.001,NOMINAL,-0.75
21,149,125,124.45,2.85,119.76,129.14,0.001,0.001,NOMINAL,-0.55
21,150,125,124.12,5.9,114.41,133.83,0.001,0.001,NOMINAL,-0.88
21,151,125,123.98,6.1,113.95,134.01,0.001,0.001,NOMINAL,-1.02
21,152,125,123.39,6.63,112.48,134.29,0.001,0.001,NOMINAL,-1.61
21,153,125,122.77,6.73,111.7,133.85,0.001,0.001,NOMINAL,-2.23
21,154,125,119.79,6.74,108.7,130.87,0.001,0.001,NOMINAL,-5.21
21,155,125,120.74,6.74,109.66,131.82,0.001,0.001,NOMINAL,-4.26
21,156,125,109.24,8.13,95.86,122.62,0.001,0.001,NOMINAL,-15.76
21,157,124,105.79,7.36,93.68,117.9,0.001,0.001,NOMINAL,-18.21
21,158,123,102.68,7.24,90.77,114.59,0.001,0.001,NOMINAL,-20.32
21,159,122,92.56,7.13,80.83,104.29,0.001,0.001,NOMINAL,-29.44
21,160,121,91.55,7.01,80.02,103.07,0.001,0.001,NOMINAL,-29.45
21,161,120,87.66,6.99,76.17,99.16,0.001,0.001,NOMINAL,-32.34
21,162,119,83.63,6.27,73.32,93.93,0.001,0.001,NOMINAL,-35.37
21,163,118,84.4,6.86,73.11,95.68,0.001,0.001,NOMINAL,-33.6
21,164,117,83.01,6.27,72.71,93.32,0.001,0.001,NOMINAL,-33.99
21,165,116,87.86,7.28,75.88,99.84,0.001,0.001,NOMINAL,-28.14
21,166,115,97.27,7.37,85.14,109.39,0.001,0.001,NOMINAL,-17.73
21,167,114,81.49,5.95,71.7,91.28,0.001,0.001,NOMINAL,-32.51
21,168,113,80.94,6.1,70.9,90.97,0.001,0.001,NOMINAL,-32.06
21,169,112,77.98,6.02,68.07,87.89,0.001,0.0011,NOMINAL,-34.02
21,170,111,77.65,5.93,67.9,87.41,0.001,0.0011,NOMINAL,-33.35
21,171,110,73.02,5.93,63.27,82.78,0.001,0.0033,NOMINAL,-36.98
21,172,109,73.08,8.87,58.49,87.68,0.001,0.0301,NOMINAL,-35.92
21,173,108,76.09,8.78,61.66,90.53,0.001,0.0257,NOMINAL,-31.91
21,174,107,76.16,8.98,61.39,90.93,0.001,0.0259,NOMINAL,-30.84
21,175,106,81.81,6.28,71.48,92.15,0.001,0.001,NOMINAL,-24.19
21,176,105,80.75,8.92,66.08,95.42,0.001,0.0135,NOMINAL,-24.25
21,177,104,77.69,9.34,62.34,93.05,0.001,0.0257,NOMINAL,-26.31
21,178,103,83.39,6.31,73.01,93.78,0.001,0.001,NOMINAL,-19.61
21,179,102,76.8,9.77,60.73,92.86,0.001,0.0264,NOMINAL,-25.2
21,180,101,78.0,8.91,63.35,92.64,0.001,0.0245,NOMINAL,-23.0
21,181,100,76.42,9.18,61.32,91.51,0.001,0.0261,NOMINAL,-23.58
21,182,99,77.45,9.77,61.39,93.52,0.001,0.0262,NOMINAL,-21.55
21,183,98,77.54,9.78,61.46,93.63,0.001,0.0262,NOMINAL,-20.46
21,184,97,75.23,9.43,59.72,90.75,0.001,0.0284,NOMINAL,-21.77
21,185,96,74.4,8.92,59.73,89.07,0.001,0.0266,NOMINAL,-21.6
21,186,95,72.2,8.83,57.68,86.73,0.001,0.0323,NOMINAL,-22.8
21,187,94,76.48,8.91,61.83,91.12,0.001,0.0257,NOMINAL,-17.52
21,188,93,77.91,8.86,63.33,92.49,0.001,0.0245,NOMINAL,-15.09
21,189,92,76.15,8.78,61.72,90.59,0.001,0.0257,NOMINAL,-15.85
21,190,91,74.68,8.42,60.84,88.53,0.001,0.0259,NOMINAL,-16.32
21,191,90,73.92,8.24,60.36,87.48,0.001,0.026,NOMINAL,-16.08
21,192,89,76.51,8.24,62.95,90.07,0.001,0.0238,NOMINAL,-12.49
21,193,88,72.76,8.78,58.32,87.19,0.001,0.0302,NOMINAL,-15.24
21,194,87,67.42,8.3,53.77,81.07,0.001,0.0494,NOMINAL,-19.58
21,195,86,67.67,8.34,53.96,81.39,0.001,0.0491,NOMINAL,-18.33
21,196,85,71.6,8.87,57.0,86.19,0.001,0.0339,NOMINAL,-13.4
21,197,84,67.47,8.35,53.74,81.2,0.001,0.0496,NOMINAL,-16.53
21,198,83,69.71,8.87,55.12,84.31,0.001,0.0439,NOMINAL,-13.29
21,199,82,67.66,8.34,53.95,81.37,0.001,0.0491,NOMINAL,-14.34
21,200,81,73.27,8.87,58.68,87.87,0.001,0.0299,NOMINAL,-7.73
21,201,80,68.35,8.34,54.64,82.06,0.001,0.045,NOMINAL,-11.65
21,202,79,68.2,8.35,54.47,81.93,0.001,0.046,NOMINAL,-10.8
21,203,78,68.2,8.34,54.49,81.91,0.001,0.0458,NOMINAL,-9.8
21,204,77,68.54,8.7,54.23,82.86,0.001,0.0489,NOMINAL,-8.46
21,205,76,68.75,8.96,54.01,83.48,0.001,0.0496,NOMINAL,-7.25
21,206,75,71.34,8.79,56.88,85.8,0.001,0.0341,NOMINAL,-3.66
21,207,74,69.56,8.34,55.85,83.27,0.001,0.0365,NOMINAL,-4.44
21,208,73,70.94,8.69,56.64,85.23,0.001,0.0345,NOMINAL,-2.06
21,209,72,68.2,8.43,54.33,82.07,0.001,0.0476,NOMINAL,-3.8
21,210,71,68.54,8.43,54.67,82.42,0.001,0.0452,NOMINAL,-2.46
21,211,70,69.18,8.34,55.46,82.89,0.001,0.0389,NOMINAL,-0.82
21,212,69,68.71,8.34,55.0,82.42,0.001,0.0425,NOMINAL,-0.29
21,213,68,68.71,8.34,55.0,82.42,0.001,0.0425,NOMINAL,0.71
21,214,67,67.89,8.34,54.18,81.6,0.001,0.0482,NOMINAL,0.89
21,215,66,67.25,8.34,53.54,80.96,0.001,0.0504,NOMINAL,1.25
21,216,65,65.17,6.21,54.95,75.38,0.001,0.0338,NOMINAL,0.17
21,217,64,64.11,6.23,53.86,74.37,0.001,0.0413,NOMINAL,0.11
21,218,63,63.4,6.54,52.64,74.16,0.001,0.052,NOMINAL,0.4
21,219,62,58.46,6.82,47.24,69.67,0.001,0.1251,NOMINAL,-3.54
21,220,61,56.95,6.63,46.05,67.85,0.001,0.1625,NOMINAL,-4.05
21,221,60,56.34,6.6,45.49,67.19,0.001,0.1832,NOMINAL,-3.66
21,222,59,55.3,6.6,44.45,66.15,0.001,0.2342,NOMINAL,-3.7
21,223,58,54.8,6.29,44.45,65.15,0.001,0.25,NOMINAL,-3.2
21,224,57,55.03,6.06,45.06,65.0,0.001,0.2225,NOMINAL,-1.97
21,225,56,55.3,6.55,44.53,66.07,0.001,0.2309,NOMINAL,-0.7
21,226,55,53.09,6.06,43.12,63.06,0.001,0.351,NOMINAL,-1.91
21,227,54,52.04,6.55,41.27,62.81,0.001,0.4289,NOMINAL,-1.96
21,228,53,52.04,6.06,42.07,62.01,0.001,0.4203,NOMINAL,-0.96
21,229,52,50.84,6.06,40.87,60.81,0.001,0.5086,MONITOR,-1.16
21,230,51,51.23,6.06,41.26,61.2,0.001,0.469,NOMINAL,0.23
21,231,50,51.23,6.02,41.34,61.13,0.001,0.4683,NOMINAL,1.23
21,232,49,51.59,5.96,41.79,61.38,0.001,0.4475,NOMINAL,2.59
21,233,48,50.65,5.53,41.56,59.74,0.001,0.5191,MONITOR,2.65
21,234,47,48.0,5.19,39.45,56.54,0.001,0.7105,MONITOR,1.0
21,235,46,47.31,4.96,39.15,55.47,0.001,0.7526,WARNING,1.31
21,236,45,48.0,5.06,39.68,56.31,0.001,0.7115,MONITOR,3.0
21,237,44,47.15,4.97,38.97,55.33,0.001,0.7609,WARNING,3.15
21,238,43,47.35,4.97,39.17,55.53,0.001,0.7501,WARNING,4.35
21,239,42,46.48,4.99,38.26,54.69,0.001,0.7942,WARNING,4.48
21,240,41,41.39,5.22,32.81,49.97,0.0019,0.9391,WARNING,0.39
21,241,40,41.29,5.21,32.72,49.85,0.002,0.9403,WARNING,1.29
21,242,39,37.47,5.44,28.53,46.42,0.0238,0.971,WARNING,-1.53
21,243,38,36.68,5.41,27.77,45.58,0.0253,0.9769,WARNING,-1.32
21,244,37,36.13,5.46,27.14,45.11,0.0258,0.9795,WARNING,-0.87
21,245,36,34.55,5.45,25.58,43.51,0.0287,0.9869,WARNING,-1.45
21,246,35,34.18,5.27,25.51,42.86,0.0278,0.99,WARNING,-0.82
21,247,34,33.17,5.29,24.47,41.86,0.0326,0.9924,WARNING,-0.83
21,248,33,31.76,5.57,22.59,40.92,0.0492,0.9932,WARNING,-1.24
21,249,32,31.24,5.68,21.89,40.59,0.0558,0.9936,WARNING,-0.76
21,250,31,28.52,3.95,22.02,35.01,0.0476,0.9998,WARNING,-2.48
21,251,30,26.62,4.02,20.01,33.23,0.0824,0.9998,WARNING,-3.38
21,252,29,23.4,4.1,16.65,30.14,0.2226,0.9998,WARNING,-5.6
21,253,28,22.28,4.12,15.51,29.06,0.3346,0.9998,WARNING,-5.72
21,254,27,22.56,4.12,15.79,29.34,0.3092,0.9998,WARNING,-4.44
21,255,26,20.98,4.16,14.14,27.82,0.4594,0.9998,WARNING,-5.02
21,256,25,20.25,4.04,13.61,26.89,0.5485,0.9998,WARNING,-4.75
21,257,24,21.16,4.17,14.3,28.02,0.444,0.9998,WARNING,-2.84
21,258,23,19.99,4.04,13.35,26.63,0.577,0.9998,WARNING,-3.01
21,259,22,19.78,4.05,13.12,26.45,0.5996,0.9998,WARNING,-2.22
21,260,21,18.39,4.15,11.57,25.21,0.7106,0.9998,WARNING,-2.61
21,261,20,17.35,4.24,10.38,24.32,0.773,0.9998,WARNING,-2.65
21,262,19,16.32,4.33,9.19,23.44,0.8288,0.9998,WARNING,-2.68
21,263,18,16.32,4.33,9.19,23.44,0.8288,0.9998,WARNING,-1.68
22,52,125,123.61,2.77,119.06,128.17,0.001,0.001,NOMINAL,-1.39
22,53,125,123.61,2.77,119.06,128.17,0.001,0.001,NOMINAL,-1.39
22,54,125,124.07,2.77,119.52,128.62,0.001,0.001,NOMINAL,-0.93
22,55,125,124.07,2.81,119.45,128.69,0.001,0.001,NOMINAL,-0.93
22,56,125,124.07,2.77,119.52,128.62,0.001,0.001,NOMINAL,-0.93
22,57,125,124.07,2.77,119.52,128.62,0.001,0.001,NOMINAL,-0.93
22,58,125,124.07,2.77,119.52,128.62,0.001,0.001,NOMINAL,-0.93
22,59,125,124.07,2.77,119.52,128.62,0.001,0.001,NOMINAL,-0.93
22,60,125,124.07,2.77,119.52,128.62,0.001,0.001,NOMINAL,-0.93
22,61,125,124.07,2.77,119.52,128.62,0.001,0.001,NOMINAL,-0.93
22,62,125,124.07,2.77,119.52,128.62,0.001,0.001,NOMINAL,-0.93
22,63,125,124.07,2.77,119.52,128.62,0.001,0.001,NOMINAL,-0.93
22,64,125,124.07,2.77,119.52,128.62,0.001,0.001,NOMINAL,-0.93
22,65,125,123.97,3.0,119.04,128.91,0.001,0.001,NOMINAL,-1.03
22,66,125,124.07,4.06,117.39,130.76,0.001,0.001,NOMINAL,-0.93
22,67,125,123.97,5.68,114.64,133.31,0.001,0.001,NOMINAL,-1.03
22,68,125,124.07,2.77,119.52,128.62,0.001,0.001,NOMINAL,-0.93
22,69,125,124.07,2.77,119.52,128.62,0.001,0.001,NOMINAL,-0.93
22,70,125,124.07,2.77,119.52,128.62,0.001,0.001,NOMINAL,-0.93
22,71,125,124.07,2.77,119.52,128.62,0.001,0.001,NOMINAL,-0.93
22,72,125,124.07,2.77,119.52,128.62,0.001,0.001,NOMINAL,-0.93
22,73,125,124.07,2.77,119.52,128.62,0.001,0.001,NOMINAL,-0.93
22,74,125,124.07,2.77,119.52,128.62,0.001,0.001,NOMINAL,-0.93
22,75,125,124.07,2.77,119.52,128.62,0.001,0.001,NOMINAL,-0.93
22,76,125,124.07,2.77,119.52,128.62,0.001,0.001,NOMINAL,-0.93
22,77,125,123.97,4.0,117.39,130.56,0.001,0.001,NOMINAL,-1.03
22,78,125,124.07,4.0,117.49,130.66,0.001,0.001,NOMINAL,-0.93
22,79,125,124.07,5.68,114.74,133.41,0.001,0.001,NOMINAL,-0.93
22,80,125,124.07,2.77,119.52,128.62,0.001,0.001,NOMINAL,-0.93
22,81,125,124.07,2.77,119.52,128.62,0.001,0.001,NOMINAL,-0.93
22,82,125,124.07,2.77,119.52,128.62,0.001,0.001,NOMINAL,-0.93
22,83,125,124.07,4.0,117.49,130.66,0.001,0.001,NOMINAL,-0.93
22,84,125,123.97,3.0,119.04,128.91,0.001,0.001,NOMINAL,-1.03
22,85,125,124.07,4.0,117.49,130.66,0.001,0.001,NOMINAL,-0.93
22,86,125,123.97,6.15,113.85,134.09,0.001,0.001,NOMINAL,-1.03
22,87,125,123.97,6.25,113.7,134.25,0.001,0.001,NOMINAL,-1.03
22,88,125,123.78,6.15,113.66,133.9,0.001,0.001,NOMINAL,-1.22
22,89,125,123.97,6.25,113.7,134.25,0.001,0.001,NOMINAL,-1.03
22,90,125,123.78,6.45,113.16,134.4,0.001,0.001,NOMINAL,-1.22
22,91,125,123.97,6.25,113.7,134.25,0.001,0.001,NOMINAL,-1.03
22,92,125,123.97,6.25,113.7,134.25,0.001,0.001,NOMINAL,-1.03
22,93,125,123.78,6.25,113.51,134.06,0.001,0.001,NOMINAL,-1.22
22,94,125,123.97,6.99,112.47,135.48,0.001,0.001,NOMINAL,-1.03
22,95,125,123.78,6.25,113.51,134.06,0.001,0.001,NOMINAL,-1.22
22,96,125,123.07,7.37,110.95,135.2,0.001,0.001,NOMINAL,-1.93
22,97,125,123.53,7.22,111.65,135.41,0.001,0.001,NOMINAL,-1.47
22,98,125,123.97,6.25,113.7,134.25,0.001,0.001,NOMINAL,-1.03
22,99,125,123.22,7.37,111.1,135.35,0.001,0.001,NOMINAL,-1.78
22,100,125,122.47,7.37,110.35,134.6,0.001,0.001,NOMINAL,-2.53
22,101,125,123.07,7.37,110.95,135.2,0.001,0.001,NOMINAL,-1.93
22,102,125,123.97,6.32,113.58,134.37,0.001,0.001,NOMINAL,-1.03
22,103,125,120.31,8.19,106.84,133.79,0.001,0.001,NOMINAL,-4.69
22,104,125,123.13,7.39,110.97,135.29,0.001,0.001,NOMINAL,-1.87
22,105,125,119.49,9.4,104.02,134.95,0.001,0.001,NOMINAL,-5.51
22,106,125,120.9,8.17,107.46,134.34,0.001,0.001,NOMINAL,-4.1
22,107,125,120.9,8.17,107.46,134.34,0.001,0.001,NOMINAL,-4.1
22,108,125,121.11,7.4,108.94,133.29,0.001,0.001,NOMINAL,-3.89
22,109,125,122.63,7.39,110.47,134.79,0.001,0.001,NOMINAL,-2.37
22,110,125,123.38,7.37,111.25,135.5,0.001,0.001,NOMINAL,-1.62
22,111,125,121.35,8.17,107.9,134.79,0.001,0.001,NOMINAL,-3.65
22,112,125,122.34,8.2,108.85,135.82,0.001,0.001,NOMINAL,-2.66
22,113,125,118.56,9.42,103.06,134.06,0.001,0.001,NOMINAL,-6.44
22,114,124,123.33,7.39,111.17,135.49,0.001,0.001,NOMINAL,-0.67
22,115,123,116.41,10.37,99.36,133.46,0.001,0.001,NOMINAL,-6.59
22,116,122,111.4,11.1,93.14,129.67,0.001,0.001,NOMINAL,-10.6
22,117,121,113.15,11.1,94.88,131.41,0.001,0.001,NOMINAL,-7.85
22,118,120,116.83,10.37,99.78,133.88,0.001,0.001,NOMINAL,-3.17
22,119,119,119.49,9.4,104.02,134.95,0.001,0.001,NOMINAL,0.49
23,52,125,124.07,2.77,119.52,128.62,0.001,0.001,NOMINAL,-0.93
23,53,125,124.07,2.77,119.52,128.62,0.001,0.001,NOMINAL,-0.93
23,54,125,124.07,2.77,119.52,128.62,0.001,0.001,NOMINAL,-0.93
23,55,125,124.07,2.77,119.52,128.62,0.001,0.001,NOMINAL,-0.93
23,56,125,124.07,2.77,119.52,128.62,0.001,0.001,NOMINAL,-0.93
23,57,125,124.07,2.77,119.52,128.62,0.001,0.001,NOMINAL,-0.93
23,58,125,124.07,2.77,119.52,128.62,0.001,0.001,NOMINAL,-0.93
23,59,125,124.07,2.77,119.52,128.62,0.001,0.001,NOMINAL,-0.93
23,60,125,124.07,2.77,119.52,128.62,0.001,0.001,NOMINAL,-0.93
23,61,125,124.07,2.77,119.52,128.62,0.001,0.001,NOMINAL,-0.93
23,62,125,124.07,2.77,119.52,128.62,0.001,0.001,NOMINAL,-0.93
23,63,125,124.07,2.81,119.45,128.69,0.001,0.001,NOMINAL,-0.93
23,64,125,124.07,2.77,119.52,128.62,0.001,0.001,NOMINAL,-0.93
23,65,125,124.07,2.77,119.52,128.62,0.001,0.001,NOMINAL,-0.93
23,66,125,124.07,2.77,119.52,128.62,0.001,0.001,NOMINAL,-0.93
23,67,125,123.97,2.77,119.42,128.53,0.001,0.001,NOMINAL,-1.03
23,68,125,124.07,2.77,119.52,128.62,0.001,0.001,NOMINAL,-0.93
23,69,125,124.07,4.0,117.49,130.66,0.001,0.001,NOMINAL,-0.93
23,70,125,124.07,2.77,119.52,128.62,0.001,0.001,NOMINAL,-0.93
23,71,125,124.07,2.77,119.52,128.62,0.001,0.001,NOMINAL,-0.93
23,72,125,124.07,2.77,119.52,128.62,0.001,0.001,NOMINAL,-0.93
23,73,125,124.05,4.06,117.36,130.73,0.001,0.001,NOMINAL,-0.95
23,74,125,124.05,6.15,113.93,134.17,0.001,0.001,NOMINAL,-0.95
23,75,125,124.07,5.76,114.59,133.55,0.001,0.001,NOMINAL,-0.93
23,76,125,124.07,5.68,114.74,133.41,0.001,0.001,NOMINAL,-0.93
23,77,125,124.07,2.77,119.52,128.62,0.001,0.001,NOMINAL,-0.93
23,78,125,124.07,2.77,119.52,128.62,0.001,0.001,NOMINAL,-0.93
23,79,125,124.07,2.77,119.52,128.62,0.001,0.001,NOMINAL,-0.93
23,80,125,124.07,2.77,119.52,128.62,0.001,0.001,NOMINAL,-0.93
23,81,125,124.07,2.77,119.52,128.62,0.001,0.001,NOMINAL,-0.93
23,82,125,124.07,2.77,119.52,128.62,0.001,0.001,NOMINAL,-0.93
23,83,125,124.07,2.77,119.52,128.62,0.001,0.001,NOMINAL,-0.93
23,84,125,124.07,2.77,119.52,128.62,0.001,0.001,NOMINAL,-0.93
23,85,125,124.07,2.77,119.52,128.62,0.001,0.001,NOMINAL,-0.93
23,86,125,124.07,2.77,119.52,128.62,0.001,0.001,NOMINAL,-0.93
23,87,125,124.07,2.77,119.52,128.62,0.001,0.001,NOMINAL,-0.93
23,88,125,124.07,2.77,119.52,128.62,0.001,0.001,NOMINAL,-0.93
23,89,125,124.07,2.77,119.52,128.62,0.001,0.001,NOMINAL,-0.93
23,90,125,124.07,2.77,119.52,128.62,0.001,0.001,NOMINAL,-0.93
23,91,125,124.07,2.77,119.52,128.62,0.001,0.001,NOMINAL,-0.93
23,92,125,124.07,2.77,119.52,128.62,0.001,0.001,NOMINAL,-0.93
23,93,125,124.07,2.77,119.52,128.62,0.001,0.001,NOMINAL,-0.93
23,94,125,124.07,2.77,119.52,128.62,0.001,0.001,NOMINAL,-0.93
23,95,125,124.07,2.77,119.52,128.62,0.001,0.001,NOMINAL,-0.93
23,96,125,124.07,2.77,119.52,128.62,0.001,0.001,NOMINAL,-0.93
23,97,125,124.07,2.77,119.52,128.62,0.001,0.001,NOMINAL,-0.93
23,98,125,124.07,2.77,119.52,128.62,0.001,0.001,NOMINAL,-0.93
23,99,125,124.07,2.77,119.52,128.62,0.001,0.001,NOMINAL,-0.93
23,100,125,124.07,2.77,119.52,128.62,0.001,0.001,NOMINAL,-0.93
23,101,125,124.07,2.77,119.52,128.62,0.001,0.001,NOMINAL,-0.93
23,102,125,124.07,2.77,119.52,128.62,0.001,0.001,NOMINAL,-0.93
23,103,125,124.07,2.77,119.52,128.62,0.001,0.001,NOMINAL,-0.93
23,104,125,124.07,2.77,119.52,128.62,0.001,0.001,NOMINAL,-0.93
23,105,125,124.07,2.77,119.52,128.62,0.001,0.001,NOMINAL,-0.93
23,106,125,124.07,2.77,119.52,128.62,0.001,0.001,NOMINAL,-0.93
23,107,125,124.07,2.77,119.52,128.62,0.001,0.001,NOMINAL,-0.93
23,108,125,124.07,2.77,119.52,128.62,0.001,0.001,NOMINAL,-0.93
23,109,125,124.07,2.77,119.52,128.62,0.001,0.001,NOMINAL,-0.93
23,110,125,124.07,2.77,119.52,128.62,0.001,0.001,NOMINAL,-0.93
23,111,125,124.07,2.77,119.52,128.62,0.001,0.001,NOMINAL,-0.93
23,112,125,124.07,2.77,119.52,128.62,0.001,0.001,NOMINAL,-0.93
23,113,125,124.07,2.77,119.52,128.62,0.001,0.001,NOMINAL,-0.93
23,114,125,124.07,2.77,119.52,128.62,0.001,0.001,NOMINAL,-0.93
23,115,125,124.07,2.77,119.52,128.62,0.001,0.001,NOMINAL,-0.93
23,116,125,124.07,2.77,119.52,128.62,0.001,0.001,NOMINAL,-0.93
23,117,125,124.07,2.77,119.52,128.62,0.001,0.001,NOMINAL,-0.93
23,118,125,124.07,2.77,119.52,128.62,0.001,0.001,NOMINAL,-0.93
23,119,125,124.07,2.77,119.52,128.62,0.001,0.001,NOMINAL,-0.93
23,120,125,124.07,2.77,119.52,128.62,0.001,0.001,NOMINAL,-0.93
23,121,125,124.07,2.77,119.52,128.62,0.001,0.001,NOMINAL,-0.93
23,122,125,124.07,2.77,119.52,128.62,0.001,0.001,NOMINAL,-0.93
23,123,125,124.07,2.77,119.52,128.62,0.001,0.001,NOMINAL,-0.93
23,124,125,124.07,2.77,119.52,128.62,0.001,0.001,NOMINAL,-0.93
23,125,125,124.07,2.77,119.52,128.62,0.001,0.001,NOMINAL,-0.93
23,126,125,124.07,2.77,119.52,128.62,0.001,0.001,NOMINAL,-0.93
23,127,125,124.07,2.77,119.52,128.62,0.001,0.001,NOMINAL,-0.93
23,128,125,124.07,2.77,119.52,128.62,0.001,0.001,NOMINAL,-0.93
23,129,125,124.07,2.77,119.52,128.62,0.001,0.001,NOMINAL,-0.93
23,130,125,124.07,2.77,119.52,128.62,0.001,0.001,NOMINAL,-0.93
23,131,125,124.07,2.77,119.52,128.62,0.001,0.001,NOMINAL,-0.93
23,132,125,124.07,2.77,119.52,128.62,0.001,0.001,NOMINAL,-0.93
23,133,125,124.07,2.77,119.52,128.62,0.001,0.001,NOMINAL,-0.93
23,134,125,124.07,2.77,119.52,128.62,0.001,0.001,NOMINAL,-0.93
23,135,125,124.07,2.77,119.52,128.62,0.001,0.001,NOMINAL,-0.93
23,136,125,124.07,2.77,119.52,128.62,0.001,0.001,NOMINAL,-0.93
23,137,125,124.07,2.77,119.52,128.62,0.001,0.001,NOMINAL,-0.93
23,138,125,124.07,2.77,119.52,128.62,0.001,0.001,NOMINAL,-0.93
23,139,125,124.07,2.77,119.52,128.62,0.001,0.001,NOMINAL,-0.93
23,140,125,124.07,2.77,119.52,128.62,0.001,0.001,NOMINAL,-0.93
23,141,125,124.07,2.77,119.52,128.62,0.001,0.001,NOMINAL,-0.93
23,142,125,124.07,2.77,119.52,128.62,0.001,0.001,NOMINAL,-0.93
23,143,125,124.07,2.77,119.52,128.62,0.001,0.001,NOMINAL,-0.93
23,144,125,124.21,2.77,119.66,128.77,0.001,0.001,NOMINAL,-0.79
23,145,125,124.21,2.77,119.66,128.77,0.001,0.001,NOMINAL,-0.79
23,146,125,124.21,2.77,119.66,128.77,0.001,0.001,NOMINAL,-0.79
23,147,125,124.47,2.77,119.92,129.02,0.001,0.001,NOMINAL,-0.53
23,148,125,124.21,2.77,119.66,128.77,0.001,0.001,NOMINAL,-0.79
23,149,125,124.21,2.77,119.66,128.77,0.001,0.001,NOMINAL,-0.79
23,150,125,124.47,2.77,119.92,129.02,0.001,0.001,NOMINAL,-0.53
23,151,125,124.21,2.77,119.66,128.77,0.001,0.001,NOMINAL,-0.79
23,152,125,124.21,2.77,119.66,128.77,0.001,0.001,NOMINAL,-0.79
23,153,125,124.21,2.77,119.66,128.77,0.001,0.001,NOMINAL,-0.79
23,154,125,124.47,2.77,119.92,129.02,0.001,0.001,NOMINAL,-0.53
23,155,125,124.47,2.77,119.92,129.02,0.001,0.001,NOMINAL,-0.53
23,156,125,124.47,2.77,119.92,129.02,0.001,0.001,NOMINAL,-0.53
23,157,125,124.47,2.77,119.92,129.02,0.001,0.001,NOMINAL,-0.53
23,158,125,124.47,2.77,119.92,129.02,0.001,0.001,NOMINAL,-0.53
23,159,125,124.47,2.77,119.92,129.02,0.001,0.001,NOMINAL,-0.53
23,160,125,124.47,2.77,119.92,129.02,0.001,0.001,NOMINAL,-0.53
23,161,125,124.47,2.77,119.92,129.02,0.001,0.001,NOMINAL,-0.53
23,162,125,124.47,2.77,119.92,129.02,0.001,0.001,NOMINAL,-0.53
23,163,125,124.47,2.77,119.92,129.02,0.001,0.001,NOMINAL,-0.53
23,164,125,124.47,2.77,119.92,129.02,0.001,0.001,NOMINAL,-0.53
23,165,125,124.47,2.77,119.92,129.02,0.001,0.001,NOMINAL,-0.53
23,166,125,124.47,2.77,119.92,129.02,0.001,0.001,NOMINAL,-0.53
23,167,125,124.47,2.77,119.92,129.02,0.001,0.001,NOMINAL,-0.53
23,168,125,124.47,2.77,119.92,129.02,0.001,0.001,NOMINAL,-0.53
23,169,125,124.47,2.77,119.92,129.02,0.001,0.001,NOMINAL,-0.53
23,170,125,124.47,2.77,119.92,129.02,0.001,0.001,NOMINAL,-0.53
23,171,125,124.47,2.77,119.92,129.02,0.001,0.001,NOMINAL,-0.53
23,172,125,124.47,2.77,119.92,129.02,0.001,0.001,NOMINAL,-0.53
23,173,125,124.47,2.77,119.92,129.02,0.001,0.001,NOMINAL,-0.53
23,174,125,124.47,2.77,119.92,129.02,0.001,0.001,NOMINAL,-0.53
23,175,125,124.47,2.77,119.92,129.02,0.001,0.001,NOMINAL,-0.53
23,176,125,124.47,2.77,119.92,129.02,0.001,0.001,NOMINAL,-0.53
23,177,125,124.47,2.77,119.92,129.02,0.001,0.001,NOMINAL,-0.53
23,178,125,124.47,2.77,119.92,129.02,0.001,0.001,NOMINAL,-0.53
23,179,125,124.47,2.77,119.92,129.02,0.001,0.001,NOMINAL,-0.53
23,180,125,124.47,2.77,119.92,129.02,0.001,0.001,NOMINAL,-0.53
23,181,125,124.47,2.77,119.92,129.02,0.001,0.001,NOMINAL,-0.53
23,182,125,124.47,2.77,119.92,129.02,0.001,0.001,NOMINAL,-0.53
23,183,125,124.47,2.77,119.92,129.02,0.001,0.001,NOMINAL,-0.53
23,184,125,124.47,2.77,119.92,129.02,0.001,0.001,NOMINAL,-0.53
23,185,125,124.47,2.76,119.93,129.01,0.001,0.001,NOMINAL,-0.53
23,186,125,124.47,2.77,119.92,129.02,0.001,0.001,NOMINAL,-0.53
23,187,125,124.47,2.77,119.92,129.02,0.001,0.001,NOMINAL,-0.53
23,188,125,124.47,2.77,119.92,129.02,0.001,0.001,NOMINAL,-0.53
23,189,125,124.47,2.77,119.92,129.02,0.001,0.001,NOMINAL,-0.53
23,190,125,124.47,2.77,119.92,129.02,0.001,0.001,NOMINAL,-0.53
23,191,125,124.47,2.77,119.92,129.02,0.001,0.001,NOMINAL,-0.53
23,192,125,124.47,2.77,119.92,129.02,0.001,0.001,NOMINAL,-0.53
23,193,125,124.47,2.77,119.92,129.02,0.001,0.001,NOMINAL,-0.53
23,194,125,124.47,2.77,119.92,129.02,0.001,0.001,NOMINAL,-0.53
23,195,125,124.47,2.77,119.92,129.02,0.001,0.001,NOMINAL,-0.53
23,196,125,124.47,2.77,119.92,129.02,0.001,0.001,NOMINAL,-0.53
23,197,125,124.47,2.77,119.92,129.02,0.001,0.001,NOMINAL,-0.53
23,198,125,124.47,2.77,119.92,129.02,0.001,0.001,NOMINAL,-0.53
23,199,125,124.47,2.77,119.92,129.02,0.001,0.001,NOMINAL,-0.53
23,200,125,124.47,2.76,119.93,129.01,0.001,0.001,NOMINAL,-0.53
23,201,125,124.47,2.77,119.92,129.02,0.001,0.001,NOMINAL,-0.53
23,202,125,124.47,2.77,119.92,129.02,0.001,0.001,NOMINAL,-0.53
23,203,125,124.47,2.77,119.92,129.02,0.001,0.001,NOMINAL,-0.53
23,204,125,124.47,2.77,119.92,129.02,0.001,0.001,NOMINAL,-0.53
23,205,125,124.47,2.77,119.92,129.02,0.001,0.001,NOMINAL,-0.53
23,206,125,124.47,2.77,119.92,129.02,0.001,0.001,NOMINAL,-0.53
23,207,125,124.47,2.77,119.92,129.02,0.001,0.001,NOMINAL,-0.53
23,208,125,124.47,2.77,119.92,129.02,0.001,0.001,NOMINAL,-0.53
23,209,125,124.47,2.77,119.92,129.02,0.001,0.001,NOMINAL,-0.53
23,210,125,124.47,2.77,119.92,129.02,0.001,0.001,NOMINAL,-0.53
23,211,125,124.47,2.77,119.92,129.02,0.001,0.001,NOMINAL,-0.53
23,212,125,124.47,2.77,119.92,129.02,0.001,0.001,NOMINAL,-0.53
23,213,125,124.47,2.77,119.92,129.02,0.001,0.001,NOMINAL,-0.53
23,214,125,124.47,2.77,119.92,129.02,0.001,0.001,NOMINAL,-0.53
23,215,125,124.47,2.77,119.92,129.02,0.001,0.001,NOMINAL,-0.53
23,216,125,124.47,2.77,119.92,129.02,0.001,0.001,NOMINAL,-0.53
23,217,125,124.47,2.77,119.92,129.02,0.001,0.001,NOMINAL,-0.53
23,218,125,124.47,2.77,119.92,129.02,0.001,0.001,NOMINAL,-0.53
23,219,125,124.47,2.77,119.92,129.02,0.001,0.001,NOMINAL,-0.53
23,220,125,124.47,2.77,119.92,129.02,0.001,0.001,NOMINAL,-0.53
23,221,125,124.47,2.77,119.92,129.02,0.001,0.001,NOMINAL,-0.53
23,222,125,124.47,2.77,119.92,129.02,0.001,0.001,NOMINAL,-0.53
23,223,125,124.47,2.77,119.92,129.02,0.001,0.001,NOMINAL,-0.53
23,224,125,124.47,2.77,119.92,129.02,0.001,0.001,NOMINAL,-0.53
23,225,125,124.47,2.77,119.92,129.02,0.001,0.001,NOMINAL,-0.53
23,226,125,124.47,2.77,119.92,129.02,0.001,0.001,NOMINAL,-0.53
23,227,125,124.47,2.77,119.92,129.02,0.001,0.001,NOMINAL,-0.53
23,228,125,124.47,2.77,119.92,129.02,0.001,0.001,NOMINAL,-0.53
23,229,125,124.47,2.77,119.92,129.02,0.001,0.001,NOMINAL,-0.53
23,230,125,124.47,2.77,119.92,129.02,0.001,0.001,NOMINAL,-0.53
23,231,125,124.47,2.77,119.92,129.02,0.001,0.001,NOMINAL,-0.53
23,232,125,124.47,2.77,119.92,129.02,0.001,0.001,NOMINAL,-0.53
23,233,125,124.47,2.77,119.92,129.02,0.001,0.001,NOMINAL,-0.53
23,234,125,124.47,2.77,119.92,129.02,0.001,0.001,NOMINAL,-0.53
23,235,125,124.47,2.77,119.92,129.02,0.001,0.001,NOMINAL,-0.53
23,236,125,124.47,2.77,119.92,129.02,0.001,0.001,NOMINAL,-0.53
23,237,125,124.47,2.77,119.92,129.02,0.001,0.001,NOMINAL,-0.53
23,238,125,124.47,2.77,119.92,129.02,0.001,0.001,NOMINAL,-0.53
23,239,125,124.47,2.77,119.92,129.02,0.001,0.001,NOMINAL,-0.53
23,240,125,124.47,2.77,119.92,129.02,0.001,0.001,NOMINAL,-0.53
23,241,125,124.47,2.77,119.92,129.02,0.001,0.001,NOMINAL,-0.53
23,242,125,124.47,2.77,119.92,129.02,0.001,0.001,NOMINAL,-0.53
23,243,125,124.47,2.77,119.92,129.02,0.001,0.001,NOMINAL,-0.53
23,244,125,124.47,2.77,119.92,129.02,0.001,0.001,NOMINAL,-0.53
23,245,125,124.47,2.77,119.92,129.02,0.001,0.001,NOMINAL,-0.53
23,246,125,124.47,2.77,119.92,129.02,0.001,0.001,NOMINAL,-0.53
23,247,125,124.47,2.77,119.92,129.02,0.001,0.001,NOMINAL,-0.53
23,248,125,124.47,2.77,119.92,129.02,0.001,0.001,NOMINAL,-0.53
23,249,125,124.47,2.77,119.92,129.02,0.001,0.001,NOMINAL,-0.53
23,250,125,124.47,2.77,119.92,129.02,0.001,0.001,NOMINAL,-0.53
23,251,125,124.47,2.77,119.92,129.02,0.001,0.001,NOMINAL,-0.53
23,252,125,124.47,2.77,119.92,129.02,0.001,0.001,NOMINAL,-0.53
23,253,125,124.47,2.77,119.92,129.02,0.001,0.001,NOMINAL,-0.53
23,254,125,124.47,2.77,119.92,129.02,0.001,0.001,NOMINAL,-0.53
23,255,125,124.47,2.77,119.92,129.02,0.001,0.001,NOMINAL,-0.53
23,256,125,124.47,2.77,119.92,129.02,0.001,0.001,NOMINAL,-0.53
23,257,125,124.47,2.77,119.92,129.02,0.001,0.001,NOMINAL,-0.53
23,258,125,124.47,2.77,119.92,129.02,0.001,0.001,NOMINAL,-0.53
23,259,125,124.47,2.77,119.92,129.02,0.001,0.001,NOMINAL,-0.53
23,260,125,124.47,2.77,119.92,129.02,0.001,0.001,NOMINAL,-0.53
23,261,125,124.47,2.77,119.92,129.02,0.001,0.001,NOMINAL,-0.53
23,262,125,124.47,2.77,119.92,129.02,0.001,0.001,NOMINAL,-0.53
23,263,125,124.47,2.77,119.92,129.02,0.001,0.001,NOMINAL,-0.53
23,264,125,124.47,2.77,119.92,129.02,0.001,0.001,NOMINAL,-0.53
23,265,125,124.47,2.77,119.92,129.02,0.001,0.001,NOMINAL,-0.53
23,266,125,124.47,2.77,119.92,129.02,0.001,0.001,NOMINAL,-0.53
23,267,125,124.47,2.77,119.92,129.02,0.001,0.001,NOMINAL,-0.53
23,268,125,124.47,2.77,119.92,129.02,0.001,0.001,NOMINAL,-0.53
23,269,125,124.47,2.77,119.92,129.02,0.001,0.001,NOMINAL,-0.53
23,270,125,124.47,2.77,119.92,129.02,0.001,0.001,NOMINAL,-0.53
23,271,125,124.47,2.77,119.92,129.02,0.001,0.001,NOMINAL,-0.53
23,272,125,124.47,2.77,119.92,129.02,0.001,0.001,NOMINAL,-0.53
23,273,125,124.47,2.77,119.92,129.02,0.001,0.001,NOMINAL,-0.53
23,274,125,124.47,2.77,119.92,129.02,0.001,0.001,NOMINAL,-0.53
23,275,125,124.47,2.77,119.92,129.02,0.001,0.001,NOMINAL,-0.53
23,276,125,124.47,2.77,119.92,129.02,0.001,0.001,NOMINAL,-0.53
23,277,125,124.47,2.77,119.92,129.02,0.001,0.001,NOMINAL,-0.53
23,278,125,124.47,2.77,119.92,129.02,0.001,0.001,NOMINAL,-0.53
23,279,125,124.47,2.77,119.92,129.02,0.001,0.001,NOMINAL,-0.53
23,280,125,124.47,2.77,119.92,129.02,0.001,0.001,NOMINAL,-0.53
23,281,125,124.47,2.77,119.92,129.02,0.001,0.001,NOMINAL,-0.53
23,282,125,124.47,2.77,119.92,129.02,0.001,0.001,NOMINAL,-0.53
23,283,125,124.47,2.77,119.92,129.02,0.001,0.001,NOMINAL,-0.53
23,284,125,124.47,2.77,119.92,129.02,0.001,0.001,NOMINAL,-0.53
23,285,125,124.47,2.77,119.92,129.02,0.001,0.001,NOMINAL,-0.53
23,286,125,124.47,2.77,119.92,129.02,0.001,0.001,NOMINAL,-0.53
23,287,125,124.47,2.77,119.92,129.02,0.001,0.001,NOMINAL,-0.53
23,288,125,124.47,2.77,119.92,129.02,0.001,0.001,NOMINAL,-0.53
23,289,125,124.47,3.12,119.34,129.6,0.001,0.001,NOMINAL,-0.53
23,290,125,124.47,2.77,119.92,129.02,0.001,0.001,NOMINAL,-0.53
23,291,125,124.47,2.77,119.92,129.02,0.001,0.001,NOMINAL,-0.53
23,292,125,124.47,2.77,119.92,129.02,0.001,0.001,NOMINAL,-0.53
23,293,125,124.47,2.77,119.92,129.02,0.001,0.001,NOMINAL,-0.53
23,294,125,124.47,2.77,119.92,129.02,0.001,0.001,NOMINAL,-0.53
23,295,125,124.47,2.77,119.92,129.02,0.001,0.001,NOMINAL,-0.53
23,296,125,124.47,2.77,119.92,129.02,0.001,0.001,NOMINAL,-0.53
23,297,125,124.47,2.77,119.92,129.02,0.001,0.001,NOMINAL,-0.53
23,298,125,124.47,2.77,119.92,129.02,0.001,0.001,NOMINAL,-0.53
23,299,125,124.47,2.77,119.92,129.02,0.001,0.001,NOMINAL,-0.53
23,300,125,124.47,2.77,119.92,129.02,0.001,0.001,NOMINAL,-0.53
23,301,125,124.37,2.77,119.82,128.93,0.001,0.001,NOMINAL,-0.63
23,302,125,124.37,3.0,119.44,129.31,0.001,0.001,NOMINAL,-0.63
23,303,125,124.37,3.0,119.44,129.31,0.001,0.001,NOMINAL,-0.63
23,304,125,124.37,3.0,119.44,129.31,0.001,0.001,NOMINAL,-0.63
23,305,125,124.37,3.0,119.44,129.31,0.001,0.001,NOMINAL,-0.63
23,306,125,124.37,2.77,119.82,128.93,0.001,0.001,NOMINAL,-0.63
23,307,125,124.37,2.77,119.82,128.93,0.001,0.001,NOMINAL,-0.63
23,308,125,124.37,2.77,119.82,128.93,0.001,0.001,NOMINAL,-0.63
23,309,125,124.47,2.77,119.92,129.02,0.001,0.001,NOMINAL,-0.53
23,310,125,124.47,2.77,119.92,129.02,0.001,0.001,NOMINAL,-0.53
23,311,125,124.47,2.77,119.92,129.02,0.001,0.001,NOMINAL,-0.53
23,312,125,124.47,2.77,119.92,129.02,0.001,0.001,NOMINAL,-0.53
23,313,125,124.47,2.77,119.92,129.02,0.001,0.001,NOMINAL,-0.53
23,314,125,124.47,2.77,119.92,129.02,0.001,0.001,NOMINAL,-0.53
23,315,125,124.47,2.77,119.92,129.02,0.001,0.001,NOMINAL,-0.53
23,316,125,124.47,2.77,119.92,129.02,0.001,0.001,NOMINAL,-0.53
23,317,125,124.47,2.77,119.92,129.02,0.001,0.001,NOMINAL,-0.53
23,318,125,124.47,2.77,119.92,129.02,0.001,0.001,NOMINAL,-0.53
23,319,125,124.47,2.77,119.92,129.02,0.001,0.001,NOMINAL,-0.53
23,320,125,124.47,2.77,119.92,129.02,0.001,0.001,NOMINAL,-0.53
23,321,125,124.47,2.77,119.92,129.02,0.001,0.001,NOMINAL,-0.53
23,322,125,124.47,2.77,119.92,129.02,0.001,0.001,NOMINAL,-0.53
23,323,125,124.47,2.77,119.92,129.02,0.001,0.001,NOMINAL,-0.53
23,324,125,124.47,2.77,119.92,129.02,0.001,0.001,NOMINAL,-0.53
23,325,125,124.47,2.77,119.92,129.02,0.001,0.001,NOMINAL,-0.53
23,326,125,124.37,3.12,119.24,129.51,0.001,0.001,NOMINAL,-0.63
23,327,125,124.37,2.77,119.82,128.93,0.001,0.001,NOMINAL,-0.63
23,328,125,123.78,3.49,118.03,129.53,0.001,0.001,NOMINAL,-1.22
23,329,125,124.37,3.0,119.44,129.31,0.001,0.001,NOMINAL,-0.63
23,330,125,124.37,3.0,119.44,129.31,0.001,0.001,NOMINAL,-0.63
23,331,125,124.37,3.0,119.44,129.31,0.001,0.001,NOMINAL,-0.63
23,332,125,124.37,2.77,119.82,128.93,0.001,0.001,NOMINAL,-0.63
23,333,125,124.37,3.0,119.44,129.31,0.001,0.001,NOMINAL,-0.63
23,334,125,124.47,2.77,119.92,129.02,0.001,0.001,NOMINAL,-0.53
23,335,125,124.47,2.77,119.92,129.02,0.001,0.001,NOMINAL,-0.53
23,336,125,124.47,2.77,119.92,129.02,0.001,0.001,NOMINAL,-0.53
23,337,125,124.47,2.77,119.92,129.02,0.001,0.001,NOMINAL,-0.53
23,338,125,124.47,2.77,119.92,129.02,0.001,0.001,NOMINAL,-0.53
23,339,125,124.47,2.77,119.92,129.02,0.001,0.001,NOMINAL,-0.53
23,340,125,124.37,2.77,119.82,128.93,0.001,0.001,NOMINAL,-0.63
23,341,125,124.37,3.38,118.81,129.94,0.001,0.001,NOMINAL,-0.63
23,342,125,124.37,2.77,119.82,128.93,0.001,0.001,NOMINAL,-0.63
23,343,125,124.37,2.77,119.82,128.93,0.001,0.001,NOMINAL,-0.63
23,344,125,124.37,3.0,119.44,129.31,0.001,0.001,NOMINAL,-0.63
23,345,125,124.37,3.0,119.44,129.31,0.001,0.001,NOMINAL,-0.63
23,346,125,124.24,3.49,118.49,129.98,0.001,0.001,NOMINAL,-0.76
23,347,125,124.37,3.0,119.44,129.31,0.001,0.001,NOMINAL,-0.63
23,348,125,124.18,3.49,118.43,129.93,0.001,0.001,NOMINAL,-0.82
23,349,125,124.37,3.38,118.81,129.94,0.001,0.001,NOMINAL,-0.63
23,350,125,124.37,2.77,119.82,128.93,0.001,0.001,NOMINAL,-0.63
23,351,125,124.37,3.38,118.81,129.94,0.001,0.001,NOMINAL,-0.63
23,352,125,123.78,3.49,118.03,129.53,0.001,0.001,NOMINAL,-1.22
23,353,125,122.01,8.48,108.07,135.95,0.001,0.001,NOMINAL,-2.99
23,354,125,123.49,8.38,109.7,137.28,0.001,0.001,NOMINAL,-1.51
23,355,125,123.25,7.46,110.98,135.52,0.001,0.001,NOMINAL,-1.75
23,356,125,121.82,10.71,104.21,139.44,0.001,0.001,NOMINAL,-3.18
23,357,125,123.03,7.5,110.7,135.37,0.001,0.001,NOMINAL,-1.97
23,358,125,117.75,10.68,100.18,135.32,0.001,0.001,NOMINAL,-7.25
23,359,124,116.36,10.82,98.57,134.15,0.001,0.001,NOMINAL,-7.64
23,360,123,116.4,10.68,98.83,133.97,0.001,0.001,NOMINAL,-6.6
23,361,122,111.48,12.03,91.69,131.27,0.001,0.001,NOMINAL,-10.52
23,362,121,117.01,10.68,99.44,134.58,0.001,0.001,NOMINAL,-3.99
23,363,120,116.8,10.68,99.24,134.37,0.001,0.001,NOMINAL,-3.2
23,364,119,116.65,10.68,99.08,134.22,0.001,0.001,NOMINAL,-2.35
23,365,118,117.58,10.68,100.01,135.14,0.001,0.001,NOMINAL,-0.42
23,366,117,114.22,11.56,95.21,133.23,0.001,0.001,NOMINAL,-2.78
23,367,116,111.4,11.06,93.21,129.59,0.001,0.001,NOMINAL,-4.6
23,368,115,116.34,10.82,98.55,134.13,0.001,0.001,NOMINAL,1.34
23,369,114,116.75,10.68,99.18,134.32,0.001,0.001,NOMINAL,2.75
23,370,113,122.18,10.78,104.45,139.91,0.001,0.001,NOMINAL,9.18
23,371,112,122.29,9.72,106.31,138.28,0.001,0.001,NOMINAL,10.29
23,372,111,121.98,10.71,104.36,139.59,0.001,0.001,NOMINAL,10.98
23,373,110,122.42,9.72,106.44,138.41,0.001,0.001,NOMINAL,12.42
23,374,109,121.72,9.79,105.61,137.83,0.001,0.001,NOMINAL,12.72
23,375,108,122.66,8.46,108.75,136.57,0.001,0.001,NOMINAL,14.66
23,376,107,115.59,10.82,97.8,133.38,0.001,0.001,NOMINAL,8.59
23,377,106,115.3,10.82,97.51,133.09,0.001,0.001,NOMINAL,9.3
23,378,105,109.78,11.49,90.88,128.69,0.001,0.001,NOMINAL,4.78
23,379,104,99.84,11.4,81.09,118.59,0.001,0.0013,NOMINAL,-4.16
23,380,103,98.31,11.41,79.54,117.07,0.001,0.0015,NOMINAL,-4.69
23,381,102,99.56,11.4,80.81,118.31,0.001,0.0013,NOMINAL,-2.44
23,382,101,99.5,11.4,80.75,118.25,0.001,0.0013,NOMINAL,-1.5
23,383,100,101.22,11.32,82.61,119.83,0.001,0.0011,NOMINAL,1.22
23,384,99,100.63,11.32,82.02,119.25,0.001,0.0012,NOMINAL,1.63
23,385,98,102.89,11.32,84.28,121.51,0.001,0.0011,NOMINAL,4.89
23,386,97,103.79,11.32,85.18,122.4,0.001,0.0011,NOMINAL,6.79
23,387,96,99.13,11.36,80.45,117.81,0.001,0.0013,NOMINAL,3.13
23,388,95,100.66,11.36,81.98,119.34,0.001,0.0012,NOMINAL,5.66
23,389,94,100.25,11.4,81.5,119.0,0.001,0.0012,NOMINAL,6.25
23,390,93,94.92,11.4,76.17,113.67,0.001,0.0028,NOMINAL,1.92
23,391,92,94.01,11.05,75.84,112.18,0.001,0.0025,NOMINAL,2.01
23,392,91,89.93,10.66,72.4,107.46,0.001,0.005,NOMINAL,-1.07
23,393,90,95.21,11.28,76.65,113.77,0.001,0.0024,NOMINAL,5.21
23,394,89,93.34,11.28,74.78,111.9,0.001,0.0037,NOMINAL,4.34
23,395,88,93.28,11.37,74.58,111.98,0.001,0.0041,NOMINAL,5.28
23,396,87,90.99,11.37,72.29,109.68,0.001,0.0079,NOMINAL,3.99
23,397,86,92.88,11.37,74.19,111.58,0.001,0.0046,NOMINAL,6.88
23,398,85,96.12,11.37,77.42,114.81,0.001,0.0021,NOMINAL,11.12
23,399,84,90.44,10.84,72.61,108.27,0.001,0.0052,NOMINAL,6.44
23,400,83,89.53,10.74,71.87,107.19,0.001,0.0061,NOMINAL,6.53
23,401,82,88.41,10.67,70.87,105.95,0.001,0.008,NOMINAL,6.41
23,402,81,85.25,9.39,69.8,100.69,0.001,0.0049,NOMINAL,4.25
23,403,80,87.32,10.64,69.82,104.82,0.001,0.011,NOMINAL,7.32
23,404,79,87.72,10.57,70.33,105.11,0.001,0.009,NOMINAL,8.72
23,405,78,87.11,10.27,70.21,104.01,0.001,0.0077,NOMINAL,9.11
24,52,125,124.07,2.77,119.52,128.62,0.001,0.001,NOMINAL,-0.93
24,53,125,124.07,2.77,119.52,128.62,0.001,0.001,NOMINAL,-0.93
24,54,125,124.07,2.77,119.52,128.62,0.001,0.001,NOMINAL,-0.93
24,55,125,124.07,2.77,119.52,128.62,0.001,0.001,NOMINAL,-0.93
24,56,125,124.07,2.77,119.52,128.62,0.001,0.001,NOMINAL,-0.93
24,57,125,124.07,2.77,119.52,128.62,0.001,0.001,NOMINAL,-0.93
24,58,125,124.07,2.77,119.52,128.62,0.001,0.001,NOMINAL,-0.93
24,59,125,124.07,2.77,119.52,128.62,0.001,0.001,NOMINAL,-0.93
24,60,125,124.07,2.77,119.52,128.62,0.001,0.001,NOMINAL,-0.93
24,61,125,124.07,2.77,119.52,128.62,0.001,0.001,NOMINAL,-0.93
24,62,125,123.97,2.77,119.42,128.53,0.001,0.001,NOMINAL,-1.03
24,63,125,124.07,2.77,119.52,128.62,0.001,0.001,NOMINAL,-0.93
24,64,125,124.07,4.0,117.49,130.66,0.001,0.001,NOMINAL,-0.93
24,65,125,124.07,2.77,119.52,128.62,0.001,0.001,NOMINAL,-0.93
24,66,125,123.72,4.38,116.52,130.92,0.001,0.001,NOMINAL,-1.28
24,67,125,123.91,5.76,114.43,133.39,0.001,0.001,NOMINAL,-1.09
24,68,125,123.78,5.68,114.45,133.12,0.001,0.001,NOMINAL,-1.22
24,69,125,124.07,4.06,117.39,130.76,0.001,0.001,NOMINAL,-0.93
24,70,125,124.07,2.77,119.52,128.62,0.001,0.001,NOMINAL,-0.93
24,71,125,123.72,4.34,116.58,130.86,0.001,0.001,NOMINAL,-1.28
24,72,125,123.72,6.83,112.48,134.96,0.001,0.001,NOMINAL,-1.28
24,73,125,123.72,6.25,113.44,134.0,0.001,0.001,NOMINAL,-1.28
24,74,125,124.07,6.83,112.84,135.31,0.001,0.001,NOMINAL,-0.93
24,75,125,123.72,6.15,113.6,133.84,0.001,0.001,NOMINAL,-1.28
24,76,125,123.72,6.83,112.48,134.96,0.001,0.001,NOMINAL,-1.28
24,77,125,123.72,6.25,113.44,134.0,0.001,0.001,NOMINAL,-1.28
24,78,125,123.77,7.06,112.17,135.38,0.001,0.001,NOMINAL,-1.23
24,79,125,123.72,6.25,113.44,134.0,0.001,0.001,NOMINAL,-1.28
24,80,125,123.72,6.83,112.48,134.96,0.001,0.001,NOMINAL,-1.28
24,81,125,123.72,6.32,113.33,134.11,0.001,0.001,NOMINAL,-1.28
24,82,125,123.91,6.91,112.55,135.27,0.001,0.001,NOMINAL,-1.09
24,83,125,123.72,6.25,113.44,134.0,0.001,0.001,NOMINAL,-1.28
24,84,125,124.07,5.76,114.59,133.55,0.001,0.001,NOMINAL,-0.93
24,85,125,124.07,5.76,114.59,133.55,0.001,0.001,NOMINAL,-0.93
24,86,125,124.07,4.0,117.49,130.66,0.001,0.001,NOMINAL,-0.93
24,87,125,124.07,2.77,119.52,128.62,0.001,0.001,NOMINAL,-0.93
24,88,125,124.07,2.77,119.52,128.62,0.001,0.001,NOMINAL,-0.93
24,89,125,124.07,2.77,119.52,128.62,0.001,0.001,NOMINAL,-0.93
24,90,125,124.07,2.77,119.52,128.62,0.001,0.001,NOMINAL,-0.93
24,91,125,124.07,2.77,119.52,128.62,0.001,0.001,NOMINAL,-0.93
24,92,125,124.07,2.77,119.52,128.62,0.001,0.001,NOMINAL,-0.93
24,93,125,124.07,2.77,119.52,128.62,0.001,0.001,NOMINAL,-0.93
24,94,125,124.07,2.77,119.52,128.62,0.001,0.001,NOMINAL,-0.93
24,95,125,124.07,2.77,119.52,128.62,0.001,0.001,NOMINAL,-0.93
24,96,125,124.07,2.77,119.52,128.62,0.001,0.001,NOMINAL,-0.93
24,97,125,124.07,2.77,119.52,128.62,0.001,0.001,NOMINAL,-0.93
24,98,125,124.07,2.77,119.52,128.62,0.001,0.001,NOMINAL,-0.93
24,99,125,124.07,2.77,119.52,128.62,0.001,0.001,NOMINAL,-0.93
24,100,125,124.07,2.77,119.52,128.62,0.001,0.001,NOMINAL,-0.93
24,101,125,124.07,2.77,119.52,128.62,0.001,0.001,NOMINAL,-0.93
24,102,125,124.07,2.77,119.52,128.62,0.001,0.001,NOMINAL,-0.93
24,103,125,124.07,2.77,119.52,128.62,0.001,0.001,NOMINAL,-0.93
24,104,125,124.07,2.77,119.52,128.62,0.001,0.001,NOMINAL,-0.93
24,105,125,124.07,2.77,119.52,128.62,0.001,0.001,NOMINAL,-0.93
24,106,125,124.07,2.77,119.52,128.62,0.001,0.001,NOMINAL,-0.93
24,107,125,124.07,2.77,119.52,128.62,0.001,0.001,NOMINAL,-0.93
24,108,125,124.07,2.77,119.52,128.62,0.001,0.001,NOMINAL,-0.93
24,109,125,124.07,2.77,119.52,128.62,0.001,0.001,NOMINAL,-0.93
24,110,125,124.07,2.77,119.52,128.62,0.001,0.001,NOMINAL,-0.93
24,111,125,124.07,2.77,119.52,128.62,0.001,0.001,NOMINAL,-0.93
24,112,125,124.07,2.77,119.52,128.62,0.001,0.001,NOMINAL,-0.93
24,113,125,124.07,2.77,119.52,128.62,0.001,0.001,NOMINAL,-0.93
24,114,125,124.07,2.77,119.52,128.62,0.001,0.001,NOMINAL,-0.93
24,115,125,124.07,2.77,119.52,128.62,0.001,0.001,NOMINAL,-0.93
24,116,125,124.07,2.77,119.52,128.62,0.001,0.001,NOMINAL,-0.93
24,117,125,124.07,2.77,119.52,128.62,0.001,0.001,NOMINAL,-0.93
24,118,125,124.07,2.77,119.52,128.62,0.001,0.001,NOMINAL,-0.93
24,119,125,124.07,2.77,119.52,128.62,0.001,0.001,NOMINAL,-0.93
24,120,125,124.21,2.77,119.66,128.77,0.001,0.001,NOMINAL,-0.79
24,121,125,124.07,2.77,119.52,128.62,0.001,0.001,NOMINAL,-0.93
24,122,125,124.07,2.77,119.52,128.62,0.001,0.001,NOMINAL,-0.93
24,123,125,124.07,2.77,119.52,128.62,0.001,0.001,NOMINAL,-0.93
24,124,125,124.21,2.77,119.66,128.77,0.001,0.001,NOMINAL,-0.79
24,125,125,124.21,2.77,119.66,128.77,0.001,0.001,NOMINAL,-0.79
24,126,125,124.21,2.77,119.66,128.77,0.001,0.001,NOMINAL,-0.79
24,127,125,124.07,2.77,119.52,128.62,0.001,0.001,NOMINAL,-0.93
24,128,125,124.07,2.77,119.52,128.62,0.001,0.001,NOMINAL,-0.93
24,129,125,124.07,2.77,119.52,128.62,0.001,0.001,NOMINAL,-0.93
24,130,125,124.07,2.77,119.52,128.62,0.001,0.001,NOMINAL,-0.93
24,131,125,124.07,2.77,119.52,128.62,0.001,0.001,NOMINAL,-0.93
24,132,125,124.07,2.77,119.52,128.62,0.001,0.001,NOMINAL,-0.93
24,133,125,124.07,2.77,119.52,128.62,0.001,0.001,NOMINAL,-0.93
24,134,125,124.07,2.77,119.52,128.62,0.001,0.001,NOMINAL,-0.93
24,135,125,124.07,2.77,119.52,128.62,0.001,0.001,NOMINAL,-0.93
24,136,125,124.07,2.77,119.52,128.62,0.001,0.001,NOMINAL,-0.93
24,137,125,124.07,2.77,119.52,128.62,0.001,0.001,NOMINAL,-0.93
24,138,125,124.07,2.77,119.52,128.62,0.001,0.001,NOMINAL,-0.93
24,139,125,124.07,2.77,119.52,128.62,0.001,0.001,NOMINAL,-0.93
24,140,125,124.07,2.77,119.52,128.62,0.001,0.001,NOMINAL,-0.93
24,141,125,124.07,2.77,119.52,128.62,0.001,0.001,NOMINAL,-0.93
24,142,125,124.07,2.77,119.52,128.62,0.001,0.001,NOMINAL,-0.93
24,143,125,124.07,2.77,119.52,128.62,0.001,0.001,NOMINAL,-0.93
24,144,125,124.07,2.77,119.52,128.62,0.001,0.001,NOMINAL,-0.93
24,145,125,124.07,2.77,119.52,128.62,0.001,0.001,NOMINAL,-0.93
24,146,125,124.07,2.77,119.52,128.62,0.001,0.001,NOMINAL,-0.93
24,147,125,124.07,2.77,119.52,128.62,0.001,0.001,NOMINAL,-0.93
24,148,125,124.07,2.77,119.52,128.62,0.001,0.001,NOMINAL,-0.93
24,149,125,124.21,2.77,119.66,128.77,0.001,0.001,NOMINAL,-0.79
24,150,125,124.07,2.77,119.52,128.62,0.001,0.001,NOMINAL,-0.93
24,151,125,124.21,2.77,119.66,128.77,0.001,0.001,NOMINAL,-0.79
24,152,125,124.47,2.77,119.92,129.02,0.001,0.001,NOMINAL,-0.53
24,153,125,124.47,2.77,119.92,129.02,0.001,0.001,NOMINAL,-0.53
24,154,125,124.47,2.77,119.92,129.02,0.001,0.001,NOMINAL,-0.53
24,155,125,124.47,2.77,119.92,129.02,0.001,0.001,NOMINAL,-0.53
24,156,125,124.21,2.77,119.66,128.77,0.001,0.001,NOMINAL,-0.79
24,157,125,124.47,2.77,119.92,129.02,0.001,0.001,NOMINAL,-0.53
24,158,125,124.47,2.77,119.92,129.02,0.001,0.001,NOMINAL,-0.53
24,159,125,124.47,2.77,119.92,129.02,0.001,0.001,NOMINAL,-0.53
24,160,125,124.47,2.77,119.92,129.02,0.001,0.001,NOMINAL,-0.53
24,161,125,124.47,2.77,119.92,129.02,0.001,0.001,NOMINAL,-0.53
24,162,125,124.47,2.77,119.92,129.02,0.001,0.001,NOMINAL,-0.53
24,163,125,124.47,2.77,119.92,129.02,0.001,0.001,NOMINAL,-0.53
24,164,125,124.47,2.77,119.92,129.02,0.001,0.001,NOMINAL,-0.53
24,165,125,124.47,2.77,119.92,129.02,0.001,0.001,NOMINAL,-0.53
24,166,125,124.47,2.77,119.92,129.02,0.001,0.001,NOMINAL,-0.53
24,167,125,124.47,2.77,119.92,129.02,0.001,0.001,NOMINAL,-0.53
24,168,125,124.47,2.77,119.92,129.02,0.001,0.001,NOMINAL,-0.53
24,169,125,124.21,2.77,119.66,128.77,0.001,0.001,NOMINAL,-0.79
24,170,125,124.47,2.77,119.92,129.02,0.001,0.001,NOMINAL,-0.53
24,171,125,124.47,2.77,119.92,129.02,0.001,0.001,NOMINAL,-0.53
24,172,125,124.47,2.77,119.92,129.02,0.001,0.001,NOMINAL,-0.53
24,173,125,124.07,2.77,119.52,128.62,0.001,0.001,NOMINAL,-0.93
24,174,125,124.07,2.77,119.52,128.62,0.001,0.001,NOMINAL,-0.93
24,175,125,124.47,2.77,119.92,129.02,0.001,0.001,NOMINAL,-0.53
24,176,125,124.47,2.77,119.92,129.02,0.001,0.001,NOMINAL,-0.53
24,177,125,124.47,2.77,119.92,129.02,0.001,0.001,NOMINAL,-0.53
24,178,125,124.47,2.77,119.92,129.02,0.001,0.001,NOMINAL,-0.53
24,179,125,124.47,2.77,119.92,129.02,0.001,0.001,NOMINAL,-0.53
24,180,125,124.47,2.77,119.92,129.02,0.001,0.001,NOMINAL,-0.53
24,181,125,124.47,2.77,119.92,129.02,0.001,0.001,NOMINAL,-0.53
24,182,125,124.47,2.77,119.92,129.02,0.001,0.001,NOMINAL,-0.53
24,183,125,124.47,2.77,119.92,129.02,0.001,0.001,NOMINAL,-0.53
24,184,125,124.47,2.77,119.92,129.02,0.001,0.001,NOMINAL,-0.53
24,185,125,124.47,2.77,119.92,129.02,0.001,0.001,NOMINAL,-0.53
24,186,125,124.47,2.77,119.92,129.02,0.001,0.001,NOMINAL,-0.53
24,187,125,124.47,2.77,119.92,129.02,0.001,0.001,NOMINAL,-0.53
24,188,125,124.47,2.77,119.92,129.02,0.001,0.001,NOMINAL,-0.53
24,189,125,124.47,2.77,119.92,129.02,0.001,0.001,NOMINAL,-0.53
24,190,125,124.47,2.77,119.92,129.02,0.001,0.001,NOMINAL,-0.53
24,191,125,124.47,2.77,119.92,129.02,0.001,0.001,NOMINAL,-0.53
24,192,125,124.47,2.77,119.92,129.02,0.001,0.001,NOMINAL,-0.53
24,193,125,124.47,2.77,119.92,129.02,0.001,0.001,NOMINAL,-0.53
24,194,125,124.47,2.77,119.92,129.02,0.001,0.001,NOMINAL,-0.53
24,195,125,124.47,2.77,119.92,129.02,0.001,0.001,NOMINAL,-0.53
24,196,125,124.47,2.77,119.92,129.02,0.001,0.001,NOMINAL,-0.53
24,197,125,124.07,2.77,119.52,128.62,0.001,0.001,NOMINAL,-0.93
24,198,125,124.47,2.77,119.92,129.02,0.001,0.001,NOMINAL,-0.53
24,199,125,124.47,2.77,119.92,129.02,0.001,0.001,NOMINAL,-0.53
24,200,125,124.47,2.77,119.92,129.02,0.001,0.001,NOMINAL,-0.53
24,201,125,124.47,2.77,119.92,129.02,0.001,0.001,NOMINAL,-0.53
24,202,125,124.47,2.77,119.92,129.02,0.001,0.001,NOMINAL,-0.53
24,203,125,124.47,2.77,119.92,129.02,0.001,0.001,NOMINAL,-0.53
24,204,125,124.47,2.77,119.92,129.02,0.001,0.001,NOMINAL,-0.53
24,205,125,124.47,2.77,119.92,129.02,0.001,0.001,NOMINAL,-0.53
24,206,125,124.37,2.77,119.82,128.93,0.001,0.001,NOMINAL,-0.63
24,207,125,124.47,2.77,119.92,129.02,0.001,0.001,NOMINAL,-0.53
24,208,125,124.47,2.77,119.92,129.02,0.001,0.001,NOMINAL,-0.53
24,209,125,124.47,2.77,119.92,129.02,0.001,0.001,NOMINAL,-0.53
24,210,125,124.47,2.77,119.92,129.02,0.001,0.001,NOMINAL,-0.53
24,211,125,124.47,2.77,119.92,129.02,0.001,0.001,NOMINAL,-0.53
24,212,125,124.47,2.77,119.92,129.02,0.001,0.001,NOMINAL,-0.53
24,213,125,124.47,2.77,119.92,129.02,0.001,0.001,NOMINAL,-0.53
24,214,125,124.47,2.77,119.92,129.02,0.001,0.001,NOMINAL,-0.53
24,215,125,124.47,2.77,119.92,129.02,0.001,0.001,NOMINAL,-0.53
24,216,125,124.47,2.77,119.92,129.02,0.001,0.001,NOMINAL,-0.53
24,217,125,124.47,2.77,119.92,129.02,0.001,0.001,NOMINAL,-0.53
24,218,125,124.47,2.77,119.92,129.02,0.001,0.001,NOMINAL,-0.53
24,219,125,124.47,2.77,119.92,129.02,0.001,0.001,NOMINAL,-0.53
24,220,125,124.47,2.77,119.92,129.02,0.001,0.001,NOMINAL,-0.53
24,221,125,124.47,2.77,119.92,129.02,0.001,0.001,NOMINAL,-0.53
24,222,125,124.47,2.77,119.92,129.02,0.001,0.001,NOMINAL,-0.53
24,223,125,124.47,2.77,119.92,129.02,0.001,0.001,NOMINAL,-0.53
24,224,125,124.47,2.77,119.92,129.02,0.001,0.001,NOMINAL,-0.53
24,225,125,124.47,2.77,119.92,129.02,0.001,0.001,NOMINAL,-0.53
24,226,125,124.47,2.77,119.92,129.02,0.001,0.001,NOMINAL,-0.53
24,227,125,124.47,2.77,119.92,129.02,0.001,0.001,NOMINAL,-0.53
24,228,125,124.47,2.77,119.92,129.02,0.001,0.001,NOMINAL,-0.53
24,229,125,124.47,2.77,119.92,129.02,0.001,0.001,NOMINAL,-0.53
24,230,125,124.47,2.77,119.92,129.02,0.001,0.001,NOMINAL,-0.53
24,231,125,124.47,2.77,119.92,129.02,0.001,0.001,NOMINAL,-0.53
24,232,125,124.47,2.77,119.92,129.02,0.001,0.001,NOMINAL,-0.53
24,233,125,124.47,2.77,119.92,129.02,0.001,0.001,NOMINAL,-0.53
24,234,125,124.47,2.77,119.92,129.02,0.001,0.001,NOMINAL,-0.53
24,235,125,124.47,2.77,119.92,129.02,0.001,0.001,NOMINAL,-0.53
24,236,125,124.47,2.77,119.92,129.02,0.001,0.001,NOMINAL,-0.53
24,237,125,124.47,2.77,119.92,129.02,0.001,0.001,NOMINAL,-0.53
24,238,125,124.47,2.77,119.92,129.02,0.001,0.001,NOMINAL,-0.53
24,239,125,124.47,2.77,119.92,129.02,0.001,0.001,NOMINAL,-0.53
24,240,125,124.47,2.77,119.92,129.02,0.001,0.001,NOMINAL,-0.53
24,241,125,124.47,2.77,119.92,129.02,0.001,0.001,NOMINAL,-0.53
24,242,125,124.47,2.77,119.92,129.02,0.001,0.001,NOMINAL,-0.53
24,243,125,124.47,2.77,119.92,129.02,0.001,0.001,NOMINAL,-0.53
24,244,125,124.47,2.77,119.92,129.02,0.001,0.001,NOMINAL,-0.53
24,245,125,124.47,2.77,119.92,129.02,0.001,0.001,NOMINAL,-0.53
24,246,125,124.47,2.77,119.92,129.02,0.001,0.001,NOMINAL,-0.53
24,247,125,124.47,2.77,119.92,129.02,0.001,0.001,NOMINAL,-0.53
24,248,125,124.47,2.77,119.92,129.02,0.001,0.001,NOMINAL,-0.53
24,249,125,124.47,2.77,119.92,129.02,0.001,0.001,NOMINAL,-0.53
24,250,125,124.47,2.77,119.92,129.02,0.001,0.001,NOMINAL,-0.53
24,251,125,124.47,2.77,119.92,129.02,0.001,0.001,NOMINAL,-0.53
24,252,125,124.47,2.77,119.92,129.02,0.001,0.001,NOMINAL,-0.53
24,253,125,124.47,2.77,119.92,129.02,0.001,0.001,NOMINAL,-0.53
24,254,125,124.47,2.77,119.92,129.02,0.001,0.001,NOMINAL,-0.53
24,255,125,124.47,2.77,119.92,129.02,0.001,0.001,NOMINAL,-0.53
24,256,125,124.47,2.77,119.92,129.02,0.001,0.001,NOMINAL,-0.53
24,257,125,124.47,2.77,119.92,129.02,0.001,0.001,NOMINAL,-0.53
24,258,125,124.47,2.77,119.92,129.02,0.001,0.001,NOMINAL,-0.53
24,259,125,124.47,2.77,119.92,129.02,0.001,0.001,NOMINAL,-0.53
24,260,125,124.47,2.77,119.92,129.02,0.001,0.001,NOMINAL,-0.53
24,261,125,124.47,2.77,119.92,129.02,0.001,0.001,NOMINAL,-0.53
24,262,125,124.47,2.77,119.92,129.02,0.001,0.001,NOMINAL,-0.53
24,263,125,124.47,2.77,119.92,129.02,0.001,0.001,NOMINAL,-0.53
24,264,125,124.47,2.77,119.92,129.02,0.001,0.001,NOMINAL,-0.53
24,265,125,124.47,2.77,119.92,129.02,0.001,0.001,NOMINAL,-0.53
24,266,125,124.47,2.77,119.92,129.02,0.001,0.001,NOMINAL,-0.53
24,267,125,124.47,2.77,119.92,129.02,0.001,0.001,NOMINAL,-0.53
24,268,125,124.47,2.77,119.92,129.02,0.001,0.001,NOMINAL,-0.53
24,269,125,124.47,2.77,119.92,129.02,0.001,0.001,NOMINAL,-0.53
24,270,125,124.37,2.77,119.82,128.93,0.001,0.001,NOMINAL,-0.63
24,271,125,124.47,2.77,119.92,129.02,0.001,0.001,NOMINAL,-0.53
24,272,125,124.47,2.77,119.92,129.02,0.001,0.001,NOMINAL,-0.53
24,273,125,124.47,2.77,119.92,129.02,0.001,0.001,NOMINAL,-0.53
24,274,125,124.47,2.77,119.92,129.02,0.001,0.001,NOMINAL,-0.53
24,275,125,124.47,2.77,119.92,129.02,0.001,0.001,NOMINAL,-0.53
24,276,125,124.47,2.77,119.92,129.02,0.001,0.001,NOMINAL,-0.53
24,277,125,124.47,2.77,119.92,129.02,0.001,0.001,NOMINAL,-0.53
24,278,125,124.37,3.12,119.24,129.51,0.001,0.001,NOMINAL,-0.63
24,279,125,124.47,2.77,119.92,129.02,0.001,0.001,NOMINAL,-0.53
24,280,125,124.47,2.77,119.92,129.02,0.001,0.001,NOMINAL,-0.53
24,281,125,124.47,2.77,119.92,129.02,0.001,0.001,NOMINAL,-0.53
24,282,125,124.47,2.77,119.92,129.02,0.001,0.001,NOMINAL,-0.53
24,283,125,124.37,2.77,119.82,128.93,0.001,0.001,NOMINAL,-0.63
24,284,125,124.47,2.77,119.92,129.02,0.001,0.001,NOMINAL,-0.53
24,285,125,124.37,2.77,119.82,128.93,0.001,0.001,NOMINAL,-0.63
24,286,125,124.37,2.77,119.82,128.93,0.001,0.001,NOMINAL,-0.63
24,287,125,124.37,3.38,118.81,129.94,0.001,0.001,NOMINAL,-0.63
24,288,125,124.37,3.0,119.44,129.31,0.001,0.001,NOMINAL,-0.63
24,289,125,124.37,4.34,117.24,131.51,0.001,0.001,NOMINAL,-0.63
24,290,125,124.37,6.15,114.25,134.49,0.001,0.001,NOMINAL,-0.63
24,291,125,124.37,6.15,114.25,134.49,0.001,0.001,NOMINAL,-0.63
24,292,125,124.37,6.15,114.25,134.49,0.001,0.001,NOMINAL,-0.63
24,293,125,124.24,6.15,114.12,134.36,0.001,0.001,NOMINAL,-0.76
24,294,125,124.37,3.0,119.44,129.31,0.001,0.001,NOMINAL,-0.63
24,295,125,124.37,6.15,114.25,134.49,0.001,0.001,NOMINAL,-0.63
24,296,125,124.37,2.77,119.82,128.93,0.001,0.001,NOMINAL,-0.63
24,297,125,124.37,4.0,117.79,130.96,0.001,0.001,NOMINAL,-0.63
24,298,125,124.47,2.77,119.92,129.02,0.001,0.001,NOMINAL,-0.53
24,299,125,124.47,2.77,119.92,129.02,0.001,0.001,NOMINAL,-0.53
24,300,125,124.37,3.0,119.44,129.31,0.001,0.001,NOMINAL,-0.63
24,301,125,124.37,2.77,119.82,128.93,0.001,0.001,NOMINAL,-0.63
24,302,125,124.18,3.1,119.08,129.28,0.001,0.001,NOMINAL,-0.82
24,303,125,124.37,3.0,119.44,129.31,0.001,0.001,NOMINAL,-0.63
24,304,125,123.78,6.36,113.32,134.23,0.001,0.001,NOMINAL,-1.22
24,305,125,124.01,7.17,112.22,135.8,0.001,0.001,NOMINAL,-0.99
24,306,125,124.37,6.15,114.25,134.49,0.001,0.001,NOMINAL,-0.63
24,307,125,124.37,3.0,119.44,129.31,0.001,0.001,NOMINAL,-0.63
24,308,125,124.37,2.77,119.82,128.93,0.001,0.001,NOMINAL,-0.63
24,309,125,124.18,3.1,119.08,129.28,0.001,0.001,NOMINAL,-0.82
24,310,125,124.37,3.38,118.81,129.94,0.001,0.001,NOMINAL,-0.63
24,311,125,123.58,7.17,111.8,135.37,0.001,0.001,NOMINAL,-1.42
24,312,125,123.78,3.1,118.68,128.88,0.001,0.001,NOMINAL,-1.22
24,313,125,124.24,4.48,116.86,131.61,0.001,0.001,NOMINAL,-0.76
24,314,125,123.49,7.19,111.67,135.31,0.001,0.001,NOMINAL,-1.51
24,315,125,124.37,6.15,114.25,134.49,0.001,0.001,NOMINAL,-0.63
24,316,125,124.24,7.05,112.65,135.82,0.001,0.001,NOMINAL,-0.76
24,317,125,124.37,2.77,119.82,128.93,0.001,0.001,NOMINAL,-0.63
24,318,125,124.37,4.34,117.24,131.51,0.001,0.001,NOMINAL,-0.63
24,319,125,124.37,3.38,118.81,129.94,0.001,0.001,NOMINAL,-0.63
24,320,125,124.37,2.77,119.82,128.93,0.001,0.001,NOMINAL,-0.63
24,321,125,124.47,2.77,119.92,129.02,0.001,0.001,NOMINAL,-0.53
24,322,125,124.47,2.77,119.92,129.02,0.001,0.001,NOMINAL,-0.53
24,323,125,124.37,3.12,119.24,129.51,0.001,0.001,NOMINAL,-0.63
24,324,125,124.37,2.77,119.82,128.93,0.001,0.001,NOMINAL,-0.63
24,325,125,124.47,3.12,119.34,129.6,0.001,0.001,NOMINAL,-0.53
24,326,125,124.37,3.12,119.24,129.51,0.001,0.001,NOMINAL,-0.63
24,327,125,124.37,3.12,119.24,129.51,0.001,0.001,NOMINAL,-0.63
24,328,125,124.37,2.77,119.82,128.93,0.001,0.001,NOMINAL,-0.63
24,329,125,124.37,3.12,119.24,129.51,0.001,0.001,NOMINAL,-0.63
24,330,125,124.37,3.38,118.81,129.94,0.001,0.001,NOMINAL,-0.63
24,331,125,124.37,3.38,118.81,129.94,0.001,0.001,NOMINAL,-0.63
24,332,125,124.37,2.77,119.82,128.93,0.001,0.001,NOMINAL,-0.63
24,333,125,124.37,2.77,119.82,128.93,0.001,0.001,NOMINAL,-0.63
24,334,125,124.37,3.38,118.81,129.94,0.001,0.001,NOMINAL,-0.63
24,335,125,124.47,2.77,119.92,129.02,0.001,0.001,NOMINAL,-0.53
24,336,125,124.47,2.77,119.92,129.02,0.001,0.001,NOMINAL,-0.53
24,337,125,124.37,2.77,119.82,128.93,0.001,0.001,NOMINAL,-0.63
24,338,125,124.37,3.12,119.24,129.51,0.001,0.001,NOMINAL,-0.63
24,339,125,124.08,3.49,118.33,129.82,0.001,0.001,NOMINAL,-0.92
24,340,125,124.08,3.49,118.33,129.82,0.001,0.001,NOMINAL,-0.92
24,341,125,123.78,3.49,118.03,129.53,0.001,0.001,NOMINAL,-1.22
24,342,125,123.17,7.32,111.13,135.2,0.001,0.001,NOMINAL,-1.83
24,343,125,123.54,7.3,111.53,135.54,0.001,0.001,NOMINAL,-1.46
24,344,125,122.84,8.26,109.25,136.43,0.001,0.001,NOMINAL,-2.16
24,345,125,123.54,7.3,111.53,135.54,0.001,0.001,NOMINAL,-1.46
24,346,125,123.49,7.38,111.35,135.63,0.001,0.001,NOMINAL,-1.51
24,347,125,123.54,7.3,111.53,135.54,0.001,0.001,NOMINAL,-1.46
24,348,125,123.54,7.3,111.53,135.54,0.001,0.001,NOMINAL,-1.46
24,349,125,124.37,4.89,116.33,132.42,0.001,0.001,NOMINAL,-0.63
24,350,125,124.37,6.94,112.96,135.78,0.001,0.001,NOMINAL,-0.63
24,351,125,124.37,3.38,118.81,129.94,0.001,0.001,NOMINAL,-0.63
24,352,125,124.37,3.38,118.81,129.94,0.001,0.001,NOMINAL,-0.63
24,353,125,123.78,7.17,111.99,135.57,0.001,0.001,NOMINAL,-1.22
24,354,125,123.78,5.05,115.47,132.09,0.001,0.001,NOMINAL,-1.22
24,355,125,123.54,5.05,115.23,131.85,0.001,0.001,NOMINAL,-1.46
24,356,125,123.58,7.19,111.76,135.41,0.001,0.001,NOMINAL,-1.42
24,357,125,124.01,7.17,112.22,135.8,0.001,0.001,NOMINAL,-0.99
24,358,125,123.78,7.17,111.99,135.57,0.001,0.001,NOMINAL,-1.22
24,359,125,123.78,7.17,111.99,135.57,0.001,0.001,NOMINAL,-1.22
24,360,124,123.54,8.17,110.1,136.98,0.001,0.001,NOMINAL,-0.46
24,361,123,113.28,12.03,93.49,133.07,0.001,0.001,NOMINAL,-9.72
24,362,122,105.21,11.42,86.43,124.0,0.001,0.001,NOMINAL,-16.79
24,363,121,97.82,11.41,79.05,116.59,0.001,0.0016,NOMINAL,-23.18
24,364,120,94.92,11.24,76.44,113.4,0.001,0.0024,NOMINAL,-25.08
24,365,119,96.53,10.76,78.84,114.23,0.001,0.0013,NOMINAL,-22.47
24,366,118,92.15,10.64,74.65,109.65,0.001,0.0027,NOMINAL,-25.85
24,367,117,92.66,10.65,75.15,110.18,0.001,0.0024,NOMINAL,-24.34
24,368,116,90.71,10.58,73.31,108.1,0.001,0.0036,NOMINAL,-25.29
24,369,115,92.18,11.29,73.62,110.75,0.001,0.0051,NOMINAL,-22.82
24,370,114,94.9,11.3,76.31,113.48,0.001,0.0026,NOMINAL,-19.1
24,371,113,94.59,11.36,75.91,113.27,0.001,0.0029,NOMINAL,-18.41
24,372,112,92.44,11.06,74.25,110.63,0.001,0.0038,NOMINAL,-19.56
24,373,111,90.54,10.76,72.85,108.24,0.001,0.0046,NOMINAL,-20.46
24,374,110,94.34,11.4,75.59,113.09,0.001,0.0032,NOMINAL,-15.66
24,375,109,93.42,11.02,75.3,111.54,0.001,0.0028,NOMINAL,-15.58
24,376,108,89.46,10.66,71.93,107.0,0.001,0.0057,NOMINAL,-18.54
24,377,107,90.38,10.73,72.73,108.03,0.001,0.0047,NOMINAL,-16.62
24,378,106,93.69,11.3,75.1,112.27,0.001,0.0034,NOMINAL,-12.31
24,379,105,97.99,11.44,79.17,116.81,0.001,0.0016,NOMINAL,-7.01
24,380,104,96.35,11.32,77.74,114.97,0.001,0.0019,NOMINAL,-7.65
24,381,103,96.34,11.4,77.59,115.09,0.001,0.0021,NOMINAL,-6.66
24,382,102,101.8,11.32,83.19,120.42,0.001,0.0011,NOMINAL,-0.2
24,383,101,97.72,11.4,78.97,116.47,0.001,0.0016,NOMINAL,-3.28
24,384,100,94.73,11.4,75.98,113.47,0.001,0.0029,NOMINAL,-5.27
24,385,99,93.82,11.4,75.07,112.56,0.001,0.0037,NOMINAL,-5.18
24,386,98,92.84,11.38,74.12,111.55,0.001,0.0047,NOMINAL,-5.16
24,387,97,90.7,11.37,72.0,109.39,0.001,0.0086,NOMINAL,-6.3
24,388,96,92.59,11.37,73.9,111.29,0.001,0.005,NOMINAL,-3.41
24,389,95,90.04,11.2,71.62,108.46,0.001,0.0088,NOMINAL,-4.96
24,390,94,88.41,10.16,71.7,105.12,0.001,0.0045,NOMINAL,-5.59
24,391,93,86.31,10.67,68.77,103.85,0.001,0.0157,NOMINAL,-6.69
24,392,92,79.51,9.25,64.3,94.73,0.001,0.024,NOMINAL,-12.49
24,393,91,74.59,8.68,60.31,88.87,0.001,0.0262,NOMINAL,-16.41
24,394,90,73.98,9.18,58.88,89.08,0.001,0.03,NOMINAL,-16.02
24,395,89,79.43,10.06,62.88,95.98,0.001,0.0259,NOMINAL,-9.57
24,396,88,80.7,10.09,64.12,97.29,0.001,0.0254,NOMINAL,-7.3
24,397,87,79.99,10.1,63.38,96.59,0.001,0.0257,NOMINAL,-7.01
24,398,86,74.05,9.14,59.02,89.08,0.001,0.0298,NOMINAL,-11.95
24,399,85,66.62,8.39,52.82,80.42,0.001,0.0556,NOMINAL,-18.38
24,400,84,69.78,8.9,55.13,84.42,0.001,0.0439,NOMINAL,-14.22
24,401,83,69.78,8.39,55.98,83.58,0.001,0.0362,NOMINAL,-13.22
24,402,82,75.67,10.0,59.22,92.12,0.001,0.0306,NOMINAL,-6.33
24,403,81,80.34,10.09,63.75,96.93,0.001,0.0255,NOMINAL,-0.66
24,404,80,86.72,10.76,69.02,104.42,0.001,0.0152,NOMINAL,6.72
24,405,79,90.47,11.09,72.23,108.71,0.001,0.0068,NOMINAL,11.47
24,406,78,91.08,11.28,72.53,109.64,0.001,0.007,NOMINAL,13.08
24,407,77,92.56,11.28,74.0,111.12,0.001,0.0046,NOMINAL,15.56
24,408,76,89.26,11.31,70.65,107.86,0.001,0.0125,NOMINAL,13.26
24,409,75,89.76,11.35,71.09,108.44,0.001,0.0112,NOMINAL,14.76
24,410,74,87.45,11.16,69.09,105.8,0.001,0.0185,NOMINAL,13.45
24,411,73,80.6,10.28,63.69,97.51,0.001,0.0257,NOMINAL,7.6
24,412,72,84.48,11.09,66.24,102.71,0.001,0.025,NOMINAL,12.48
24,413,71,81.58,10.33,64.58,98.58,0.001,0.0254,NOMINAL,10.58
24,414,70,79.93,10.28,63.03,96.84,0.001,0.0259,NOMINAL,9.93
24,415,69,77.35,9.6,61.55,93.15,0.001,0.0261,NOMINAL,8.35
24,416,68,68.23,8.43,54.36,82.09,0.001,0.0473,NOMINAL,0.23
24,417,67,72.66,9.21,57.52,87.8,0.001,0.0334,NOMINAL,5.66
24,418,66,70.92,9.14,55.89,85.95,0.001,0.0393,NOMINAL,4.92
24,419,65,70.24,8.75,55.85,84.64,0.001,0.0384,NOMINAL,5.24
24,420,64,64.83,8.66,50.58,79.07,0.001,0.0735,NOMINAL,0.83
24,421,63,64.83,8.44,50.94,78.71,0.001,0.0696,NOMINAL,1.83
24,422,62,64.83,8.36,51.07,78.58,0.001,0.0683,NOMINAL,2.83
24,423,61,65.18,8.42,51.33,79.03,0.001,0.066,NOMINAL,4.18
24,424,60,62.25,9.02,47.41,77.09,0.0011,0.108,NOMINAL,2.25
24,425,59,61.17,8.9,46.52,75.81,0.0011,0.1238,NOMINAL,2.17
24,426,58,62.53,8.76,48.12,76.94,0.001,0.0999,NOMINAL,4.53
24,427,57,61.37,8.54,47.33,75.41,0.001,0.112,NOMINAL,4.37
24,428,56,62.08,8.92,47.4,76.76,0.0011,0.109,NOMINAL,6.08
24,429,55,60.29,9.29,45.01,75.56,0.0013,0.1467,NOMINAL,5.29
24,430,54,60.29,9.86,44.07,76.5,0.002,0.1638,NOMINAL,6.29
24,431,53,64.46,9.75,48.42,80.49,0.0011,0.0966,NOMINAL,11.46
24,432,52,62.02,9.23,46.84,77.21,0.0011,0.116,NOMINAL,10.02
24,433,51,61.77,5.87,52.12,71.43,0.001,0.0545,NOMINAL,10.77
24,434,50,56.37,5.85,46.75,66.0,0.001,0.1517,NOMINAL,6.37
24,435,49,56.17,5.7,46.79,65.54,0.001,0.1538,NOMINAL,7.17
24,436,48,55.96,4.4,48.72,63.2,0.001,0.1088,NOMINAL,7.96
24,437,47,51.7,4.12,44.91,58.48,0.001,0.3927,NOMINAL,4.7
24,438,46,50.9,4.31,43.81,57.98,0.001,0.467,NOMINAL,4.9
24,439,45,50.72,4.41,43.46,57.98,0.001,0.4951,NOMINAL,5.72
24,440,44,50.37,4.42,43.09,57.64,0.001,0.5378,MONITOR,6.37
24,441,43,50.37,4.42,43.09,57.64,0.001,0.5378,MONITOR,7.37
24,442,42,50.72,4.43,43.43,58.01,0.001,0.4954,NOMINAL,8.72
24,443,41,51.33,4.43,44.04,58.63,0.001,0.4342,NOMINAL,10.33
24,444,40,51.63,4.44,44.33,58.93,0.001,0.409,NOMINAL,11.63
24,445,39,46.41,4.64,38.78,54.03,0.001,0.8105,WARNING,7.41
24,446,38,42.7,4.46,35.36,50.04,0.001,0.9381,WARNING,4.7
24,447,37,43.31,5.79,33.78,52.83,0.0023,0.8812,WARNING,6.31
24,448,36,42.53,5.81,32.98,52.09,0.0033,0.9058,WARNING,6.53
24,449,35,42.0,5.81,32.44,51.55,0.0044,0.916,WARNING,7.0
24,450,34,39.81,4.37,32.62,47.01,0.0011,0.9714,WARNING,5.81
24,451,33,36.96,4.36,29.79,44.13,0.0032,0.9898,WARNING,3.96
24,452,32,34.32,4.26,27.31,41.32,0.0183,0.9983,WARNING,2.32
24,453,31,31.82,4.3,24.74,38.9,0.0264,0.9996,WARNING,0.82
24,454,30,30.75,4.34,23.61,37.89,0.0329,0.9997,WARNING,0.75
24,455,29,28.95,4.51,21.54,36.36,0.0553,0.9998,WARNING,-0.05
24,456,28,28.95,4.51,21.54,36.36,0.0553,0.9998,WARNING,0.95
24,457,27,29.08,4.46,21.75,36.41,0.0529,0.9998,WARNING,2.08
24,458,26,28.18,4.09,21.45,34.9,0.0549,0.9998,WARNING,2.18
24,459,25,27.72,3.76,21.54,33.9,0.0512,0.9998,WARNING,2.72
24,460,24,24.44,3.84,18.12,30.76,0.1359,0.9998,WARNING,0.44
24,461,23,23.96,3.85,17.63,30.28,0.1683,0.9998,WARNING,0.96
24,462,22,23.74,3.88,17.35,30.12,0.1829,0.9998,WARNING,1.74
24,463,21,23.48,3.88,17.09,29.86,0.1961,0.9998,WARNING,2.48
24,464,20,23.21,3.88,16.83,29.59,0.2228,0.9998,WARNING,3.21
24,465,19,20.68,3.98,14.14,27.22,0.4908,0.9998,WARNING,1.68
24,466,18,20.18,3.98,13.63,26.73,0.5558,0.9998,WARNING,2.18
24,467,17,18.64,4.07,11.95,25.33,0.6947,0.9998,WARNING,1.64
24,468,16,17.47,4.15,10.65,24.3,0.7699,0.9998,WARNING,1.47
24,469,15,16.51,4.23,9.55,23.47,0.8207,0.9998,WARNING,1.51
24,470,14,15.9,4.27,8.88,22.91,0.8502,0.9998,WARNING,1.9
24,471,13,14.64,4.4,7.4,21.88,0.8953,0.9998,WARNING,1.64
24,472,12,14.53,4.41,7.27,21.79,0.8991,0.9998,WARNING,2.53
24,473,11,14.53,4.42,7.26,21.8,0.8982,0.9998,WARNING,3.53
24,474,10,13.42,4.52,5.99,20.85,0.9243,0.9998,CRITICAL,3.42
24,475,9,13.07,4.53,5.62,20.51,0.9334,0.9998,CRITICAL,4.07
25,52,125,116.7,10.38,99.63,133.77,0.001,0.001,NOMINAL,-8.3
25,53,125,116.62,11.25,98.11,135.12,0.001,0.001,NOMINAL,-8.38
25,54,125,116.57,11.42,97.78,135.36,0.001,0.001,NOMINAL,-8.43
25,55,125,116.57,11.55,97.58,135.56,0.001,0.001,NOMINAL,-8.43
25,56,125,116.57,11.33,97.94,135.2,0.001,0.001,NOMINAL,-8.43
25,57,125,115.11,12.57,94.43,135.78,0.001,0.001,NOMINAL,-9.89
25,58,125,117.07,11.39,98.34,135.8,0.001,0.001,NOMINAL,-7.93
25,59,125,116.35,12.67,95.51,137.18,0.001,0.001,NOMINAL,-8.65
25,60,125,118.0,12.67,97.17,138.83,0.001,0.001,NOMINAL,-7.0
25,61,125,112.65,12.52,92.06,133.25,0.001,0.001,NOMINAL,-12.35
25,62,125,116.68,12.57,96.01,137.35,0.001,0.001,NOMINAL,-8.32
25,63,125,119.79,12.57,99.12,140.46,0.001,0.001,NOMINAL,-5.21
25,64,125,112.21,12.52,91.61,132.8,0.001,0.001,NOMINAL,-12.79
25,65,125,113.65,12.3,93.42,133.89,0.001,0.001,NOMINAL,-11.35
25,66,125,112.66,12.52,92.06,133.25,0.001,0.001,NOMINAL,-12.34
25,67,125,118.65,12.35,98.34,138.97,0.001,0.001,NOMINAL,-6.35
25,68,125,121.4,12.35,101.08,141.71,0.001,0.001,NOMINAL,-3.6
25,69,125,120.66,12.45,100.19,141.13,0.001,0.001,NOMINAL,-4.34
25,70,125,122.6,11.54,103.62,141.57,0.001,0.001,NOMINAL,-2.4
25,71,125,122.6,11.49,103.7,141.49,0.001,0.001,NOMINAL,-2.4
25,72,125,122.36,11.75,103.03,141.69,0.001,0.001,NOMINAL,-2.64
25,73,125,119.03,12.6,98.3,139.76,0.001,0.001,NOMINAL,-5.97
25,74,125,122.08,11.53,103.12,141.04,0.001,0.001,NOMINAL,-2.92
25,75,125,120.17,12.67,99.34,141.01,0.001,0.001,NOMINAL,-4.83
25,76,125,120.41,12.67,99.57,141.24,0.001,0.001,NOMINAL,-4.59
25,77,125,120.53,12.67,99.7,141.37,0.001,0.001,NOMINAL,-4.47
25,78,125,118.97,12.52,98.38,139.56,0.001,0.001,NOMINAL,-6.03
25,79,125,119.11,12.57,98.44,139.78,0.001,0.001,NOMINAL,-5.89
25,80,125,115.67,12.52,95.07,136.26,0.001,0.001,NOMINAL,-9.33
25,81,125,116.34,12.52,95.74,136.93,0.001,0.001,NOMINAL,-8.66
25,82,125,115.61,12.52,95.02,136.21,0.001,0.001,NOMINAL,-9.39
25,83,125,112.09,12.52,91.5,132.69,0.001,0.001,NOMINAL,-12.91
25,84,125,116.54,12.52,95.94,137.13,0.001,0.001,NOMINAL,-8.46
25,85,125,115.43,12.52,94.83,136.02,0.001,0.001,NOMINAL,-9.57
25,86,125,112.66,12.52,92.06,133.25,0.001,0.001,NOMINAL,-12.34
25,87,125,118.03,12.52,97.44,138.63,0.001,0.001,NOMINAL,-6.97
25,88,125,114.41,12.52,93.82,135.0,0.001,0.001,NOMINAL,-10.59
25,89,125,110.58,12.52,89.99,131.18,0.001,0.001,NOMINAL,-14.42
25,90,125,104.1,11.49,85.21,123.0,0.001,0.0011,NOMINAL,-20.9
25,91,125,96.18,11.49,77.28,115.08,0.001,0.0023,NOMINAL,-28.82
25,92,125,99.98,11.49,81.08,118.87,0.001,0.0013,NOMINAL,-25.02
25,93,125,98.65,11.49,79.75,117.55,0.001,0.0015,NOMINAL,-26.35
25,94,125,104.02,11.49,85.13,122.92,0.001,0.0011,NOMINAL,-20.98
25,95,125,95.01,11.49,76.11,113.91,0.001,0.003,NOMINAL,-29.99
25,96,125,103.72,11.49,84.82,122.62,0.001,0.0011,NOMINAL,-21.28
25,97,125,91.25,11.43,72.45,110.05,0.001,0.0078,NOMINAL,-33.75
25,98,125,103.19,11.49,84.29,122.08,0.001,0.0011,NOMINAL,-21.81
25,99,125,99.48,11.63,80.35,118.62,0.001,0.0015,NOMINAL,-25.52
25,100,125,104.0,12.52,83.41,124.6,0.001,0.0014,NOMINAL,-21.0
25,101,125,111.32,12.52,90.73,131.92,0.001,0.001,NOMINAL,-13.68
25,102,125,113.6,12.52,93.0,134.19,0.001,0.001,NOMINAL,-11.4
25,103,124,113.9,12.52,93.31,134.5,0.001,0.001,NOMINAL,-10.1
25,104,123,112.49,12.52,91.89,133.08,0.001,0.001,NOMINAL,-10.51
25,105,122,112.23,12.52,91.64,132.83,0.001,0.001,NOMINAL,-9.77
25,106,121,102.53,11.87,83.01,122.06,0.001,0.0012,NOMINAL,-18.47
25,107,120,97.59,11.49,78.69,116.49,0.001,0.0018,NOMINAL,-22.41
25,108,119,105.1,12.14,85.13,125.07,0.001,0.0011,NOMINAL,-13.9
25,109,118,103.6,12.47,83.09,124.1,0.001,0.0014,NOMINAL,-14.4
25,110,117,109.8,12.52,89.21,130.4,0.001,0.001,NOMINAL,-7.2
25,111,116,102.68,12.21,82.59,122.77,0.001,0.0014,NOMINAL,-13.32
25,112,115,102.79,12.14,82.82,122.76,0.001,0.0013,NOMINAL,-12.21
25,113,114,109.51,12.52,88.92,130.11,0.001,0.0011,NOMINAL,-4.49
25,114,113,106.91,12.52,86.31,127.5,0.001,0.0011,NOMINAL,-6.09
25,115,112,106.72,12.52,86.12,127.31,0.001,0.0011,NOMINAL,-5.28
25,116,111,113.91,12.52,93.31,134.5,0.001,0.001,NOMINAL,2.91
25,117,110,111.54,12.52,90.95,132.14,0.001,0.001,NOMINAL,1.54
25,118,109,113.23,12.52,92.64,133.83,0.001,0.001,NOMINAL,4.23
25,119,108,113.02,12.52,92.42,133.61,0.001,0.001,NOMINAL,5.02
25,120,107,112.97,12.52,92.37,133.56,0.001,0.001,NOMINAL,5.97
25,121,106,115.61,12.52,95.02,136.21,0.001,0.001,NOMINAL,9.61
25,122,105,117.39,12.52,96.8,137.99,0.001,0.001,NOMINAL,12.39
25,123,104,116.78,12.52,96.18,137.37,0.001,0.001,NOMINAL,12.78
25,124,103,116.83,12.52,96.24,137.42,0.001,0.001,NOMINAL,13.83
25,125,102,115.67,12.52,95.07,136.26,0.001,0.001,NOMINAL,13.67
25,126,101,116.41,12.52,95.82,137.01,0.001,0.001,NOMINAL,15.41
25,127,100,115.72,12.52,95.13,136.32,0.001,0.001,NOMINAL,15.72
25,128,99,113.35,12.52,92.75,133.94,0.001,0.001,NOMINAL,14.35
25,129,98,116.25,12.52,95.66,136.85,0.001,0.001,NOMINAL,18.25
25,130,97,112.59,12.52,91.99,133.18,0.001,0.001,NOMINAL,15.59
25,131,96,111.25,12.52,90.66,131.85,0.001,0.001,NOMINAL,15.25
25,132,95,108.76,12.52,88.17,129.36,0.001,0.0011,NOMINAL,13.76
25,133,94,105.2,12.09,85.31,125.09,0.001,0.0011,NOMINAL,11.2
25,134,93,106.11,12.44,85.65,126.57,0.001,0.0012,NOMINAL,13.11
25,135,92,111.1,12.52,90.5,131.69,0.001,0.001,NOMINAL,19.1
25,136,91,107.34,12.44,86.88,127.8,0.001,0.0011,NOMINAL,16.34
25,137,90,93.38,11.43,74.58,112.18,0.001,0.0043,NOMINAL,3.38
25,138,89,100.63,11.6,81.54,119.72,0.001,0.0013,NOMINAL,11.63
25,139,88,96.31,11.38,77.6,115.03,0.001,0.002,NOMINAL,8.31
25,140,87,94.44,11.42,75.65,113.22,0.001,0.0032,NOMINAL,7.44
25,141,86,86.93,11.41,68.16,105.7,0.001,0.0236,NOMINAL,0.93
25,142,85,87.69,11.4,68.95,106.44,0.001,0.0219,NOMINAL,2.69
25,143,84,84.46,11.2,66.04,102.89,0.001,0.0253,NOMINAL,0.46
25,144,83,93.05,11.4,74.3,111.8,0.001,0.0045,NOMINAL,10.05
25,145,82,94.29,11.4,75.54,113.04,0.001,0.0033,NOMINAL,12.29
25,146,81,88.5,11.42,69.71,107.28,0.001,0.0176,NOMINAL,7.5
25,147,80,78.13,10.13,61.48,94.79,0.001,0.0263,NOMINAL,-1.87
25,148,79,67.81,9.25,52.59,83.02,0.001,0.0587,NOMINAL,-11.19
25,149,78,64.35,9.12,49.35,79.35,0.001,0.09,NOMINAL,-13.65
25,150,77,66.09,9.49,50.48,81.7,0.001,0.0757,NOMINAL,-10.91
25,151,76,65.08,9.46,49.51,80.65,0.0011,0.0887,NOMINAL,-10.92
25,152,75,57.55,8.77,43.13,71.97,0.0014,0.2128,NOMINAL,-17.45
25,153,74,53.69,7.94,40.63,66.76,0.0015,0.3747,NOMINAL,-20.31
25,154,73,54.19,7.94,41.13,67.26,0.0014,0.3449,NOMINAL,-18.81
25,155,72,53.79,8.02,40.6,66.99,0.0016,0.3697,NOMINAL,-18.21
25,156,71,54.93,8.94,40.22,69.63,0.0031,0.3364,NOMINAL,-16.07
25,157,70,52.02,9.12,37.02,67.02,0.0109,0.4625,NOMINAL,-17.98
25,158,69,52.35,9.18,37.25,67.44,0.0104,0.4526,NOMINAL,-16.65
25,159,68,46.66,9.01,31.83,61.49,0.0258,0.7077,MONITOR,-21.34
25,160,67,49.51,9.24,34.31,64.71,0.024,0.5995,MONITOR,-17.49
25,161,66,47.28,6.91,35.92,58.65,0.0028,0.711,MONITOR,-18.72
25,162,65,48.53,6.91,37.16,59.9,0.0018,0.6555,MONITOR,-16.47
25,163,64,48.67,6.4,38.15,59.19,0.0012,0.6547,MONITOR,-15.33
25,164,63,50.51,6.92,39.13,61.9,0.0012,0.5421,MONITOR,-12.49
25,165,62,51.87,6.92,40.48,63.25,0.0011,0.4471,NOMINAL,-10.13
25,166,61,52.06,6.4,41.53,62.59,0.001,0.4237,NOMINAL,-8.94
25,167,60,50.04,6.25,39.76,60.32,0.001,0.5717,MONITOR,-9.96
25,168,59,48.83,5.82,39.25,58.4,0.001,0.6521,MONITOR,-10.17
25,169,58,49.36,5.87,39.7,59.01,0.001,0.6195,MONITOR,-8.64
26,52,89,121.76,9.88,105.51,138.02,0.001,0.001,NOMINAL,32.76
26,53,88,120.4,11.09,102.15,138.64,0.001,0.001,NOMINAL,32.4
26,54,87,119.35,12.57,98.68,140.03,0.001,0.001,NOMINAL,32.35
26,55,86,119.43,11.15,101.09,137.76,0.001,0.001,NOMINAL,33.43
26,56,85,120.53,11.09,102.29,138.77,0.001,0.001,NOMINAL,35.53
26,57,84,120.37,11.15,102.04,138.71,0.001,0.001,NOMINAL,36.37
26,58,83,119.24,11.15,100.91,137.58,0.001,0.001,NOMINAL,36.24
26,59,82,117.62,11.1,99.35,135.88,0.001,0.001,NOMINAL,35.62
26,60,81,119.19,11.15,100.85,137.52,0.001,0.001,NOMINAL,38.19
26,61,80,117.42,11.1,99.16,135.69,0.001,0.001,NOMINAL,37.42
26,62,79,117.42,11.1,99.16,135.69,0.001,0.001,NOMINAL,38.42
26,63,78,112.17,11.1,93.91,130.44,0.001,0.001,NOMINAL,34.17
26,64,77,113.5,11.1,95.24,131.77,0.001,0.001,NOMINAL,36.5
26,65,76,106.56,11.97,86.87,126.25,0.001,0.0011,NOMINAL,30.56
26,66,75,106.38,11.29,87.81,124.94,0.001,0.001,NOMINAL,31.38
26,67,74,92.24,11.03,74.1,110.39,0.001,0.0039,NOMINAL,18.24
26,68,73,86.92,11.02,68.79,105.05,0.001,0.0189,NOMINAL,13.92
26,69,72,87.01,11.02,68.88,105.13,0.001,0.0184,NOMINAL,15.01
26,70,71,88.49,11.02,70.37,106.62,0.001,0.0116,NOMINAL,17.49
26,71,70,85.85,11.81,66.41,105.28,0.001,0.0254,NOMINAL,15.85
26,72,69,85.89,11.38,67.16,104.62,0.001,0.0244,NOMINAL,16.89
26,73,68,82.87,10.21,66.08,99.66,0.001,0.0237,NOMINAL,14.87
26,74,67,83.26,10.54,65.93,100.59,0.001,0.0244,NOMINAL,16.26
26,75,66,84.85,11.3,66.26,103.44,0.001,0.0253,NOMINAL,18.85
26,76,65,83.83,11.17,65.46,102.2,0.001,0.0255,NOMINAL,18.83
26,77,64,87.8,11.98,68.09,107.5,0.001,0.0244,NOMINAL,23.8
26,78,63,89.75,11.59,70.69,108.81,0.001,0.0143,NOMINAL,26.75
26,79,62,94.85,12.51,74.28,115.42,0.001,0.0084,NOMINAL,32.85
26,80,61,96.19,11.6,77.11,115.27,0.001,0.0025,NOMINAL,35.19
26,81,60,92.25,11.02,74.13,110.38,0.001,0.0038,NOMINAL,32.25
26,82,59,88.77,11.47,69.9,107.65,0.001,0.0171,NOMINAL,29.77
26,83,58,85.52,10.99,67.45,103.6,0.001,0.0236,NOMINAL,27.52
26,84,57,81.86,10.41,64.73,98.98,0.001,0.0253,NOMINAL,24.86
26,85,56,77.97,10.33,60.98,94.96,0.001,0.0272,NOMINAL,21.97
26,86,55,76.63,10.3,59.69,93.58,0.001,0.0302,NOMINAL,21.63
26,87,54,76.79,10.01,60.33,93.25,0.001,0.0283,NOMINAL,22.79
26,88,53,76.55,10.16,59.84,93.26,0.001,0.03,NOMINAL,23.55
26,89,52,76.27,10.08,59.69,92.84,0.001,0.0301,NOMINAL,24.27
26,90,51,69.25,8.78,54.81,83.69,0.001,0.0454,NOMINAL,18.25
26,91,50,68.72,9.05,53.84,83.6,0.001,0.0504,NOMINAL,18.72
26,92,49,64.48,8.16,51.06,77.9,0.001,0.0683,NOMINAL,15.48
26,93,48,64.23,8.09,50.92,77.54,0.001,0.0694,NOMINAL,16.23
26,94,47,59.83,8.08,46.53,73.12,0.001,0.1289,NOMINAL,12.83
26,95,46,61.06,8.01,47.89,74.24,0.001,0.1053,NOMINAL,15.06
26,96,45,59.04,7.7,46.37,71.7,0.001,0.1322,NOMINAL,14.04
26,97,44,59.22,7.73,46.51,71.93,0.001,0.1303,NOMINAL,15.22
26,98,43,51.92,6.14,41.82,62.02,0.001,0.428,NOMINAL,8.92
26,99,42,55.13,6.27,44.82,65.45,0.001,0.227,NOMINAL,13.13
26,100,41,56.48,7.7,43.82,69.15,0.0011,0.2193,NOMINAL,15.48
26,101,40,55.61,6.36,45.16,66.07,0.001,0.2,NOMINAL,15.61
26,102,39,53.34,6.38,42.84,63.84,0.001,0.3467,NOMINAL,14.34
26,103,38,50.15,6.19,39.97,60.33,0.001,0.5641,MONITOR,12.15
26,104,37,47.08,6.24,36.81,57.35,0.0013,0.7333,MONITOR,10.08
26,105,36,46.73,6.23,36.48,56.98,0.0014,0.748,MONITOR,10.73
26,106,35,43.47,5.6,34.26,52.68,0.0016,0.8833,WARNING,8.47
26,107,34,43.85,5.39,34.97,52.72,0.0012,0.8797,WARNING,9.85
26,108,33,38.4,5.38,29.56,47.25,0.0148,0.9659,WARNING,5.4
26,109,32,37.32,5.43,28.38,46.25,0.024,0.9715,WARNING,5.32
26,110,31,33.47,5.46,24.49,42.45,0.0332,0.9904,WARNING,2.47
26,111,30,32.34,5.49,23.31,41.37,0.0424,0.9927,WARNING,2.34
26,112,29,31.71,5.52,22.64,40.79,0.0491,0.9939,WARNING,2.71
26,113,28,32.38,5.86,22.73,42.03,0.0492,0.99,WARNING,4.38
26,114,27,29.18,5.66,19.87,38.49,0.0844,0.9983,WARNING,2.18
26,115,26,28.6,6.13,18.51,38.69,0.1029,0.9967,WARNING,2.6
26,116,25,28.85,5.68,19.51,38.18,0.0916,0.9986,WARNING,3.85
26,117,24,28.73,5.72,19.33,38.14,0.0936,0.9985,WARNING,4.73
26,118,23,26.46,4.33,19.33,33.59,0.096,0.9998,WARNING,3.46
26,119,22,25.64,4.04,19.0,32.28,0.1037,0.9998,WARNING,3.64
26,120,21,24.86,4.41,17.59,32.12,0.1486,0.9998,WARNING,3.86
26,121,20,26.08,4.04,19.44,32.72,0.0953,0.9998,WARNING,6.08
26,122,19,24.23,4.16,17.4,31.07,0.1693,0.9998,WARNING,5.23
26,123,18,24.86,4.19,17.97,31.74,0.134,0.9998,WARNING,6.86
26,124,17,23.64,4.2,16.73,30.55,0.2073,0.9998,WARNING,6.64
26,125,16,21.94,4.23,14.98,28.89,0.3775,0.9998,WARNING,5.94
26,126,15,18.46,4.11,11.7,25.21,0.7083,0.9998,WARNING,3.46
26,127,14,15.97,4.28,8.94,23.0,0.8483,0.9998,WARNING,1.97
26,128,13,13.66,4.4,6.42,20.9,0.9221,0.9998,CRITICAL,0.66
26,129,12,14.41,4.37,7.23,21.6,0.905,0.9998,CRITICAL,2.41
26,130,11,12.17,4.54,4.69,19.64,0.944,0.9998,CRITICAL,1.17
27,52,125,106.79,12.58,86.09,127.49,0.001,0.0011,NOMINAL,-18.21
27,53,125,108.47,12.58,87.77,129.17,0.001,0.0011,NOMINAL,-16.53
27,54,125,109.83,12.52,89.23,130.42,0.001,0.001,NOMINAL,-15.17
27,55,125,112.7,11.1,94.43,130.96,0.001,0.001,NOMINAL,-12.3
27,56,125,112.7,12.52,92.1,133.29,0.001,0.001,NOMINAL,-12.3
27,57,125,113.18,12.52,92.58,133.77,0.001,0.001,NOMINAL,-11.82
27,58,125,113.18,12.52,92.58,133.77,0.001,0.001,NOMINAL,-11.82
27,59,125,113.78,12.52,93.19,134.38,0.001,0.001,NOMINAL,-11.22
27,60,125,113.78,12.52,93.19,134.38,0.001,0.001,NOMINAL,-11.22
27,61,125,113.68,12.52,93.08,134.27,0.001,0.001,NOMINAL,-11.32
27,62,125,114.57,12.52,93.98,135.16,0.001,0.001,NOMINAL,-10.43
27,63,125,114.23,12.52,93.64,134.82,0.001,0.001,NOMINAL,-10.77
27,64,125,114.45,11.0,96.36,132.54,0.001,0.001,NOMINAL,-10.55
27,65,125,113.94,12.3,93.7,134.17,0.001,0.001,NOMINAL,-11.06
27,66,125,115.14,11.28,96.58,133.7,0.001,0.001,NOMINAL,-9.86
27,67,125,118.91,11.38,100.19,137.64,0.001,0.001,NOMINAL,-6.09
27,68,124,119.08,11.38,100.36,137.81,0.001,0.001,NOMINAL,-4.92
27,69,123,119.08,11.35,100.42,137.75,0.001,0.001,NOMINAL,-3.92
27,70,122,121.44,9.57,105.7,137.18,0.001,0.001,NOMINAL,-0.56
27,71,121,121.3,10.43,104.15,138.45,0.001,0.001,NOMINAL,0.3
27,72,120,121.3,10.43,104.15,138.45,0.001,0.001,NOMINAL,1.3
27,73,119,118.77,11.34,100.12,137.42,0.001,0.001,NOMINAL,-0.23
27,74,118,118.66,10.67,101.11,136.21,0.001,0.001,NOMINAL,0.66
27,75,117,118.61,9.62,102.78,134.43,0.001,0.001,NOMINAL,1.61
27,76,116,118.42,9.62,102.59,134.24,0.001,0.001,NOMINAL,2.42
27,77,115,120.88,8.36,107.14,134.63,0.001,0.001,NOMINAL,5.88
27,78,114,121.19,9.42,105.69,136.69,0.001,0.001,NOMINAL,7.19
27,79,113,120.89,9.51,105.25,136.53,0.001,0.001,NOMINAL,7.89
27,80,112,119.42,9.62,103.6,135.25,0.001,0.001,NOMINAL,7.42
27,81,111,122.68,7.23,110.78,134.57,0.001,0.001,NOMINAL,11.68
27,82,110,121.35,8.37,107.58,135.12,0.001,0.001,NOMINAL,11.35
27,83,109,122.05,7.04,110.46,133.63,0.001,0.001,NOMINAL,13.05
27,84,108,123.19,6.94,111.78,134.6,0.001,0.001,NOMINAL,15.19
27,85,107,118.7,9.68,102.79,134.62,0.001,0.001,NOMINAL,11.7
27,86,106,121.03,8.17,107.6,134.47,0.001,0.001,NOMINAL,15.03
27,87,105,121.57,7.38,109.43,133.71,0.001,0.001,NOMINAL,16.57
27,88,104,122.94,6.94,111.53,134.35,0.001,0.001,NOMINAL,18.94
27,89,103,122.94,7.04,111.36,134.52,0.001,0.001,NOMINAL,19.94
27,90,102,121.91,7.17,110.12,133.7,0.001,0.001,NOMINAL,19.91
27,91,101,123.4,6.94,111.99,134.81,0.001,0.001,NOMINAL,22.4
27,92,100,121.48,7.28,109.51,133.45,0.001,0.001,NOMINAL,21.48
27,93,99,120.72,8.42,106.87,134.57,0.001,0.001,NOMINAL,21.72
27,94,98,122.21,8.36,108.45,135.96,0.001,0.001,NOMINAL,24.21
27,95,97,121.98,8.46,108.07,135.89,0.001,0.001,NOMINAL,24.98
27,96,96,119.64,10.71,102.02,137.25,0.001,0.001,NOMINAL,23.64
27,97,95,117.88,10.72,100.24,135.51,0.001,0.001,NOMINAL,22.88
27,98,94,115.14,11.69,95.91,134.36,0.001,0.001,NOMINAL,21.14
27,99,93,108.23,12.46,87.74,128.72,0.001,0.0011,NOMINAL,15.23
27,100,92,106.29,11.67,87.09,125.49,0.001,0.001,NOMINAL,14.29
27,101,91,107.7,12.4,87.3,128.1,0.001,0.0011,NOMINAL,16.7
27,102,90,109.04,12.46,88.55,129.53,0.001,0.0011,NOMINAL,19.04
27,103,89,101.79,11.5,82.87,120.71,0.001,0.0012,NOMINAL,12.79
27,104,88,101.47,11.43,82.67,120.27,0.001,0.0012,NOMINAL,13.47
28,52,125,123.13,6.53,112.39,133.87,0.001,0.001,NOMINAL,-1.87
28,53,125,123.31,7.36,111.2,135.42,0.001,0.001,NOMINAL,-1.69
28,54,125,123.31,7.08,111.67,134.95,0.001,0.001,NOMINAL,-1.69
28,55,125,123.52,5.76,114.04,133.0,0.001,0.001,NOMINAL,-1.48
28,56,125,123.52,6.25,113.24,133.79,0.001,0.001,NOMINAL,-1.48
28,57,125,123.52,6.25,113.24,133.79,0.001,0.001,NOMINAL,-1.48
28,58,125,123.52,6.25,113.24,133.79,0.001,0.001,NOMINAL,-1.48
28,59,125,123.52,6.32,113.12,133.91,0.001,0.001,NOMINAL,-1.48
28,60,125,123.52,7.14,111.78,135.25,0.001,0.001,NOMINAL,-1.48
28,61,125,123.32,7.94,110.26,136.38,0.001,0.001,NOMINAL,-1.68
28,62,125,123.52,6.32,113.12,133.91,0.001,0.001,NOMINAL,-1.48
28,63,125,123.32,7.94,110.26,136.38,0.001,0.001,NOMINAL,-1.68
28,64,125,123.52,7.14,111.78,135.25,0.001,0.001,NOMINAL,-1.48
28,65,125,123.52,6.99,112.01,135.02,0.001,0.001,NOMINAL,-1.48
28,66,125,123.52,6.25,113.24,133.79,0.001,0.001,NOMINAL,-1.48
28,67,125,124.07,5.68,114.74,133.41,0.001,0.001,NOMINAL,-0.93
28,68,125,123.97,4.0,117.39,130.56,0.001,0.001,NOMINAL,-1.03
28,69,125,123.97,6.15,113.85,134.09,0.001,0.001,NOMINAL,-1.03
28,70,125,121.79,7.88,108.83,134.76,0.001,0.001,NOMINAL,-3.21
29,52,125,120.96,11.77,101.6,140.32,0.001,0.001,NOMINAL,-4.04
29,53,125,120.91,13.27,99.08,142.74,0.001,0.001,NOMINAL,-4.09
29,54,125,121.09,13.48,98.92,143.26,0.001,0.001,NOMINAL,-3.91
29,55,125,121.09,11.12,102.79,139.38,0.001,0.001,NOMINAL,-3.91
29,56,125,121.09,10.02,104.61,137.57,0.001,0.001,NOMINAL,-3.91
29,57,125,119.49,8.89,104.88,134.11,0.001,0.001,NOMINAL,-5.51
29,58,125,119.37,10.02,102.89,135.85,0.001,0.001,NOMINAL,-5.63
29,59,125,118.37,8.89,103.75,132.98,0.001,0.001,NOMINAL,-6.63
29,60,125,118.37,10.86,100.5,136.23,0.001,0.001,NOMINAL,-6.63
29,61,125,118.7,11.77,99.34,138.06,0.001,0.001,NOMINAL,-6.3
29,62,125,118.37,10.7,100.77,135.96,0.001,0.001,NOMINAL,-6.63
29,63,125,120.51,8.72,106.16,134.86,0.001,0.001,NOMINAL,-4.49
29,64,125,120.14,11.21,101.69,138.58,0.001,0.001,NOMINAL,-4.86
29,65,125,120.32,11.21,101.87,138.76,0.001,0.001,NOMINAL,-4.68
29,66,125,118.37,8.89,103.75,132.98,0.001,0.001,NOMINAL,-6.63
29,67,125,120.51,8.98,105.73,135.28,0.001,0.001,NOMINAL,-4.49
29,68,125,119.9,11.41,101.13,138.67,0.001,0.001,NOMINAL,-5.1
29,69,125,118.06,11.06,99.86,136.26,0.001,0.001,NOMINAL,-6.94
29,70,125,118.18,11.21,99.73,136.62,0.001,0.001,NOMINAL,-6.82
29,71,125,118.38,9.3,103.09,133.68,0.001,0.001,NOMINAL,-6.62
29,72,125,117.61,12.55,96.97,138.24,0.001,0.001,NOMINAL,-7.39
29,73,125,115.32,12.57,94.65,135.99,0.001,0.001,NOMINAL,-9.68
29,74,125,117.03,11.23,98.56,135.51,0.001,0.001,NOMINAL,-7.97
29,75,125,115.24,12.57,94.57,135.91,0.001,0.001,NOMINAL,-9.76
29,76,125,115.24,11.15,96.91,133.58,0.001,0.001,NOMINAL,-9.76
29,77,125,112.95,12.52,92.36,133.54,0.001,0.001,NOMINAL,-12.05
29,78,125,109.99,12.52,89.39,130.58,0.001,0.001,NOMINAL,-15.01
29,79,125,108.8,12.36,88.46,129.13,0.001,0.0011,NOMINAL,-16.2
29,80,125,105.34,12.21,85.26,125.43,0.001,0.0011,NOMINAL,-19.66
29,81,125,105.59,11.1,87.32,123.85,0.001,0.001,NOMINAL,-19.41
29,82,125,103.49,11.69,84.27,122.72,0.001,0.0011,NOMINAL,-21.51
29,83,125,106.71,11.32,88.09,125.32,0.001,0.001,NOMINAL,-18.29
29,84,125,99.92,11.49,81.02,118.82,0.001,0.0013,NOMINAL,-25.08
29,85,125,97.17,11.49,78.27,116.07,0.001,0.0019,NOMINAL,-27.83
29,86,125,92.55,11.49,73.65,111.44,0.001,0.0057,NOMINAL,-32.45
29,87,125,108.7,12.52,88.1,129.29,0.001,0.0011,NOMINAL,-16.3
29,88,125,111.02,12.52,90.43,131.62,0.001,0.001,NOMINAL,-13.98
29,89,124,114.32,11.1,96.05,132.58,0.001,0.001,NOMINAL,-9.68
30,52,125,124.47,2.63,120.15,128.79,0.001,0.001,NOMINAL,-0.53
30,53,125,124.47,2.61,120.18,128.76,0.001,0.001,NOMINAL,-0.53
30,54,125,124.47,2.61,120.18,128.76,0.001,0.001,NOMINAL,-0.53
30,55,125,124.47,2.61,120.18,128.76,0.001,0.001,NOMINAL,-0.53
30,56,125,124.47,2.63,120.15,128.79,0.001,0.001,NOMINAL,-0.53
30,57,125,124.47,2.61,120.18,128.76,0.001,0.001,NOMINAL,-0.53
30,58,125,124.47,2.61,120.18,128.76,0.001,0.001,NOMINAL,-0.53
30,59,125,124.47,2.61,120.18,128.76,0.001,0.001,NOMINAL,-0.53
30,60,125,124.47,2.61,120.18,128.76,0.001,0.001,NOMINAL,-0.53
30,61,125,124.47,2.61,120.18,128.76,0.001,0.001,NOMINAL,-0.53
30,62,125,124.47,2.61,120.18,128.76,0.001,0.001,NOMINAL,-0.53
30,63,125,124.47,2.61,120.18,128.76,0.001,0.001,NOMINAL,-0.53
30,64,125,124.47,2.61,120.18,128.76,0.001,0.001,NOMINAL,-0.53
30,65,125,124.12,4.16,117.27,130.97,0.001,0.001,NOMINAL,-0.88
30,66,125,124.12,6.42,113.56,134.67,0.001,0.001,NOMINAL,-0.88
30,67,125,124.47,5.39,115.6,133.34,0.001,0.001,NOMINAL,-0.53
30,68,125,124.47,2.61,120.18,128.76,0.001,0.001,NOMINAL,-0.53
30,69,125,124.47,2.61,120.18,128.76,0.001,0.001,NOMINAL,-0.53
30,70,125,124.47,2.61,120.18,128.76,0.001,0.001,NOMINAL,-0.53
30,71,125,124.47,2.61,120.18,128.76,0.001,0.001,NOMINAL,-0.53
30,72,125,124.47,2.61,120.18,128.76,0.001,0.001,NOMINAL,-0.53
30,73,125,124.47,2.61,120.18,128.76,0.001,0.001,NOMINAL,-0.53
30,74,125,124.47,2.61,120.18,128.76,0.001,0.001,NOMINAL,-0.53
30,75,125,124.47,2.61,120.18,128.76,0.001,0.001,NOMINAL,-0.53
30,76,125,124.47,2.61,120.18,128.76,0.001,0.001,NOMINAL,-0.53
30,77,125,124.47,2.61,120.18,128.76,0.001,0.001,NOMINAL,-0.53
30,78,125,124.47,2.61,120.18,128.76,0.001,0.001,NOMINAL,-0.53
30,79,125,124.47,2.61,120.18,128.76,0.001,0.001,NOMINAL,-0.53
30,80,125,124.47,2.61,120.18,128.76,0.001,0.001,NOMINAL,-0.53
30,81,125,124.47,2.61,120.18,128.76,0.001,0.001,NOMINAL,-0.53
30,82,125,124.47,2.61,120.18,128.76,0.001,0.001,NOMINAL,-0.53
30,83,125,124.47,2.61,120.18,128.76,0.001,0.001,NOMINAL,-0.53
30,84,125,124.47,2.61,120.18,128.76,0.001,0.001,NOMINAL,-0.53
30,85,125,124.47,2.61,120.18,128.76,0.001,0.001,NOMINAL,-0.53
30,86,125,124.47,2.61,120.18,128.76,0.001,0.001,NOMINAL,-0.53
30,87,125,124.47,2.61,120.18,128.76,0.001,0.001,NOMINAL,-0.53
30,88,125,124.47,2.61,120.18,128.76,0.001,0.001,NOMINAL,-0.53
30,89,125,124.47,2.61,120.18,128.76,0.001,0.001,NOMINAL,-0.53
30,90,125,124.47,2.61,120.18,128.76,0.001,0.001,NOMINAL,-0.53
30,91,125,124.47,2.61,120.18,128.76,0.001,0.001,NOMINAL,-0.53
30,92,125,124.47,2.61,120.18,128.76,0.001,0.001,NOMINAL,-0.53
30,93,125,124.47,2.61,120.18,128.76,0.001,0.001,NOMINAL,-0.53
30,94,125,124.47,2.61,120.18,128.76,0.001,0.001,NOMINAL,-0.53
30,95,125,124.47,2.61,120.18,128.76,0.001,0.001,NOMINAL,-0.53
30,96,125,124.47,2.61,120.18,128.76,0.001,0.001,NOMINAL,-0.53
30,97,125,124.47,2.61,120.18,128.76,0.001,0.001,NOMINAL,-0.53
30,98,125,124.47,2.61,120.18,128.76,0.001,0.001,NOMINAL,-0.53
30,99,125,124.47,2.61,120.18,128.76,0.001,0.001,NOMINAL,-0.53
30,100,125,124.47,2.61,120.18,128.76,0.001,0.001,NOMINAL,-0.53
30,101,125,124.47,2.61,120.18,128.76,0.001,0.001,NOMINAL,-0.53
30,102,125,124.47,2.61,120.18,128.76,0.001,0.001,NOMINAL,-0.53
30,103,125,124.47,2.61,120.18,128.76,0.001,0.001,NOMINAL,-0.53
30,104,125,124.47,2.61,120.18,128.76,0.001,0.001,NOMINAL,-0.53
30,105,125,124.47,2.61,120.18,128.76,0.001,0.001,NOMINAL,-0.53
30,106,125,124.47,2.61,120.18,128.76,0.001,0.001,NOMINAL,-0.53
30,107,125,124.47,2.61,120.18,128.76,0.001,0.001,NOMINAL,-0.53
30,108,125,124.47,2.61,120.18,128.76,0.001,0.001,NOMINAL,-0.53
30,109,125,124.47,2.61,120.18,128.76,0.001,0.001,NOMINAL,-0.53
30,110,125,124.47,2.61,120.18,128.76,0.001,0.001,NOMINAL,-0.53
30,111,125,124.47,2.61,120.18,128.76,0.001,0.001,NOMINAL,-0.53
30,112,125,124.47,2.61,120.18,128.76,0.001,0.001,NOMINAL,-0.53
30,113,125,124.47,2.61,120.18,128.76,0.001,0.001,NOMINAL,-0.53
30,114,125,124.47,2.61,120.18,128.76,0.001,0.001,NOMINAL,-0.53
30,115,125,124.47,2.61,120.18,128.76,0.001,0.001,NOMINAL,-0.53
30,116,125,124.47,2.61,120.18,128.76,0.001,0.001,NOMINAL,-0.53
30,117,125,124.47,2.61,120.18,128.76,0.001,0.001,NOMINAL,-0.53
30,118,125,124.47,2.61,120.18,128.76,0.001,0.001,NOMINAL,-0.53
30,119,125,124.47,2.61,120.18,128.76,0.001,0.001,NOMINAL,-0.53
30,120,125,124.47,2.61,120.18,128.76,0.001,0.001,NOMINAL,-0.53
30,121,125,124.47,2.61,120.18,128.76,0.001,0.001,NOMINAL,-0.53
30,122,125,124.47,2.61,120.18,128.76,0.001,0.001,NOMINAL,-0.53
30,123,125,124.47,2.61,120.18,128.76,0.001,0.001,NOMINAL,-0.53
30,124,125,124.47,2.61,120.18,128.76,0.001,0.001,NOMINAL,-0.53
30,125,125,124.47,2.61,120.18,128.76,0.001,0.001,NOMINAL,-0.53
30,126,125,124.47,2.61,120.18,128.76,0.001,0.001,NOMINAL,-0.53
30,127,125,124.47,2.61,120.18,128.76,0.001,0.001,NOMINAL,-0.53
30,128,125,124.47,2.61,120.18,128.76,0.001,0.001,NOMINAL,-0.53
30,129,125,124.47,2.61,120.18,128.76,0.001,0.001,NOMINAL,-0.53
30,130,125,124.47,2.61,120.18,128.76,0.001,0.001,NOMINAL,-0.53
30,131,125,124.47,2.61,120.18,128.76,0.001,0.001,NOMINAL,-0.53
30,132,125,124.47,2.61,120.18,128.76,0.001,0.001,NOMINAL,-0.53
30,133,125,124.47,2.61,120.18,128.76,0.001,0.001,NOMINAL,-0.53
30,134,125,124.47,2.61,120.18,128.76,0.001,0.001,NOMINAL,-0.53
30,135,125,124.47,2.61,120.18,128.76,0.001,0.001,NOMINAL,-0.53
30,136,125,124.47,2.61,120.18,128.76,0.001,0.001,NOMINAL,-0.53
30,137,125,124.47,2.61,120.18,128.76,0.001,0.001,NOMINAL,-0.53
30,138,125,124.47,2.61,120.18,128.76,0.001,0.001,NOMINAL,-0.53
30,139,125,124.47,2.61,120.18,128.76,0.001,0.001,NOMINAL,-0.53
30,140,125,124.47,2.61,120.18,128.76,0.001,0.001,NOMINAL,-0.53
30,141,125,124.47,2.61,120.18,128.76,0.001,0.001,NOMINAL,-0.53
30,142,125,124.47,2.61,120.18,128.76,0.001,0.001,NOMINAL,-0.53
30,143,125,124.47,2.61,120.18,128.76,0.001,0.001,NOMINAL,-0.53
30,144,125,124.47,2.61,120.18,128.76,0.001,0.001,NOMINAL,-0.53
30,145,125,124.47,2.61,120.18,128.76,0.001,0.001,NOMINAL,-0.53
30,146,125,124.47,2.61,120.18,128.76,0.001,0.001,NOMINAL,-0.53
30,147,125,124.47,2.61,120.18,128.76,0.001,0.001,NOMINAL,-0.53
30,148,125,124.47,2.61,120.18,128.76,0.001,0.001,NOMINAL,-0.53
30,149,125,124.47,2.61,120.18,128.76,0.001,0.001,NOMINAL,-0.53
30,150,125,124.47,2.61,120.18,128.76,0.001,0.001,NOMINAL,-0.53
30,151,125,124.47,2.61,120.18,128.76,0.001,0.001,NOMINAL,-0.53
30,152,125,124.47,2.61,120.18,128.76,0.001,0.001,NOMINAL,-0.53
30,153,125,124.47,2.61,120.18,128.76,0.001,0.001,NOMINAL,-0.53
30,154,125,124.47,2.61,120.18,128.76,0.001,0.001,NOMINAL,-0.53
30,155,125,124.47,2.61,120.18,128.76,0.001,0.001,NOMINAL,-0.53
30,156,125,124.47,2.61,120.18,128.76,0.001,0.001,NOMINAL,-0.53
30,157,125,124.47,2.61,120.18,128.76,0.001,0.001,NOMINAL,-0.53
30,158,125,124.47,2.61,120.18,128.76,0.001,0.001,NOMINAL,-0.53
30,159,125,124.47,2.61,120.18,128.76,0.001,0.001,NOMINAL,-0.53
30,160,125,124.47,2.61,120.18,128.76,0.001,0.001,NOMINAL,-0.53
30,161,125,124.47,2.61,120.18,128.76,0.001,0.001,NOMINAL,-0.53
30,162,125,124.47,2.61,120.18,128.76,0.001,0.001,NOMINAL,-0.53
30,163,125,124.47,2.61,120.18,128.76,0.001,0.001,NOMINAL,-0.53
30,164,125,124.47,2.61,120.18,128.76,0.001,0.001,NOMINAL,-0.53
30,165,125,124.47,2.61,120.18,128.76,0.001,0.001,NOMINAL,-0.53
30,166,125,124.47,2.61,120.18,128.76,0.001,0.001,NOMINAL,-0.53
30,167,125,124.47,2.61,120.18,128.76,0.001,0.001,NOMINAL,-0.53
30,168,125,124.47,2.61,120.18,128.76,0.001,0.001,NOMINAL,-0.53
30,169,125,124.47,2.61,120.18,128.76,0.001,0.001,NOMINAL,-0.53
30,170,125,124.47,2.61,120.18,128.76,0.001,0.001,NOMINAL,-0.53
30,171,125,124.47,2.61,120.18,128.76,0.001,0.001,NOMINAL,-0.53
30,172,125,124.47,2.61,120.18,128.76,0.001,0.001,NOMINAL,-0.53
30,173,125,124.47,2.61,120.18,128.76,0.001,0.001,NOMINAL,-0.53
30,174,125,124.47,2.61,120.18,128.76,0.001,0.001,NOMINAL,-0.53
30,175,125,124.47,2.61,120.18,128.76,0.001,0.001,NOMINAL,-0.53
30,176,125,124.47,2.61,120.18,128.76,0.001,0.001,NOMINAL,-0.53
30,177,125,124.47,2.61,120.18,128.76,0.001,0.001,NOMINAL,-0.53
30,178,125,124.47,2.61,120.18,128.76,0.001,0.001,NOMINAL,-0.53
30,179,125,124.47,2.61,120.18,128.76,0.001,0.001,NOMINAL,-0.53
30,180,125,124.47,2.61,120.18,128.76,0.001,0.001,NOMINAL,-0.53
30,181,125,124.47,2.61,120.18,128.76,0.001,0.001,NOMINAL,-0.53
30,182,125,124.47,2.61,120.18,128.76,0.001,0.001,NOMINAL,-0.53
30,183,125,124.47,2.61,120.18,128.76,0.001,0.001,NOMINAL,-0.53
30,184,125,124.47,2.61,120.18,128.76,0.001,0.001,NOMINAL,-0.53
30,185,125,124.47,2.61,120.18,128.76,0.001,0.001,NOMINAL,-0.53
30,186,125,124.47,2.61,120.18,128.76,0.001,0.001,NOMINAL,-0.53
30,187,125,124.47,2.61,120.18,128.76,0.001,0.001,NOMINAL,-0.53
30,188,125,124.47,3.02,119.51,129.43,0.001,0.001,NOMINAL,-0.53
30,189,125,124.47,2.77,119.92,129.02,0.001,0.001,NOMINAL,-0.53
30,190,125,124.47,2.76,119.93,129.01,0.001,0.001,NOMINAL,-0.53
30,191,125,124.47,2.76,119.93,129.01,0.001,0.001,NOMINAL,-0.53
30,192,125,124.47,2.61,120.18,128.76,0.001,0.001,NOMINAL,-0.53
30,193,125,124.47,2.61,120.18,128.76,0.001,0.001,NOMINAL,-0.53
30,194,125,124.47,2.61,120.18,128.76,0.001,0.001,NOMINAL,-0.53
30,195,125,124.47,2.61,120.18,128.76,0.001,0.001,NOMINAL,-0.53
30,196,125,124.47,2.61,120.18,128.76,0.001,0.001,NOMINAL,-0.53
30,197,125,124.47,2.61,120.18,128.76,0.001,0.001,NOMINAL,-0.53
30,198,125,124.47,2.61,120.18,128.76,0.001,0.001,NOMINAL,-0.53
30,199,125,124.47,2.61,120.18,128.76,0.001,0.001,NOMINAL,-0.53
30,200,125,124.47,3.02,119.51,129.43,0.001,0.001,NOMINAL,-0.53
30,201,125,124.47,2.76,119.93,129.01,0.001,0.001,NOMINAL,-0.53
30,202,125,124.47,2.76,119.93,129.01,0.001,0.001,NOMINAL,-0.53
30,203,125,124.47,2.76,119.93,129.01,0.001,0.001,NOMINAL,-0.53
30,204,125,124.47,2.61,120.18,128.76,0.001,0.001,NOMINAL,-0.53
30,205,125,124.47,2.61,120.18,128.76,0.001,0.001,NOMINAL,-0.53
30,206,125,124.47,2.61,120.18,128.76,0.001,0.001,NOMINAL,-0.53
30,207,125,124.47,2.61,120.18,128.76,0.001,0.001,NOMINAL,-0.53
30,208,125,124.47,2.61,120.18,128.76,0.001,0.001,NOMINAL,-0.53
30,209,125,124.47,2.61,120.18,128.76,0.001,0.001,NOMINAL,-0.53
30,210,125,124.47,2.76,119.93,129.01,0.001,0.001,NOMINAL,-0.53
30,211,125,124.47,2.76,119.93,129.01,0.001,0.001,NOMINAL,-0.53
30,212,125,124.47,2.61,120.18,128.76,0.001,0.001,NOMINAL,-0.53
30,213,125,124.47,2.77,119.92,129.02,0.001,0.001,NOMINAL,-0.53
30,214,125,124.47,2.77,119.92,129.02,0.001,0.001,NOMINAL,-0.53
30,215,125,124.47,2.76,119.93,129.01,0.001,0.001,NOMINAL,-0.53
30,216,125,124.47,2.76,119.93,129.01,0.001,0.001,NOMINAL,-0.53
30,217,125,124.47,2.77,119.92,129.02,0.001,0.001,NOMINAL,-0.53
30,218,125,124.47,2.77,119.92,129.02,0.001,0.001,NOMINAL,-0.53
30,219,125,124.47,2.76,119.93,129.01,0.001,0.001,NOMINAL,-0.53
30,220,125,124.47,2.76,119.93,129.01,0.001,0.001,NOMINAL,-0.53
30,221,125,124.47,2.61,120.18,128.76,0.001,0.001,NOMINAL,-0.53
30,222,125,124.47,2.77,119.92,129.02,0.001,0.001,NOMINAL,-0.53
30,223,125,124.47,2.76,119.93,129.01,0.001,0.001,NOMINAL,-0.53
30,224,125,124.47,2.61,120.18,128.76,0.001,0.001,NOMINAL,-0.53
30,225,125,124.47,2.82,119.83,129.12,0.001,0.001,NOMINAL,-0.53
30,226,125,124.47,2.77,119.92,129.02,0.001,0.001,NOMINAL,-0.53
30,227,125,124.47,2.77,119.92,129.02,0.001,0.001,NOMINAL,-0.53
30,228,125,124.25,3.03,119.27,129.24,0.001,0.001,NOMINAL,-0.75
30,229,125,124.47,2.77,119.92,129.02,0.001,0.001,NOMINAL,-0.53
30,230,125,124.45,2.77,119.9,129.0,0.001,0.001,NOMINAL,-0.55
30,231,125,124.47,2.77,119.92,129.02,0.001,0.001,NOMINAL,-0.53
30,232,125,124.47,2.77,119.92,129.02,0.001,0.001,NOMINAL,-0.53
30,233,125,124.45,2.77,119.9,129.0,0.001,0.001,NOMINAL,-0.55
30,234,125,124.47,2.77,119.92,129.02,0.001,0.001,NOMINAL,-0.53
30,235,125,124.47,2.76,119.93,129.01,0.001,0.001,NOMINAL,-0.53
30,236,125,124.47,2.77,119.92,129.02,0.001,0.001,NOMINAL,-0.53
30,237,125,124.47,2.77,119.92,129.02,0.001,0.001,NOMINAL,-0.53
30,238,125,124.47,2.77,119.92,129.02,0.001,0.001,NOMINAL,-0.53
30,239,125,124.47,2.77,119.92,129.02,0.001,0.001,NOMINAL,-0.53
30,240,125,124.47,2.77,119.92,129.02,0.001,0.001,NOMINAL,-0.53
30,241,125,124.47,2.77,119.92,129.02,0.001,0.001,NOMINAL,-0.53
30,242,125,124.45,2.77,119.9,129.0,0.001,0.001,NOMINAL,-0.55
30,243,125,124.47,2.77,119.92,129.02,0.001,0.001,NOMINAL,-0.53
30,244,125,124.47,2.77,119.92,129.02,0.001,0.001,NOMINAL,-0.53
30,245,125,124.12,3.03,119.14,129.1,0.001,0.001,NOMINAL,-0.88
30,246,125,124.25,4.42,116.98,131.53,0.001,0.001,NOMINAL,-0.75
30,247,125,124.12,4.42,116.85,131.39,0.001,0.001,NOMINAL,-0.88
30,248,125,124.12,6.27,113.81,134.43,0.001,0.001,NOMINAL,-0.88
30,249,125,124.12,6.27,113.81,134.43,0.001,0.001,NOMINAL,-0.88
30,250,125,123.93,6.36,113.47,134.38,0.001,0.001,NOMINAL,-1.07
30,251,125,124.47,6.27,114.16,134.78,0.001,0.001,NOMINAL,-0.53
30,252,125,124.25,5.73,114.83,133.67,0.001,0.001,NOMINAL,-0.75
30,253,125,124.47,4.04,117.83,131.11,0.001,0.001,NOMINAL,-0.53
30,254,125,124.47,2.77,119.92,129.02,0.001,0.001,NOMINAL,-0.53
30,255,125,124.21,2.77,119.66,128.77,0.001,0.001,NOMINAL,-0.79
30,256,125,124.47,2.77,119.92,129.02,0.001,0.001,NOMINAL,-0.53
30,257,125,124.47,2.77,119.92,129.02,0.001,0.001,NOMINAL,-0.53
30,258,125,124.47,2.77,119.92,129.02,0.001,0.001,NOMINAL,-0.53
30,259,125,124.47,2.77,119.92,129.02,0.001,0.001,NOMINAL,-0.53
30,260,125,124.47,2.77,119.92,129.02,0.001,0.001,NOMINAL,-0.53
30,261,125,124.47,2.77,119.92,129.02,0.001,0.001,NOMINAL,-0.53
30,262,125,124.47,2.77,119.92,129.02,0.001,0.001,NOMINAL,-0.53
30,263,125,124.47,2.77,119.92,129.02,0.001,0.001,NOMINAL,-0.53
30,264,125,124.47,2.77,119.92,129.02,0.001,0.001,NOMINAL,-0.53
30,265,125,124.47,2.77,119.92,129.02,0.001,0.001,NOMINAL,-0.53
30,266,125,124.47,2.77,119.92,129.02,0.001,0.001,NOMINAL,-0.53
30,267,125,124.47,2.77,119.92,129.02,0.001,0.001,NOMINAL,-0.53
30,268,125,124.37,3.0,119.44,129.31,0.001,0.001,NOMINAL,-0.63
30,269,125,124.37,3.0,119.44,129.31,0.001,0.001,NOMINAL,-0.63
30,270,125,124.12,4.34,116.98,131.25,0.001,0.001,NOMINAL,-0.88
30,271,125,123.95,6.36,113.49,134.4,0.001,0.001,NOMINAL,-1.05
30,272,125,123.74,6.45,113.12,134.35,0.001,0.001,NOMINAL,-1.26
30,273,125,123.59,6.45,112.97,134.2,0.001,0.001,NOMINAL,-1.41
30,274,125,124.12,6.25,113.84,134.4,0.001,0.001,NOMINAL,-0.88
30,275,125,124.12,6.25,113.84,134.4,0.001,0.001,NOMINAL,-0.88
30,276,125,124.18,6.15,114.06,134.3,0.001,0.001,NOMINAL,-0.82
30,277,125,124.37,6.15,114.25,134.49,0.001,0.001,NOMINAL,-0.63
30,278,125,123.03,7.43,110.8,135.26,0.001,0.001,NOMINAL,-1.97
30,279,125,124.24,6.45,113.62,134.85,0.001,0.001,NOMINAL,-0.76
30,280,125,123.78,6.45,113.16,134.39,0.001,0.001,NOMINAL,-1.22
30,281,125,123.78,6.36,113.32,134.23,0.001,0.001,NOMINAL,-1.22
30,282,125,124.12,6.45,113.5,134.73,0.001,0.001,NOMINAL,-0.88
30,283,125,123.78,6.66,112.82,134.74,0.001,0.001,NOMINAL,-1.22
30,284,125,122.27,7.52,109.91,134.64,0.001,0.001,NOMINAL,-2.73
30,285,125,121.32,7.52,108.95,133.68,0.001,0.001,NOMINAL,-3.68
30,286,125,121.32,7.55,108.9,133.74,0.001,0.001,NOMINAL,-3.68
30,287,125,123.19,7.52,110.83,135.56,0.001,0.001,NOMINAL,-1.81
30,288,125,122.94,8.26,109.36,136.52,0.001,0.001,NOMINAL,-2.06
30,289,125,121.16,8.26,107.58,134.74,0.001,0.001,NOMINAL,-3.84
30,290,125,123.44,7.43,111.21,135.67,0.001,0.001,NOMINAL,-1.56
30,291,125,119.59,9.42,104.09,135.09,0.001,0.001,NOMINAL,-5.41
30,292,125,121.2,8.19,107.72,134.67,0.001,0.001,NOMINAL,-3.8
30,293,125,123.73,7.39,111.57,135.89,0.001,0.001,NOMINAL,-1.27
30,294,125,116.5,9.47,100.92,132.08,0.001,0.001,NOMINAL,-8.5
30,295,125,112.39,9.59,96.61,128.17,0.001,0.001,NOMINAL,-12.61
30,296,125,109.31,10.66,91.78,126.85,0.001,0.001,NOMINAL,-15.69
30,297,125,105.93,10.98,87.88,123.99,0.001,0.001,NOMINAL,-19.07
30,298,124,101.44,10.98,83.38,119.49,0.001,0.0011,NOMINAL,-22.56
30,299,123,98.52,10.46,81.3,115.73,0.001,0.0011,NOMINAL,-24.48
30,300,122,99.92,10.64,82.42,117.42,0.001,0.0011,NOMINAL,-22.08
30,301,121,100.44,10.64,82.94,117.94,0.001,0.0011,NOMINAL,-20.56
30,302,120,92.86,10.35,75.83,109.9,0.001,0.0018,NOMINAL,-27.14
30,303,119,92.93,10.4,75.83,110.03,0.001,0.0018,NOMINAL,-26.07
30,304,118,95.74,10.81,77.96,113.53,0.001,0.0015,NOMINAL,-22.26
30,305,117,96.81,10.98,78.75,114.86,0.001,0.0015,NOMINAL,-20.19
30,306,116,94.7,10.52,77.4,111.99,0.001,0.0015,NOMINAL,-21.3
30,307,115,92.78,10.45,75.59,109.96,0.001,0.0019,NOMINAL,-22.22
30,308,114,94.15,10.46,76.94,111.37,0.001,0.0016,NOMINAL,-19.85
30,309,113,101.27,10.98,83.22,119.33,0.001,0.0011,NOMINAL,-11.73
30,310,112,105.55,11.05,87.38,123.72,0.001,0.001,NOMINAL,-6.45
30,311,111,103.35,11.43,84.55,122.16,0.001,0.0011,NOMINAL,-7.65
30,312,110,104.59,10.98,86.54,122.65,0.001,0.001,NOMINAL,-5.41
30,313,109,102.28,11.43,83.48,121.08,0.001,0.0011,NOMINAL,-6.72
30,314,108,98.15,11.25,79.65,116.64,0.001,0.0014,NOMINAL,-9.85
30,315,107,98.1,9.82,81.95,114.25,0.001,0.001,NOMINAL,-8.9
30,316,106,107.15,11.5,88.23,126.07,0.001,0.001,NOMINAL,1.15
30,317,105,105.86,11.57,86.82,124.9,0.001,0.001,NOMINAL,0.86
30,318,104,104.01,10.41,86.89,121.13,0.001,0.001,NOMINAL,0.01
30,319,103,100.71,10.98,82.66,118.77,0.001,0.0011,NOMINAL,-2.29
30,320,102,89.34,10.59,71.93,106.76,0.001,0.0055,NOMINAL,-12.66
30,321,101,87.23,10.59,69.82,104.65,0.001,0.0107,NOMINAL,-13.77
30,322,100,90.65,10.6,73.22,108.08,0.001,0.0038,NOMINAL,-9.35
30,323,99,89.06,10.59,71.64,106.48,0.001,0.006,NOMINAL,-9.94
30,324,98,87.09,10.63,69.61,104.57,0.001,0.0117,NOMINAL,-10.91
30,325,97,89.19,10.59,71.77,106.6,0.001,0.0058,NOMINAL,-7.81
30,326,96,85.43,10.29,68.51,102.35,0.001,0.0137,NOMINAL,-10.57
30,327,95,90.79,10.58,73.38,108.2,0.001,0.0036,NOMINAL,-4.21
30,328,94,89.66,10.58,72.25,107.07,0.001,0.005,NOMINAL,-4.34
30,329,93,87.84,10.55,70.49,105.2,0.001,0.0084,NOMINAL,-5.16
30,330,92,85.88,10.45,68.68,103.07,0.001,0.0143,NOMINAL,-6.12
30,331,91,83.85,9.46,68.29,99.4,0.001,0.0086,NOMINAL,-7.15
30,332,90,84.45,10.35,67.42,101.48,0.001,0.0204,NOMINAL,-5.55
30,333,89,82.65,9.89,66.38,98.92,0.001,0.0224,NOMINAL,-6.35
31,52,125,118.67,11.28,100.12,137.22,0.001,0.001,NOMINAL,-6.33
31,53,125,117.31,12.52,96.72,137.91,0.001,0.001,NOMINAL,-7.69
31,54,125,116.79,11.1,98.52,135.05,0.001,0.001,NOMINAL,-8.21
31,55,125,116.22,12.52,95.62,136.81,0.001,0.001,NOMINAL,-8.78
31,56,125,116.74,11.1,98.48,135.01,0.001,0.001,NOMINAL,-8.26
31,57,125,121.12,12.3,100.88,141.36,0.001,0.001,NOMINAL,-3.88
31,58,125,119.31,10.9,101.38,137.24,0.001,0.001,NOMINAL,-5.69
31,59,125,122.35,11.38,103.63,141.08,0.001,0.001,NOMINAL,-2.65
31,60,125,120.61,10.07,104.05,137.17,0.001,0.001,NOMINAL,-4.39
31,61,125,121.54,9.45,106.01,137.08,0.001,0.001,NOMINAL,-3.46
31,62,125,121.54,9.6,105.75,137.34,0.001,0.001,NOMINAL,-3.46
31,63,125,122.13,7.43,109.91,134.35,0.001,0.001,NOMINAL,-2.87
31,64,125,121.4,8.38,107.62,135.18,0.001,0.001,NOMINAL,-3.6
31,65,125,123.23,6.76,112.1,134.35,0.001,0.001,NOMINAL,-1.77
31,66,125,123.16,6.76,112.04,134.28,0.001,0.001,NOMINAL,-1.84
31,67,125,121.4,8.25,107.83,134.97,0.001,0.001,NOMINAL,-3.6
31,68,125,120.96,8.25,107.39,134.53,0.001,0.001,NOMINAL,-4.04
31,69,125,121.2,8.25,107.63,134.78,0.001,0.001,NOMINAL,-3.8
31,70,125,122.24,10.09,105.65,138.83,0.001,0.001,NOMINAL,-2.76
31,71,125,123.1,8.39,109.3,136.9,0.001,0.001,NOMINAL,-1.9
31,72,125,123.31,5.02,115.05,131.57,0.001,0.001,NOMINAL,-1.69
31,73,125,123.31,4.45,115.98,130.64,0.001,0.001,NOMINAL,-1.69
31,74,125,124.07,3.19,118.83,129.32,0.001,0.001,NOMINAL,-0.93
31,75,125,124.07,2.83,119.42,128.72,0.001,0.001,NOMINAL,-0.93
31,76,125,123.97,3.88,117.6,130.35,0.001,0.001,NOMINAL,-1.03
31,77,125,123.97,3.88,117.6,130.35,0.001,0.001,NOMINAL,-1.03
31,78,125,124.07,2.83,119.42,128.72,0.001,0.001,NOMINAL,-0.93
31,79,125,123.97,7.32,111.93,136.02,0.001,0.001,NOMINAL,-1.03
31,80,125,123.97,3.19,118.73,129.22,0.001,0.001,NOMINAL,-1.03
31,81,125,123.97,2.83,119.32,128.63,0.001,0.001,NOMINAL,-1.03
31,82,125,123.97,3.07,118.93,129.02,0.001,0.001,NOMINAL,-1.03
31,83,125,123.97,3.12,118.84,129.11,0.001,0.001,NOMINAL,-1.03
31,84,125,123.97,6.94,112.56,135.39,0.001,0.001,NOMINAL,-1.03
31,85,125,123.97,6.94,112.56,135.39,0.001,0.001,NOMINAL,-1.03
31,86,125,123.97,6.15,113.85,134.09,0.001,0.001,NOMINAL,-1.03
31,87,125,123.97,6.94,112.56,135.39,0.001,0.001,NOMINAL,-1.03
31,88,125,123.97,6.94,112.56,135.39,0.001,0.001,NOMINAL,-1.03
31,89,125,123.97,4.89,115.93,132.02,0.001,0.001,NOMINAL,-1.03
31,90,125,123.97,4.37,116.78,131.17,0.001,0.001,NOMINAL,-1.03
31,91,125,123.84,7.17,112.05,135.62,0.001,0.001,NOMINAL,-1.16
31,92,125,123.97,6.94,112.56,135.39,0.001,0.001,NOMINAL,-1.03
31,93,125,123.84,6.36,113.38,134.29,0.001,0.001,NOMINAL,-1.16
31,94,125,123.18,7.28,111.21,135.16,0.001,0.001,NOMINAL,-1.82
31,95,125,122.9,7.42,110.7,135.1,0.001,0.001,NOMINAL,-2.1
31,96,125,118.67,11.79,99.27,138.07,0.001,0.001,NOMINAL,-6.33
31,97,125,119.54,10.62,102.06,137.01,0.001,0.001,NOMINAL,-5.46
31,98,125,115.87,12.52,95.27,136.46,0.001,0.001,NOMINAL,-9.13
31,99,125,113.06,12.52,92.47,133.66,0.001,0.001,NOMINAL,-11.94
31,100,125,112.88,12.52,92.29,133.48,0.001,0.001,NOMINAL,-12.12
31,101,125,110.53,12.3,90.29,130.76,0.001,0.001,NOMINAL,-14.47
31,102,125,109.87,12.17,89.86,129.88,0.001,0.001,NOMINAL,-15.13
31,103,125,105.52,11.49,86.62,124.41,0.001,0.001,NOMINAL,-19.48
31,104,125,103.6,11.43,84.8,122.41,0.001,0.0011,NOMINAL,-21.4
31,105,125,101.02,11.03,82.88,119.17,0.001,0.0011,NOMINAL,-23.98
31,106,125,94.34,11.3,75.75,112.93,0.001,0.0029,NOMINAL,-30.66
31,107,124,93.02,11.03,74.88,111.17,0.001,0.0031,NOMINAL,-30.98
31,108,123,92.86,11.03,74.71,111.0,0.001,0.0033,NOMINAL,-30.14
31,109,122,89.36,10.9,71.44,107.28,0.001,0.0077,NOMINAL,-32.64
31,110,121,88.97,10.95,70.96,106.99,0.001,0.0093,NOMINAL,-32.03
31,111,120,87.79,10.91,69.84,105.75,0.001,0.0128,NOMINAL,-32.21
31,112,119,86.86,10.59,69.45,104.28,0.001,0.012,NOMINAL,-32.14
31,113,118,85.77,10.56,68.4,103.14,0.001,0.0167,NOMINAL,-32.23
31,114,117,85.47,10.56,68.09,102.84,0.001,0.0184,NOMINAL,-31.53
31,115,116,86.11,11.11,67.84,104.39,0.001,0.0235,NOMINAL,-29.89
31,116,115,92.0,12.18,71.97,112.02,0.001,0.0135,NOMINAL,-23.0
31,117,114,88.03,11.06,69.84,106.21,0.001,0.0139,NOMINAL,-25.97
31,118,113,90.3,11.3,71.71,108.89,0.001,0.0091,NOMINAL,-22.7
31,119,112,87.01,11.14,68.69,105.33,0.001,0.0207,NOMINAL,-24.99
31,120,111,89.12,11.49,70.22,108.02,0.001,0.0156,NOMINAL,-21.88
31,121,110,88.59,11.49,69.69,107.49,0.001,0.0183,NOMINAL,-21.41
31,122,109,88.49,11.3,69.9,107.08,0.001,0.0156,NOMINAL,-20.51
31,123,108,86.36,10.95,68.35,104.37,0.001,0.0209,NOMINAL,-21.64
31,124,107,87.89,10.95,69.88,105.91,0.001,0.013,NOMINAL,-19.11
31,125,106,88.06,10.9,70.14,105.98,0.001,0.0116,NOMINAL,-17.94
31,126,105,90.12,10.98,72.06,108.17,0.001,0.0067,NOMINAL,-14.88
31,127,104,90.29,11.25,71.79,108.79,0.001,0.0085,NOMINAL,-13.71
31,128,103,88.65,10.98,70.59,106.71,0.001,0.0105,NOMINAL,-14.35
31,129,102,90.31,11.43,71.51,109.11,0.001,0.0103,NOMINAL,-11.69
31,130,101,89.25,11.43,70.45,108.05,0.001,0.0142,NOMINAL,-11.75
31,131,100,89.28,11.43,70.48,108.08,0.001,0.0141,NOMINAL,-10.72
31,132,99,90.31,11.43,71.51,109.11,0.001,0.0103,NOMINAL,-8.69
31,133,98,90.23,11.43,71.42,109.03,0.001,0.0106,NOMINAL,-7.77
31,134,97,100.78,11.49,81.88,119.68,0.001,0.0012,NOMINAL,3.78
31,135,96,102.48,11.62,83.38,121.59,0.001,0.0011,NOMINAL,6.48
31,136,95,105.16,12.21,85.07,125.25,0.001,0.0011,NOMINAL,10.16
31,137,94,106.12,12.44,85.65,126.58,0.001,0.0012,NOMINAL,12.12
31,138,93,111.4,12.52,90.81,132.0,0.001,0.001,NOMINAL,18.4
31,139,92,109.63,12.52,89.04,130.23,0.001,0.0011,NOMINAL,17.63
31,140,91,109.41,12.52,88.82,130.01,0.001,0.0011,NOMINAL,18.41
31,141,90,109.16,12.52,88.56,129.75,0.001,0.0011,NOMINAL,19.16
31,142,89,108.97,12.47,88.47,129.48,0.001,0.0011,NOMINAL,19.97
31,143,88,108.2,12.44,87.74,128.66,0.001,0.0011,NOMINAL,20.2
31,144,87,105.92,11.54,86.93,124.91,0.001,0.001,NOMINAL,18.92
31,145,86,103.19,11.43,84.39,121.99,0.001,0.0011,NOMINAL,17.19
31,146,85,108.41,12.08,88.54,128.28,0.001,0.001,NOMINAL,23.41
31,147,84,103.37,11.69,84.14,122.6,0.001,0.0011,NOMINAL,19.37
31,148,83,104.39,11.67,85.19,123.59,0.001,0.0011,NOMINAL,21.39
31,149,82,102.85,11.43,84.05,121.65,0.001,0.0011,NOMINAL,20.85
31,150,81,102.35,11.43,83.55,121.15,0.001,0.0011,NOMINAL,21.35
31,151,80,98.91,11.42,80.12,117.69,0.001,0.0014,NOMINAL,18.91
31,152,79,95.17,11.42,76.39,113.96,0.001,0.0027,NOMINAL,16.17
32,52,123,109.3,12.75,88.32,130.28,0.001,0.0011,NOMINAL,-13.7
32,53,122,108.15,12.52,87.55,128.74,0.001,0.0011,NOMINAL,-13.85
32,54,121,107.07,12.52,86.47,127.66,0.001,0.0011,NOMINAL,-13.93
32,55,120,107.32,12.52,86.73,127.92,0.001,0.0011,NOMINAL,-12.68
32,56,119,109.21,12.52,88.62,129.8,0.001,0.0011,NOMINAL,-9.79
32,57,118,108.91,12.52,88.32,129.51,0.001,0.0011,NOMINAL,-9.09
32,58,117,107.61,12.52,87.02,128.2,0.001,0.0011,NOMINAL,-9.39
32,59,116,107.24,12.52,86.64,127.83,0.001,0.0011,NOMINAL,-8.76
32,60,115,109.18,12.52,88.59,129.77,0.001,0.0011,NOMINAL,-5.82
32,61,114,108.17,12.52,87.57,128.76,0.001,0.0011,NOMINAL,-5.83
32,62,113,108.91,12.52,88.31,129.5,0.001,0.0011,NOMINAL,-4.09
32,63,112,108.04,12.3,87.81,128.28,0.001,0.0011,NOMINAL,-3.96
32,64,111,112.72,12.3,92.48,132.95,0.001,0.001,NOMINAL,1.72
32,65,110,112.72,12.53,92.1,133.33,0.001,0.001,NOMINAL,2.72
32,66,109,109.69,12.52,89.09,130.28,0.001,0.001,NOMINAL,0.69
32,67,108,107.94,12.52,87.35,128.53,0.001,0.0011,NOMINAL,-0.06
32,68,107,109.69,12.52,89.09,130.28,0.001,0.001,NOMINAL,2.69
32,69,106,109.81,12.52,89.22,130.41,0.001,0.001,NOMINAL,3.81
32,70,105,115.47,12.4,95.08,135.87,0.001,0.001,NOMINAL,10.47
32,71,104,121.84,11.6,102.76,140.92,0.001,0.001,NOMINAL,17.84
32,72,103,119.24,11.55,100.23,138.24,0.001,0.001,NOMINAL,16.24
32,73,102,112.1,12.52,91.51,132.7,0.001,0.001,NOMINAL,10.1
32,74,101,114.49,12.3,94.25,134.73,0.001,0.001,NOMINAL,13.49
32,75,100,111.78,12.52,91.18,132.37,0.001,0.001,NOMINAL,11.78
32,76,99,117.57,12.62,96.81,138.32,0.001,0.001,NOMINAL,18.57
32,77,98,108.24,12.52,87.65,128.83,0.001,0.0011,NOMINAL,10.24
32,78,97,107.99,12.52,87.39,128.58,0.001,0.0011,NOMINAL,10.99
32,79,96,110.66,12.52,90.06,131.25,0.001,0.001,NOMINAL,14.66
32,80,95,106.92,12.52,86.32,127.51,0.001,0.0011,NOMINAL,11.92
32,81,94,104.83,12.52,84.23,125.42,0.001,0.0013,NOMINAL,10.83
32,82,93,105.51,12.52,84.91,126.1,0.001,0.0012,NOMINAL,12.51
32,83,92,115.99,12.52,95.39,136.58,0.001,0.001,NOMINAL,23.99
32,84,91,110.72,12.52,90.12,131.31,0.001,0.001,NOMINAL,19.72
32,85,90,108.3,12.52,87.7,128.89,0.001,0.0011,NOMINAL,18.3
32,86,89,107.99,12.52,87.39,128.58,0.001,0.0011,NOMINAL,18.99
32,87,88,110.69,12.52,90.1,131.29,0.001,0.001,NOMINAL,22.69
32,88,87,107.83,12.52,87.23,128.42,0.001,0.0011,NOMINAL,20.83
32,89,86,109.89,12.52,89.3,130.49,0.001,0.001,NOMINAL,23.89
32,90,85,105.88,12.52,85.29,126.48,0.001,0.0012,NOMINAL,20.88
32,91,84,110.12,12.52,89.53,130.72,0.001,0.001,NOMINAL,26.12
32,92,83,110.76,12.52,90.17,131.36,0.001,0.001,NOMINAL,27.76
32,93,82,116.48,12.52,95.89,137.08,0.001,0.001,NOMINAL,34.48
32,94,81,107.87,12.52,87.28,128.47,0.001,0.0011,NOMINAL,26.87
32,95,80,106.79,12.52,86.19,127.38,0.001,0.0011,NOMINAL,26.79
32,96,79,98.96,11.75,79.63,118.29,0.001,0.0017,NOMINAL,19.96
32,97,78,96.0,11.61,76.91,115.09,0.001,0.0026,NOMINAL,18.0
32,98,77,89.73,11.46,70.88,108.57,0.001,0.0126,NOMINAL,12.73
32,99,76,92.4,11.46,73.55,111.25,0.001,0.0058,NOMINAL,16.4
32,100,75,90.12,11.44,71.31,108.94,0.001,0.011,NOMINAL,15.12
32,101,74,86.46,11.44,67.65,105.27,0.001,0.024,NOMINAL,12.46
32,102,73,86.88,11.43,68.09,105.68,0.001,0.0237,NOMINAL,13.88
32,103,72,90.1,11.34,71.45,108.76,0.001,0.01,NOMINAL,18.1
32,104,71,82.21,11.25,63.7,100.71,0.001,0.0261,NOMINAL,11.21
32,105,70,84.96,11.25,66.45,103.46,0.001,0.025,NOMINAL,14.96
32,106,69,75.57,11.0,57.48,93.66,0.001,0.0376,NOMINAL,6.57
32,107,68,82.42,11.36,63.73,101.11,0.001,0.0261,NOMINAL,14.42
32,108,67,78.87,11.15,60.53,97.2,0.001,0.0302,NOMINAL,11.87
32,109,66,70.43,10.65,52.92,87.94,0.0011,0.0589,NOMINAL,4.43
32,110,65,64.42,9.7,48.46,80.39,0.0011,0.0962,NOMINAL,-0.58
32,111,64,64.49,6.64,53.56,75.42,0.001,0.0459,NOMINAL,0.49
32,112,63,60.08,6.67,49.11,71.06,0.001,0.0952,NOMINAL,-2.92
32,113,62,54.97,6.8,43.78,66.16,0.001,0.2637,NOMINAL,-7.03
32,114,61,59.71,6.67,48.73,70.68,0.001,0.0983,NOMINAL,-1.29
32,115,60,59.39,6.67,48.41,70.36,0.001,0.1023,NOMINAL,-0.61
32,116,59,65.49,10.39,48.4,82.58,0.0013,0.096,NOMINAL,6.49
32,117,58,67.35,10.67,49.81,84.89,0.0012,0.0842,NOMINAL,9.35
32,118,57,62.03,6.75,50.93,73.13,0.001,0.0677,NOMINAL,5.03
32,119,56,56.46,6.69,45.46,67.46,0.001,0.1818,NOMINAL,0.46
32,120,55,49.83,6.26,39.54,60.12,0.001,0.5875,MONITOR,-5.17
33,52,125,123.41,4.39,116.18,130.63,0.001,0.001,NOMINAL,-1.59
33,53,125,123.41,4.45,116.08,130.73,0.001,0.001,NOMINAL,-1.59
33,54,125,123.41,4.45,116.08,130.73,0.001,0.001,NOMINAL,-1.59
33,55,125,123.41,5.02,115.15,131.67,0.001,0.001,NOMINAL,-1.59
33,56,125,123.41,4.49,116.02,130.79,0.001,0.001,NOMINAL,-1.59
33,57,125,123.77,3.95,117.27,130.26,0.001,0.001,NOMINAL,-1.23
33,58,125,123.31,4.45,115.98,130.64,0.001,0.001,NOMINAL,-1.69
33,59,125,123.97,3.44,118.32,129.63,0.001,0.001,NOMINAL,-1.03
33,60,125,123.52,6.94,112.1,134.93,0.001,0.001,NOMINAL,-1.48
33,61,125,123.97,6.15,113.85,134.09,0.001,0.001,NOMINAL,-1.03
33,62,125,123.97,6.25,113.7,134.25,0.001,0.001,NOMINAL,-1.03
33,63,125,124.07,2.77,119.52,128.62,0.001,0.001,NOMINAL,-0.93
33,64,125,123.97,5.68,114.64,133.31,0.001,0.001,NOMINAL,-1.03
33,65,125,123.97,2.77,119.42,128.53,0.001,0.001,NOMINAL,-1.03
33,66,125,123.97,4.34,116.84,131.11,0.001,0.001,NOMINAL,-1.03
33,67,125,123.97,6.15,113.85,134.09,0.001,0.001,NOMINAL,-1.03
33,68,125,123.97,6.15,113.85,134.09,0.001,0.001,NOMINAL,-1.03
33,69,125,123.97,6.15,113.85,134.09,0.001,0.001,NOMINAL,-1.03
33,70,125,123.97,6.15,113.85,134.09,0.001,0.001,NOMINAL,-1.03
33,71,125,123.97,6.15,113.85,134.09,0.001,0.001,NOMINAL,-1.03
33,72,125,123.97,6.15,113.85,134.09,0.001,0.001,NOMINAL,-1.03
33,73,125,123.97,7.84,111.08,136.87,0.001,0.001,NOMINAL,-1.03
33,74,125,122.49,8.57,108.39,136.58,0.001,0.001,NOMINAL,-2.51
33,75,125,123.97,6.25,113.7,134.25,0.001,0.001,NOMINAL,-1.03
33,76,125,123.42,8.23,109.88,136.95,0.001,0.001,NOMINAL,-1.58
33,77,125,123.42,8.23,109.88,136.95,0.001,0.001,NOMINAL,-1.58
33,78,125,121.51,10.91,103.57,139.45,0.001,0.001,NOMINAL,-3.49
33,79,125,122.44,8.3,108.78,136.1,0.001,0.001,NOMINAL,-2.56
33,80,125,122.37,8.3,108.71,136.03,0.001,0.001,NOMINAL,-2.63
33,81,125,123.12,7.16,111.35,134.89,0.001,0.001,NOMINAL,-1.88
33,82,125,123.07,8.14,109.67,136.46,0.001,0.001,NOMINAL,-1.93
33,83,125,123.97,6.43,113.39,134.55,0.001,0.001,NOMINAL,-1.03
33,84,125,123.97,6.25,113.7,134.25,0.001,0.001,NOMINAL,-1.03
33,85,125,123.97,5.68,114.64,133.31,0.001,0.001,NOMINAL,-1.03
33,86,125,123.52,6.15,113.4,133.64,0.001,0.001,NOMINAL,-1.48
33,87,125,122.25,7.49,109.93,134.58,0.001,0.001,NOMINAL,-2.75
33,88,125,123.97,6.25,113.7,134.25,0.001,0.001,NOMINAL,-1.03
33,89,125,123.18,7.18,111.37,135.0,0.001,0.001,NOMINAL,-1.82
33,90,125,123.97,6.25,113.7,134.25,0.001,0.001,NOMINAL,-1.03
33,91,125,121.97,8.8,107.5,136.44,0.001,0.001,NOMINAL,-3.03
33,92,125,122.37,9.36,106.97,137.77,0.001,0.001,NOMINAL,-2.63
33,93,125,122.49,8.77,108.06,136.91,0.001,0.001,NOMINAL,-2.51
33,94,125,123.97,6.25,113.7,134.25,0.001,0.001,NOMINAL,-1.03
33,95,125,123.97,6.43,113.39,134.55,0.001,0.001,NOMINAL,-1.03
33,96,125,123.78,6.99,112.28,135.28,0.001,0.001,NOMINAL,-1.22
33,97,125,122.68,8.23,109.15,136.22,0.001,0.001,NOMINAL,-2.32
33,98,125,123.97,6.25,113.7,134.25,0.001,0.001,NOMINAL,-1.03
33,99,125,123.97,6.15,113.85,134.09,0.001,0.001,NOMINAL,-1.03
33,100,125,123.97,6.15,113.85,134.09,0.001,0.001,NOMINAL,-1.03
33,101,125,123.97,6.15,113.85,134.09,0.001,0.001,NOMINAL,-1.03
33,102,125,123.97,5.68,114.64,133.31,0.001,0.001,NOMINAL,-1.03
33,103,125,124.07,2.77,119.52,128.62,0.001,0.001,NOMINAL,-0.93
33,104,125,123.97,2.77,119.42,128.53,0.001,0.001,NOMINAL,-1.03
33,105,125,123.97,3.0,119.04,128.91,0.001,0.001,NOMINAL,-1.03
33,106,125,123.84,5.05,115.52,132.15,0.001,0.001,NOMINAL,-1.16
33,107,125,123.97,6.15,113.85,134.09,0.001,0.001,NOMINAL,-1.03
33,108,125,123.97,6.15,113.85,134.09,0.001,0.001,NOMINAL,-1.03
33,109,125,123.97,5.68,114.64,133.31,0.001,0.001,NOMINAL,-1.03
33,110,125,123.97,5.68,114.64,133.31,0.001,0.001,NOMINAL,-1.03
33,111,125,123.97,4.0,117.39,130.56,0.001,0.001,NOMINAL,-1.03
33,112,125,123.97,4.0,117.39,130.56,0.001,0.001,NOMINAL,-1.03
33,113,125,123.97,6.15,113.85,134.09,0.001,0.001,NOMINAL,-1.03
33,114,125,123.97,2.77,119.42,128.53,0.001,0.001,NOMINAL,-1.03
33,115,125,123.97,2.77,119.42,128.53,0.001,0.001,NOMINAL,-1.03
33,116,125,123.97,4.34,116.84,131.11,0.001,0.001,NOMINAL,-1.03
33,117,125,123.97,6.15,113.85,134.09,0.001,0.001,NOMINAL,-1.03
33,118,125,123.97,6.94,112.56,135.39,0.001,0.001,NOMINAL,-1.03
33,119,125,123.97,6.15,113.85,134.09,0.001,0.001,NOMINAL,-1.03
33,120,125,121.97,9.92,105.65,138.29,0.001,0.001,NOMINAL,-3.03
33,121,125,120.59,9.72,104.61,136.58,0.001,0.001,NOMINAL,-4.41
33,122,125,121.45,10.28,104.54,138.36,0.001,0.001,NOMINAL,-3.55
33,123,125,122.9,7.46,110.63,135.17,0.001,0.001,NOMINAL,-2.1
33,124,125,122.9,7.46,110.63,135.17,0.001,0.001,NOMINAL,-2.1
33,125,125,122.1,8.19,108.63,135.58,0.001,0.001,NOMINAL,-2.9
33,126,125,121.32,8.13,107.95,134.7,0.001,0.001,NOMINAL,-3.68
33,127,124,119.5,12.57,98.83,140.18,0.001,0.001,NOMINAL,-4.5
33,128,123,120.95,11.79,101.55,140.35,0.001,0.001,NOMINAL,-2.05
33,129,122,118.27,12.57,97.6,138.94,0.001,0.001,NOMINAL,-3.73
33,130,121,115.58,12.52,94.99,136.18,0.001,0.001,NOMINAL,-5.42
33,131,120,113.06,12.52,92.47,133.66,0.001,0.001,NOMINAL,-6.94
33,132,119,110.18,11.49,91.28,129.08,0.001,0.001,NOMINAL,-8.82
33,133,118,109.26,11.49,90.37,128.16,0.001,0.001,NOMINAL,-8.74
33,134,117,102.23,11.43,83.42,121.03,0.001,0.0011,NOMINAL,-14.77
33,135,116,102.42,11.43,83.61,121.22,0.001,0.0011,NOMINAL,-13.58
33,136,115,101.79,11.43,82.99,120.59,0.001,0.0011,NOMINAL,-13.21
33,137,114,97.82,11.43,79.02,116.62,0.001,0.0016,NOMINAL,-16.18
33,138,113,93.7,10.9,75.78,111.63,0.001,0.0023,NOMINAL,-19.3
33,139,112,92.99,10.9,75.07,110.91,0.001,0.0028,NOMINAL,-19.01
33,140,111,100.36,11.62,81.26,119.47,0.001,0.0013,NOMINAL,-10.64
33,141,110,95.06,11.49,76.16,113.96,0.001,0.003,NOMINAL,-14.94
33,142,109,94.55,11.03,76.4,112.69,0.001,0.0022,NOMINAL,-14.45
33,143,108,88.93,10.93,70.96,106.9,0.001,0.0091,NOMINAL,-19.07
33,144,107,89.36,10.93,71.37,107.35,0.001,0.0081,NOMINAL,-17.64
33,145,106,88.55,10.88,70.66,106.45,0.001,0.0097,NOMINAL,-17.45
33,146,105,95.47,11.43,76.67,114.27,0.001,0.0025,NOMINAL,-9.53
33,147,104,92.22,10.9,74.3,110.15,0.001,0.0034,NOMINAL,-11.78
33,148,103,94.49,11.03,76.34,112.63,0.001,0.0022,NOMINAL,-8.51
33,149,102,93.83,11.97,74.13,113.52,0.001,0.0066,NOMINAL,-8.17
33,150,101,90.66,11.49,71.77,109.56,0.001,0.0099,NOMINAL,-10.34
33,151,100,92.77,11.25,74.27,111.27,0.001,0.0042,NOMINAL,-7.23
33,152,99,89.57,11.14,71.25,107.88,0.001,0.0094,NOMINAL,-9.43
33,153,98,87.58,10.9,69.66,105.51,0.001,0.0135,NOMINAL,-10.42
33,154,97,89.64,10.9,71.72,107.56,0.001,0.0071,NOMINAL,-7.36
33,155,96,86.91,10.59,69.49,104.32,0.001,0.0119,NOMINAL,-9.09
33,156,95,89.21,10.84,71.37,107.04,0.001,0.0076,NOMINAL,-5.79
33,157,94,86.66,10.57,69.28,104.05,0.001,0.0126,NOMINAL,-7.34
33,158,93,83.89,10.56,66.52,101.27,0.001,0.0238,NOMINAL,-9.11
33,159,92,79.13,10.33,62.15,96.11,0.001,0.0262,NOMINAL,-12.87
33,160,91,83.92,10.43,66.76,101.07,0.001,0.0234,NOMINAL,-7.08
33,161,90,84.5,10.3,67.56,101.44,0.001,0.0189,NOMINAL,-5.5
33,162,89,83.85,10.3,66.9,100.79,0.001,0.0232,NOMINAL,-5.15
33,163,88,81.95,10.3,65.01,98.89,0.001,0.0251,NOMINAL,-6.05
33,164,87,82.49,10.3,65.55,99.43,0.001,0.0244,NOMINAL,-4.51
33,165,86,82.97,10.3,66.03,99.91,0.001,0.0239,NOMINAL,-3.03
33,166,85,81.45,10.3,64.5,98.39,0.001,0.0254,NOMINAL,-3.55
33,167,84,82.28,10.3,65.34,99.22,0.001,0.0247,NOMINAL,-1.72
33,168,83,78.92,9.95,62.55,95.29,0.001,0.026,NOMINAL,-4.08
33,169,82,79.82,10.06,63.27,96.37,0.001,0.0258,NOMINAL,-2.18
33,170,81,82.6,10.42,65.46,99.73,0.001,0.0247,NOMINAL,1.6
33,171,80,84.79,10.55,67.44,102.15,0.001,0.0226,NOMINAL,4.79
33,172,79,80.3,10.33,63.32,97.29,0.001,0.0259,NOMINAL,1.3
33,173,78,80.99,10.33,64.01,97.98,0.001,0.0256,NOMINAL,2.99
33,174,77,83.44,10.33,66.45,100.42,0.001,0.0236,NOMINAL,6.44
33,175,76,85.45,10.59,68.04,102.87,0.001,0.019,NOMINAL,9.45
33,176,75,83.85,10.35,66.82,100.88,0.001,0.0233,NOMINAL,8.85
33,177,74,85.88,10.62,68.41,103.34,0.001,0.0171,NOMINAL,11.88
33,178,73,85.66,10.55,68.31,103.02,0.001,0.017,NOMINAL,12.66
33,179,72,85.01,10.41,67.89,102.12,0.001,0.018,NOMINAL,13.01
33,180,71,83.85,10.35,66.82,100.88,0.001,0.0233,NOMINAL,12.85
34,52,118,107.79,12.58,87.09,128.49,0.001,0.0011,NOMINAL,-10.21
34,53,117,110.16,12.52,89.56,130.75,0.001,0.001,NOMINAL,-6.84
34,54,116,105.27,12.52,84.68,125.87,0.001,0.0012,NOMINAL,-10.73
34,55,115,108.53,11.1,90.27,126.79,0.001,0.001,NOMINAL,-6.47
34,56,114,108.63,12.52,88.04,129.23,0.001,0.0011,NOMINAL,-5.37
34,57,113,108.63,12.52,88.04,129.23,0.001,0.0011,NOMINAL,-4.37
34,58,112,103.51,12.52,82.92,124.11,0.001,0.0014,NOMINAL,-8.49
34,59,111,105.53,12.52,84.93,126.12,0.001,0.0012,NOMINAL,-5.47
34,60,110,100.62,12.52,80.02,121.21,0.001,0.0022,NOMINAL,-9.38
34,61,109,108.31,12.52,87.72,128.91,0.001,0.0011,NOMINAL,-0.69
34,62,108,101.28,12.52,80.68,121.87,0.001,0.0019,NOMINAL,-6.72
34,63,107,100.76,12.52,80.16,121.35,0.001,0.0021,NOMINAL,-6.24
34,64,106,105.06,12.52,84.46,125.65,0.001,0.0013,NOMINAL,-0.94
34,65,105,105.68,12.52,85.08,126.27,0.001,0.0012,NOMINAL,0.68
34,66,104,105.98,12.52,85.39,126.58,0.001,0.0012,NOMINAL,1.98
34,67,103,112.56,12.52,91.97,133.16,0.001,0.001,NOMINAL,9.56
34,68,102,111.98,12.52,91.39,132.57,0.001,0.001,NOMINAL,9.98
34,69,101,108.98,12.52,88.38,129.57,0.001,0.0011,NOMINAL,7.98
34,70,100,107.36,12.52,86.77,127.96,0.001,0.0011,NOMINAL,7.36
34,71,99,103.22,12.52,82.63,123.81,0.001,0.0015,NOMINAL,4.22
34,72,98,96.44,12.52,75.84,117.03,0.001,0.0056,NOMINAL,-1.56
34,73,97,97.77,12.52,77.18,118.37,0.001,0.004,NOMINAL,0.77
34,74,96,94.95,12.3,74.71,115.18,0.001,0.0067,NOMINAL,-1.05
34,75,95,87.14,11.68,67.93,106.35,0.001,0.0241,NOMINAL,-7.86
34,76,94,86.17,11.49,67.27,105.06,0.001,0.0245,NOMINAL,-7.83
34,77,93,86.47,11.49,67.57,105.37,0.001,0.0242,NOMINAL,-6.53
34,78,92,88.42,11.43,69.62,107.22,0.001,0.0182,NOMINAL,-3.58
34,79,91,87.15,11.49,68.26,106.05,0.001,0.0236,NOMINAL,-3.85
34,80,90,96.99,11.87,77.46,116.52,0.001,0.0027,NOMINAL,6.99
34,81,89,86.84,11.49,67.94,105.73,0.001,0.0239,NOMINAL,-2.16
34,82,88,76.79,11.05,58.62,94.96,0.001,0.0341,NOMINAL,-11.21
34,83,87,82.52,11.33,63.89,101.15,0.001,0.0261,NOMINAL,-4.48
34,84,86,86.17,11.49,67.27,105.07,0.001,0.0245,NOMINAL,0.17
34,85,85,88.33,11.49,69.43,107.23,0.001,0.0198,NOMINAL,3.33
34,86,84,83.39,11.47,64.53,102.26,0.001,0.0259,NOMINAL,-0.61
34,87,83,81.63,11.47,62.77,100.5,0.001,0.0263,NOMINAL,-1.37
34,88,82,87.91,11.44,69.09,106.73,0.001,0.0214,NOMINAL,5.91
34,89,81,87.82,11.49,68.92,106.73,0.001,0.0231,NOMINAL,6.82
34,90,80,86.17,11.49,67.27,105.07,0.001,0.0245,NOMINAL,6.17
34,91,79,85.41,11.49,66.51,104.31,0.001,0.0253,NOMINAL,6.41
34,92,78,86.82,11.48,67.94,105.71,0.001,0.0239,NOMINAL,8.82
34,93,77,86.17,11.49,67.27,105.07,0.001,0.0245,NOMINAL,9.17
34,94,76,89.16,11.04,71.01,107.31,0.001,0.0096,NOMINAL,13.16
34,95,75,88.55,11.48,69.66,107.43,0.001,0.0184,NOMINAL,13.55
34,96,74,77.25,11.27,58.71,95.79,0.001,0.0343,NOMINAL,3.25
34,97,73,77.64,11.47,58.77,96.5,0.001,0.0345,NOMINAL,4.64
34,98,72,68.81,9.89,52.54,85.08,0.001,0.0596,NOMINAL,-3.19
34,99,71,69.36,10.38,52.28,86.44,0.0011,0.0628,NOMINAL,-1.64
34,100,70,71.1,10.53,53.79,88.42,0.001,0.0546,NOMINAL,1.1
34,101,69,69.0,10.29,52.08,85.92,0.0011,0.0637,NOMINAL,-0.0
34,102,68,74.21,10.98,56.16,92.27,0.001,0.0448,NOMINAL,6.21
34,103,67,71.45,10.83,53.63,89.27,0.0011,0.0557,NOMINAL,4.45
34,104,66,74.02,10.98,55.95,92.09,0.001,0.0456,NOMINAL,8.02
34,105,65,75.85,11.13,57.55,94.15,0.001,0.0378,NOMINAL,10.85
35,52,125,123.61,2.77,119.06,128.17,0.001,0.001,NOMINAL,-1.39
35,53,125,123.61,4.0,117.03,130.2,0.001,0.001,NOMINAL,-1.39
35,54,125,123.61,5.68,114.28,132.95,0.001,0.001,NOMINAL,-1.39
35,55,125,123.61,4.0,117.03,130.2,0.001,0.001,NOMINAL,-1.39
35,56,125,124.07,2.77,119.52,128.62,0.001,0.001,NOMINAL,-0.93
35,57,125,124.07,4.0,117.49,130.66,0.001,0.001,NOMINAL,-0.93
35,58,125,124.07,4.0,117.49,130.66,0.001,0.001,NOMINAL,-0.93
35,59,125,124.07,5.68,114.74,133.41,0.001,0.001,NOMINAL,-0.93
35,60,125,124.07,5.68,114.74,133.41,0.001,0.001,NOMINAL,-0.93
35,61,125,123.97,5.68,114.64,133.31,0.001,0.001,NOMINAL,-1.03
35,62,125,124.07,5.68,114.74,133.41,0.001,0.001,NOMINAL,-0.93
35,63,125,124.07,5.68,114.74,133.41,0.001,0.001,NOMINAL,-0.93
35,64,125,123.61,5.68,114.28,132.95,0.001,0.001,NOMINAL,-1.39
35,65,125,123.52,5.68,114.18,132.85,0.001,0.001,NOMINAL,-1.48
35,66,125,123.97,3.0,119.04,128.91,0.001,0.001,NOMINAL,-1.03
35,67,125,123.97,4.0,117.39,130.56,0.001,0.001,NOMINAL,-1.03
35,68,125,123.97,5.68,114.64,133.31,0.001,0.001,NOMINAL,-1.03
35,69,125,123.97,6.15,113.85,134.09,0.001,0.001,NOMINAL,-1.03
35,70,125,123.97,6.15,113.85,134.09,0.001,0.001,NOMINAL,-1.03
35,71,125,123.38,6.45,112.76,134.0,0.001,0.001,NOMINAL,-1.62
35,72,125,123.38,7.22,111.5,135.26,0.001,0.001,NOMINAL,-1.62
35,73,125,123.13,7.37,111.01,135.26,0.001,0.001,NOMINAL,-1.87
35,74,125,123.53,6.65,112.6,134.46,0.001,0.001,NOMINAL,-1.47
35,75,125,122.85,7.42,110.65,135.05,0.001,0.001,NOMINAL,-2.15
35,76,125,123.22,7.37,111.1,135.35,0.001,0.001,NOMINAL,-1.78
35,77,125,123.97,6.99,112.47,135.48,0.001,0.001,NOMINAL,-1.03
35,78,125,123.97,6.43,113.39,134.55,0.001,0.001,NOMINAL,-1.03
35,79,125,123.97,6.32,113.58,134.37,0.001,0.001,NOMINAL,-1.03
35,80,125,123.78,6.25,113.51,134.06,0.001,0.001,NOMINAL,-1.22
35,81,125,122.88,7.39,110.72,135.04,0.001,0.001,NOMINAL,-2.12
35,82,125,123.97,6.25,113.7,134.25,0.001,0.001,NOMINAL,-1.03
35,83,125,123.97,6.25,113.7,134.25,0.001,0.001,NOMINAL,-1.03
35,84,125,123.26,7.39,111.1,135.42,0.001,0.001,NOMINAL,-1.74
35,85,125,122.39,7.46,110.12,134.66,0.001,0.001,NOMINAL,-2.61
35,86,125,123.15,7.39,110.99,135.31,0.001,0.001,NOMINAL,-1.85
35,87,125,122.73,7.39,110.57,134.89,0.001,0.001,NOMINAL,-2.27
35,88,125,122.91,7.39,110.75,135.07,0.001,0.001,NOMINAL,-2.09
35,89,125,122.96,7.39,110.8,135.12,0.001,0.001,NOMINAL,-2.04
35,90,125,122.44,7.46,110.17,134.71,0.001,0.001,NOMINAL,-2.56
35,91,125,122.63,7.43,110.4,134.86,0.001,0.001,NOMINAL,-2.37
35,92,125,123.21,7.39,111.05,135.37,0.001,0.001,NOMINAL,-1.79
35,93,125,123.26,7.16,111.49,135.03,0.001,0.001,NOMINAL,-1.74
35,94,125,123.45,7.16,111.68,135.22,0.001,0.001,NOMINAL,-1.55
35,95,125,118.14,12.51,97.57,138.71,0.001,0.001,NOMINAL,-6.86
35,96,125,122.34,7.5,110.0,134.67,0.001,0.001,NOMINAL,-2.66
35,97,125,123.04,7.39,110.88,135.2,0.001,0.001,NOMINAL,-1.96
35,98,125,123.97,6.99,112.47,135.48,0.001,0.001,NOMINAL,-1.03
35,99,125,123.97,7.14,112.24,135.71,0.001,0.001,NOMINAL,-1.03
35,100,125,122.39,8.16,108.97,135.81,0.001,0.001,NOMINAL,-2.61
35,101,125,122.34,7.46,110.07,134.61,0.001,0.001,NOMINAL,-2.66
35,102,125,119.19,9.42,103.69,134.69,0.001,0.001,NOMINAL,-5.81
35,103,125,122.18,7.5,109.84,134.51,0.001,0.001,NOMINAL,-2.82
35,104,125,114.53,11.1,96.27,132.8,0.001,0.001,NOMINAL,-10.47
35,105,125,110.36,10.3,93.41,127.31,0.001,0.001,NOMINAL,-14.64
35,106,125,112.26,11.1,94.0,130.53,0.001,0.001,NOMINAL,-12.74
35,107,124,109.15,10.75,91.47,126.83,0.001,0.001,NOMINAL,-14.85
35,108,123,111.84,11.1,93.58,130.11,0.001,0.001,NOMINAL,-11.16
35,109,122,112.68,11.1,94.42,130.95,0.001,0.001,NOMINAL,-9.32
35,110,121,113.59,11.1,95.33,131.86,0.001,0.001,NOMINAL,-7.41
35,111,120,112.64,11.1,94.38,130.91,0.001,0.001,NOMINAL,-7.36
35,112,119,117.04,10.42,99.91,134.18,0.001,0.001,NOMINAL,-1.96
35,113,118,111.04,11.1,92.77,129.3,0.001,0.001,NOMINAL,-6.96
35,114,117,107.85,11.49,88.95,126.74,0.001,0.001,NOMINAL,-9.15
35,115,116,107.09,11.03,88.95,125.24,0.001,0.001,NOMINAL,-8.91
35,116,115,110.26,11.82,90.82,129.7,0.001,0.001,NOMINAL,-4.74
35,117,114,112.64,11.1,94.38,130.91,0.001,0.001,NOMINAL,-1.36
35,118,113,112.34,11.1,94.07,130.6,0.001,0.001,NOMINAL,-0.66
35,119,112,111.29,11.1,93.02,129.55,0.001,0.001,NOMINAL,-0.71
35,120,111,107.84,11.5,88.93,126.76,0.001,0.001,NOMINAL,-3.16
35,121,110,100.68,11.03,82.53,118.83,0.001,0.0011,NOMINAL,-9.32
35,122,109,98.93,11.49,80.03,117.83,0.001,0.0015,NOMINAL,-10.07
35,123,108,105.37,11.03,87.22,123.52,0.001,0.001,NOMINAL,-2.63
35,124,107,105.79,11.7,86.55,125.03,0.001,0.001,NOMINAL,-1.21
35,125,106,102.78,11.1,84.52,121.05,0.001,0.0011,NOMINAL,-3.22
35,126,105,101.47,11.03,83.32,119.61,0.001,0.0011,NOMINAL,-3.53
35,127,104,94.93,11.49,76.03,113.83,0.001,0.003,NOMINAL,-9.07
35,128,103,98.75,11.03,80.61,116.9,0.001,0.0012,NOMINAL,-4.25
35,129,102,94.46,11.03,76.31,112.6,0.001,0.0022,NOMINAL,-7.54
35,130,101,97.88,11.3,79.29,116.47,0.001,0.0015,NOMINAL,-3.12
35,131,100,95.37,10.64,77.87,112.87,0.001,0.0015,NOMINAL,-4.63
35,132,99,93.71,10.6,76.28,111.14,0.001,0.0018,NOMINAL,-5.29
35,133,98,101.34,11.5,82.42,120.25,0.001,0.0012,NOMINAL,3.34
35,134,97,105.37,11.85,85.88,124.86,0.001,0.0011,NOMINAL,8.37
35,135,96,104.64,11.29,86.07,123.21,0.001,0.001,NOMINAL,8.64
35,136,95,93.23,11.49,74.34,112.13,0.001,0.0047,NOMINAL,-1.77
35,137,94,89.84,10.9,71.91,107.76,0.001,0.0067,NOMINAL,-4.16
35,138,93,103.14,11.16,84.79,121.48,0.001,0.0011,NOMINAL,10.14
35,139,92,101.16,11.63,82.03,120.3,0.001,0.0013,NOMINAL,9.16
35,140,91,101.26,10.98,83.2,119.32,0.001,0.0011,NOMINAL,10.26
35,141,90,103.25,11.43,84.45,122.06,0.001,0.0011,NOMINAL,13.25
35,142,89,101.02,11.43,82.22,119.82,0.001,0.0012,NOMINAL,12.02
35,143,88,101.23,10.98,83.17,119.28,0.001,0.0011,NOMINAL,13.23
35,144,87,100.31,11.43,81.51,119.12,0.001,0.0012,NOMINAL,13.31
36,52,125,124.07,2.81,119.45,128.69,0.001,0.001,NOMINAL,-0.93
36,53,125,124.07,2.77,119.52,128.62,0.001,0.001,NOMINAL,-0.93
36,54,125,124.07,2.77,119.52,128.62,0.001,0.001,NOMINAL,-0.93
36,55,125,124.07,2.77,119.52,128.62,0.001,0.001,NOMINAL,-0.93
36,56,125,124.07,2.77,119.52,128.62,0.001,0.001,NOMINAL,-0.93
36,57,125,124.07,2.81,119.45,128.69,0.001,0.001,NOMINAL,-0.93
36,58,125,123.72,2.77,119.17,128.27,0.001,0.001,NOMINAL,-1.28
36,59,125,124.07,3.07,119.02,129.13,0.001,0.001,NOMINAL,-0.93
36,60,125,124.07,2.81,119.45,128.69,0.001,0.001,NOMINAL,-0.93
36,61,125,124.07,3.07,119.02,129.13,0.001,0.001,NOMINAL,-0.93
36,62,125,124.07,3.07,119.02,129.13,0.001,0.001,NOMINAL,-0.93
36,63,125,123.72,5.68,114.38,133.06,0.001,0.001,NOMINAL,-1.28
36,64,125,123.72,6.83,112.48,134.96,0.001,0.001,NOMINAL,-1.28
36,65,125,123.72,6.83,112.48,134.96,0.001,0.001,NOMINAL,-1.28
36,66,125,123.72,6.83,112.48,134.96,0.001,0.001,NOMINAL,-1.28
36,67,125,124.07,6.3,113.71,134.44,0.001,0.001,NOMINAL,-0.93
36,68,125,123.72,5.76,114.24,133.2,0.001,0.001,NOMINAL,-1.28
36,69,125,123.72,6.83,112.48,134.96,0.001,0.001,NOMINAL,-1.28
36,70,125,124.07,6.3,113.71,134.44,0.001,0.001,NOMINAL,-0.93
36,71,125,123.72,6.15,113.6,133.84,0.001,0.001,NOMINAL,-1.28
36,72,125,123.72,6.25,113.44,134.0,0.001,0.001,NOMINAL,-1.28
36,73,125,124.07,5.76,114.59,133.55,0.001,0.001,NOMINAL,-0.93
36,74,125,123.72,6.25,113.44,134.0,0.001,0.001,NOMINAL,-1.28
36,75,125,123.72,6.15,113.6,133.84,0.001,0.001,NOMINAL,-1.28
36,76,125,123.72,6.91,112.36,135.08,0.001,0.001,NOMINAL,-1.28
36,77,125,123.27,7.14,111.54,135.01,0.001,0.001,NOMINAL,-1.73
36,78,125,123.72,7.65,111.14,136.3,0.001,0.001,NOMINAL,-1.28
36,79,125,123.72,6.32,113.33,134.11,0.001,0.001,NOMINAL,-1.28
36,80,125,123.72,7.65,111.14,136.3,0.001,0.001,NOMINAL,-1.28
36,81,125,123.72,6.25,113.44,134.0,0.001,0.001,NOMINAL,-1.28
36,82,125,124.07,6.36,113.61,134.53,0.001,0.001,NOMINAL,-0.93
36,83,125,124.07,5.68,114.74,133.41,0.001,0.001,NOMINAL,-0.93
36,84,125,124.07,4.1,117.33,130.82,0.001,0.001,NOMINAL,-0.93
36,85,125,124.07,4.1,117.33,130.82,0.001,0.001,NOMINAL,-0.93
36,86,125,124.07,2.77,119.52,128.62,0.001,0.001,NOMINAL,-0.93
36,87,125,123.86,4.34,116.72,130.99,0.001,0.001,NOMINAL,-1.14
36,88,125,123.72,6.25,113.44,134.0,0.001,0.001,NOMINAL,-1.28
36,89,125,123.47,7.14,111.73,135.2,0.001,0.001,NOMINAL,-1.53
36,90,125,122.68,7.9,109.69,135.67,0.001,0.001,NOMINAL,-2.32
38,52,103,120.6,12.45,100.12,141.08,0.001,0.001,NOMINAL,17.6
38,53,102,121.6,12.45,101.12,142.08,0.001,0.001,NOMINAL,19.6
38,54,101,121.6,9.26,106.37,136.83,0.001,0.001,NOMINAL,20.6
38,55,100,120.91,9.84,104.73,137.09,0.001,0.001,NOMINAL,20.91
38,56,99,120.33,11.48,101.46,139.21,0.001,0.001,NOMINAL,21.33
38,57,98,120.05,12.6,99.32,140.78,0.001,0.001,NOMINAL,22.05
38,58,97,117.43,12.57,96.76,138.11,0.001,0.001,NOMINAL,20.43
38,59,96,118.14,12.6,97.41,138.87,0.001,0.001,NOMINAL,22.14
38,60,95,117.91,12.6,97.18,138.64,0.001,0.001,NOMINAL,22.91
38,61,94,113.61,12.52,93.02,134.2,0.001,0.001,NOMINAL,19.61
38,62,93,105.87,11.62,86.77,124.98,0.001,0.001,NOMINAL,12.87
38,63,92,107.9,12.47,87.39,128.4,0.001,0.0011,NOMINAL,15.9
38,64,91,106.69,12.52,86.1,127.29,0.001,0.0011,NOMINAL,15.69
38,65,90,106.69,12.52,86.1,127.29,0.001,0.0011,NOMINAL,16.69
38,66,89,108.45,12.02,88.68,128.23,0.001,0.001,NOMINAL,19.45
38,67,88,106.22,12.52,85.62,126.81,0.001,0.0012,NOMINAL,18.22
38,68,87,107.44,12.52,86.84,128.03,0.001,0.0011,NOMINAL,20.44
38,69,86,103.77,12.47,83.26,124.27,0.001,0.0014,NOMINAL,17.77
38,70,85,110.21,12.52,89.62,130.81,0.001,0.001,NOMINAL,25.21
38,71,84,113.83,12.52,93.24,134.42,0.001,0.001,NOMINAL,29.83
38,72,83,114.31,12.52,93.71,134.9,0.001,0.001,NOMINAL,31.31
38,73,82,109.8,12.52,89.21,130.4,0.001,0.001,NOMINAL,27.8
38,74,81,97.66,11.49,78.77,116.56,0.001,0.0017,NOMINAL,16.66
38,75,80,89.86,11.46,71.02,108.71,0.001,0.0121,NOMINAL,9.86
38,76,79,100.2,11.49,81.31,119.1,0.001,0.0013,NOMINAL,21.2
38,77,78,92.09,11.49,73.2,110.99,0.001,0.0065,NOMINAL,14.09
38,78,77,95.08,11.49,76.18,113.97,0.001,0.0029,NOMINAL,18.08
38,79,76,95.47,11.75,76.14,114.8,0.001,0.0034,NOMINAL,19.47
38,80,75,100.63,12.52,80.03,121.22,0.001,0.0022,NOMINAL,25.63
38,81,74,97.32,12.3,77.09,117.56,0.001,0.0037,NOMINAL,23.32
38,82,73,96.28,11.97,76.59,115.98,0.001,0.0035,NOMINAL,23.28
38,83,72,94.58,12.18,74.54,114.61,0.001,0.0066,NOMINAL,22.58
38,84,71,91.43,11.62,72.32,110.54,0.001,0.009,NOMINAL,20.43
38,85,70,92.88,11.49,73.98,111.77,0.001,0.0052,NOMINAL,22.88
38,86,69,92.51,11.49,73.61,111.41,0.001,0.0058,NOMINAL,23.51
38,87,68,84.84,11.43,66.03,103.64,0.001,0.0254,NOMINAL,16.84
38,88,67,88.16,11.47,69.28,107.03,0.001,0.0206,NOMINAL,21.16
38,89,66,82.13,11.43,63.32,100.93,0.001,0.0262,NOMINAL,16.13
38,90,65,85.51,11.47,66.64,104.39,0.001,0.0252,NOMINAL,20.51
38,91,64,89.1,11.49,70.2,107.99,0.001,0.0158,NOMINAL,25.1
38,92,63,88.5,11.46,69.66,107.34,0.001,0.0182,NOMINAL,25.5
38,93,62,79.39,10.64,61.89,96.89,0.001,0.0263,NOMINAL,17.39
38,94,61,78.39,10.34,61.38,95.4,0.001,0.0264,NOMINAL,17.39
38,95,60,76.92,10.2,60.15,93.69,0.001,0.0297,NOMINAL,16.92
38,96,59,77.05,10.07,60.49,93.62,0.001,0.0279,NOMINAL,18.05
38,97,58,71.18,9.88,54.93,87.43,0.001,0.0484,NOMINAL,13.18
38,98,57,67.13,8.28,53.52,80.75,0.001,0.0504,NOMINAL,10.13
38,99,56,63.4,8.19,49.93,76.88,0.001,0.0836,NOMINAL,7.4
38,100,55,61.05,7.98,47.93,74.17,0.001,0.1049,NOMINAL,6.05
38,101,54,61.05,7.98,47.93,74.17,0.001,0.1049,NOMINAL,7.05
38,102,53,59.72,7.6,47.23,72.22,0.001,0.1193,NOMINAL,6.72
38,103,52,60.0,7.6,47.5,72.49,0.001,0.1152,NOMINAL,8.0
38,104,51,57.1,7.69,44.44,69.75,0.001,0.1899,NOMINAL,6.1
38,105,50,55.67,7.45,43.42,67.93,0.001,0.2513,NOMINAL,5.67
38,106,49,55.74,8.05,42.5,68.99,0.0012,0.2685,NOMINAL,6.74
38,107,48,55.87,7.68,43.24,68.51,0.0011,0.2486,NOMINAL,7.87
38,108,47,51.77,6.42,41.22,62.33,0.001,0.4444,NOMINAL,4.77
38,109,46,50.97,6.76,39.85,62.1,0.0011,0.5068,MONITOR,4.97
38,110,45,48.35,6.51,37.65,59.06,0.0013,0.6705,MONITOR,3.35
38,111,44,48.45,6.76,37.33,59.57,0.0016,0.6624,MONITOR,4.45
38,112,43,46.86,6.53,36.12,57.61,0.0019,0.7358,MONITOR,3.86
38,113,42,45.79,6.35,35.35,56.23,0.0021,0.7817,WARNING,3.79
38,114,41,44.07,6.0,34.2,53.93,0.0023,0.8553,WARNING,3.07
38,115,40,43.38,5.68,34.05,52.72,0.0018,0.8826,WARNING,3.38
38,116,39,45.94,5.71,36.56,55.33,0.0011,0.7951,WARNING,6.94
38,117,38,43.58,5.53,34.49,52.67,0.0014,0.8818,WARNING,5.58
38,118,37,42.01,5.55,32.88,51.14,0.0026,0.9219,WARNING,5.01
38,119,36,39.08,5.6,29.87,48.3,0.0155,0.9544,WARNING,3.08
38,120,35,37.26,5.44,28.31,46.21,0.0242,0.9716,WARNING,2.26
38,121,34,34.06,5.52,24.99,43.13,0.0312,0.9883,WARNING,0.06
38,122,33,34.58,5.52,25.5,43.65,0.0296,0.9859,WARNING,1.58
38,123,32,32.93,3.68,26.87,38.99,0.0109,0.9998,WARNING,0.93
38,124,31,33.38,3.67,27.35,39.41,0.0069,0.9998,WARNING,2.38
38,125,30,32.13,3.96,25.61,38.65,0.0253,0.9998,WARNING,2.13
38,126,29,30.52,3.79,24.29,36.75,0.0263,0.9998,WARNING,1.52
38,127,28,29.11,3.84,22.8,35.42,0.0356,0.9998,WARNING,1.11
38,128,27,27.98,4.0,21.39,34.56,0.0552,0.9998,WARNING,0.98
38,129,26,28.08,3.9,21.66,34.51,0.0504,0.9998,WARNING,2.08
38,130,25,29.77,4.11,23.01,36.53,0.0355,0.9998,WARNING,4.77
38,131,24,30.06,3.81,23.8,36.32,0.0296,0.9998,WARNING,6.06
38,132,23,28.23,3.94,21.75,34.7,0.0497,0.9998,WARNING,5.23
38,133,22,24.36,3.91,17.94,30.79,0.1457,0.9998,WARNING,2.36
39,52,125,124.47,2.61,120.18,128.76,0.001,0.001,NOMINAL,-0.53
39,53,125,124.47,2.61,120.18,128.76,0.001,0.001,NOMINAL,-0.53
39,54,125,124.47,2.61,120.18,128.76,0.001,0.001,NOMINAL,-0.53
39,55,125,124.47,2.61,120.18,128.76,0.001,0.001,NOMINAL,-0.53
39,56,125,124.47,2.61,120.18,128.76,0.001,0.001,NOMINAL,-0.53
39,57,125,124.47,2.61,120.18,128.76,0.001,0.001,NOMINAL,-0.53
39,58,125,124.47,2.61,120.18,128.76,0.001,0.001,NOMINAL,-0.53
39,59,125,124.47,2.61,120.18,128.76,0.001,0.001,NOMINAL,-0.53
39,60,125,124.47,2.61,120.18,128.76,0.001,0.001,NOMINAL,-0.53
39,61,125,124.47,2.61,120.18,128.76,0.001,0.001,NOMINAL,-0.53
39,62,125,124.47,2.61,120.18,128.76,0.001,0.001,NOMINAL,-0.53
39,63,125,124.47,2.61,120.18,128.76,0.001,0.001,NOMINAL,-0.53
39,64,125,124.47,2.61,120.18,128.76,0.001,0.001,NOMINAL,-0.53
39,65,125,124.47,2.61,120.18,128.76,0.001,0.001,NOMINAL,-0.53
39,66,125,124.47,2.61,120.18,128.76,0.001,0.001,NOMINAL,-0.53
39,67,125,124.47,2.61,120.18,128.76,0.001,0.001,NOMINAL,-0.53
39,68,125,124.47,2.61,120.18,128.76,0.001,0.001,NOMINAL,-0.53
39,69,125,124.47,2.61,120.18,128.76,0.001,0.001,NOMINAL,-0.53
39,70,125,124.47,2.61,120.18,128.76,0.001,0.001,NOMINAL,-0.53
39,71,125,124.12,2.61,119.83,128.4,0.001,0.001,NOMINAL,-0.88
39,72,125,124.47,2.61,120.18,128.76,0.001,0.001,NOMINAL,-0.53
39,73,125,124.47,2.61,120.18,128.76,0.001,0.001,NOMINAL,-0.53
39,74,125,124.47,2.61,120.18,128.76,0.001,0.001,NOMINAL,-0.53
39,75,125,124.47,2.61,120.18,128.76,0.001,0.001,NOMINAL,-0.53
39,76,125,124.47,2.61,120.18,128.76,0.001,0.001,NOMINAL,-0.53
39,77,125,124.47,2.61,120.18,128.76,0.001,0.001,NOMINAL,-0.53
39,78,125,124.47,2.61,120.18,128.76,0.001,0.001,NOMINAL,-0.53
39,79,125,124.47,2.61,120.18,128.76,0.001,0.001,NOMINAL,-0.53
39,80,125,124.47,2.61,120.18,128.76,0.001,0.001,NOMINAL,-0.53
39,81,125,124.47,2.61,120.18,128.76,0.001,0.001,NOMINAL,-0.53
39,82,125,124.47,2.61,120.18,128.76,0.001,0.001,NOMINAL,-0.53
39,83,125,124.45,2.61,120.16,128.73,0.001,0.001,NOMINAL,-0.55
39,84,125,124.12,2.85,119.43,128.81,0.001,0.001,NOMINAL,-0.88
39,85,125,124.12,5.9,114.41,133.83,0.001,0.001,NOMINAL,-0.88
39,86,125,124.12,5.9,114.41,133.83,0.001,0.001,NOMINAL,-0.88
39,87,125,124.12,5.9,114.41,133.83,0.001,0.001,NOMINAL,-0.88
39,88,125,124.12,6.42,113.56,134.67,0.001,0.001,NOMINAL,-0.88
39,89,125,124.12,5.9,114.41,133.83,0.001,0.001,NOMINAL,-0.88
39,90,125,124.12,5.9,114.41,133.83,0.001,0.001,NOMINAL,-0.88
39,91,125,124.12,5.9,114.41,133.83,0.001,0.001,NOMINAL,-0.88
39,92,125,123.67,6.72,112.62,134.72,0.001,0.001,NOMINAL,-1.33
39,93,125,124.12,6.5,113.42,134.81,0.001,0.001,NOMINAL,-0.88
39,94,125,124.47,5.39,115.6,133.34,0.001,0.001,NOMINAL,-0.53
39,95,125,124.47,2.61,120.18,128.76,0.001,0.001,NOMINAL,-0.53
39,96,125,124.12,6.42,113.56,134.67,0.001,0.001,NOMINAL,-0.88
39,97,125,124.47,5.39,115.6,133.34,0.001,0.001,NOMINAL,-0.53
39,98,125,124.47,2.61,120.18,128.76,0.001,0.001,NOMINAL,-0.53
39,99,125,124.12,6.42,113.56,134.67,0.001,0.001,NOMINAL,-0.88
39,100,125,124.25,5.9,114.54,133.96,0.001,0.001,NOMINAL,-0.75
39,101,125,124.47,3.8,118.22,130.73,0.001,0.001,NOMINAL,-0.53
39,102,125,124.47,2.61,120.18,128.76,0.001,0.001,NOMINAL,-0.53
39,103,125,124.12,6.42,113.56,134.67,0.001,0.001,NOMINAL,-0.88
39,104,125,124.12,6.42,113.56,134.67,0.001,0.001,NOMINAL,-0.88
39,105,125,123.93,6.1,113.89,133.96,0.001,0.001,NOMINAL,-1.07
39,106,125,123.39,6.72,112.34,134.43,0.001,0.001,NOMINAL,-1.61
39,107,125,124.12,6.42,113.56,134.67,0.001,0.001,NOMINAL,-0.88
39,108,125,124.47,3.8,118.22,130.73,0.001,0.001,NOMINAL,-0.53
39,109,125,123.08,6.72,112.03,134.13,0.001,0.001,NOMINAL,-1.92
39,110,125,124.12,6.42,113.56,134.67,0.001,0.001,NOMINAL,-0.88
39,111,125,123.98,5.9,114.27,133.69,0.001,0.001,NOMINAL,-1.02
39,112,125,124.12,5.9,114.41,133.83,0.001,0.001,NOMINAL,-0.88
39,113,125,123.39,6.72,112.34,134.43,0.001,0.001,NOMINAL,-1.61
39,114,125,124.12,6.5,113.42,134.81,0.001,0.001,NOMINAL,-0.88
39,115,125,124.47,3.8,118.22,130.73,0.001,0.001,NOMINAL,-0.53
39,116,125,124.47,5.39,115.6,133.34,0.001,0.001,NOMINAL,-0.53
39,117,125,124.45,5.9,114.74,134.16,0.001,0.001,NOMINAL,-0.55
39,118,125,124.12,5.9,114.41,133.83,0.001,0.001,NOMINAL,-0.88
39,119,125,124.25,2.61,119.97,128.54,0.001,0.001,NOMINAL,-0.75
39,120,125,124.47,2.61,120.18,128.76,0.001,0.001,NOMINAL,-0.53
39,121,125,124.12,5.9,114.41,133.83,0.001,0.001,NOMINAL,-0.88
39,122,125,124.47,2.61,120.18,128.76,0.001,0.001,NOMINAL,-0.53
39,123,125,124.12,5.9,114.41,133.83,0.001,0.001,NOMINAL,-0.88
39,124,125,124.47,2.61,120.18,128.76,0.001,0.001,NOMINAL,-0.53
39,125,125,124.47,3.8,118.22,130.73,0.001,0.001,NOMINAL,-0.53
39,126,125,124.47,2.61,120.18,128.76,0.001,0.001,NOMINAL,-0.53
39,127,125,124.21,2.61,119.93,128.5,0.001,0.001,NOMINAL,-0.79
39,128,125,124.47,2.61,120.18,128.76,0.001,0.001,NOMINAL,-0.53
39,129,125,124.47,2.61,120.18,128.76,0.001,0.001,NOMINAL,-0.53
39,130,125,124.47,2.61,120.18,128.76,0.001,0.001,NOMINAL,-0.53
39,131,125,124.47,2.61,120.18,128.76,0.001,0.001,NOMINAL,-0.53
39,132,125,124.47,2.61,120.18,128.76,0.001,0.001,NOMINAL,-0.53
39,133,125,124.47,2.61,120.18,128.76,0.001,0.001,NOMINAL,-0.53
39,134,125,124.45,2.61,120.16,128.73,0.001,0.001,NOMINAL,-0.55
39,135,125,124.47,2.61,120.18,128.76,0.001,0.001,NOMINAL,-0.53
39,136,125,124.47,2.61,120.18,128.76,0.001,0.001,NOMINAL,-0.53
39,137,125,124.47,2.61,120.18,128.76,0.001,0.001,NOMINAL,-0.53
39,138,125,124.47,2.61,120.18,128.76,0.001,0.001,NOMINAL,-0.53
39,139,125,124.47,2.61,120.18,128.76,0.001,0.001,NOMINAL,-0.53
39,140,125,124.47,2.61,120.18,128.76,0.001,0.001,NOMINAL,-0.53
39,141,125,124.47,2.61,120.18,128.76,0.001,0.001,NOMINAL,-0.53
39,142,125,124.47,2.61,120.18,128.76,0.001,0.001,NOMINAL,-0.53
39,143,125,124.47,2.61,120.18,128.76,0.001,0.001,NOMINAL,-0.53
39,144,125,124.47,2.61,120.18,128.76,0.001,0.001,NOMINAL,-0.53
39,145,125,124.21,3.05,119.2,129.23,0.001,0.001,NOMINAL,-0.79
39,146,125,124.21,3.05,119.2,129.23,0.001,0.001,NOMINAL,-0.79
39,147,125,124.47,2.76,119.93,129.01,0.001,0.001,NOMINAL,-0.53
39,148,125,124.21,2.76,119.68,128.75,0.001,0.001,NOMINAL,-0.79
39,149,125,124.47,2.79,119.88,129.06,0.001,0.001,NOMINAL,-0.53
39,150,125,124.21,2.76,119.68,128.75,0.001,0.001,NOMINAL,-0.79
39,151,125,124.47,2.61,120.18,128.76,0.001,0.001,NOMINAL,-0.53
39,152,125,124.47,2.61,120.18,128.76,0.001,0.001,NOMINAL,-0.53
39,153,125,124.47,2.61,120.18,128.76,0.001,0.001,NOMINAL,-0.53
39,154,125,124.47,2.76,119.93,129.01,0.001,0.001,NOMINAL,-0.53
39,155,125,124.47,2.61,120.18,128.76,0.001,0.001,NOMINAL,-0.53
39,156,125,124.47,2.61,120.18,128.76,0.001,0.001,NOMINAL,-0.53
39,157,125,124.47,2.61,120.18,128.76,0.001,0.001,NOMINAL,-0.53
39,158,125,124.47,2.61,120.18,128.76,0.001,0.001,NOMINAL,-0.53
39,159,125,124.47,2.61,120.18,128.76,0.001,0.001,NOMINAL,-0.53
39,160,125,124.12,3.02,119.15,129.08,0.001,0.001,NOMINAL,-0.88
39,161,125,124.47,3.34,118.98,129.96,0.001,0.001,NOMINAL,-0.53
39,162,125,124.47,2.76,119.93,129.01,0.001,0.001,NOMINAL,-0.53
39,163,125,124.47,4.07,117.77,131.17,0.001,0.001,NOMINAL,-0.53
39,164,125,124.21,4.12,117.44,130.99,0.001,0.001,NOMINAL,-0.79
39,165,125,124.47,2.76,119.93,129.01,0.001,0.001,NOMINAL,-0.53
39,166,125,124.25,2.76,119.72,128.79,0.001,0.001,NOMINAL,-0.75
39,167,125,124.47,2.61,120.18,128.76,0.001,0.001,NOMINAL,-0.53
39,168,125,124.47,2.76,119.93,129.01,0.001,0.001,NOMINAL,-0.53
39,169,125,124.47,2.61,120.18,128.76,0.001,0.001,NOMINAL,-0.53
39,170,125,124.47,2.82,119.83,129.12,0.001,0.001,NOMINAL,-0.53
39,171,125,124.12,4.42,116.85,131.39,0.001,0.001,NOMINAL,-0.88
39,172,125,123.72,6.37,113.25,134.19,0.001,0.001,NOMINAL,-1.28
39,173,125,124.21,5.73,114.79,133.63,0.001,0.001,NOMINAL,-0.79
39,174,125,124.47,2.77,119.92,129.02,0.001,0.001,NOMINAL,-0.53
39,175,125,124.0,3.03,119.02,128.98,0.001,0.001,NOMINAL,-1.0
39,176,125,124.12,4.42,116.85,131.39,0.001,0.001,NOMINAL,-0.88
39,177,125,123.86,6.37,113.39,134.33,0.001,0.001,NOMINAL,-1.14
39,178,125,124.12,6.27,113.81,134.43,0.001,0.001,NOMINAL,-0.88
39,179,125,124.12,6.37,113.65,134.59,0.001,0.001,NOMINAL,-0.88
39,180,125,123.98,6.58,113.16,134.8,0.001,0.001,NOMINAL,-1.02
39,181,125,123.13,6.77,111.99,134.26,0.001,0.001,NOMINAL,-1.87
39,182,125,124.12,6.37,113.65,134.59,0.001,0.001,NOMINAL,-0.88
39,183,125,124.12,6.37,113.65,134.59,0.001,0.001,NOMINAL,-0.88
39,184,125,123.08,7.36,110.97,135.18,0.001,0.001,NOMINAL,-1.92
39,185,125,122.82,7.36,110.71,134.93,0.001,0.001,NOMINAL,-2.18
39,186,125,121.92,7.53,109.54,134.3,0.001,0.001,NOMINAL,-3.08
39,187,125,123.08,7.51,110.72,135.43,0.001,0.001,NOMINAL,-1.92
39,188,125,123.08,7.51,110.72,135.43,0.001,0.001,NOMINAL,-1.92
39,189,125,120.27,8.17,106.83,133.72,0.001,0.001,NOMINAL,-4.73
39,190,125,116.36,9.39,100.92,131.8,0.001,0.001,NOMINAL,-8.64
39,191,125,116.18,9.43,100.66,131.7,0.001,0.001,NOMINAL,-8.82
39,192,125,121.19,7.38,109.05,133.33,0.001,0.001,NOMINAL,-3.81
39,193,125,118.46,9.42,102.96,133.96,0.001,0.001,NOMINAL,-6.54
39,194,124,121.29,8.07,108.02,134.55,0.001,0.001,NOMINAL,-2.71
39,195,123,122.36,7.39,110.2,134.52,0.001,0.001,NOMINAL,-0.64
39,196,122,120.8,8.17,107.36,134.25,0.001,0.001,NOMINAL,-1.2
39,197,121,121.11,7.52,108.75,133.48,0.001,0.001,NOMINAL,0.11
39,198,120,120.28,8.26,106.7,133.85,0.001,0.001,NOMINAL,0.28
39,199,119,114.63,9.52,98.97,130.29,0.001,0.001,NOMINAL,-4.37
39,200,118,110.97,9.52,95.31,126.63,0.001,0.001,NOMINAL,-7.03
39,201,117,109.1,11.83,89.64,128.55,0.001,0.001,NOMINAL,-7.9
39,202,116,111.07,9.52,95.41,126.73,0.001,0.001,NOMINAL,-4.93
39,203,115,110.75,11.1,92.49,129.02,0.001,0.001,NOMINAL,-4.25
39,204,114,110.56,11.1,92.29,128.82,0.001,0.001,NOMINAL,-3.44
39,205,113,108.26,11.85,88.76,127.75,0.001,0.001,NOMINAL,-4.74
39,206,112,108.7,11.9,89.12,128.28,0.001,0.001,NOMINAL,-3.3
39,207,111,109.31,11.1,91.05,127.58,0.001,0.001,NOMINAL,-1.69
39,208,110,107.76,12.02,87.98,127.54,0.001,0.001,NOMINAL,-2.24
39,209,109,108.14,11.85,88.65,127.64,0.001,0.001,NOMINAL,-0.86
39,210,108,98.2,10.45,81.01,115.39,0.001,0.0011,NOMINAL,-9.8
39,211,107,96.18,10.48,78.95,113.42,0.001,0.0012,NOMINAL,-10.82
39,212,106,86.31,10.17,69.59,103.04,0.001,0.0089,NOMINAL,-19.69
39,213,105,86.62,10.15,69.92,103.33,0.001,0.0079,NOMINAL,-18.38
39,214,104,87.11,10.17,70.38,103.83,0.001,0.0068,NOMINAL,-16.89
39,215,103,87.43,10.17,70.7,104.15,0.001,0.0061,NOMINAL,-15.57
39,216,102,86.74,10.17,70.02,103.47,0.001,0.0077,NOMINAL,-15.26
39,217,101,89.0,10.31,72.04,105.95,0.001,0.0044,NOMINAL,-12.0
39,218,100,88.77,10.58,71.36,106.17,0.001,0.0065,NOMINAL,-11.23
39,219,99,87.89,10.17,71.17,104.61,0.001,0.0053,NOMINAL,-11.11
39,220,98,85.61,10.03,69.12,102.11,0.001,0.0095,NOMINAL,-12.39
39,221,97,85.89,10.15,69.19,102.6,0.001,0.01,NOMINAL,-11.11
39,222,96,88.32,10.17,71.6,105.04,0.001,0.0046,NOMINAL,-7.68
39,223,95,90.12,10.57,72.73,107.51,0.001,0.0043,NOMINAL,-4.88
39,224,94,90.12,10.85,72.27,107.97,0.001,0.0058,NOMINAL,-3.88
39,225,93,88.11,10.35,71.09,105.12,0.001,0.0061,NOMINAL,-4.89
39,226,92,87.15,10.17,70.43,103.88,0.001,0.0067,NOMINAL,-4.85
39,227,91,86.44,10.17,69.72,103.17,0.001,0.0085,NOMINAL,-4.56
39,228,90,83.19,10.03,66.69,99.68,0.001,0.0217,NOMINAL,-6.81
39,229,89,83.47,9.9,67.18,99.76,0.001,0.0171,NOMINAL,-5.53
39,230,88,82.67,9.55,66.97,98.38,0.001,0.0148,NOMINAL,-5.33
39,231,87,80.09,8.31,66.41,93.76,0.001,0.0075,NOMINAL,-6.91
39,232,86,81.22,8.49,67.26,95.18,0.001,0.0062,NOMINAL,-4.78
39,233,85,78.57,8.31,64.9,92.24,0.001,0.014,NOMINAL,-6.43
39,234,84,70.54,7.63,57.99,83.09,0.001,0.0277,NOMINAL,-13.46
39,235,83,71.85,7.63,59.3,84.4,0.001,0.0261,NOMINAL,-11.15
39,236,82,69.04,8.24,55.48,82.6,0.001,0.0386,NOMINAL,-12.96
39,237,81,67.83,7.63,55.28,80.38,0.001,0.037,NOMINAL,-13.17
39,238,80,69.31,8.24,55.75,82.87,0.001,0.0367,NOMINAL,-10.69
39,239,79,67.48,7.72,54.79,80.17,0.001,0.0411,NOMINAL,-11.52
39,240,78,67.69,8.34,53.98,81.4,0.001,0.0491,NOMINAL,-10.31
39,241,77,67.25,8.34,53.54,80.96,0.001,0.0504,NOMINAL,-9.75
39,242,76,66.99,7.72,54.3,79.68,0.001,0.045,NOMINAL,-9.01
39,243,75,64.89,6.69,53.89,75.89,0.001,0.0435,NOMINAL,-10.11
39,244,74,65.74,7.37,53.62,77.85,0.001,0.0487,NOMINAL,-8.26
39,245,73,67.12,7.72,54.43,79.81,0.001,0.044,NOMINAL,-5.88
39,246,72,65.63,7.26,53.69,77.58,0.001,0.0479,NOMINAL,-6.37
39,247,71,59.62,6.09,49.6,69.63,0.001,0.0896,NOMINAL,-11.38
39,248,70,61.96,5.98,52.12,71.8,0.001,0.0549,NOMINAL,-8.04
39,249,69,56.45,6.09,46.43,66.46,0.001,0.1595,NOMINAL,-12.55
39,250,68,56.06,6.03,46.15,65.97,0.001,0.1725,NOMINAL,-11.94
39,251,67,56.06,6.03,46.15,65.97,0.001,0.1725,NOMINAL,-10.94
39,252,66,59.67,5.95,49.89,69.46,0.001,0.0842,NOMINAL,-6.33
39,253,65,60.14,5.98,50.3,69.98,0.001,0.0757,NOMINAL,-4.86
39,254,64,59.49,5.98,49.65,69.33,0.001,0.0894,NOMINAL,-4.51
39,255,63,57.15,5.98,47.31,66.99,0.001,0.1303,NOMINAL,-5.85
39,256,62,54.04,6.01,44.14,63.93,0.001,0.287,NOMINAL,-7.96
39,257,61,53.55,6.08,43.56,63.55,0.001,0.3235,NOMINAL,-7.45
39,258,60,57.21,6.09,47.19,67.22,0.001,0.1317,NOMINAL,-2.79
39,259,59,53.69,6.13,43.6,63.78,0.001,0.318,NOMINAL,-5.31
39,260,58,48.2,5.7,38.82,57.57,0.001,0.6901,MONITOR,-9.8
39,261,57,47.47,5.87,37.81,57.13,0.0011,0.7213,MONITOR,-9.53
39,262,56,48.73,5.78,39.23,58.23,0.001,0.6586,MONITOR,-7.27
39,263,55,47.66,5.27,38.99,56.33,0.001,0.7258,MONITOR,-7.34
39,264,54,47.43,5.26,38.78,56.08,0.001,0.7387,MONITOR,-6.57
39,265,53,47.43,5.4,38.55,56.32,0.001,0.7354,MONITOR,-5.57
39,266,52,46.4,5.27,37.73,55.07,0.001,0.7852,WARNING,-5.6
39,267,51,45.43,5.27,36.76,54.1,0.001,0.8321,WARNING,-5.57
39,268,50,42.89,5.25,34.26,51.52,0.0013,0.9133,WARNING,-7.11
39,269,49,40.99,5.29,32.29,49.69,0.0026,0.9417,WARNING,-8.01
39,270,48,41.18,5.22,32.59,49.76,0.0021,0.9414,WARNING,-6.82
39,271,47,42.54,5.24,33.91,51.17,0.0014,0.9202,WARNING,-4.46
39,272,46,40.42,5.32,31.67,49.17,0.0037,0.95,WARNING,-5.58
39,273,45,40.23,5.32,31.48,48.98,0.0042,0.9515,WARNING,-4.77
39,274,44,40.42,5.37,31.59,49.25,0.0042,0.9498,WARNING,-3.58
39,275,43,40.33,5.55,31.19,49.46,0.0066,0.9463,WARNING,-2.67
39,276,42,38.48,5.62,29.23,47.73,0.0232,0.9622,WARNING,-3.52
39,277,41,38.87,5.57,29.7,48.03,0.0167,0.9601,WARNING,-2.13
39,278,40,35.28,5.55,26.15,44.41,0.0263,0.982,WARNING,-4.72
39,279,39,35.56,5.75,26.1,45.02,0.0273,0.9792,WARNING,-3.44
39,280,38,33.62,3.66,27.59,39.65,0.0055,0.9997,WARNING,-4.38
39,281,37,30.95,3.84,24.63,37.26,0.0261,0.9998,WARNING,-6.05
39,282,36,32.06,3.72,25.94,38.18,0.0235,0.9998,WARNING,-3.94
39,283,35,30.79,3.81,24.52,37.05,0.0262,0.9998,WARNING,-4.21
39,284,34,29.11,3.89,22.71,35.5,0.0367,0.9998,WARNING,-4.89
39,285,33,28.41,3.95,21.92,34.9,0.0489,0.9998,WARNING,-4.59
39,286,32,29.15,3.9,22.73,35.57,0.0367,0.9998,WARNING,-2.85
39,287,31,27.96,3.99,21.41,34.52,0.055,0.9998,WARNING,-3.04
39,288,30,29.15,3.9,22.73,35.57,0.0367,0.9998,WARNING,-0.85
39,289,29,26.78,3.86,20.43,33.13,0.0696,0.9998,WARNING,-2.22
39,290,28,25.76,3.9,19.35,32.17,0.097,0.9998,WARNING,-2.24
39,291,27,25.38,3.92,18.93,31.83,0.1066,0.9998,WARNING,-1.62
39,292,26,23.39,3.95,16.88,29.89,0.2145,0.9998,WARNING,-2.61
39,293,25,20.85,4.02,14.23,27.46,0.4664,0.9998,WARNING,-4.15
39,294,24,18.75,4.15,11.93,25.58,0.6849,0.9998,WARNING,-5.25
39,295,23,19.14,4.15,12.32,25.96,0.6546,0.9998,WARNING,-3.86
39,296,22,19.14,4.14,12.34,25.95,0.6547,0.9998,WARNING,-2.86
39,297,21,18.84,4.15,12.02,25.66,0.6813,0.9998,WARNING,-2.16
39,298,20,18.24,4.19,11.35,25.13,0.7182,0.9998,WARNING,-1.76
39,299,19,18.07,4.19,11.19,24.96,0.7305,0.9998,WARNING,-0.93
39,300,18,17.07,4.25,10.08,24.07,0.7876,0.9998,WARNING,-0.93
39,301,17,13.77,4.49,6.38,21.15,0.9171,0.9998,CRITICAL,-3.23
39,302,16,13.06,4.59,5.52,20.61,0.9295,0.9998,CRITICAL,-2.94
39,303,15,13.18,4.57,5.66,20.69,0.9275,0.9998,CRITICAL,-1.82
39,304,14,13.06,4.59,5.52,20.61,0.9295,0.9998,CRITICAL,-0.94
39,305,13,12.2,4.66,4.55,19.86,0.9404,0.9998,CRITICAL,-0.8
39,306,12,11.49,4.73,3.71,19.26,0.95,0.9998,CRITICAL,-0.51
39,307,11,11.8,4.67,4.12,19.47,0.9472,0.9998,CRITICAL,0.8
39,308,10,10.1,4.87,2.09,18.1,0.9619,0.9998,CRITICAL,0.1
39,309,9,11.12,4.76,3.3,18.94,0.952,0.9998,CRITICAL,2.12
39,310,8,10.76,4.8,2.87,18.65,0.9536,0.9998,CRITICAL,2.76
40,52,125,124.07,2.77,119.52,128.62,0.001,0.001,NOMINAL,-0.93
40,53,125,124.07,3.07,119.02,129.13,0.001,0.001,NOMINAL,-0.93
40,54,125,124.07,3.07,119.02,129.13,0.001,0.001,NOMINAL,-0.93
40,55,125,124.07,3.07,119.02,129.13,0.001,0.001,NOMINAL,-0.93
40,56,125,124.07,3.07,119.02,129.13,0.001,0.001,NOMINAL,-0.93
40,57,125,124.07,3.07,119.02,129.13,0.001,0.001,NOMINAL,-0.93
40,58,125,124.07,4.44,116.76,131.38,0.001,0.001,NOMINAL,-0.93
40,59,125,124.07,4.48,116.7,131.45,0.001,0.001,NOMINAL,-0.93
40,60,125,124.07,4.48,116.7,131.45,0.001,0.001,NOMINAL,-0.93
40,61,125,124.07,3.14,118.91,129.23,0.001,0.001,NOMINAL,-0.93
40,62,125,124.07,4.58,116.55,131.6,0.001,0.001,NOMINAL,-0.93
40,63,125,124.05,5.01,115.81,132.29,0.001,0.001,NOMINAL,-0.95
40,64,125,124.07,4.58,116.55,131.6,0.001,0.001,NOMINAL,-0.93
40,65,125,124.07,4.58,116.55,131.6,0.001,0.001,NOMINAL,-0.93
40,66,125,124.07,4.51,116.66,131.48,0.001,0.001,NOMINAL,-0.93
40,67,125,124.07,3.14,118.91,129.23,0.001,0.001,NOMINAL,-0.93
40,68,125,124.05,6.83,112.81,135.29,0.001,0.001,NOMINAL,-0.95
40,69,125,123.86,6.96,112.41,135.3,0.001,0.001,NOMINAL,-1.14
40,70,125,124.07,7.04,112.5,135.65,0.001,0.001,NOMINAL,-0.93
40,71,125,124.07,6.36,113.61,134.53,0.001,0.001,NOMINAL,-0.93
40,72,125,123.86,7.04,112.28,135.43,0.001,0.001,NOMINAL,-1.14
40,73,125,123.86,7.04,112.28,135.43,0.001,0.001,NOMINAL,-1.14
40,74,125,124.07,6.36,113.61,134.53,0.001,0.001,NOMINAL,-0.93
40,75,125,123.72,6.96,112.27,135.17,0.001,0.001,NOMINAL,-1.28
40,76,125,124.07,6.56,113.28,134.86,0.001,0.001,NOMINAL,-0.93
40,77,125,124.07,6.49,113.4,134.75,0.001,0.001,NOMINAL,-0.93
40,78,125,124.07,6.49,113.4,134.75,0.001,0.001,NOMINAL,-0.93
40,79,125,124.05,6.49,113.38,134.72,0.001,0.001,NOMINAL,-0.95
40,80,125,124.07,4.58,116.55,131.6,0.001,0.001,NOMINAL,-0.93
40,81,125,124.07,2.87,119.35,128.79,0.001,0.001,NOMINAL,-0.93
40,82,125,124.07,3.14,118.91,129.23,0.001,0.001,NOMINAL,-0.93
40,83,125,124.07,2.82,119.43,128.72,0.001,0.001,NOMINAL,-0.93
40,84,125,124.07,2.87,119.35,128.79,0.001,0.001,NOMINAL,-0.93
40,85,125,124.07,3.14,118.91,129.23,0.001,0.001,NOMINAL,-0.93
40,86,125,124.07,3.09,118.99,129.15,0.001,0.001,NOMINAL,-0.93
40,87,125,124.07,3.14,118.91,129.23,0.001,0.001,NOMINAL,-0.93
40,88,125,124.07,3.14,118.91,129.23,0.001,0.001,NOMINAL,-0.93
40,89,125,124.07,2.87,119.35,128.79,0.001,0.001,NOMINAL,-0.93
40,90,125,124.07,3.14,118.91,129.23,0.001,0.001,NOMINAL,-0.93
40,91,125,124.07,2.82,119.43,128.72,0.001,0.001,NOMINAL,-0.93
40,92,125,124.07,3.14,118.91,129.23,0.001,0.001,NOMINAL,-0.93
40,93,125,124.07,3.14,118.91,129.23,0.001,0.001,NOMINAL,-0.93
40,94,125,124.07,2.82,119.43,128.72,0.001,0.001,NOMINAL,-0.93
40,95,125,124.07,3.03,119.1,129.05,0.001,0.001,NOMINAL,-0.93
40,96,125,124.07,2.87,119.35,128.79,0.001,0.001,NOMINAL,-0.93
40,97,125,124.07,2.81,119.45,128.69,0.001,0.001,NOMINAL,-0.93
40,98,125,124.07,2.82,119.43,128.72,0.001,0.001,NOMINAL,-0.93
40,99,125,124.05,2.77,119.5,128.6,0.001,0.001,NOMINAL,-0.95
40,100,125,124.07,3.07,119.02,129.13,0.001,0.001,NOMINAL,-0.93
40,101,125,124.07,2.81,119.45,128.69,0.001,0.001,NOMINAL,-0.93
40,102,125,124.07,2.76,119.54,128.61,0.001,0.001,NOMINAL,-0.93
40,103,125,124.07,3.09,118.99,129.15,0.001,0.001,NOMINAL,-0.93
40,104,125,124.07,2.87,119.35,128.79,0.001,0.001,NOMINAL,-0.93
40,105,125,124.07,2.79,119.48,128.66,0.001,0.001,NOMINAL,-0.93
40,106,125,124.07,2.77,119.52,128.62,0.001,0.001,NOMINAL,-0.93
40,107,125,124.07,3.03,119.1,129.05,0.001,0.001,NOMINAL,-0.93
40,108,125,124.07,2.77,119.52,128.62,0.001,0.001,NOMINAL,-0.93
40,109,125,124.07,2.77,119.52,128.62,0.001,0.001,NOMINAL,-0.93
40,110,125,124.07,2.77,119.52,128.62,0.001,0.001,NOMINAL,-0.93
40,111,125,124.07,2.77,119.52,128.62,0.001,0.001,NOMINAL,-0.93
40,112,125,124.07,2.77,119.52,128.62,0.001,0.001,NOMINAL,-0.93
40,113,125,124.07,2.77,119.52,128.62,0.001,0.001,NOMINAL,-0.93
40,114,125,124.07,2.77,119.52,128.62,0.001,0.001,NOMINAL,-0.93
40,115,125,124.21,2.76,119.68,128.75,0.001,0.001,NOMINAL,-0.79
40,116,125,124.47,2.76,119.93,129.01,0.001,0.001,NOMINAL,-0.53
40,117,125,124.21,2.76,119.68,128.75,0.001,0.001,NOMINAL,-0.79
40,118,125,124.21,2.76,119.68,128.75,0.001,0.001,NOMINAL,-0.79
40,119,125,124.21,2.77,119.66,128.77,0.001,0.001,NOMINAL,-0.79
40,120,125,124.21,2.76,119.68,128.75,0.001,0.001,NOMINAL,-0.79
40,121,125,124.47,2.76,119.93,129.01,0.001,0.001,NOMINAL,-0.53
40,122,125,124.07,2.77,119.52,128.62,0.001,0.001,NOMINAL,-0.93
40,123,125,124.07,2.77,119.52,128.62,0.001,0.001,NOMINAL,-0.93
40,124,125,124.21,2.77,119.66,128.77,0.001,0.001,NOMINAL,-0.79
40,125,125,124.07,2.77,119.52,128.62,0.001,0.001,NOMINAL,-0.93
40,126,125,124.21,2.82,119.57,128.86,0.001,0.001,NOMINAL,-0.79
40,127,125,124.21,2.76,119.68,128.75,0.001,0.001,NOMINAL,-0.79
40,128,125,124.21,2.77,119.66,128.77,0.001,0.001,NOMINAL,-0.79
40,129,125,124.07,2.77,119.52,128.62,0.001,0.001,NOMINAL,-0.93
40,130,125,124.07,2.77,119.52,128.62,0.001,0.001,NOMINAL,-0.93
40,131,125,124.07,2.77,119.52,128.62,0.001,0.001,NOMINAL,-0.93
40,132,125,124.21,2.77,119.66,128.77,0.001,0.001,NOMINAL,-0.79
40,133,125,124.47,2.76,119.93,129.01,0.001,0.001,NOMINAL,-0.53
40,134,125,124.21,2.77,119.66,128.77,0.001,0.001,NOMINAL,-0.79
40,135,125,124.07,2.81,119.45,128.69,0.001,0.001,NOMINAL,-0.93
40,136,125,124.07,2.77,119.52,128.62,0.001,0.001,NOMINAL,-0.93
40,137,125,124.21,2.77,119.66,128.77,0.001,0.001,NOMINAL,-0.79
40,138,125,124.21,2.77,119.66,128.77,0.001,0.001,NOMINAL,-0.79
40,139,125,124.47,2.76,119.93,129.01,0.001,0.001,NOMINAL,-0.53
40,140,125,124.47,2.77,119.92,129.02,0.001,0.001,NOMINAL,-0.53
40,141,125,124.07,2.77,119.52,128.62,0.001,0.001,NOMINAL,-0.93
40,142,125,124.21,2.77,119.66,128.77,0.001,0.001,NOMINAL,-0.79
40,143,125,124.21,2.76,119.68,128.75,0.001,0.001,NOMINAL,-0.79
40,144,125,124.21,2.77,119.66,128.77,0.001,0.001,NOMINAL,-0.79
40,145,125,124.47,2.76,119.93,129.01,0.001,0.001,NOMINAL,-0.53
40,146,125,124.47,2.76,119.93,129.01,0.001,0.001,NOMINAL,-0.53
40,147,125,124.47,2.76,119.93,129.01,0.001,0.001,NOMINAL,-0.53
40,148,125,124.47,2.76,119.93,129.01,0.001,0.001,NOMINAL,-0.53
40,149,125,124.47,2.76,119.93,129.01,0.001,0.001,NOMINAL,-0.53
40,150,125,124.47,2.76,119.93,129.01,0.001,0.001,NOMINAL,-0.53
40,151,125,124.47,2.76,119.93,129.01,0.001,0.001,NOMINAL,-0.53
40,152,125,124.21,2.77,119.66,128.77,0.001,0.001,NOMINAL,-0.79
40,153,125,124.47,2.76,119.93,129.01,0.001,0.001,NOMINAL,-0.53
40,154,125,124.47,2.76,119.93,129.01,0.001,0.001,NOMINAL,-0.53
40,155,125,124.47,2.76,119.93,129.01,0.001,0.001,NOMINAL,-0.53
40,156,125,124.47,2.76,119.93,129.01,0.001,0.001,NOMINAL,-0.53
40,157,125,124.47,2.76,119.93,129.01,0.001,0.001,NOMINAL,-0.53
40,158,125,124.47,2.77,119.92,129.02,0.001,0.001,NOMINAL,-0.53
40,159,125,124.21,2.77,119.66,128.77,0.001,0.001,NOMINAL,-0.79
40,160,125,124.21,2.77,119.66,128.77,0.001,0.001,NOMINAL,-0.79
40,161,125,124.21,2.77,119.66,128.77,0.001,0.001,NOMINAL,-0.79
40,162,125,124.47,2.77,119.92,129.02,0.001,0.001,NOMINAL,-0.53
40,163,125,124.47,2.77,119.92,129.02,0.001,0.001,NOMINAL,-0.53
40,164,125,124.21,2.77,119.66,128.77,0.001,0.001,NOMINAL,-0.79
40,165,125,124.21,2.77,119.66,128.77,0.001,0.001,NOMINAL,-0.79
40,166,125,124.47,2.77,119.92,129.02,0.001,0.001,NOMINAL,-0.53
40,167,125,124.47,2.77,119.92,129.02,0.001,0.001,NOMINAL,-0.53
40,168,125,124.47,2.76,119.93,129.01,0.001,0.001,NOMINAL,-0.53
40,169,125,124.47,2.76,119.93,129.01,0.001,0.001,NOMINAL,-0.53
40,170,125,124.47,2.77,119.92,129.02,0.001,0.001,NOMINAL,-0.53
40,171,125,124.47,2.77,119.92,129.02,0.001,0.001,NOMINAL,-0.53
40,172,125,124.47,2.77,119.92,129.02,0.001,0.001,NOMINAL,-0.53
40,173,125,124.47,2.77,119.92,129.02,0.001,0.001,NOMINAL,-0.53
40,174,125,124.47,2.77,119.92,129.02,0.001,0.001,NOMINAL,-0.53
40,175,125,124.47,2.77,119.92,129.02,0.001,0.001,NOMINAL,-0.53
40,176,125,124.47,2.77,119.92,129.02,0.001,0.001,NOMINAL,-0.53
40,177,125,124.47,2.77,119.92,129.02,0.001,0.001,NOMINAL,-0.53
40,178,125,124.47,2.77,119.92,129.02,0.001,0.001,NOMINAL,-0.53
40,179,125,124.21,2.77,119.66,128.77,0.001,0.001,NOMINAL,-0.79
40,180,125,124.21,2.77,119.66,128.77,0.001,0.001,NOMINAL,-0.79
40,181,125,124.47,2.77,119.92,129.02,0.001,0.001,NOMINAL,-0.53
40,182,125,124.47,2.77,119.92,129.02,0.001,0.001,NOMINAL,-0.53
40,183,125,124.47,2.77,119.92,129.02,0.001,0.001,NOMINAL,-0.53
40,184,125,124.47,2.77,119.92,129.02,0.001,0.001,NOMINAL,-0.53
40,185,125,124.47,2.77,119.92,129.02,0.001,0.001,NOMINAL,-0.53
40,186,125,124.47,2.77,119.92,129.02,0.001,0.001,NOMINAL,-0.53
40,187,125,124.47,2.77,119.92,129.02,0.001,0.001,NOMINAL,-0.53
40,188,125,124.47,2.77,119.92,129.02,0.001,0.001,NOMINAL,-0.53
40,189,125,124.47,2.77,119.92,129.02,0.001,0.001,NOMINAL,-0.53
40,190,125,124.47,2.77,119.92,129.02,0.001,0.001,NOMINAL,-0.53
40,191,125,124.47,2.77,119.92,129.02,0.001,0.001,NOMINAL,-0.53
40,192,125,124.47,2.77,119.92,129.02,0.001,0.001,NOMINAL,-0.53
40,193,125,124.47,2.77,119.92,129.02,0.001,0.001,NOMINAL,-0.53
40,194,125,124.45,2.77,119.9,129.0,0.001,0.001,NOMINAL,-0.55
40,195,125,123.86,4.34,116.73,131.0,0.001,0.001,NOMINAL,-1.14
40,196,125,123.72,6.15,113.6,133.84,0.001,0.001,NOMINAL,-1.28
40,197,125,124.21,2.77,119.66,128.77,0.001,0.001,NOMINAL,-0.79
40,198,125,124.47,2.77,119.92,129.02,0.001,0.001,NOMINAL,-0.53
40,199,125,124.21,2.77,119.66,128.77,0.001,0.001,NOMINAL,-0.79
40,200,125,124.21,2.77,119.66,128.77,0.001,0.001,NOMINAL,-0.79
40,201,125,124.47,2.77,119.92,129.02,0.001,0.001,NOMINAL,-0.53
40,202,125,123.86,2.77,119.31,128.41,0.001,0.001,NOMINAL,-1.14
40,203,125,124.0,3.0,119.06,128.93,0.001,0.001,NOMINAL,-1.0
40,204,125,124.21,2.77,119.66,128.77,0.001,0.001,NOMINAL,-0.79
40,205,125,124.47,2.77,119.92,129.02,0.001,0.001,NOMINAL,-0.53
40,206,125,124.47,2.77,119.92,129.02,0.001,0.001,NOMINAL,-0.53
40,207,125,124.37,2.77,119.82,128.93,0.001,0.001,NOMINAL,-0.63
40,208,125,124.47,2.77,119.92,129.02,0.001,0.001,NOMINAL,-0.53
40,209,125,124.47,2.77,119.92,129.02,0.001,0.001,NOMINAL,-0.53
40,210,125,124.18,4.34,117.04,131.32,0.001,0.001,NOMINAL,-0.82
40,211,125,124.18,6.36,113.73,134.63,0.001,0.001,NOMINAL,-0.82
40,212,125,124.04,6.45,113.43,134.66,0.001,0.001,NOMINAL,-0.96
40,213,125,123.78,6.53,113.04,134.51,0.001,0.001,NOMINAL,-1.22
40,214,125,123.78,6.53,113.04,134.51,0.001,0.001,NOMINAL,-1.22
40,215,125,123.93,6.45,113.31,134.54,0.001,0.001,NOMINAL,-1.07
40,216,125,121.77,7.42,109.57,133.97,0.001,0.001,NOMINAL,-3.23
40,217,125,121.96,7.45,109.7,134.21,0.001,0.001,NOMINAL,-3.04
40,218,125,115.14,9.52,99.48,130.8,0.001,0.001,NOMINAL,-9.86
40,219,125,113.17,9.52,97.51,128.83,0.001,0.001,NOMINAL,-11.83
40,220,125,110.72,11.1,92.46,128.99,0.001,0.001,NOMINAL,-14.28
40,221,125,112.54,10.42,95.4,129.68,0.001,0.001,NOMINAL,-12.46
40,222,125,119.11,9.39,103.67,134.55,0.001,0.001,NOMINAL,-5.89
40,223,125,118.49,9.43,102.97,134.01,0.001,0.001,NOMINAL,-6.51
40,224,125,111.62,11.1,93.36,129.89,0.001,0.001,NOMINAL,-13.38
40,225,125,111.25,11.1,92.98,129.51,0.001,0.001,NOMINAL,-13.75
40,226,125,108.24,11.03,90.09,126.38,0.001,0.001,NOMINAL,-16.76
40,227,125,112.28,10.42,95.14,129.42,0.001,0.001,NOMINAL,-12.72
40,228,125,113.41,10.42,96.27,130.55,0.001,0.001,NOMINAL,-11.59
40,229,125,110.56,11.05,92.39,128.73,0.001,0.001,NOMINAL,-14.44
40,230,124,110.52,11.1,92.25,128.78,0.001,0.001,NOMINAL,-13.48
40,231,123,109.1,11.09,90.85,127.34,0.001,0.001,NOMINAL,-13.9
40,232,122,109.1,11.85,89.61,128.6,0.001,0.001,NOMINAL,-12.9
40,233,121,108.85,11.61,89.75,127.94,0.001,0.001,NOMINAL,-12.15
40,234,120,109.47,11.06,91.27,127.66,0.001,0.001,NOMINAL,-10.53
40,235,119,102.51,11.03,84.36,120.66,0.001,0.0011,NOMINAL,-16.49
40,236,118,102.18,11.03,84.03,120.32,0.001,0.0011,NOMINAL,-15.82
40,237,117,99.27,10.54,81.92,116.61,0.001,0.0011,NOMINAL,-17.73
40,238,116,102.56,11.03,84.41,120.71,0.001,0.0011,NOMINAL,-13.44
40,239,115,98.71,10.6,81.28,116.14,0.001,0.0011,NOMINAL,-16.29
40,240,114,100.22,10.85,82.37,118.08,0.001,0.0011,NOMINAL,-13.78
40,241,113,102.95,11.16,84.6,121.3,0.001,0.0011,NOMINAL,-10.05
40,242,112,101.65,11.16,83.3,120.0,0.001,0.0011,NOMINAL,-10.35
40,243,111,104.69,11.61,85.59,123.78,0.001,0.0011,NOMINAL,-6.31
40,244,110,109.4,11.9,89.82,128.98,0.001,0.001,NOMINAL,-0.6
40,245,109,112.83,11.1,94.57,131.09,0.001,0.001,NOMINAL,3.83
40,246,108,112.18,11.1,93.92,130.45,0.001,0.001,NOMINAL,4.18
40,247,107,110.34,11.81,90.9,129.77,0.001,0.001,NOMINAL,3.34
40,248,106,107.32,10.98,89.26,125.37,0.001,0.001,NOMINAL,1.32
40,249,105,109.8,10.59,92.38,127.22,0.001,0.001,NOMINAL,4.8
40,250,104,100.59,10.98,82.54,118.65,0.001,0.0011,NOMINAL,-3.41
40,251,103,97.73,10.9,79.8,115.65,0.001,0.0013,NOMINAL,-5.27
40,252,102,100.03,10.98,81.97,118.08,0.001,0.0011,NOMINAL,-1.97
40,253,101,98.94,10.24,82.1,115.79,0.001,0.001,NOMINAL,-2.06
40,254,100,95.29,10.9,77.37,113.22,0.001,0.0017,NOMINAL,-4.71
40,255,99,94.64,10.84,76.8,112.47,0.001,0.0019,NOMINAL,-4.36
40,256,98,98.03,10.09,81.43,114.62,0.001,0.0011,NOMINAL,0.03
40,257,97,97.65,9.66,81.75,113.54,0.001,0.001,NOMINAL,0.65
40,258,96,92.91,10.57,75.53,110.3,0.001,0.0021,NOMINAL,-3.09
40,259,95,92.91,10.64,75.41,110.41,0.001,0.0022,NOMINAL,-2.09
40,260,94,88.89,10.56,71.51,106.26,0.001,0.0061,NOMINAL,-5.11
40,261,93,90.88,9.39,75.43,106.32,0.001,0.0013,NOMINAL,-2.12
40,262,92,88.93,10.59,71.51,106.34,0.001,0.0062,NOMINAL,-3.07
40,263,91,87.09,10.59,69.68,104.51,0.001,0.0112,NOMINAL,-3.91
40,264,90,86.2,10.45,69.0,103.4,0.001,0.0129,NOMINAL,-3.8
40,265,89,84.82,9.16,69.75,99.88,0.001,0.0042,NOMINAL,-4.18
40,266,88,84.57,10.18,67.83,101.32,0.001,0.0161,NOMINAL,-3.43
40,267,87,84.77,10.26,67.89,101.65,0.001,0.0166,NOMINAL,-2.23
40,268,86,85.2,10.3,68.26,102.14,0.001,0.015,NOMINAL,-0.8
40,269,85,86.4,9.89,70.13,102.67,0.001,0.0062,NOMINAL,1.4
40,270,84,81.02,9.82,64.87,97.17,0.001,0.0244,NOMINAL,-2.98
40,271,83,82.62,9.99,66.19,99.05,0.001,0.0233,NOMINAL,-0.38
40,272,82,81.57,9.28,66.31,96.83,0.001,0.0157,NOMINAL,-0.43
40,273,81,79.27,8.15,65.87,92.66,0.001,0.0083,NOMINAL,-1.73
40,274,80,83.55,10.26,66.67,100.43,0.001,0.0233,NOMINAL,3.55
40,275,79,80.83,9.74,64.81,96.85,0.001,0.0243,NOMINAL,1.83
40,276,78,81.39,9.91,65.09,97.68,0.001,0.0243,NOMINAL,3.39
40,277,77,83.55,10.26,66.67,100.43,0.001,0.0233,NOMINAL,6.55
40,278,76,82.79,10.26,65.91,99.67,0.001,0.024,NOMINAL,6.79
40,279,75,83.8,10.3,66.86,100.75,0.001,0.0232,NOMINAL,8.8
40,280,74,82.75,10.3,65.8,99.69,0.001,0.0241,NOMINAL,8.75
40,281,73,81.41,9.92,65.09,97.72,0.001,0.0243,NOMINAL,8.41
40,282,72,81.63,9.95,65.26,98.0,0.001,0.0242,NOMINAL,9.63
40,283,71,80.97,9.65,65.1,96.84,0.001,0.0238,NOMINAL,9.97
40,284,70,73.66,8.19,60.19,87.12,0.001,0.026,NOMINAL,3.66
40,285,69,70.29,8.26,56.71,83.87,0.001,0.0335,NOMINAL,1.29
40,286,68,66.41,7.67,53.8,79.02,0.001,0.0485,NOMINAL,-1.59
40,287,67,66.41,7.66,53.82,79.01,0.001,0.0484,NOMINAL,-0.59
40,288,66,67.53,8.17,54.1,80.97,0.001,0.0482,NOMINAL,1.53
40,289,65,66.41,7.6,53.92,78.91,0.001,0.0474,NOMINAL,1.41
40,290,64,66.14,7.68,53.51,78.77,0.001,0.0494,NOMINAL,2.14
40,291,63,62.07,7.55,49.65,74.48,0.001,0.0881,NOMINAL,-0.93
40,292,62,63.41,7.92,50.38,76.43,0.001,0.0758,NOMINAL,1.41
40,293,61,61.14,6.2,50.94,71.34,0.001,0.0664,NOMINAL,0.14
40,294,60,60.89,6.2,50.7,71.08,0.001,0.0695,NOMINAL,0.89
40,295,59,59.41,6.06,49.43,69.38,0.001,0.0924,NOMINAL,0.41
40,296,58,59.36,6.03,49.45,69.28,0.001,0.0923,NOMINAL,1.36
40,297,57,57.22,6.0,47.35,67.08,0.001,0.1301,NOMINAL,0.22
40,298,56,54.31,5.95,44.52,64.1,0.001,0.2657,NOMINAL,-1.69
40,299,55,54.58,5.79,45.06,64.1,0.001,0.2392,NOMINAL,-0.42
40,300,54,54.31,5.91,44.58,64.03,0.001,0.2644,NOMINAL,0.31
40,301,53,55.1,5.95,45.31,64.89,0.001,0.2144,NOMINAL,2.1
40,302,52,52.32,6.08,42.33,62.32,0.001,0.4051,NOMINAL,0.32
40,303,51,52.83,6.08,42.84,62.83,0.001,0.3742,NOMINAL,1.83
40,304,50,51.72,6.1,41.68,61.76,0.001,0.4418,NOMINAL,1.72
40,305,49,50.44,6.12,40.36,60.51,0.001,0.5447,MONITOR,1.44
40,306,48,49.22,6.12,39.14,59.29,0.001,0.6248,MONITOR,1.22
40,307,47,46.77,6.37,36.29,57.26,0.0016,0.7439,MONITOR,-0.23
40,308,46,46.52,6.37,36.03,57.0,0.0017,0.7538,WARNING,0.52
40,309,45,46.95,6.18,36.79,57.12,0.0013,0.7411,MONITOR,1.95
40,310,44,45.87,6.2,35.67,56.06,0.0017,0.7822,WARNING,1.87
40,311,43,44.64,6.16,34.51,54.77,0.0024,0.8325,WARNING,1.64
40,312,42,39.35,5.65,30.06,48.65,0.0147,0.9521,WARNING,-2.65
40,313,41,39.35,5.66,30.04,48.67,0.015,0.9521,WARNING,-1.65
41,52,125,123.52,6.25,113.24,133.79,0.001,0.001,NOMINAL,-1.48
41,53,125,124.07,5.76,114.59,133.55,0.001,0.001,NOMINAL,-0.93
41,54,125,124.07,5.76,114.59,133.55,0.001,0.001,NOMINAL,-0.93
41,55,125,124.07,5.68,114.74,133.41,0.001,0.001,NOMINAL,-0.93
41,56,125,124.07,4.0,117.49,130.66,0.001,0.001,NOMINAL,-0.93
41,57,125,124.07,5.68,114.74,133.41,0.001,0.001,NOMINAL,-0.93
41,58,125,124.07,5.68,114.74,133.41,0.001,0.001,NOMINAL,-0.93
41,59,125,123.78,5.68,114.45,133.12,0.001,0.001,NOMINAL,-1.22
41,60,125,124.07,5.76,114.59,133.55,0.001,0.001,NOMINAL,-0.93
41,61,125,123.52,6.25,113.24,133.79,0.001,0.001,NOMINAL,-1.48
41,62,125,123.45,6.83,112.22,134.69,0.001,0.001,NOMINAL,-1.55
41,63,125,123.32,6.25,113.05,133.6,0.001,0.001,NOMINAL,-1.68
41,64,125,123.27,7.14,111.54,135.01,0.001,0.001,NOMINAL,-1.73
41,65,125,123.07,8.06,109.81,136.33,0.001,0.001,NOMINAL,-1.93
41,66,125,123.45,6.43,112.87,134.03,0.001,0.001,NOMINAL,-1.55
41,67,125,124.07,5.76,114.59,133.55,0.001,0.001,NOMINAL,-0.93
41,68,125,124.07,5.68,114.74,133.41,0.001,0.001,NOMINAL,-0.93
41,69,125,124.07,5.68,114.74,133.41,0.001,0.001,NOMINAL,-0.93
41,70,125,123.91,5.68,114.58,133.25,0.001,0.001,NOMINAL,-1.09
41,71,125,123.91,5.76,114.43,133.39,0.001,0.001,NOMINAL,-1.09
41,72,125,123.91,6.25,113.63,134.19,0.001,0.001,NOMINAL,-1.09
41,73,125,123.91,6.15,113.79,134.03,0.001,0.001,NOMINAL,-1.09
41,74,125,123.78,6.15,113.66,133.9,0.001,0.001,NOMINAL,-1.22
41,75,125,123.72,5.76,114.24,133.2,0.001,0.001,NOMINAL,-1.28
41,76,125,123.91,6.15,113.79,134.03,0.001,0.001,NOMINAL,-1.09
41,77,125,123.78,6.25,113.51,134.06,0.001,0.001,NOMINAL,-1.22
41,78,125,124.07,5.68,114.74,133.41,0.001,0.001,NOMINAL,-0.93
41,79,125,123.78,6.15,113.66,133.9,0.001,0.001,NOMINAL,-1.22
41,80,125,123.84,6.83,112.6,135.07,0.001,0.001,NOMINAL,-1.16
41,81,125,123.97,6.25,113.7,134.25,0.001,0.001,NOMINAL,-1.03
41,82,125,123.97,6.25,113.7,134.25,0.001,0.001,NOMINAL,-1.03
41,83,125,124.07,5.76,114.59,133.55,0.001,0.001,NOMINAL,-0.93
41,84,125,124.07,5.68,114.74,133.41,0.001,0.001,NOMINAL,-0.93
41,85,125,124.07,5.68,114.74,133.41,0.001,0.001,NOMINAL,-0.93
41,86,125,124.07,4.0,117.49,130.66,0.001,0.001,NOMINAL,-0.93
41,87,125,124.07,4.0,117.49,130.66,0.001,0.001,NOMINAL,-0.93
41,88,125,124.07,2.77,119.52,128.62,0.001,0.001,NOMINAL,-0.93
41,89,125,124.07,2.77,119.52,128.62,0.001,0.001,NOMINAL,-0.93
41,90,125,123.78,2.77,119.23,128.33,0.001,0.001,NOMINAL,-1.22
41,91,125,124.07,2.77,119.52,128.62,0.001,0.001,NOMINAL,-0.93
41,92,125,123.97,4.0,117.39,130.56,0.001,0.001,NOMINAL,-1.03
41,93,125,123.78,3.0,118.85,128.72,0.001,0.001,NOMINAL,-1.22
41,94,125,123.78,6.36,113.33,134.24,0.001,0.001,NOMINAL,-1.22
41,95,125,123.97,6.25,113.7,134.25,0.001,0.001,NOMINAL,-1.03
41,96,125,123.78,6.15,113.66,133.9,0.001,0.001,NOMINAL,-1.22
41,97,125,123.78,6.45,113.16,134.4,0.001,0.001,NOMINAL,-1.22
41,98,125,123.59,6.53,112.86,134.32,0.001,0.001,NOMINAL,-1.41
41,99,125,123.72,6.25,113.44,134.0,0.001,0.001,NOMINAL,-1.28
41,100,125,123.97,6.43,113.39,134.55,0.001,0.001,NOMINAL,-1.03
41,101,125,123.72,6.15,113.6,133.84,0.001,0.001,NOMINAL,-1.28
42,52,125,109.89,12.52,89.3,130.49,0.001,0.001,NOMINAL,-15.11
42,53,125,110.26,12.52,89.66,130.85,0.001,0.001,NOMINAL,-14.74
42,54,125,108.32,12.52,87.73,128.92,0.001,0.0011,NOMINAL,-16.68
42,55,125,111.1,12.52,90.5,131.69,0.001,0.001,NOMINAL,-13.9
42,56,125,110.32,12.52,89.73,130.92,0.001,0.001,NOMINAL,-14.68
42,57,125,111.34,12.3,91.1,131.58,0.001,0.001,NOMINAL,-13.66
42,58,125,108.32,12.52,87.73,128.92,0.001,0.0011,NOMINAL,-16.68
42,59,125,108.91,12.52,88.31,129.5,0.001,0.0011,NOMINAL,-16.09
42,60,125,108.2,12.3,87.96,128.43,0.001,0.0011,NOMINAL,-16.8
42,61,125,111.2,12.52,90.61,131.79,0.001,0.001,NOMINAL,-13.8
42,62,125,110.26,12.52,89.66,130.85,0.001,0.001,NOMINAL,-14.74
42,63,125,109.55,12.52,88.96,130.15,0.001,0.0011,NOMINAL,-15.45
42,64,125,107.68,12.52,87.09,128.28,0.001,0.0011,NOMINAL,-17.32
42,65,125,108.91,12.52,88.31,129.5,0.001,0.0011,NOMINAL,-16.09
42,66,125,108.13,12.52,87.54,128.73,0.001,0.0011,NOMINAL,-16.87
42,67,125,107.54,12.52,86.95,128.14,0.001,0.0011,NOMINAL,-17.46
42,68,125,107.68,12.52,87.09,128.28,0.001,0.0011,NOMINAL,-17.32
42,69,125,104.42,12.52,83.82,125.01,0.001,0.0013,NOMINAL,-20.58
42,70,125,108.13,12.52,87.54,128.73,0.001,0.0011,NOMINAL,-16.87
42,71,125,107.63,12.52,87.03,128.22,0.001,0.0011,NOMINAL,-17.37
42,72,125,103.0,12.52,82.41,123.6,0.001,0.0015,NOMINAL,-22.0
42,73,125,96.76,12.52,76.16,117.35,0.001,0.0052,NOMINAL,-28.24
42,74,125,96.0,12.52,75.41,116.6,0.001,0.0063,NOMINAL,-29.0
42,75,125,108.59,12.52,87.99,129.18,0.001,0.0011,NOMINAL,-16.41
42,76,125,106.09,12.52,85.5,126.69,0.001,0.0012,NOMINAL,-18.91
42,77,125,105.37,12.52,84.78,125.97,0.001,0.0012,NOMINAL,-19.63
42,78,124,90.25,11.6,71.17,109.34,0.001,0.0126,NOMINAL,-33.75
42,79,123,95.3,11.62,76.19,114.42,0.001,0.0032,NOMINAL,-27.7
42,80,122,90.91,11.56,71.89,109.93,0.001,0.0099,NOMINAL,-31.09
42,81,121,95.68,11.6,76.59,114.77,0.001,0.0028,NOMINAL,-25.32
42,82,120,102.08,11.1,83.81,120.34,0.001,0.0011,NOMINAL,-17.92
42,83,119,91.57,11.6,72.48,110.65,0.001,0.0085,NOMINAL,-27.43
42,84,118,90.91,11.49,72.01,109.81,0.001,0.0092,NOMINAL,-27.09
42,85,117,94.48,12.44,74.01,114.94,0.001,0.0088,NOMINAL,-22.52
42,86,116,93.65,12.44,73.19,114.11,0.001,0.011,NOMINAL,-22.35
42,87,115,92.38,11.75,73.06,111.71,0.001,0.0079,NOMINAL,-22.62
43,52,125,124.07,2.77,119.52,128.62,0.001,0.001,NOMINAL,-0.93
43,53,125,124.07,3.03,119.1,129.05,0.001,0.001,NOMINAL,-0.93
43,54,125,124.07,2.81,119.45,128.69,0.001,0.001,NOMINAL,-0.93
43,55,125,124.07,6.3,113.71,134.44,0.001,0.001,NOMINAL,-0.93
43,56,125,124.07,4.0,117.49,130.66,0.001,0.001,NOMINAL,-0.93
43,57,125,124.07,4.44,116.76,131.38,0.001,0.001,NOMINAL,-0.93
43,58,125,124.07,2.77,119.52,128.62,0.001,0.001,NOMINAL,-0.93
43,59,125,124.07,4.44,116.76,131.38,0.001,0.001,NOMINAL,-0.93
43,60,125,124.05,4.06,117.36,130.73,0.001,0.001,NOMINAL,-0.95
43,61,125,124.07,3.07,119.02,129.13,0.001,0.001,NOMINAL,-0.93
43,62,125,124.07,2.77,119.52,128.62,0.001,0.001,NOMINAL,-0.93
43,63,125,124.07,3.07,119.02,129.13,0.001,0.001,NOMINAL,-0.93
43,64,125,123.72,6.15,113.6,133.84,0.001,0.001,NOMINAL,-1.28
43,65,125,123.72,6.83,112.48,134.96,0.001,0.001,NOMINAL,-1.28
43,66,125,123.72,6.83,112.48,134.96,0.001,0.001,NOMINAL,-1.28
43,67,125,123.72,6.83,112.48,134.96,0.001,0.001,NOMINAL,-1.28
43,68,125,123.72,6.25,113.44,134.0,0.001,0.001,NOMINAL,-1.28
43,69,125,123.72,6.83,112.48,134.96,0.001,0.001,NOMINAL,-1.28
43,70,125,123.72,6.83,112.48,134.96,0.001,0.001,NOMINAL,-1.28
43,71,125,123.72,7.03,112.15,135.29,0.001,0.001,NOMINAL,-1.28
43,72,125,123.72,7.65,111.14,136.3,0.001,0.001,NOMINAL,-1.28
43,73,125,123.72,6.83,112.48,134.96,0.001,0.001,NOMINAL,-1.28
43,74,125,123.72,6.83,112.48,134.96,0.001,0.001,NOMINAL,-1.28
43,75,125,123.72,7.03,112.15,135.29,0.001,0.001,NOMINAL,-1.28
43,76,125,122.99,8.06,109.73,136.24,0.001,0.001,NOMINAL,-2.01
43,77,125,123.72,7.8,110.89,136.55,0.001,0.001,NOMINAL,-1.28
43,78,125,123.72,7.65,111.14,136.3,0.001,0.001,NOMINAL,-1.28
43,79,125,123.72,7.65,111.14,136.3,0.001,0.001,NOMINAL,-1.28
43,80,125,123.72,7.65,111.14,136.3,0.001,0.001,NOMINAL,-1.28
43,81,125,123.72,6.83,112.48,134.96,0.001,0.001,NOMINAL,-1.28
43,82,125,123.72,6.25,113.44,134.0,0.001,0.001,NOMINAL,-1.28
43,83,125,123.72,6.83,112.48,134.96,0.001,0.001,NOMINAL,-1.28
43,84,125,123.72,6.25,113.44,134.0,0.001,0.001,NOMINAL,-1.28
43,85,125,124.07,6.3,113.71,134.44,0.001,0.001,NOMINAL,-0.93
43,86,125,123.72,6.83,112.48,134.96,0.001,0.001,NOMINAL,-1.28
43,87,125,124.07,6.3,113.71,134.44,0.001,0.001,NOMINAL,-0.93
43,88,125,124.07,4.0,117.49,130.66,0.001,0.001,NOMINAL,-0.93
43,89,125,124.07,2.77,119.52,128.62,0.001,0.001,NOMINAL,-0.93
43,90,125,123.72,3.05,118.71,128.73,0.001,0.001,NOMINAL,-1.28
43,91,125,123.72,3.33,118.24,129.2,0.001,0.001,NOMINAL,-1.28
43,92,125,122.99,7.14,111.25,134.72,0.001,0.001,NOMINAL,-2.01
43,93,125,123.27,8.05,110.04,136.51,0.001,0.001,NOMINAL,-1.73
43,94,125,122.68,8.21,109.17,136.18,0.001,0.001,NOMINAL,-2.32
43,95,125,122.99,8.21,109.48,136.49,0.001,0.001,NOMINAL,-2.01
43,96,125,122.63,8.06,109.37,135.88,0.001,0.001,NOMINAL,-2.37
43,97,125,120.47,8.16,107.06,133.89,0.001,0.001,NOMINAL,-4.53
43,98,125,122.17,8.08,108.87,135.46,0.001,0.001,NOMINAL,-2.83
43,99,125,120.32,8.09,107.01,133.64,0.001,0.001,NOMINAL,-4.68
43,100,125,122.51,8.08,109.21,135.8,0.001,0.001,NOMINAL,-2.49
43,101,125,123.26,7.14,111.52,135.0,0.001,0.001,NOMINAL,-1.74
43,102,125,123.26,6.99,111.76,134.76,0.001,0.001,NOMINAL,-1.74
43,103,125,124.07,5.76,114.59,133.55,0.001,0.001,NOMINAL,-0.93
43,104,125,123.61,5.76,114.13,133.09,0.001,0.001,NOMINAL,-1.39
43,105,125,124.07,2.77,119.52,128.62,0.001,0.001,NOMINAL,-0.93
43,106,125,124.07,2.77,119.52,128.62,0.001,0.001,NOMINAL,-0.93
43,107,125,123.72,2.77,119.17,128.27,0.001,0.001,NOMINAL,-1.28
43,108,125,123.72,2.81,119.1,128.34,0.001,0.001,NOMINAL,-1.28
43,109,125,123.72,6.15,113.6,133.84,0.001,0.001,NOMINAL,-1.28
43,110,125,123.53,6.36,113.07,133.98,0.001,0.001,NOMINAL,-1.47
43,111,125,123.72,6.25,113.44,134.0,0.001,0.001,NOMINAL,-1.28
43,112,125,123.72,6.32,113.33,134.11,0.001,0.001,NOMINAL,-1.28
43,113,125,123.91,6.25,113.63,134.19,0.001,0.001,NOMINAL,-1.09
43,114,125,124.07,5.68,114.74,133.41,0.001,0.001,NOMINAL,-0.93
43,115,125,124.07,2.77,119.52,128.62,0.001,0.001,NOMINAL,-0.93
43,116,125,124.07,2.77,119.52,128.62,0.001,0.001,NOMINAL,-0.93
43,117,125,124.07,2.77,119.52,128.62,0.001,0.001,NOMINAL,-0.93
43,118,125,124.07,2.77,119.52,128.62,0.001,0.001,NOMINAL,-0.93
43,119,125,123.91,3.0,118.98,128.85,0.001,0.001,NOMINAL,-1.09
43,120,125,123.72,3.0,118.78,128.65,0.001,0.001,NOMINAL,-1.28
43,121,125,123.72,4.34,116.58,130.86,0.001,0.001,NOMINAL,-1.28
43,122,125,124.07,4.1,117.33,130.82,0.001,0.001,NOMINAL,-0.93
43,123,125,124.07,4.04,117.43,130.71,0.001,0.001,NOMINAL,-0.93
43,124,125,124.07,2.77,119.52,128.62,0.001,0.001,NOMINAL,-0.93
43,125,125,123.91,6.15,113.79,134.03,0.001,0.001,NOMINAL,-1.09
43,126,125,123.72,6.25,113.44,134.0,0.001,0.001,NOMINAL,-1.28
43,127,125,123.53,6.45,112.91,134.14,0.001,0.001,NOMINAL,-1.47
43,128,125,123.18,6.45,112.56,133.79,0.001,0.001,NOMINAL,-1.82
43,129,125,123.72,6.25,113.44,134.0,0.001,0.001,NOMINAL,-1.28
43,130,125,123.72,6.25,113.44,134.0,0.001,0.001,NOMINAL,-1.28
43,131,125,123.72,6.25,113.44,134.0,0.001,0.001,NOMINAL,-1.28
43,132,125,123.97,6.25,113.7,134.25,0.001,0.001,NOMINAL,-1.03
43,133,125,123.72,6.25,113.44,134.0,0.001,0.001,NOMINAL,-1.28
44,52,125,117.06,10.19,100.31,133.81,0.001,0.001,NOMINAL,-7.94
44,53,125,116.77,10.44,99.61,133.94,0.001,0.001,NOMINAL,-8.23
44,54,125,116.62,11.48,97.73,135.5,0.001,0.001,NOMINAL,-8.38
44,55,125,116.62,11.19,98.21,135.03,0.001,0.001,NOMINAL,-8.38
44,56,125,116.76,11.25,98.25,135.27,0.001,0.001,NOMINAL,-8.24
44,57,125,118.28,13.63,95.85,140.7,0.001,0.001,NOMINAL,-6.72
44,58,125,120.08,12.39,99.69,140.46,0.001,0.001,NOMINAL,-4.92
44,59,125,120.03,11.11,101.76,138.31,0.001,0.001,NOMINAL,-4.97
44,60,125,115.59,12.67,94.75,136.42,0.001,0.001,NOMINAL,-9.41
44,61,125,119.92,11.39,101.19,138.65,0.001,0.001,NOMINAL,-5.08
44,62,125,120.03,11.39,101.3,138.76,0.001,0.001,NOMINAL,-4.97
44,63,125,122.18,11.32,103.56,140.79,0.001,0.001,NOMINAL,-2.82
44,64,125,114.72,12.57,94.05,135.39,0.001,0.001,NOMINAL,-10.28
44,65,125,122.13,12.45,101.66,142.61,0.001,0.001,NOMINAL,-2.87
44,66,125,122.18,11.34,103.53,140.82,0.001,0.001,NOMINAL,-2.82
44,67,125,122.33,10.14,105.66,139.01,0.001,0.001,NOMINAL,-2.67
44,68,125,122.33,10.14,105.66,139.01,0.001,0.001,NOMINAL,-2.67
44,69,125,122.13,11.19,103.72,140.54,0.001,0.001,NOMINAL,-2.87
44,70,125,122.37,10.3,105.43,139.32,0.001,0.001,NOMINAL,-2.63
44,71,125,122.55,11.28,104.01,141.1,0.001,0.001,NOMINAL,-2.45
44,72,125,120.07,12.6,99.34,140.79,0.001,0.001,NOMINAL,-4.93
44,73,125,122.08,12.6,101.35,142.81,0.001,0.001,NOMINAL,-2.92
44,74,125,120.89,12.57,100.22,141.56,0.001,0.001,NOMINAL,-4.11
44,75,125,120.89,12.57,100.22,141.56,0.001,0.001,NOMINAL,-4.11
44,76,125,118.15,12.57,97.47,138.82,0.001,0.001,NOMINAL,-6.85
44,77,125,121.47,12.35,101.16,141.79,0.001,0.001,NOMINAL,-3.53
44,78,125,122.55,12.45,102.08,143.03,0.001,0.001,NOMINAL,-2.45
44,79,125,122.44,12.45,101.97,142.91,0.001,0.001,NOMINAL,-2.56
44,80,125,122.27,12.45,101.8,142.75,0.001,0.001,NOMINAL,-2.73
44,81,125,121.17,12.57,100.5,141.85,0.001,0.001,NOMINAL,-3.83
44,82,125,120.04,12.57,99.36,140.71,0.001,0.001,NOMINAL,-4.96
44,83,125,119.79,12.52,99.19,140.38,0.001,0.001,NOMINAL,-5.21
44,84,125,116.83,12.52,96.24,137.42,0.001,0.001,NOMINAL,-8.17
44,85,125,120.04,12.57,99.36,140.71,0.001,0.001,NOMINAL,-4.96
44,86,125,118.15,12.57,97.47,138.82,0.001,0.001,NOMINAL,-6.85
44,87,125,119.88,12.57,99.2,140.55,0.001,0.001,NOMINAL,-5.12
44,88,125,119.88,12.57,99.2,140.55,0.001,0.001,NOMINAL,-5.12
44,89,125,118.15,12.57,97.47,138.82,0.001,0.001,NOMINAL,-6.85
44,90,125,118.15,12.57,97.47,138.82,0.001,0.001,NOMINAL,-6.85
44,91,124,120.72,12.57,100.04,141.39,0.001,0.001,NOMINAL,-3.28
44,92,123,120.89,12.57,100.22,141.56,0.001,0.001,NOMINAL,-2.11
44,93,122,120.44,12.57,99.77,141.12,0.001,0.001,NOMINAL,-1.56
44,94,121,119.79,12.52,99.19,140.38,0.001,0.001,NOMINAL,-1.21
44,95,120,116.25,12.52,95.66,136.85,0.001,0.001,NOMINAL,-3.75
44,96,119,112.53,12.52,91.94,133.13,0.001,0.001,NOMINAL,-6.47
44,97,118,104.61,11.6,85.52,123.69,0.001,0.0011,NOMINAL,-13.39
44,98,117,95.58,11.49,76.68,114.47,0.001,0.0026,NOMINAL,-21.42
44,99,116,96.75,11.49,77.86,115.65,0.001,0.0021,NOMINAL,-19.25
44,100,115,90.35,11.43,71.55,109.15,0.001,0.0102,NOMINAL,-24.65
44,101,114,88.15,11.42,69.37,106.94,0.001,0.0195,NOMINAL,-25.85
44,102,113,89.1,11.43,70.3,107.9,0.001,0.0148,NOMINAL,-23.9
44,103,112,97.64,11.49,78.74,116.54,0.001,0.0018,NOMINAL,-14.36
44,104,111,97.03,11.49,78.14,115.93,0.001,0.0019,NOMINAL,-13.97
44,105,110,92.45,11.49,73.54,111.35,0.001,0.0059,NOMINAL,-17.55
44,106,109,89.1,11.43,70.3,107.9,0.001,0.0148,NOMINAL,-19.9
44,107,108,90.4,11.49,71.5,109.3,0.001,0.0107,NOMINAL,-17.6
44,108,107,88.72,11.43,69.92,107.52,0.001,0.0166,NOMINAL,-18.28
44,109,106,90.88,11.43,72.08,109.68,0.001,0.0087,NOMINAL,-15.12
44,110,105,90.19,11.48,71.31,109.08,0.001,0.0113,NOMINAL,-14.81
44,111,104,90.22,11.48,71.33,109.1,0.001,0.0112,NOMINAL,-13.78
44,112,103,68.3,9.83,52.12,84.47,0.001,0.063,NOMINAL,-34.7
44,113,102,79.52,10.69,61.94,97.1,0.001,0.0263,NOMINAL,-22.48
44,114,101,79.07,10.75,61.4,96.75,0.001,0.0273,NOMINAL,-21.93
44,115,100,76.34,10.4,59.23,93.44,0.001,0.0317,NOMINAL,-23.66
44,116,99,68.09,9.73,52.09,84.09,0.001,0.063,NOMINAL,-30.91
44,117,98,59.81,8.03,46.61,73.02,0.001,0.1286,NOMINAL,-38.19
44,118,97,60.5,8.54,46.45,74.56,0.0011,0.1274,NOMINAL,-36.5
44,119,96,59.71,8.54,45.66,73.77,0.0011,0.1413,NOMINAL,-36.29
44,120,95,59.71,8.07,46.44,72.99,0.001,0.1301,NOMINAL,-35.29
44,121,94,57.58,7.92,44.56,70.6,0.0011,0.1835,NOMINAL,-36.42
44,122,93,54.08,7.96,40.98,67.18,0.0014,0.3507,NOMINAL,-38.92
44,123,92,59.81,8.15,46.41,73.21,0.001,0.1301,NOMINAL,-32.19
44,124,91,60.92,8.7,46.62,75.23,0.0011,0.1226,NOMINAL,-30.08
44,125,90,63.72,10.25,46.86,80.57,0.0014,0.1113,NOMINAL,-26.28
44,126,89,59.76,9.28,44.49,75.02,0.0014,0.1619,NOMINAL,-29.24
44,127,88,60.28,9.28,45.02,75.55,0.0013,0.1465,NOMINAL,-27.72
44,128,87,59.85,9.29,44.57,75.13,0.0014,0.1592,NOMINAL,-27.15
44,129,86,59.94,9.12,44.95,74.94,0.0013,0.1513,NOMINAL,-26.06
44,130,85,59.86,8.6,45.72,74.01,0.0011,0.138,NOMINAL,-25.14
44,131,84,62.54,10.21,45.75,79.32,0.0017,0.1274,NOMINAL,-21.46
44,132,83,63.33,9.46,47.77,78.88,0.0011,0.1018,NOMINAL,-19.67
44,133,82,64.42,9.35,49.04,79.81,0.0011,0.0927,NOMINAL,-17.58
44,134,81,60.44,8.77,46.03,74.86,0.0011,0.1304,NOMINAL,-20.56
44,135,80,56.95,9.24,41.76,72.14,0.0024,0.2537,NOMINAL,-23.05
44,136,79,53.81,9.11,38.82,68.79,0.0056,0.3897,NOMINAL,-25.19
44,137,78,54.37,8.69,40.08,68.66,0.0027,0.3544,NOMINAL,-23.63
44,138,77,50.93,8.02,37.74,64.12,0.0036,0.5199,MONITOR,-26.07
44,139,76,51.59,7.64,39.03,64.16,0.0018,0.4669,NOMINAL,-24.41
44,140,75,50.14,7.36,38.03,62.24,0.0019,0.5677,MONITOR,-24.86
44,141,74,50.14,7.7,37.48,62.79,0.003,0.5679,MONITOR,-23.86
44,142,73,49.38,8.1,36.05,62.71,0.0074,0.6096,MONITOR,-23.62
44,143,72,51.22,9.85,35.01,67.43,0.0242,0.5149,MONITOR,-20.78
44,144,71,52.91,9.18,37.81,68.0,0.0085,0.4255,NOMINAL,-18.09
44,145,70,49.96,9.29,34.68,65.24,0.0237,0.5778,MONITOR,-20.04
44,146,69,53.26,10.11,36.64,69.88,0.0231,0.4233,NOMINAL,-15.74
45,52,125,124.07,2.77,119.52,128.62,0.001,0.001,NOMINAL,-0.93
45,53,125,123.97,3.19,118.73,129.22,0.001,0.001,NOMINAL,-1.03
45,54,125,123.97,2.83,119.32,128.63,0.001,0.001,NOMINAL,-1.03
45,55,125,123.97,6.95,112.54,135.41,0.001,0.001,NOMINAL,-1.03
45,56,125,123.97,6.43,113.39,134.55,0.001,0.001,NOMINAL,-1.03
45,57,125,122.28,8.2,108.79,135.77,0.001,0.001,NOMINAL,-2.72
45,58,125,120.99,9.67,105.08,136.9,0.001,0.001,NOMINAL,-4.01
45,59,125,122.33,8.3,108.67,135.99,0.001,0.001,NOMINAL,-2.67
45,60,125,121.93,8.76,107.52,136.34,0.001,0.001,NOMINAL,-3.07
45,61,125,119.13,11.15,100.8,137.47,0.001,0.001,NOMINAL,-5.87
45,62,125,118.45,11.15,100.12,136.79,0.001,0.001,NOMINAL,-6.55
45,63,125,118.08,11.1,99.82,136.34,0.001,0.001,NOMINAL,-6.92
45,64,125,111.4,12.52,90.81,132.0,0.001,0.001,NOMINAL,-13.6
45,65,125,110.21,11.05,92.02,128.39,0.001,0.001,NOMINAL,-14.79
45,66,125,106.33,11.89,86.77,125.89,0.001,0.0011,NOMINAL,-18.67
45,67,125,99.78,11.62,80.67,118.89,0.001,0.0014,NOMINAL,-25.22
45,68,125,102.75,11.85,83.25,122.24,0.001,0.0012,NOMINAL,-22.25
45,69,125,105.32,12.02,85.54,125.1,0.001,0.0011,NOMINAL,-19.68
45,70,125,110.82,11.1,92.56,129.09,0.001,0.001,NOMINAL,-14.18
45,71,125,111.92,11.1,93.66,130.19,0.001,0.001,NOMINAL,-13.08
45,72,125,112.78,11.1,94.52,131.05,0.001,0.001,NOMINAL,-12.22
45,73,125,117.25,11.1,98.99,135.52,0.001,0.001,NOMINAL,-7.75
45,74,125,117.75,11.1,99.49,136.02,0.001,0.001,NOMINAL,-7.25
45,75,124,117.92,11.1,99.66,136.19,0.001,0.001,NOMINAL,-6.08
45,76,123,118.32,11.1,100.05,136.58,0.001,0.001,NOMINAL,-4.68
45,77,122,120.47,11.09,102.23,138.71,0.001,0.001,NOMINAL,-1.53
45,78,121,118.93,11.15,100.6,137.27,0.001,0.001,NOMINAL,-2.07
45,79,120,117.89,11.1,99.62,136.15,0.001,0.001,NOMINAL,-2.11
45,80,119,115.87,11.1,97.6,134.13,0.001,0.001,NOMINAL,-3.13
45,81,118,119.0,11.1,100.73,137.26,0.001,0.001,NOMINAL,1.0
45,82,117,119.56,11.15,101.22,137.89,0.001,0.001,NOMINAL,2.56
45,83,116,120.65,9.05,105.76,135.53,0.001,0.001,NOMINAL,4.65
45,84,115,117.12,12.52,96.53,137.72,0.001,0.001,NOMINAL,2.12
45,85,114,119.0,11.1,100.73,137.26,0.001,0.001,NOMINAL,5.0
45,86,113,119.43,11.15,101.09,137.76,0.001,0.001,NOMINAL,6.43
45,87,112,119.59,11.09,101.35,137.83,0.001,0.001,NOMINAL,7.59
45,88,111,120.84,10.87,102.96,138.72,0.001,0.001,NOMINAL,9.84
46,52,125,124.07,2.77,119.52,128.62,0.001,0.001,NOMINAL,-0.93
46,53,125,124.07,3.07,119.02,129.13,0.001,0.001,NOMINAL,-0.93
46,54,125,123.72,6.3,113.35,134.08,0.001,0.001,NOMINAL,-1.28
46,55,125,123.91,6.83,112.67,135.15,0.001,0.001,NOMINAL,-1.09
46,56,125,124.07,6.3,113.71,134.44,0.001,0.001,NOMINAL,-0.93
46,57,125,124.07,5.68,114.74,133.41,0.001,0.001,NOMINAL,-0.93
46,58,125,123.72,6.83,112.48,134.96,0.001,0.001,NOMINAL,-1.28
46,59,125,123.72,6.83,112.48,134.96,0.001,0.001,NOMINAL,-1.28
46,60,125,123.72,6.83,112.48,134.96,0.001,0.001,NOMINAL,-1.28
46,61,125,123.72,6.83,112.48,134.96,0.001,0.001,NOMINAL,-1.28
46,62,125,123.72,7.65,111.14,136.3,0.001,0.001,NOMINAL,-1.28
46,63,124,122.99,8.06,109.73,136.24,0.001,0.001,NOMINAL,-1.01
46,64,123,122.63,8.06,109.37,135.88,0.001,0.001,NOMINAL,-0.37
46,65,122,122.17,8.06,108.91,135.43,0.001,0.001,NOMINAL,0.17
46,66,121,119.96,8.16,106.54,133.38,0.001,0.001,NOMINAL,-1.04
46,67,120,117.88,8.19,104.41,131.36,0.001,0.001,NOMINAL,-2.12
46,68,119,115.67,11.1,97.4,133.93,0.001,0.001,NOMINAL,-3.33
46,69,118,118.36,9.4,102.9,133.83,0.001,0.001,NOMINAL,0.36
46,70,117,118.36,10.41,101.25,135.48,0.001,0.001,NOMINAL,1.36
46,71,116,115.67,11.1,97.4,133.93,0.001,0.001,NOMINAL,-0.33
46,72,115,119.95,8.13,106.58,133.32,0.001,0.001,NOMINAL,4.95
46,73,114,123.26,7.8,110.43,136.09,0.001,0.001,NOMINAL,9.26
46,74,113,123.26,7.79,110.45,136.07,0.001,0.001,NOMINAL,10.26
46,75,112,121.82,7.74,109.09,134.56,0.001,0.001,NOMINAL,9.82
46,76,111,123.26,6.83,112.02,134.5,0.001,0.001,NOMINAL,12.26
46,77,110,122.84,7.8,110.01,135.67,0.001,0.001,NOMINAL,12.84
46,78,109,122.84,7.8,110.01,135.67,0.001,0.001,NOMINAL,13.84
46,79,108,123.08,7.8,110.25,135.91,0.001,0.001,NOMINAL,15.08
46,80,107,123.26,6.91,111.9,134.62,0.001,0.001,NOMINAL,16.26
46,81,106,123.26,6.83,112.02,134.5,0.001,0.001,NOMINAL,17.26
46,82,105,123.72,6.83,112.48,134.96,0.001,0.001,NOMINAL,18.72
46,83,104,122.99,7.06,111.38,134.59,0.001,0.001,NOMINAL,18.99
46,84,103,122.68,7.9,109.69,135.67,0.001,0.001,NOMINAL,19.68
46,85,102,121.88,8.14,108.5,135.26,0.001,0.001,NOMINAL,19.88
46,86,101,122.17,8.08,108.87,135.46,0.001,0.001,NOMINAL,21.17
46,87,100,120.33,8.11,106.99,133.67,0.001,0.001,NOMINAL,20.33
46,88,99,123.72,7.8,110.89,136.55,0.001,0.001,NOMINAL,24.72
46,89,98,123.12,7.37,111.0,135.25,0.001,0.001,NOMINAL,25.12
46,90,97,123.72,7.65,111.14,136.3,0.001,0.001,NOMINAL,26.72
46,91,96,123.72,6.32,113.33,134.11,0.001,0.001,NOMINAL,27.72
46,92,95,123.72,7.03,112.15,135.29,0.001,0.001,NOMINAL,28.72
46,93,94,122.41,8.06,109.15,135.67,0.001,0.001,NOMINAL,28.41
46,94,93,123.33,7.37,111.2,135.45,0.001,0.001,NOMINAL,30.33
46,95,92,123.72,6.99,112.22,135.22,0.001,0.001,NOMINAL,31.72
46,96,91,123.58,6.32,113.19,133.97,0.001,0.001,NOMINAL,32.58
46,97,90,123.72,6.45,113.1,134.34,0.001,0.001,NOMINAL,33.72
46,98,89,123.27,6.45,112.66,133.89,0.001,0.001,NOMINAL,34.27
46,99,88,122.99,7.22,111.1,134.87,0.001,0.001,NOMINAL,34.99
46,100,87,121.17,8.17,107.73,134.62,0.001,0.001,NOMINAL,34.17
46,101,86,119.89,8.16,106.47,133.3,0.001,0.001,NOMINAL,33.89
46,102,85,120.53,8.17,107.08,133.97,0.001,0.001,NOMINAL,35.53
46,103,84,119.0,8.19,105.53,132.48,0.001,0.001,NOMINAL,35.0
46,104,83,117.68,9.42,102.18,133.17,0.001,0.001,NOMINAL,34.68
46,105,82,109.97,11.1,91.71,128.24,0.001,0.001,NOMINAL,27.97
46,106,81,110.09,11.1,91.82,128.35,0.001,0.001,NOMINAL,29.09
46,107,80,115.09,9.43,99.57,130.61,0.001,0.001,NOMINAL,35.09
46,108,79,114.06,9.43,98.55,129.58,0.001,0.001,NOMINAL,35.06
46,109,78,115.09,9.43,99.57,130.61,0.001,0.001,NOMINAL,37.09
46,110,77,109.97,11.1,91.71,128.24,0.001,0.001,NOMINAL,32.97
46,111,76,108.55,11.3,89.97,127.14,0.001,0.001,NOMINAL,32.55
46,112,75,95.62,10.48,78.38,112.86,0.001,0.0013,NOMINAL,20.62
46,113,74,89.6,10.35,72.57,106.63,0.001,0.0039,NOMINAL,15.6
46,114,73,81.21,9.9,64.93,97.49,0.001,0.0244,NOMINAL,8.21
46,115,72,81.5,10.03,65.01,98.0,0.001,0.0246,NOMINAL,9.5
46,116,71,82.77,9.9,66.48,99.06,0.001,0.0217,NOMINAL,11.77
46,117,70,80.49,9.18,65.4,95.58,0.001,0.0207,NOMINAL,10.49
46,118,69,75.92,8.24,62.36,89.48,0.001,0.0245,NOMINAL,6.92
46,119,68,74.69,8.24,61.13,88.25,0.001,0.0256,NOMINAL,6.69
46,120,67,77.75,8.53,63.71,91.78,0.001,0.0234,NOMINAL,10.75
46,121,66,78.01,9.08,63.07,92.94,0.001,0.0252,NOMINAL,12.01
46,122,65,69.88,8.24,56.32,83.44,0.001,0.0344,NOMINAL,4.88
46,123,64,73.05,8.87,58.46,87.65,0.001,0.0301,NOMINAL,9.05
46,124,63,69.18,8.34,55.46,82.89,0.001,0.0389,NOMINAL,6.18
46,125,62,70.99,8.69,56.7,85.29,0.001,0.0343,NOMINAL,8.99
46,126,61,69.18,8.69,54.88,83.47,0.001,0.0448,NOMINAL,8.18
46,127,60,67.69,8.43,53.81,81.56,0.001,0.0495,NOMINAL,7.69
46,128,59,61.8,6.73,50.74,72.87,0.001,0.0696,NOMINAL,2.8
46,129,58,57.18,6.33,46.77,67.6,0.001,0.1419,NOMINAL,-0.82
46,130,57,59.62,6.78,48.48,70.77,0.001,0.1001,NOMINAL,2.62
46,131,56,60.21,6.87,48.92,71.51,0.001,0.0961,NOMINAL,4.21
46,132,55,59.74,8.48,45.79,73.7,0.0011,0.1374,NOMINAL,4.74
46,133,54,57.92,6.9,46.57,69.26,0.001,0.1379,NOMINAL,3.92
46,134,53,56.34,6.79,45.17,67.51,0.001,0.1879,NOMINAL,3.34
46,135,52,55.83,6.79,44.66,67.0,0.001,0.2134,NOMINAL,3.83
46,136,51,53.22,6.79,42.05,64.39,0.001,0.3695,NOMINAL,2.22
46,137,50,49.46,5.37,40.63,58.28,0.001,0.6174,MONITOR,-0.54
46,138,49,51.17,5.88,41.49,60.85,0.001,0.4715,NOMINAL,2.17
46,139,48,47.97,5.43,39.04,56.9,0.001,0.7081,MONITOR,-0.03
46,140,47,46.71,4.91,38.64,54.79,0.001,0.7824,WARNING,-0.29
46,141,46,45.07,4.77,37.22,52.91,0.001,0.8615,WARNING,-0.93
46,142,45,43.95,4.86,35.95,51.94,0.001,0.8999,WARNING,-1.05
46,143,44,46.03,5.13,37.58,54.47,0.001,0.8103,WARNING,2.03
46,144,43,43.53,5.25,34.9,52.16,0.0012,0.897,WARNING,0.53
46,145,42,43.18,4.86,35.18,51.18,0.001,0.9184,WARNING,1.18
46,146,41,42.73,5.02,34.48,50.98,0.0011,0.9226,WARNING,1.73
46,147,40,42.29,5.29,33.58,50.99,0.0016,0.9242,WARNING,2.29
46,148,39,40.76,5.34,31.98,49.54,0.0032,0.9453,WARNING,1.76
46,149,38,40.06,5.32,31.31,48.82,0.0046,0.952,WARNING,2.06
46,150,37,39.13,5.74,29.69,48.57,0.0201,0.9524,WARNING,2.13
46,151,36,38.62,5.31,29.88,47.36,0.0111,0.9658,WARNING,2.62
46,152,35,37.89,5.32,29.13,46.65,0.0183,0.9702,WARNING,2.89
46,153,34,35.13,5.39,26.26,43.99,0.0262,0.985,WARNING,1.13
46,154,33,36.88,5.34,28.1,45.66,0.0243,0.9768,WARNING,3.88
46,155,32,33.62,5.45,24.66,42.58,0.0325,0.9901,WARNING,1.62
46,156,31,33.7,5.4,24.82,42.59,0.0315,0.9902,WARNING,2.7
46,157,30,32.25,5.64,22.98,41.52,0.0465,0.9919,WARNING,2.25
46,158,29,31.58,5.65,22.29,40.87,0.0517,0.9931,WARNING,2.58
46,159,28,31.05,5.65,21.77,40.34,0.0572,0.9947,WARNING,3.05
46,160,27,29.97,5.76,20.49,39.45,0.0706,0.9965,WARNING,2.97
46,161,26,28.77,5.83,19.18,38.35,0.0954,0.9981,WARNING,2.77
46,162,25,27.79,5.83,18.21,37.38,0.1114,0.9989,WARNING,2.79
46,163,24,26.17,4.02,19.56,32.78,0.093,0.9998,WARNING,2.17
46,164,23,24.06,4.04,17.41,30.71,0.1731,0.9998,WARNING,1.06
46,165,22,23.28,4.06,16.6,29.96,0.2313,0.9998,WARNING,1.28
46,166,21,21.24,4.14,14.42,28.05,0.4351,0.9998,WARNING,0.24
46,167,20,20.31,4.17,13.45,27.18,0.542,0.9998,WARNING,0.31
46,168,19,18.84,4.29,11.79,25.89,0.6776,0.9998,WARNING,-0.16
46,169,18,18.84,4.29,11.79,25.89,0.6776,0.9998,WARNING,0.84
46,170,17,18.59,4.15,11.77,25.42,0.6961,0.9998,WARNING,1.59
46,171,16,16.4,4.27,9.37,23.43,0.827,0.9998,WARNING,0.4
46,172,15,16.4,4.29,9.34,23.46,0.8265,0.9998,WARNING,1.4
46,173,14,15.58,4.39,8.36,22.79,0.8586,0.9998,WARNING,1.58
46,174,13,14.39,4.5,6.98,21.79,0.9,0.9998,CRITICAL,1.39
46,175,12,13.64,4.62,6.04,21.24,0.9158,0.9998,CRITICAL,1.64
46,176,11,10.99,4.78,3.13,18.86,0.9521,0.9998,CRITICAL,-0.01
46,177,10,10.7,4.82,2.78,18.63,0.9536,0.9998,CRITICAL,0.7
46,178,9,9.34,4.98,1.15,17.52,0.9658,0.9998,CRITICAL,0.34
46,179,8,10.61,4.83,2.67,18.54,0.9542,0.9998,CRITICAL,2.61
46,180,7,9.17,4.99,0.96,17.38,0.9664,0.9998,CRITICAL,2.17
47,52,125,117.0,11.38,98.27,135.72,0.001,0.001,NOMINAL,-8.0
47,53,125,116.81,11.42,98.02,135.59,0.001,0.001,NOMINAL,-8.19
47,54,125,116.56,11.42,97.78,135.35,0.001,0.001,NOMINAL,-8.44
47,55,125,116.64,10.13,99.98,133.3,0.001,0.001,NOMINAL,-8.36
47,56,125,116.87,10.13,100.21,133.53,0.001,0.001,NOMINAL,-8.13
48,52,125,116.46,11.25,97.95,134.97,0.001,0.001,NOMINAL,-8.54
48,53,125,116.46,11.19,98.05,134.87,0.001,0.001,NOMINAL,-8.54
48,54,125,116.46,10.14,99.79,133.13,0.001,0.001,NOMINAL,-8.54
48,55,125,117.17,12.39,96.78,137.55,0.001,0.001,NOMINAL,-7.83
48,56,125,117.12,10.14,100.45,133.79,0.001,0.001,NOMINAL,-7.88
48,57,125,117.12,10.25,100.26,133.98,0.001,0.001,NOMINAL,-7.88
48,58,125,117.52,11.32,98.91,136.13,0.001,0.001,NOMINAL,-7.48
48,59,125,117.57,11.53,98.61,136.53,0.001,0.001,NOMINAL,-7.43
48,60,125,117.9,11.53,98.94,136.86,0.001,0.001,NOMINAL,-7.1
48,61,125,114.96,12.62,94.2,135.71,0.001,0.001,NOMINAL,-10.04
48,62,125,113.37,12.52,92.77,133.96,0.001,0.001,NOMINAL,-11.63
48,63,125,112.89,12.52,92.29,133.48,0.001,0.001,NOMINAL,-12.11
48,64,125,116.09,12.52,95.5,136.68,0.001,0.001,NOMINAL,-8.91
48,65,125,116.09,12.52,95.5,136.68,0.001,0.001,NOMINAL,-8.91
48,66,125,112.89,12.52,92.3,133.49,0.001,0.001,NOMINAL,-12.11
48,67,125,111.73,12.52,91.14,132.32,0.001,0.001,NOMINAL,-13.27
48,68,125,108.03,12.52,87.44,128.62,0.001,0.0011,NOMINAL,-16.97
48,69,125,110.66,12.52,90.07,131.25,0.001,0.001,NOMINAL,-14.34
48,70,125,114.55,12.52,93.95,135.14,0.001,0.001,NOMINAL,-10.45
48,71,125,109.03,12.52,88.44,129.62,0.001,0.0011,NOMINAL,-15.97
48,72,125,109.03,12.52,88.44,129.62,0.001,0.0011,NOMINAL,-15.97
48,73,125,108.08,12.52,87.49,128.68,0.001,0.0011,NOMINAL,-16.92
48,74,125,108.08,12.52,87.49,128.68,0.001,0.0011,NOMINAL,-16.92
48,75,125,106.74,12.52,86.15,127.34,0.001,0.0011,NOMINAL,-18.26
48,76,125,99.77,12.3,79.53,120.0,0.001,0.0022,NOMINAL,-25.23
48,77,125,102.57,12.43,82.12,123.01,0.001,0.0015,NOMINAL,-22.43
48,78,125,107.3,12.52,86.71,127.9,0.001,0.0011,NOMINAL,-17.7
48,79,125,114.43,12.52,93.84,135.02,0.001,0.001,NOMINAL,-10.57
48,80,125,108.51,12.52,87.92,129.11,0.001,0.0011,NOMINAL,-16.49
48,81,125,108.99,12.52,88.39,129.58,0.001,0.0011,NOMINAL,-16.01
48,82,125,107.8,12.52,87.2,128.39,0.001,0.0011,NOMINAL,-17.2
48,83,125,102.29,12.52,81.69,122.88,0.001,0.0017,NOMINAL,-22.71
48,84,125,101.98,12.52,81.38,122.57,0.001,0.0017,NOMINAL,-23.02
48,85,125,111.88,12.52,91.28,132.47,0.001,0.001,NOMINAL,-13.12
48,86,125,113.83,12.52,93.23,134.42,0.001,0.001,NOMINAL,-11.17
48,87,125,115.59,12.52,94.99,136.18,0.001,0.001,NOMINAL,-9.41
48,88,125,116.09,12.52,95.5,136.68,0.001,0.001,NOMINAL,-8.91
48,89,125,109.18,12.52,88.58,129.77,0.001,0.0011,NOMINAL,-15.82
48,90,125,111.16,12.52,90.57,131.76,0.001,0.001,NOMINAL,-13.84
48,91,125,115.73,12.52,95.14,136.33,0.001,0.001,NOMINAL,-9.27
48,92,125,113.99,12.52,93.39,134.58,0.001,0.001,NOMINAL,-11.01
48,93,125,115.73,12.52,95.14,136.33,0.001,0.001,NOMINAL,-9.27
48,94,125,118.61,12.52,98.02,139.2,0.001,0.001,NOMINAL,-6.39
48,95,125,113.49,12.52,92.89,134.08,0.001,0.001,NOMINAL,-11.51
48,96,125,112.27,12.52,91.68,132.87,0.001,0.001,NOMINAL,-12.73
48,97,125,118.09,12.52,97.49,138.68,0.001,0.001,NOMINAL,-6.91
48,98,125,118.09,12.52,97.49,138.68,0.001,0.001,NOMINAL,-6.91
48,99,125,114.62,12.52,94.03,135.22,0.001,0.001,NOMINAL,-10.38
48,100,125,114.26,12.52,93.66,134.85,0.001,0.001,NOMINAL,-10.74
48,101,125,112.9,12.52,92.3,133.49,0.001,0.001,NOMINAL,-12.1
48,102,125,117.19,12.52,96.6,137.79,0.001,0.001,NOMINAL,-7.81
48,103,125,116.83,12.52,96.24,137.42,0.001,0.001,NOMINAL,-8.17
48,104,125,115.72,12.52,95.13,136.32,0.001,0.001,NOMINAL,-9.28
48,105,125,118.35,12.52,97.76,138.95,0.001,0.001,NOMINAL,-6.65
48,106,125,115.67,12.52,95.07,136.26,0.001,0.001,NOMINAL,-9.33
48,107,125,118.61,12.52,98.02,139.2,0.001,0.001,NOMINAL,-6.39
48,108,125,118.61,12.52,98.02,139.2,0.001,0.001,NOMINAL,-6.39
48,109,125,115.67,12.52,95.07,136.26,0.001,0.001,NOMINAL,-9.33
48,110,124,112.84,12.52,92.25,133.44,0.001,0.001,NOMINAL,-11.16
48,111,123,114.46,12.52,93.86,135.05,0.001,0.001,NOMINAL,-8.54
48,112,122,111.88,12.52,91.29,132.48,0.001,0.001,NOMINAL,-10.12
48,113,121,102.68,11.6,83.6,121.77,0.001,0.0011,NOMINAL,-18.32
48,114,120,92.63,11.43,73.83,111.43,0.001,0.0053,NOMINAL,-27.37
48,115,119,97.42,11.43,78.62,116.22,0.001,0.0017,NOMINAL,-21.58
48,116,118,103.12,11.87,83.59,122.64,0.001,0.0012,NOMINAL,-14.88
48,117,117,108.11,12.52,87.51,128.7,0.001,0.0011,NOMINAL,-8.89
48,118,116,106.33,12.52,85.73,126.92,0.001,0.0012,NOMINAL,-9.67
48,119,115,108.41,12.52,87.82,129.01,0.001,0.0011,NOMINAL,-6.59
48,120,114,115.11,12.52,94.51,135.7,0.001,0.001,NOMINAL,1.11
48,121,113,112.63,12.52,92.04,133.23,0.001,0.001,NOMINAL,-0.37
48,122,112,115.15,12.52,94.55,135.74,0.001,0.001,NOMINAL,3.15
48,123,111,108.48,12.52,87.89,129.08,0.001,0.0011,NOMINAL,-2.52
48,124,110,110.82,12.52,90.22,131.41,0.001,0.001,NOMINAL,0.82
48,125,109,101.9,12.21,81.82,121.99,0.001,0.0015,NOMINAL,-7.1
48,126,108,109.4,12.52,88.8,129.99,0.001,0.0011,NOMINAL,1.4
48,127,107,108.0,12.52,87.4,128.59,0.001,0.0011,NOMINAL,1.0
48,128,106,108.4,12.52,87.8,128.99,0.001,0.0011,NOMINAL,2.4
48,129,105,112.43,12.52,91.84,133.03,0.001,0.001,NOMINAL,7.43
48,130,104,105.47,12.52,84.88,126.07,0.001,0.0012,NOMINAL,1.47
48,131,103,101.95,12.52,81.35,122.54,0.001,0.0017,NOMINAL,-1.05
48,132,102,100.42,12.44,79.96,120.88,0.001,0.0021,NOMINAL,-1.58
48,133,101,102.93,12.52,82.34,123.53,0.001,0.0015,NOMINAL,1.93
48,134,100,103.29,12.52,82.69,123.88,0.001,0.0015,NOMINAL,3.29
48,135,99,95.76,11.54,76.77,114.75,0.001,0.0026,NOMINAL,-3.24
48,136,98,92.31,11.42,73.53,111.09,0.001,0.0057,NOMINAL,-5.69
48,137,97,93.73,11.38,75.01,112.45,0.001,0.0037,NOMINAL,-3.27
48,138,96,94.25,11.42,75.46,113.03,0.001,0.0034,NOMINAL,-1.75
48,139,95,95.71,11.48,76.83,114.6,0.001,0.0025,NOMINAL,0.71
48,140,94,90.53,11.4,71.79,109.28,0.001,0.0093,NOMINAL,-3.47
48,141,93,88.15,11.38,69.44,106.87,0.001,0.0187,NOMINAL,-4.85
48,142,92,86.67,11.17,68.29,105.04,0.001,0.0232,NOMINAL,-5.33
48,143,91,81.79,11.17,63.42,100.16,0.001,0.0261,NOMINAL,-9.21
48,144,90,88.61,11.4,69.86,107.36,0.001,0.0166,NOMINAL,-1.39
48,145,89,86.42,11.37,67.73,105.12,0.001,0.0239,NOMINAL,-2.58
48,146,88,94.53,11.32,75.92,113.15,0.001,0.0028,NOMINAL,6.53
48,147,87,96.36,11.39,77.63,115.1,0.001,0.002,NOMINAL,9.36
48,148,86,103.87,12.46,83.38,124.36,0.001,0.0013,NOMINAL,17.87
48,149,85,111.13,12.52,90.54,131.73,0.001,0.001,NOMINAL,26.13
48,150,84,114.78,12.52,94.18,135.37,0.001,0.001,NOMINAL,30.78
48,151,83,114.29,12.52,93.69,134.88,0.001,0.001,NOMINAL,31.29
48,152,82,112.5,12.52,91.91,133.1,0.001,0.001,NOMINAL,30.5
48,153,81,112.12,12.52,91.53,132.72,0.001,0.001,NOMINAL,31.12
48,154,80,115.15,12.52,94.56,135.75,0.001,0.001,NOMINAL,35.15
48,155,79,110.97,12.52,90.38,131.57,0.001,0.001,NOMINAL,31.97
48,156,78,101.96,12.52,81.37,122.56,0.001,0.0017,NOMINAL,23.96
48,157,77,95.78,11.54,76.8,114.77,0.001,0.0026,NOMINAL,18.78
48,158,76,92.91,11.42,74.13,111.7,0.001,0.0048,NOMINAL,16.91
48,159,75,86.85,11.48,67.97,105.74,0.001,0.0238,NOMINAL,11.85
48,160,74,80.62,11.22,62.15,99.08,0.001,0.0268,NOMINAL,6.62
48,161,73,75.2,10.39,58.1,92.29,0.001,0.0341,NOMINAL,2.2
48,162,72,70.38,10.11,53.74,87.01,0.001,0.0541,NOMINAL,-1.62
48,163,71,80.63,10.89,62.72,98.55,0.001,0.0262,NOMINAL,9.63
48,164,70,78.4,10.6,60.97,95.83,0.001,0.0282,NOMINAL,8.4
48,165,69,68.1,10.5,50.82,85.37,0.0011,0.0713,NOMINAL,-0.9
48,166,68,61.38,6.74,50.29,72.47,0.001,0.0759,NOMINAL,-6.62
48,167,67,64.07,9.47,48.49,79.64,0.0011,0.0963,NOMINAL,-2.93
48,168,66,60.72,9.06,45.82,75.63,0.0012,0.1317,NOMINAL,-5.28
48,169,65,59.1,6.05,49.15,69.04,0.001,0.0954,NOMINAL,-5.9
48,170,64,54.76,6.3,44.39,65.13,0.001,0.2533,NOMINAL,-9.24
48,171,63,52.27,5.9,42.56,61.98,0.001,0.4045,NOMINAL,-10.73
48,172,62,52.77,6.23,42.52,63.02,0.001,0.382,NOMINAL,-9.23
48,173,61,53.71,6.33,43.3,64.11,0.001,0.3234,NOMINAL,-7.29
48,174,60,55.49,6.31,45.11,65.88,0.001,0.2048,NOMINAL,-4.51
48,175,59,53.91,6.33,43.5,64.32,0.001,0.3108,NOMINAL,-5.09
48,176,58,52.77,5.97,42.95,62.59,0.001,0.3753,NOMINAL,-5.23
48,177,57,52.42,6.04,42.49,62.36,0.001,0.3975,NOMINAL,-4.58
48,178,56,52.2,6.21,41.98,62.42,0.001,0.4133,NOMINAL,-3.8
48,179,55,56.28,6.18,46.12,66.44,0.001,0.1695,NOMINAL,1.28
49,52,125,124.47,2.63,120.15,128.79,0.001,0.001,NOMINAL,-0.53
49,53,125,124.47,2.61,120.18,128.76,0.001,0.001,NOMINAL,-0.53
49,54,125,124.47,2.61,120.18,128.76,0.001,0.001,NOMINAL,-0.53
49,55,125,124.47,2.61,120.18,128.76,0.001,0.001,NOMINAL,-0.53
49,56,125,124.47,2.61,120.18,128.76,0.001,0.001,NOMINAL,-0.53
49,57,125,124.47,2.61,120.18,128.76,0.001,0.001,NOMINAL,-0.53
49,58,125,124.47,2.61,120.18,128.76,0.001,0.001,NOMINAL,-0.53
49,59,125,124.47,2.61,120.18,128.76,0.001,0.001,NOMINAL,-0.53
49,60,125,124.47,2.61,120.18,128.76,0.001,0.001,NOMINAL,-0.53
49,61,125,124.47,2.61,120.18,128.76,0.001,0.001,NOMINAL,-0.53
49,62,125,124.47,2.61,120.18,128.76,0.001,0.001,NOMINAL,-0.53
49,63,125,124.47,2.61,120.18,128.76,0.001,0.001,NOMINAL,-0.53
49,64,125,124.47,2.61,120.18,128.76,0.001,0.001,NOMINAL,-0.53
49,65,125,124.47,2.61,120.18,128.76,0.001,0.001,NOMINAL,-0.53
49,66,125,124.47,2.61,120.18,128.76,0.001,0.001,NOMINAL,-0.53
49,67,125,124.47,2.61,120.18,128.76,0.001,0.001,NOMINAL,-0.53
49,68,125,124.47,2.61,120.18,128.76,0.001,0.001,NOMINAL,-0.53
49,69,125,124.47,2.61,120.18,128.76,0.001,0.001,NOMINAL,-0.53
49,70,125,124.47,2.61,120.18,128.76,0.001,0.001,NOMINAL,-0.53
49,71,125,124.47,2.61,120.18,128.76,0.001,0.001,NOMINAL,-0.53
49,72,125,124.47,2.61,120.18,128.76,0.001,0.001,NOMINAL,-0.53
49,73,125,124.47,2.61,120.18,128.76,0.001,0.001,NOMINAL,-0.53
49,74,125,124.47,2.61,120.18,128.76,0.001,0.001,NOMINAL,-0.53
49,75,125,124.47,2.61,120.18,128.76,0.001,0.001,NOMINAL,-0.53
49,76,125,124.47,2.61,120.18,128.76,0.001,0.001,NOMINAL,-0.53
49,77,125,124.47,2.61,120.18,128.76,0.001,0.001,NOMINAL,-0.53
49,78,125,124.47,2.61,120.18,128.76,0.001,0.001,NOMINAL,-0.53
49,79,125,124.47,2.61,120.18,128.76,0.001,0.001,NOMINAL,-0.53
49,80,125,124.47,2.61,120.18,128.76,0.001,0.001,NOMINAL,-0.53
49,81,125,124.47,2.61,120.18,128.76,0.001,0.001,NOMINAL,-0.53
49,82,125,124.47,2.61,120.18,128.76,0.001,0.001,NOMINAL,-0.53
49,83,125,124.47,2.61,120.18,128.76,0.001,0.001,NOMINAL,-0.53
49,84,125,124.47,2.61,120.18,128.76,0.001,0.001,NOMINAL,-0.53
49,85,125,124.47,2.61,120.18,128.76,0.001,0.001,NOMINAL,-0.53
49,86,125,124.47,2.61,120.18,128.76,0.001,0.001,NOMINAL,-0.53
49,87,125,124.47,2.61,120.18,128.76,0.001,0.001,NOMINAL,-0.53
49,88,125,124.47,2.61,120.18,128.76,0.001,0.001,NOMINAL,-0.53
49,89,125,124.47,2.61,120.18,128.76,0.001,0.001,NOMINAL,-0.53
49,90,125,124.47,2.61,120.18,128.76,0.001,0.001,NOMINAL,-0.53
49,91,125,124.47,2.61,120.18,128.76,0.001,0.001,NOMINAL,-0.53
49,92,125,124.47,2.61,120.18,128.76,0.001,0.001,NOMINAL,-0.53
49,93,125,124.47,2.61,120.18,128.76,0.001,0.001,NOMINAL,-0.53
49,94,125,124.47,2.61,120.18,128.76,0.001,0.001,NOMINAL,-0.53
49,95,125,124.47,2.61,120.18,128.76,0.001,0.001,NOMINAL,-0.53
49,96,125,124.47,2.61,120.18,128.76,0.001,0.001,NOMINAL,-0.53
49,97,125,124.47,2.61,120.18,128.76,0.001,0.001,NOMINAL,-0.53
49,98,125,124.47,2.61,120.18,128.76,0.001,0.001,NOMINAL,-0.53
49,99,125,124.47,2.61,120.18,128.76,0.001,0.001,NOMINAL,-0.53
49,100,125,124.47,2.61,120.18,128.76,0.001,0.001,NOMINAL,-0.53
49,101,125,124.47,2.61,120.18,128.76,0.001,0.001,NOMINAL,-0.53
49,102,125,124.47,2.61,120.18,128.76,0.001,0.001,NOMINAL,-0.53
49,103,125,124.47,2.61,120.18,128.76,0.001,0.001,NOMINAL,-0.53
49,104,125,124.47,2.61,120.18,128.76,0.001,0.001,NOMINAL,-0.53
49,105,125,124.47,2.61,120.18,128.76,0.001,0.001,NOMINAL,-0.53
49,106,125,124.12,2.61,119.83,128.4,0.001,0.001,NOMINAL,-0.88
49,107,125,124.47,2.61,120.18,128.76,0.001,0.001,NOMINAL,-0.53
49,108,125,124.47,2.61,120.18,128.76,0.001,0.001,NOMINAL,-0.53
49,109,125,124.47,2.61,120.18,128.76,0.001,0.001,NOMINAL,-0.53
49,110,125,124.47,2.61,120.18,128.76,0.001,0.001,NOMINAL,-0.53
49,111,125,124.47,2.61,120.18,128.76,0.001,0.001,NOMINAL,-0.53
49,112,125,124.47,2.61,120.18,128.76,0.001,0.001,NOMINAL,-0.53
49,113,125,124.47,2.61,120.18,128.76,0.001,0.001,NOMINAL,-0.53
49,114,125,124.47,2.61,120.18,128.76,0.001,0.001,NOMINAL,-0.53
49,115,125,124.47,2.61,120.18,128.76,0.001,0.001,NOMINAL,-0.53
49,116,125,124.47,2.61,120.18,128.76,0.001,0.001,NOMINAL,-0.53
49,117,125,124.47,2.61,120.18,128.76,0.001,0.001,NOMINAL,-0.53
49,118,125,124.47,2.61,120.18,128.76,0.001,0.001,NOMINAL,-0.53
49,119,125,124.47,2.61,120.18,128.76,0.001,0.001,NOMINAL,-0.53
49,120,125,124.47,2.61,120.18,128.76,0.001,0.001,NOMINAL,-0.53
49,121,125,124.47,2.61,120.18,128.76,0.001,0.001,NOMINAL,-0.53
49,122,125,124.47,2.61,120.18,128.76,0.001,0.001,NOMINAL,-0.53
49,123,125,124.47,2.61,120.18,128.76,0.001,0.001,NOMINAL,-0.53
49,124,125,124.47,2.61,120.18,128.76,0.001,0.001,NOMINAL,-0.53
49,125,125,124.12,2.61,119.83,128.4,0.001,0.001,NOMINAL,-0.88
49,126,125,124.47,2.61,120.18,128.76,0.001,0.001,NOMINAL,-0.53
49,127,125,124.47,2.83,119.81,129.13,0.001,0.001,NOMINAL,-0.53
49,128,125,124.12,3.1,119.02,129.22,0.001,0.001,NOMINAL,-0.88
49,129,125,124.47,2.83,119.81,129.13,0.001,0.001,NOMINAL,-0.53
49,130,125,124.25,6.42,113.7,134.81,0.001,0.001,NOMINAL,-0.75
49,131,125,124.12,6.42,113.56,134.67,0.001,0.001,NOMINAL,-0.88
49,132,125,123.39,6.63,112.48,134.29,0.001,0.001,NOMINAL,-1.61
49,133,125,123.08,6.72,112.03,134.13,0.001,0.001,NOMINAL,-1.92
49,134,125,124.12,6.5,113.42,134.81,0.001,0.001,NOMINAL,-0.88
49,135,125,124.47,5.39,115.6,133.34,0.001,0.001,NOMINAL,-0.53
49,136,125,124.47,2.61,120.18,128.76,0.001,0.001,NOMINAL,-0.53
49,137,125,124.47,5.9,114.76,134.18,0.001,0.001,NOMINAL,-0.53
49,138,125,124.47,2.61,120.18,128.76,0.001,0.001,NOMINAL,-0.53
49,139,125,124.47,2.61,120.18,128.76,0.001,0.001,NOMINAL,-0.53
49,140,125,124.47,2.61,120.18,128.76,0.001,0.001,NOMINAL,-0.53
49,141,125,124.47,2.61,120.18,128.76,0.001,0.001,NOMINAL,-0.53
49,142,125,124.47,2.61,120.18,128.76,0.001,0.001,NOMINAL,-0.53
49,143,125,124.47,2.61,120.18,128.76,0.001,0.001,NOMINAL,-0.53
49,144,125,124.47,2.61,120.18,128.76,0.001,0.001,NOMINAL,-0.53
49,145,125,124.47,2.61,120.18,128.76,0.001,0.001,NOMINAL,-0.53
49,146,125,124.47,2.61,120.18,128.76,0.001,0.001,NOMINAL,-0.53
49,147,125,124.47,2.61,120.18,128.76,0.001,0.001,NOMINAL,-0.53
49,148,125,124.47,2.61,120.18,128.76,0.001,0.001,NOMINAL,-0.53
49,149,125,124.47,2.61,120.18,128.76,0.001,0.001,NOMINAL,-0.53
49,150,125,124.47,2.61,120.18,128.76,0.001,0.001,NOMINAL,-0.53
49,151,125,124.47,2.61,120.18,128.76,0.001,0.001,NOMINAL,-0.53
49,152,125,124.47,2.61,120.18,128.76,0.001,0.001,NOMINAL,-0.53
49,153,125,124.47,2.61,120.18,128.76,0.001,0.001,NOMINAL,-0.53
49,154,125,124.47,2.61,120.18,128.76,0.001,0.001,NOMINAL,-0.53
49,155,125,124.47,2.61,120.18,128.76,0.001,0.001,NOMINAL,-0.53
49,156,125,124.47,2.61,120.18,128.76,0.001,0.001,NOMINAL,-0.53
49,157,125,124.47,2.61,120.18,128.76,0.001,0.001,NOMINAL,-0.53
49,158,125,124.47,2.61,120.18,128.76,0.001,0.001,NOMINAL,-0.53
49,159,125,124.47,2.61,120.18,128.76,0.001,0.001,NOMINAL,-0.53
49,160,125,124.47,2.61,120.18,128.76,0.001,0.001,NOMINAL,-0.53
49,161,125,124.47,2.61,120.18,128.76,0.001,0.001,NOMINAL,-0.53
49,162,125,124.47,2.61,120.18,128.76,0.001,0.001,NOMINAL,-0.53
49,163,125,124.47,2.61,120.18,128.76,0.001,0.001,NOMINAL,-0.53
49,164,125,124.47,3.8,118.22,130.73,0.001,0.001,NOMINAL,-0.53
49,165,125,124.25,2.85,119.56,128.95,0.001,0.001,NOMINAL,-0.75
49,166,125,124.47,2.61,120.18,128.76,0.001,0.001,NOMINAL,-0.53
49,167,125,124.47,2.61,120.18,128.76,0.001,0.001,NOMINAL,-0.53
49,168,125,124.47,2.61,120.18,128.76,0.001,0.001,NOMINAL,-0.53
49,169,125,124.21,5.39,115.34,133.08,0.001,0.001,NOMINAL,-0.79
49,170,125,124.47,2.61,120.18,128.76,0.001,0.001,NOMINAL,-0.53
49,171,125,124.47,2.61,120.18,128.76,0.001,0.001,NOMINAL,-0.53
49,172,125,124.47,2.61,120.18,128.76,0.001,0.001,NOMINAL,-0.53
49,173,125,124.47,2.61,120.18,128.76,0.001,0.001,NOMINAL,-0.53
49,174,125,124.47,2.61,120.18,128.76,0.001,0.001,NOMINAL,-0.53
49,175,125,124.47,2.61,120.18,128.76,0.001,0.001,NOMINAL,-0.53
49,176,125,124.47,2.61,120.18,128.76,0.001,0.001,NOMINAL,-0.53
49,177,125,124.47,5.39,115.6,133.34,0.001,0.001,NOMINAL,-0.53
49,178,125,124.47,2.61,120.18,128.76,0.001,0.001,NOMINAL,-0.53
49,179,125,124.47,2.61,120.18,128.76,0.001,0.001,NOMINAL,-0.53
49,180,125,124.47,2.61,120.18,128.76,0.001,0.001,NOMINAL,-0.53
49,181,125,124.47,2.61,120.18,128.76,0.001,0.001,NOMINAL,-0.53
49,182,125,124.47,2.61,120.18,128.76,0.001,0.001,NOMINAL,-0.53
49,183,125,124.47,2.61,120.18,128.76,0.001,0.001,NOMINAL,-0.53
49,184,125,124.47,2.61,120.18,128.76,0.001,0.001,NOMINAL,-0.53
49,185,125,124.47,2.61,120.18,128.76,0.001,0.001,NOMINAL,-0.53
49,186,125,124.47,2.61,120.18,128.76,0.001,0.001,NOMINAL,-0.53
49,187,125,124.47,2.61,120.18,128.76,0.001,0.001,NOMINAL,-0.53
49,188,125,124.47,2.61,120.18,128.76,0.001,0.001,NOMINAL,-0.53
49,189,125,124.47,2.61,120.18,128.76,0.001,0.001,NOMINAL,-0.53
49,190,125,124.47,2.61,120.18,128.76,0.001,0.001,NOMINAL,-0.53
49,191,125,124.47,2.61,120.18,128.76,0.001,0.001,NOMINAL,-0.53
49,192,125,124.47,2.61,120.18,128.76,0.001,0.001,NOMINAL,-0.53
49,193,125,124.47,2.61,120.18,128.76,0.001,0.001,NOMINAL,-0.53
49,194,125,124.47,2.61,120.18,128.76,0.001,0.001,NOMINAL,-0.53
49,195,125,124.25,2.61,119.97,128.54,0.001,0.001,NOMINAL,-0.75
49,196,125,124.47,2.61,120.18,128.76,0.001,0.001,NOMINAL,-0.53
49,197,125,124.25,2.61,119.97,128.54,0.001,0.001,NOMINAL,-0.75
49,198,125,124.25,4.87,116.24,132.27,0.001,0.001,NOMINAL,-0.75
49,199,125,124.12,6.32,113.72,134.52,0.001,0.001,NOMINAL,-0.88
49,200,125,124.12,6.37,113.65,134.59,0.001,0.001,NOMINAL,-0.88
49,201,125,124.47,3.8,118.22,130.73,0.001,0.001,NOMINAL,-0.53
49,202,125,124.25,5.9,114.54,133.96,0.001,0.001,NOMINAL,-0.75
49,203,125,124.25,2.85,119.56,128.95,0.001,0.001,NOMINAL,-0.75
49,204,125,124.12,6.32,113.72,134.52,0.001,0.001,NOMINAL,-0.88
49,205,125,124.12,5.9,114.41,133.83,0.001,0.001,NOMINAL,-0.88
49,206,125,124.12,5.9,114.41,133.83,0.001,0.001,NOMINAL,-0.88
49,207,125,124.12,5.9,114.41,133.83,0.001,0.001,NOMINAL,-0.88
49,208,125,123.67,6.77,112.54,134.81,0.001,0.001,NOMINAL,-1.33
49,209,125,123.72,6.55,112.94,134.5,0.001,0.001,NOMINAL,-1.28
49,210,125,124.25,6.5,113.57,134.94,0.001,0.001,NOMINAL,-0.75
49,211,125,124.21,5.82,114.65,133.78,0.001,0.001,NOMINAL,-0.79
50,52,106,114.74,11.55,95.74,133.74,0.001,0.001,NOMINAL,8.74
50,53,105,114.74,11.55,95.74,133.74,0.001,0.001,NOMINAL,9.74
50,54,104,113.64,11.66,94.45,132.82,0.001,0.001,NOMINAL,9.64
50,55,103,113.64,12.52,93.04,134.23,0.001,0.001,NOMINAL,10.64
50,56,102,116.2,11.33,97.57,134.83,0.001,0.001,NOMINAL,14.2
50,57,101,116.22,11.59,97.16,135.28,0.001,0.001,NOMINAL,15.22
50,58,100,118.31,11.49,99.42,137.2,0.001,0.001,NOMINAL,18.31
50,59,99,117.63,11.28,99.09,136.18,0.001,0.001,NOMINAL,18.63
50,60,98,117.64,11.53,98.69,136.6,0.001,0.001,NOMINAL,19.64
50,61,97,115.79,11.59,96.73,134.85,0.001,0.001,NOMINAL,18.79
50,62,96,112.36,12.52,91.76,132.95,0.001,0.001,NOMINAL,16.36
50,63,95,112.71,12.52,92.12,133.31,0.001,0.001,NOMINAL,17.71
50,64,94,112.83,12.52,92.24,133.43,0.001,0.001,NOMINAL,18.83
50,65,93,112.2,12.52,91.6,132.79,0.001,0.001,NOMINAL,19.2
50,66,92,109.5,12.52,88.9,130.09,0.001,0.0011,NOMINAL,17.5
50,67,91,109.42,12.52,88.83,130.02,0.001,0.0011,NOMINAL,18.42
50,68,90,107.66,12.52,87.06,128.25,0.001,0.0011,NOMINAL,17.66
50,69,89,107.66,12.52,87.06,128.25,0.001,0.0011,NOMINAL,18.66
50,70,88,106.28,12.52,85.69,126.88,0.001,0.0012,NOMINAL,18.28
50,71,87,101.82,12.44,81.35,122.28,0.001,0.0017,NOMINAL,14.82
50,72,86,100.66,12.43,80.22,121.1,0.001,0.002,NOMINAL,14.66
50,73,85,94.74,11.49,75.85,113.64,0.001,0.0032,NOMINAL,9.74
50,74,84,96.57,11.49,77.68,115.47,0.001,0.0021,NOMINAL,12.57
50,75,83,90.21,11.43,71.41,109.01,0.001,0.0106,NOMINAL,7.21
50,76,82,94.3,11.49,75.41,113.2,0.001,0.0036,NOMINAL,12.3
50,77,81,88.62,11.43,69.82,107.42,0.001,0.0171,NOMINAL,7.62
50,78,80,86.64,11.41,67.87,105.41,0.001,0.0238,NOMINAL,6.64
50,79,79,72.72,10.11,56.08,89.36,0.001,0.0424,NOMINAL,-6.28
50,80,78,73.58,10.38,56.5,90.66,0.001,0.0408,NOMINAL,-4.42
50,81,77,74.89,10.31,57.93,91.84,0.001,0.0344,NOMINAL,-2.11
50,82,76,73.46,10.19,56.7,90.21,0.001,0.0389,NOMINAL,-2.54
50,83,75,71.53,9.97,55.14,87.92,0.001,0.0475,NOMINAL,-3.47
50,84,74,65.83,9.76,49.77,81.89,0.0011,0.0844,NOMINAL,-8.17
50,85,73,67.32,9.76,51.26,83.37,0.001,0.0683,NOMINAL,-5.68
50,86,72,67.32,9.76,51.26,83.37,0.001,0.0683,NOMINAL,-4.68
50,87,71,65.92,9.92,49.61,82.24,0.0011,0.0878,NOMINAL,-5.08
50,88,70,63.99,9.59,48.22,79.76,0.0011,0.098,NOMINAL,-6.01
50,89,69,59.5,8.73,45.14,73.87,0.0011,0.1525,NOMINAL,-9.5
50,90,68,59.32,8.53,45.29,73.34,0.0011,0.1507,NOMINAL,-8.68
50,91,67,59.53,8.07,46.26,72.8,0.001,0.1319,NOMINAL,-7.47
50,92,66,53.02,7.66,40.42,65.61,0.0014,0.4021,NOMINAL,-12.98
50,93,65,47.08,6.44,36.48,57.68,0.0016,0.729,MONITOR,-17.92
50,94,64,46.67,6.54,35.91,57.42,0.002,0.7442,MONITOR,-17.33
50,95,63,46.69,8.15,33.28,60.11,0.0233,0.7149,MONITOR,-16.31
50,96,62,45.37,6.89,34.04,56.7,0.0061,0.7828,WARNING,-16.63
50,97,61,43.88,4.34,36.74,51.02,0.001,0.919,WARNING,-17.12
50,98,60,45.53,8.47,31.6,59.47,0.0255,0.749,MONITOR,-14.47
50,99,59,44.43,4.51,37.01,51.85,0.001,0.8972,WARNING,-14.57
50,100,58,43.45,4.47,36.1,50.8,0.001,0.9247,WARNING,-14.55
50,101,57,42.98,4.43,35.68,50.27,0.001,0.9358,WARNING,-14.02
50,102,56,41.49,4.25,34.5,48.49,0.001,0.9604,WARNING,-14.51
50,103,55,39.08,3.89,32.68,45.49,0.001,0.986,WARNING,-15.92
50,104,54,39.31,4.8,31.41,47.21,0.0023,0.9679,WARNING,-14.69
50,105,53,37.56,4.18,30.68,44.44,0.0016,0.9896,WARNING,-15.44
50,106,52,37.56,3.87,31.19,43.93,0.0011,0.9927,WARNING,-14.44
50,107,51,37.28,4.18,30.4,44.16,0.0018,0.9905,WARNING,-13.72
50,108,50,39.39,4.09,32.67,46.11,0.0011,0.9809,WARNING,-10.61
50,109,49,39.97,4.09,33.25,46.69,0.001,0.9767,WARNING,-9.03
50,110,48,39.59,4.13,32.8,46.37,0.0011,0.9794,WARNING,-8.41
50,111,47,39.11,4.09,32.38,45.84,0.0011,0.9824,WARNING,-7.89
50,112,46,36.84,4.18,29.96,43.71,0.0022,0.9919,WARNING,-9.16
50,113,45,39.77,4.09,33.04,46.5,0.001,0.9789,WARNING,-5.23
50,114,44,41.11,4.05,34.45,47.77,0.001,0.9669,WARNING,-2.89
50,115,43,43.41,4.22,36.48,50.35,0.001,0.9351,WARNING,0.41
50,116,42,45.63,6.33,35.21,56.05,0.0022,0.7882,WARNING,3.63
50,117,41,45.63,6.8,34.44,56.82,0.0046,0.7754,WARNING,4.63
50,118,40,45.91,6.8,34.72,57.1,0.0041,0.7688,WARNING,5.91
50,119,39,45.74,6.3,35.38,56.09,0.002,0.7832,WARNING,6.74
50,120,38,46.78,6.46,36.15,57.4,0.0018,0.7422,MONITOR,8.78
50,121,37,46.78,6.06,36.8,56.75,0.0012,0.75,WARNING,9.78
50,122,36,46.68,6.06,36.72,56.65,0.0012,0.754,WARNING,10.68
50,123,35,45.07,5.37,36.24,53.9,0.0011,0.8432,WARNING,10.07
50,124,34,42.72,4.24,35.75,49.69,0.001,0.9434,WARNING,8.72
50,125,33,38.31,4.25,31.32,45.3,0.0014,0.9848,WARNING,5.31
50,126,32,37.04,4.11,30.28,43.81,0.0018,0.9919,WARNING,5.04
50,127,31,36.77,4.02,30.16,43.39,0.0017,0.9934,WARNING,5.77
50,128,30,33.62,4.06,26.94,40.3,0.0187,0.9994,WARNING,3.62
50,129,29,30.55,4.23,23.59,37.51,0.0326,0.9998,WARNING,1.55
50,130,28,29.72,4.29,22.66,36.79,0.0413,0.9998,WARNING,1.72
50,131,27,28.95,4.4,21.7,36.19,0.0532,0.9998,WARNING,1.95
50,132,26,26.14,4.51,18.71,33.56,0.1077,0.9998,WARNING,0.14
50,133,25,25.69,4.68,17.99,33.39,0.1289,0.9998,WARNING,0.69
50,134,24,24.49,4.0,17.92,31.07,0.1446,0.9998,WARNING,0.49
50,135,23,23.2,4.07,16.5,29.89,0.2399,0.9998,WARNING,0.2
50,136,22,22.23,3.93,15.77,28.7,0.3299,0.9998,WARNING,0.23
50,137,21,23.69,4.14,16.88,30.49,0.1972,0.9998,WARNING,2.69
50,138,20,22.79,4.14,15.98,29.59,0.2842,0.9998,WARNING,2.79
50,139,19,22.51,4.14,15.71,29.31,0.3159,0.9998,WARNING,3.51
50,140,18,23.16,4.14,16.36,29.96,0.2488,0.9998,WARNING,5.16
50,141,17,21.51,3.99,14.95,28.08,0.4053,0.9998,WARNING,4.51
50,142,16,19.16,4.03,12.53,25.78,0.6548,0.9998,WARNING,3.16
50,143,15,18.68,4.07,11.98,25.38,0.6914,0.9998,WARNING,3.68
50,144,14,18.2,4.16,11.36,25.04,0.7227,0.9998,WARNING,4.2
50,145,13,16.29,4.28,9.26,23.33,0.8321,0.9998,WARNING,3.29
50,146,12,16.29,4.28,9.26,23.33,0.8321,0.9998,WARNING,4.29
50,147,11,15.89,4.3,8.83,22.96,0.8497,0.9998,WARNING,4.89
51,52,125,120.67,13.27,98.84,142.5,0.001,0.001,NOMINAL,-4.33
51,53,125,121.89,9.92,105.57,138.21,0.001,0.001,NOMINAL,-3.11
51,54,125,121.39,11.19,102.99,139.8,0.001,0.001,NOMINAL,-3.61
51,55,125,119.95,11.19,101.54,138.35,0.001,0.001,NOMINAL,-5.05
51,56,125,121.08,12.45,100.59,141.56,0.001,0.001,NOMINAL,-3.92
51,57,125,121.09,13.27,99.26,142.92,0.001,0.001,NOMINAL,-3.91
51,58,125,119.95,13.27,98.12,141.78,0.001,0.001,NOMINAL,-5.05
51,59,125,119.95,13.03,98.52,141.38,0.001,0.001,NOMINAL,-5.05
51,60,125,119.95,12.03,100.17,139.73,0.001,0.001,NOMINAL,-5.05
51,61,125,118.37,9.84,102.19,134.55,0.001,0.001,NOMINAL,-6.63
51,62,125,118.53,10.07,101.96,135.1,0.001,0.001,NOMINAL,-6.47
51,63,125,118.37,8.72,104.02,132.72,0.001,0.001,NOMINAL,-6.63
51,64,125,118.37,9.87,102.14,134.59,0.001,0.001,NOMINAL,-6.63
51,65,125,122.68,6.41,112.12,133.23,0.001,0.001,NOMINAL,-2.32
51,66,125,119.7,8.73,105.34,134.05,0.001,0.001,NOMINAL,-5.3
51,67,125,118.37,9.69,102.43,134.3,0.001,0.001,NOMINAL,-6.63
51,68,125,118.38,11.48,99.5,137.26,0.001,0.001,NOMINAL,-6.62
51,69,125,117.84,10.18,101.1,134.58,0.001,0.001,NOMINAL,-7.16
51,70,125,118.33,12.6,97.6,139.06,0.001,0.001,NOMINAL,-6.67
51,71,125,118.14,12.67,97.31,138.98,0.001,0.001,NOMINAL,-6.86
51,72,124,118.09,12.67,97.26,138.92,0.001,0.001,NOMINAL,-5.91
51,73,123,116.26,12.57,95.58,136.93,0.001,0.001,NOMINAL,-6.74
51,74,122,115.69,12.57,95.01,136.36,0.001,0.001,NOMINAL,-6.31
51,75,121,115.69,12.57,95.01,136.36,0.001,0.001,NOMINAL,-5.31
51,76,120,115.37,12.57,94.69,136.04,0.001,0.001,NOMINAL,-4.63
51,77,119,115.24,12.52,94.65,135.84,0.001,0.001,NOMINAL,-3.76
51,78,118,110.53,12.52,89.94,131.13,0.001,0.001,NOMINAL,-7.47
51,79,117,113.27,12.52,92.67,133.86,0.001,0.001,NOMINAL,-3.73
51,80,116,104.67,11.73,85.38,123.97,0.001,0.0011,NOMINAL,-11.33
51,81,115,105.56,11.49,86.67,124.46,0.001,0.001,NOMINAL,-9.44
51,82,114,104.2,11.49,85.31,123.1,0.001,0.0011,NOMINAL,-9.8
51,83,113,104.47,11.75,85.14,123.8,0.001,0.0011,NOMINAL,-8.53
51,84,112,104.37,11.87,84.85,123.9,0.001,0.0011,NOMINAL,-7.63
51,85,111,106.36,12.3,86.13,126.6,0.001,0.0011,NOMINAL,-4.64
51,86,110,106.3,12.44,85.84,126.76,0.001,0.0011,NOMINAL,-3.7
51,87,109,103.97,12.36,83.63,124.3,0.001,0.0013,NOMINAL,-5.03
51,88,108,102.07,11.49,83.17,120.97,0.001,0.0011,NOMINAL,-5.93
51,89,107,101.47,11.49,82.58,120.37,0.001,0.0012,NOMINAL,-5.53
51,90,106,99.93,11.49,81.03,118.82,0.001,0.0013,NOMINAL,-6.07
51,91,105,98.47,11.49,79.57,117.37,0.001,0.0016,NOMINAL,-6.53
51,92,104,106.13,12.09,86.23,126.02,0.001,0.0011,NOMINAL,2.13
51,93,103,103.22,11.49,84.33,122.12,0.001,0.0011,NOMINAL,0.22
51,94,102,104.3,11.62,85.19,123.41,0.001,0.0011,NOMINAL,2.3
51,95,101,97.06,11.49,78.16,115.95,0.001,0.0019,NOMINAL,-3.94
51,96,100,90.23,11.49,71.34,109.13,0.001,0.0112,NOMINAL,-9.77
51,97,99,94.52,11.49,75.62,113.41,0.001,0.0034,NOMINAL,-4.48
51,98,98,93.72,11.49,74.83,112.62,0.001,0.0041,NOMINAL,-4.28
51,99,97,96.55,11.49,77.65,115.45,0.001,0.0021,NOMINAL,-0.45
51,100,96,106.68,12.3,86.44,126.91,0.001,0.0011,NOMINAL,10.68
51,101,95,106.16,12.47,85.65,126.66,0.001,0.0012,NOMINAL,11.16
51,102,94,107.2,12.43,86.75,127.64,0.001,0.0011,NOMINAL,13.2
51,103,93,103.21,12.21,83.12,123.3,0.001,0.0013,NOMINAL,10.21
51,104,92,103.8,12.3,83.56,124.03,0.001,0.0013,NOMINAL,11.8
51,105,91,109.98,12.52,89.38,130.57,0.001,0.001,NOMINAL,18.98
51,106,90,110.52,12.52,89.92,131.11,0.001,0.001,NOMINAL,20.52
51,107,89,110.53,12.52,89.94,131.13,0.001,0.001,NOMINAL,21.53
51,108,88,99.86,11.49,80.96,118.76,0.001,0.0013,NOMINAL,11.86
51,109,87,102.57,11.49,83.67,121.47,0.001,0.0011,NOMINAL,15.57
51,110,86,95.26,11.49,76.36,114.15,0.001,0.0028,NOMINAL,9.26
51,111,85,97.25,11.49,78.36,116.15,0.001,0.0019,NOMINAL,12.25
51,112,84,90.37,11.49,71.47,109.26,0.001,0.0108,NOMINAL,6.37
51,113,83,89.72,11.43,70.92,108.52,0.001,0.0123,NOMINAL,6.72
51,114,82,88.48,11.08,70.26,106.71,0.001,0.0124,NOMINAL,6.48
51,115,81,89.45,10.98,71.39,107.51,0.001,0.0082,NOMINAL,8.45
51,116,80,85.23,10.61,67.77,102.69,0.001,0.021,NOMINAL,5.23
51,117,79,82.36,10.65,64.84,99.88,0.001,0.0254,NOMINAL,3.36
51,118,78,81.67,10.5,64.4,98.94,0.001,0.0255,NOMINAL,3.67
53,52,125,117.04,11.42,98.25,135.82,0.001,0.001,NOMINAL,-7.96
53,53,125,117.12,11.38,98.39,135.84,0.001,0.001,NOMINAL,-7.88
53,54,125,117.75,11.35,99.08,136.42,0.001,0.001,NOMINAL,-7.25
53,55,125,118.61,10.07,102.06,135.17,0.001,0.001,NOMINAL,-6.39
53,56,125,118.88,11.35,100.21,137.55,0.001,0.001,NOMINAL,-6.12
53,57,125,118.88,10.07,102.32,135.44,0.001,0.001,NOMINAL,-6.12
53,58,125,120.08,10.07,103.53,136.64,0.001,0.001,NOMINAL,-4.92
53,59,125,119.35,10.1,102.74,135.95,0.001,0.001,NOMINAL,-5.65
53,60,125,119.21,11.35,100.54,137.88,0.001,0.001,NOMINAL,-5.79
53,61,125,120.08,10.07,103.53,136.64,0.001,0.001,NOMINAL,-4.92
53,62,125,119.88,11.41,101.11,138.65,0.001,0.001,NOMINAL,-5.12
53,63,125,118.63,10.18,101.89,135.37,0.001,0.001,NOMINAL,-6.37
53,64,125,119.08,11.48,100.21,137.96,0.001,0.001,NOMINAL,-5.92
53,65,125,117.29,12.57,96.62,137.96,0.001,0.001,NOMINAL,-7.71
53,66,125,116.04,12.57,95.37,136.71,0.001,0.001,NOMINAL,-8.96
53,67,125,116.49,12.57,95.82,137.16,0.001,0.001,NOMINAL,-8.51
53,68,125,117.65,12.57,96.97,138.32,0.001,0.001,NOMINAL,-7.35
53,69,125,113.58,12.52,92.99,134.18,0.001,0.001,NOMINAL,-11.42
53,70,125,114.46,12.52,93.87,135.06,0.001,0.001,NOMINAL,-10.54
53,71,124,111.06,12.52,90.47,131.66,0.001,0.001,NOMINAL,-12.94
53,72,123,110.06,12.52,89.47,130.65,0.001,0.001,NOMINAL,-12.94
53,73,122,105.04,11.73,85.74,124.33,0.001,0.0011,NOMINAL,-16.96
53,74,121,99.63,11.49,80.74,118.53,0.001,0.0014,NOMINAL,-21.37
53,75,120,97.36,11.49,78.46,116.26,0.001,0.0018,NOMINAL,-22.64
53,76,119,92.67,11.03,74.52,110.81,0.001,0.0034,NOMINAL,-26.33
53,77,118,88.77,10.94,70.77,106.76,0.001,0.0097,NOMINAL,-29.23
53,78,117,85.71,10.92,67.74,103.67,0.001,0.0233,NOMINAL,-31.29
53,79,116,78.72,10.57,61.34,96.11,0.001,0.027,NOMINAL,-37.28
53,80,115,78.73,10.15,62.03,95.43,0.001,0.0262,NOMINAL,-36.27
53,81,114,80.06,11.02,61.93,98.18,0.001,0.0268,NOMINAL,-33.94
53,82,113,81.94,11.79,62.56,101.33,0.001,0.0272,NOMINAL,-31.06
53,83,112,88.53,12.29,68.31,108.75,0.001,0.0246,NOMINAL,-23.47
53,84,111,95.5,12.47,74.99,116.0,0.001,0.0068,NOMINAL,-15.5
53,85,110,88.61,11.49,69.71,107.5,0.001,0.0182,NOMINAL,-21.39
53,86,109,89.3,11.6,70.22,108.39,0.001,0.0166,NOMINAL,-19.7
53,87,108,87.71,11.1,69.45,105.98,0.001,0.0161,NOMINAL,-20.29
53,88,107,88.16,11.49,69.27,107.06,0.001,0.0208,NOMINAL,-18.84
53,89,106,91.83,11.49,72.93,110.73,0.001,0.007,NOMINAL,-14.17
53,90,105,96.79,11.49,77.9,115.69,0.001,0.002,NOMINAL,-8.21
53,91,104,100.94,11.49,82.04,119.84,0.001,0.0012,NOMINAL,-3.06
53,92,103,97.86,11.49,78.96,116.76,0.001,0.0017,NOMINAL,-5.14
53,93,102,97.12,11.49,78.23,116.02,0.001,0.0019,NOMINAL,-4.88
53,94,101,98.35,12.01,78.6,118.09,0.001,0.0023,NOMINAL,-2.65
53,95,100,104.14,12.52,83.55,124.74,0.001,0.0013,NOMINAL,4.14
53,96,99,108.95,12.52,88.35,129.54,0.001,0.0011,NOMINAL,9.95
53,97,98,108.58,12.52,87.98,129.17,0.001,0.0011,NOMINAL,10.58
53,98,97,103.33,11.6,84.25,122.42,0.001,0.0011,NOMINAL,6.33
53,99,96,90.53,11.38,71.81,109.26,0.001,0.0092,NOMINAL,-5.47
53,100,95,90.32,11.43,71.51,109.12,0.001,0.0103,NOMINAL,-4.68
53,101,94,82.8,10.89,64.89,100.71,0.001,0.0255,NOMINAL,-11.2
53,102,93,82.92,10.9,64.99,100.84,0.001,0.0255,NOMINAL,-10.08
53,103,92,79.66,10.65,62.14,97.17,0.001,0.0263,NOMINAL,-12.34
53,104,91,78.92,10.61,61.46,96.37,0.001,0.0268,NOMINAL,-12.08
53,105,90,80.53,10.59,63.12,97.95,0.001,0.026,NOMINAL,-9.47
53,106,89,88.71,11.25,70.21,107.21,0.001,0.0138,NOMINAL,-0.29
53,107,88,77.63,10.34,60.63,94.63,0.001,0.0285,NOMINAL,-10.37
53,108,87,83.69,10.85,65.83,101.54,0.001,0.025,NOMINAL,-3.31
55,52,125,120.67,13.27,98.84,142.5,0.001,0.001,NOMINAL,-4.33
55,53,125,123.67,11.1,105.41,141.93,0.001,0.001,NOMINAL,-1.33
55,54,125,120.86,13.27,99.03,142.69,0.001,0.001,NOMINAL,-4.14
55,55,125,121.09,11.77,101.73,140.45,0.001,0.001,NOMINAL,-3.91
55,56,125,121.09,13.27,99.26,142.92,0.001,0.001,NOMINAL,-3.91
55,57,125,121.09,13.27,99.26,142.92,0.001,0.001,NOMINAL,-3.91
55,58,125,121.09,13.27,99.26,142.92,0.001,0.001,NOMINAL,-3.91
55,59,125,121.09,13.27,99.26,142.92,0.001,0.001,NOMINAL,-3.91
55,60,125,119.18,13.27,97.35,141.01,0.001,0.001,NOMINAL,-5.82
55,61,125,119.95,13.27,98.12,141.78,0.001,0.001,NOMINAL,-5.05
55,62,125,119.41,11.77,100.05,138.77,0.001,0.001,NOMINAL,-5.59
55,63,125,119.41,11.84,99.93,138.88,0.001,0.001,NOMINAL,-5.59
55,64,125,119.41,13.27,97.58,141.24,0.001,0.001,NOMINAL,-5.59
55,65,125,119.41,12.06,99.57,139.25,0.001,0.001,NOMINAL,-5.59
55,66,125,118.82,13.27,97.0,140.65,0.001,0.001,NOMINAL,-6.18
55,67,125,118.82,12.06,98.98,138.66,0.001,0.001,NOMINAL,-6.18
55,68,125,118.82,12.06,98.98,138.66,0.001,0.001,NOMINAL,-6.18
55,69,125,118.63,9.9,102.35,134.92,0.001,0.001,NOMINAL,-6.37
55,70,125,118.63,9.9,102.35,134.92,0.001,0.001,NOMINAL,-6.37
55,71,125,118.63,9.9,102.35,134.92,0.001,0.001,NOMINAL,-6.37
55,72,125,118.19,10.19,101.43,134.95,0.001,0.001,NOMINAL,-6.81
55,73,125,118.63,9.9,102.35,134.92,0.001,0.001,NOMINAL,-6.37
55,74,125,117.74,10.24,100.89,134.58,0.001,0.001,NOMINAL,-7.26
55,75,125,118.84,8.64,104.63,133.05,0.001,0.001,NOMINAL,-6.16
55,76,125,119.03,8.45,105.14,132.92,0.001,0.001,NOMINAL,-5.97
55,77,125,118.75,8.8,104.28,133.22,0.001,0.001,NOMINAL,-6.25
55,78,125,118.22,11.05,100.04,136.39,0.001,0.001,NOMINAL,-6.78
55,79,125,118.2,9.84,102.01,134.39,0.001,0.001,NOMINAL,-6.8
55,80,125,118.51,9.59,102.73,134.28,0.001,0.001,NOMINAL,-6.49
55,81,125,118.19,12.6,97.47,138.92,0.001,0.001,NOMINAL,-6.81
55,82,125,117.07,12.57,96.39,137.74,0.001,0.001,NOMINAL,-7.93
55,83,125,116.84,12.57,96.17,137.51,0.001,0.001,NOMINAL,-8.16
55,84,125,116.32,12.57,95.65,137.0,0.001,0.001,NOMINAL,-8.68
55,85,125,116.5,12.57,95.82,137.17,0.001,0.001,NOMINAL,-8.5
55,86,125,116.84,12.57,96.17,137.51,0.001,0.001,NOMINAL,-8.16
55,87,125,115.82,12.57,95.15,136.5,0.001,0.001,NOMINAL,-9.18
55,88,125,118.68,11.01,100.56,136.79,0.001,0.001,NOMINAL,-6.32
55,89,125,117.13,12.57,96.45,137.8,0.001,0.001,NOMINAL,-7.87
55,90,125,116.32,12.57,95.65,137.0,0.001,0.001,NOMINAL,-8.68
55,91,125,115.72,12.57,95.04,136.39,0.001,0.001,NOMINAL,-9.28
55,92,125,113.63,12.52,93.04,134.23,0.001,0.001,NOMINAL,-11.37
55,93,125,112.63,12.52,92.04,133.23,0.001,0.001,NOMINAL,-12.37
55,94,125,113.46,12.52,92.87,134.06,0.001,0.001,NOMINAL,-11.54
55,95,125,115.5,12.57,94.83,136.18,0.001,0.001,NOMINAL,-9.5
55,96,125,115.22,12.52,94.62,135.81,0.001,0.001,NOMINAL,-9.78
55,97,125,113.3,11.1,95.03,131.56,0.001,0.001,NOMINAL,-11.7
55,98,125,113.45,12.52,92.85,134.04,0.001,0.001,NOMINAL,-11.55
55,99,125,113.09,11.1,94.82,131.35,0.001,0.001,NOMINAL,-11.91
55,100,125,113.03,12.52,92.43,133.62,0.001,0.001,NOMINAL,-11.97
55,101,125,113.03,12.52,92.43,133.62,0.001,0.001,NOMINAL,-11.97
55,102,125,109.29,12.47,88.79,129.79,0.001,0.0011,NOMINAL,-15.71
55,103,125,105.32,11.49,86.42,124.21,0.001,0.001,NOMINAL,-19.68
55,104,125,100.56,11.49,81.66,119.45,0.001,0.0012,NOMINAL,-24.44
55,105,125,102.72,11.49,83.82,121.62,0.001,0.0011,NOMINAL,-22.28
55,106,125,94.34,11.49,75.45,113.24,0.001,0.0035,NOMINAL,-30.66
55,107,125,93.58,11.49,74.68,112.47,0.001,0.0043,NOMINAL,-31.42
55,108,125,93.91,11.49,75.01,112.81,0.001,0.0039,NOMINAL,-31.09
55,109,125,94.14,10.46,76.94,111.35,0.001,0.0015,NOMINAL,-30.86
55,110,125,92.77,11.49,73.87,111.66,0.001,0.0054,NOMINAL,-32.23
55,111,125,99.62,11.49,80.73,118.52,0.001,0.0014,NOMINAL,-25.38
55,112,125,106.72,12.52,86.13,127.32,0.001,0.0011,NOMINAL,-18.28
55,113,125,104.56,12.44,84.09,125.02,0.001,0.0013,NOMINAL,-20.44
55,114,125,108.52,12.52,87.93,129.12,0.001,0.0011,NOMINAL,-16.48
55,115,125,105.88,11.87,86.36,125.41,0.001,0.0011,NOMINAL,-19.12
55,116,125,107.05,12.52,86.45,127.64,0.001,0.0011,NOMINAL,-17.95
55,117,125,106.33,12.52,85.73,126.92,0.001,0.0012,NOMINAL,-18.67
55,118,125,108.48,12.52,87.88,129.07,0.001,0.0011,NOMINAL,-16.52
55,119,125,110.28,12.52,89.68,130.87,0.001,0.001,NOMINAL,-14.72
55,120,125,109.95,12.52,89.36,130.55,0.001,0.001,NOMINAL,-15.05
55,121,125,111.67,12.52,91.08,132.27,0.001,0.001,NOMINAL,-13.33
55,122,125,111.72,12.52,91.13,132.32,0.001,0.001,NOMINAL,-13.28
55,123,125,111.71,12.52,91.12,132.3,0.001,0.001,NOMINAL,-13.29
55,124,125,111.4,12.52,90.81,132.0,0.001,0.001,NOMINAL,-13.6
55,125,125,103.06,11.49,84.16,121.96,0.001,0.0011,NOMINAL,-21.94
55,126,125,102.98,11.49,84.08,121.88,0.001,0.0011,NOMINAL,-22.02
55,127,125,99.56,11.49,80.66,118.46,0.001,0.0014,NOMINAL,-25.44
55,128,125,104.96,11.56,85.94,123.97,0.001,0.0011,NOMINAL,-20.04
55,129,125,103.24,11.49,84.34,122.13,0.001,0.0011,NOMINAL,-21.76
55,130,125,103.83,11.56,84.81,122.84,0.001,0.0011,NOMINAL,-21.17
55,131,125,105.42,11.73,86.12,124.72,0.001,0.0011,NOMINAL,-19.58
55,132,125,107.5,12.21,87.41,127.59,0.001,0.0011,NOMINAL,-17.5
55,133,125,105.32,11.73,86.02,124.62,0.001,0.0011,NOMINAL,-19.68
55,134,124,104.96,11.63,85.82,124.09,0.001,0.0011,NOMINAL,-19.04
55,135,123,107.88,12.47,87.38,128.38,0.001,0.0011,NOMINAL,-15.12
55,136,122,106.38,12.13,86.43,126.32,0.001,0.0011,NOMINAL,-15.62
55,137,121,102.39,11.56,83.37,121.4,0.001,0.0011,NOMINAL,-18.61
55,138,120,95.11,11.49,76.21,114.01,0.001,0.0029,NOMINAL,-24.89
55,139,119,104.19,11.49,85.29,123.08,0.001,0.0011,NOMINAL,-14.81
55,140,118,107.64,12.43,87.2,128.09,0.001,0.0011,NOMINAL,-10.36
55,141,117,109.3,12.43,88.86,129.74,0.001,0.001,NOMINAL,-7.7
55,142,116,103.75,11.49,84.86,122.65,0.001,0.0011,NOMINAL,-12.25
55,143,115,101.35,11.49,82.45,120.25,0.001,0.0012,NOMINAL,-13.65
55,144,114,100.8,11.49,81.9,119.69,0.001,0.0012,NOMINAL,-13.2
55,145,113,103.79,11.49,84.89,122.69,0.001,0.0011,NOMINAL,-9.21
55,146,112,97.14,11.43,78.34,115.94,0.001,0.0018,NOMINAL,-14.86
55,147,111,101.49,11.49,82.6,120.39,0.001,0.0012,NOMINAL,-9.51
55,148,110,94.6,11.43,75.79,113.4,0.001,0.0031,NOMINAL,-15.4
55,149,109,95.41,11.43,76.61,114.21,0.001,0.0026,NOMINAL,-13.59
55,150,108,95.47,11.43,76.67,114.27,0.001,0.0025,NOMINAL,-12.53
55,151,107,95.41,11.43,76.61,114.21,0.001,0.0026,NOMINAL,-11.59
55,152,106,90.81,11.43,72.01,109.61,0.001,0.0089,NOMINAL,-15.19
55,153,105,93.21,11.43,74.41,112.01,0.001,0.0045,NOMINAL,-11.79
55,154,104,91.2,11.43,72.4,110.0,0.001,0.0079,NOMINAL,-12.8
55,155,103,91.55,11.43,72.75,110.36,0.001,0.0071,NOMINAL,-11.45
55,156,102,90.61,11.43,71.81,109.41,0.001,0.0094,NOMINAL,-11.39
55,157,101,89.18,11.42,70.39,107.96,0.001,0.0143,NOMINAL,-11.82
55,158,100,88.0,11.42,69.21,106.78,0.001,0.0204,NOMINAL,-12.0
55,159,99,89.38,11.42,70.6,108.17,0.001,0.0135,NOMINAL,-9.62
55,160,98,86.43,11.42,67.65,105.22,0.001,0.024,NOMINAL,-11.57
55,161,97,88.16,11.42,69.37,106.94,0.001,0.0195,NOMINAL,-8.84
55,162,96,91.93,11.43,73.13,110.73,0.001,0.0064,NOMINAL,-4.07
55,163,95,90.92,11.43,72.12,109.72,0.001,0.0086,NOMINAL,-4.08
55,164,94,96.41,11.43,77.61,115.21,0.001,0.0021,NOMINAL,2.41
55,165,93,90.62,11.43,71.82,109.42,0.001,0.0094,NOMINAL,-2.38
55,166,92,93.29,11.43,74.49,112.09,0.001,0.0044,NOMINAL,1.29
55,167,91,104.96,11.6,85.87,124.04,0.001,0.0011,NOMINAL,13.96
55,168,90,102.93,11.6,83.85,122.02,0.001,0.0011,NOMINAL,12.93
55,169,89,104.96,11.6,85.87,124.04,0.001,0.0011,NOMINAL,15.96
55,170,88,103.11,11.6,84.02,122.2,0.001,0.0011,NOMINAL,15.11
55,171,87,95.73,11.43,76.93,114.53,0.001,0.0024,NOMINAL,8.73
55,172,86,90.59,11.42,71.8,109.37,0.001,0.0094,NOMINAL,4.59
55,173,85,90.36,11.42,71.57,109.14,0.001,0.0101,NOMINAL,5.36
55,174,84,90.36,11.41,71.59,109.12,0.001,0.01,NOMINAL,6.36
55,175,83,86.6,11.41,67.83,105.37,0.001,0.0238,NOMINAL,3.6
55,176,82,83.34,10.77,65.62,101.05,0.001,0.0252,NOMINAL,1.34
55,177,81,83.34,10.7,65.74,100.94,0.001,0.0249,NOMINAL,2.34
55,178,80,79.8,10.16,63.08,96.51,0.001,0.0259,NOMINAL,-0.2
55,179,79,79.08,10.11,62.44,95.71,0.001,0.0261,NOMINAL,0.08
55,180,78,82.2,10.33,65.21,99.18,0.001,0.0249,NOMINAL,4.2
55,181,77,65.44,9.23,50.26,80.63,0.001,0.0788,NOMINAL,-11.56
55,182,76,73.68,10.1,57.07,90.29,0.001,0.0366,NOMINAL,-2.32
55,183,75,67.26,9.56,51.53,82.99,0.001,0.0659,NOMINAL,-7.74
55,184,74,78.17,10.22,61.35,94.98,0.001,0.0263,NOMINAL,4.17
55,185,73,72.24,10.01,55.77,88.71,0.001,0.0439,NOMINAL,-0.76
55,186,72,82.6,10.56,65.24,99.97,0.001,0.0252,NOMINAL,10.6
55,187,71,84.66,11.05,66.47,102.84,0.001,0.0246,NOMINAL,13.66
55,188,70,91.8,11.22,73.34,110.26,0.001,0.0053,NOMINAL,21.8
55,189,69,86.83,11.22,68.37,105.29,0.001,0.0232,NOMINAL,17.83
55,190,68,84.61,11.31,66.02,103.21,0.001,0.0253,NOMINAL,16.61
55,191,67,91.24,11.32,72.63,109.86,0.001,0.0069,NOMINAL,24.24
55,192,66,79.83,11.13,61.52,98.14,0.001,0.0282,NOMINAL,13.83
55,193,65,75.79,10.31,58.83,92.74,0.001,0.0325,NOMINAL,10.79
55,194,64,70.23,10.14,53.56,86.9,0.001,0.0551,NOMINAL,6.23
55,195,63,70.74,10.19,53.98,87.5,0.001,0.0529,NOMINAL,7.74
55,196,62,66.71,10.1,50.1,83.32,0.0011,0.0813,NOMINAL,4.71
55,197,61,72.93,10.26,56.06,89.8,0.001,0.043,NOMINAL,11.93
55,198,60,73.82,10.33,56.82,90.82,0.001,0.0388,NOMINAL,13.82
55,199,59,66.58,10.41,49.45,83.7,0.0012,0.0889,NOMINAL,7.58
55,200,58,64.93,10.41,47.8,82.05,0.0014,0.0998,NOMINAL,6.93
55,201,57,60.05,6.55,49.28,70.82,0.001,0.093,NOMINAL,3.05
55,202,56,56.2,6.6,45.34,67.06,0.001,0.1868,NOMINAL,0.2
55,203,55,52.1,6.33,41.69,62.52,0.001,0.4215,NOMINAL,-2.9
56,52,125,116.32,11.54,97.34,135.3,0.001,0.001,NOMINAL,-8.68
56,53,125,116.37,11.49,97.47,135.26,0.001,0.001,NOMINAL,-8.63
56,54,125,116.45,11.48,97.56,135.34,0.001,0.001,NOMINAL,-8.55
56,55,125,116.37,11.49,97.47,135.26,0.001,0.001,NOMINAL,-8.63
56,56,125,116.37,11.49,97.47,135.26,0.001,0.001,NOMINAL,-8.63
56,57,125,116.32,11.49,97.43,135.21,0.001,0.001,NOMINAL,-8.68
56,58,125,116.37,11.49,97.47,135.26,0.001,0.001,NOMINAL,-8.63
56,59,125,115.35,11.4,96.59,134.11,0.001,0.001,NOMINAL,-9.65
56,60,125,116.32,11.54,97.34,135.3,0.001,0.001,NOMINAL,-8.68
56,61,125,117.19,11.49,98.3,136.09,0.001,0.001,NOMINAL,-7.81
56,62,125,116.38,11.49,97.49,135.28,0.001,0.001,NOMINAL,-8.62
56,63,125,120.72,11.19,102.31,139.13,0.001,0.001,NOMINAL,-4.28
56,64,125,120.96,11.12,102.66,139.25,0.001,0.001,NOMINAL,-4.04
56,65,125,121.14,10.02,104.66,137.62,0.001,0.001,NOMINAL,-3.86
56,66,125,121.21,10.19,104.44,137.98,0.001,0.001,NOMINAL,-3.79
56,67,125,121.09,12.28,100.88,141.29,0.001,0.001,NOMINAL,-3.91
56,68,125,120.9,10.08,104.31,137.48,0.001,0.001,NOMINAL,-4.1
56,69,125,121.09,10.08,104.5,137.67,0.001,0.001,NOMINAL,-3.91
56,70,125,121.73,13.27,99.9,143.56,0.001,0.001,NOMINAL,-3.27
56,71,125,122.87,13.27,101.04,144.7,0.001,0.001,NOMINAL,-2.13
56,72,125,121.09,13.27,99.26,142.92,0.001,0.001,NOMINAL,-3.91
56,73,125,120.58,10.24,103.73,137.43,0.001,0.001,NOMINAL,-4.42
56,74,125,120.56,12.31,100.31,140.82,0.001,0.001,NOMINAL,-4.44
56,75,125,121.8,11.53,102.84,140.76,0.001,0.001,NOMINAL,-3.2
56,76,125,119.89,12.67,99.06,140.73,0.001,0.001,NOMINAL,-5.11
56,77,125,117.04,12.57,96.37,137.71,0.001,0.001,NOMINAL,-7.96
56,78,125,120.13,12.67,99.29,140.96,0.001,0.001,NOMINAL,-4.87
56,79,125,121.67,12.6,100.94,142.4,0.001,0.001,NOMINAL,-3.33
56,80,125,120.41,12.6,99.68,141.14,0.001,0.001,NOMINAL,-4.59
56,81,125,122.09,12.6,101.37,142.82,0.001,0.001,NOMINAL,-2.91
56,82,125,119.03,12.57,98.36,139.7,0.001,0.001,NOMINAL,-5.97
56,83,125,117.99,12.57,97.32,138.67,0.001,0.001,NOMINAL,-7.01
56,84,125,117.75,12.52,97.16,138.35,0.001,0.001,NOMINAL,-7.25
56,85,125,120.61,12.57,99.93,141.28,0.001,0.001,NOMINAL,-4.39
56,86,125,118.04,12.57,97.37,138.71,0.001,0.001,NOMINAL,-6.96
56,87,125,118.04,12.57,97.37,138.71,0.001,0.001,NOMINAL,-6.96
56,88,125,117.35,12.35,97.03,137.66,0.001,0.001,NOMINAL,-7.65
56,89,125,118.11,12.57,97.44,138.79,0.001,0.001,NOMINAL,-6.89
56,90,125,117.38,12.57,96.71,138.06,0.001,0.001,NOMINAL,-7.62
56,91,125,118.49,12.57,97.82,139.17,0.001,0.001,NOMINAL,-6.51
56,92,125,116.83,12.35,96.52,137.15,0.001,0.001,NOMINAL,-8.17
56,93,125,119.06,12.57,98.39,139.73,0.001,0.001,NOMINAL,-5.94
56,94,125,121.12,12.57,100.45,141.8,0.001,0.001,NOMINAL,-3.88
56,95,125,116.93,12.57,96.26,137.61,0.001,0.001,NOMINAL,-8.07
56,96,125,118.26,12.57,97.58,138.93,0.001,0.001,NOMINAL,-6.74
56,97,125,118.15,12.57,97.47,138.82,0.001,0.001,NOMINAL,-6.85
56,98,125,119.88,12.57,99.2,140.55,0.001,0.001,NOMINAL,-5.12
56,99,125,118.94,12.57,98.26,139.61,0.001,0.001,NOMINAL,-6.06
56,100,125,118.1,12.57,97.42,138.77,0.001,0.001,NOMINAL,-6.9
56,101,125,116.17,12.57,95.49,136.84,0.001,0.001,NOMINAL,-8.83
56,102,125,114.85,12.52,94.25,135.44,0.001,0.001,NOMINAL,-10.15
56,103,125,114.85,12.52,94.25,135.44,0.001,0.001,NOMINAL,-10.15
56,104,125,112.14,12.52,91.55,132.74,0.001,0.001,NOMINAL,-12.86
56,105,125,109.39,12.52,88.8,129.99,0.001,0.0011,NOMINAL,-15.61
56,106,125,110.58,12.52,89.98,131.17,0.001,0.001,NOMINAL,-14.42
56,107,125,109.55,12.52,88.96,130.15,0.001,0.0011,NOMINAL,-15.45
56,108,125,112.49,12.52,91.89,133.08,0.001,0.001,NOMINAL,-12.51
56,109,125,109.15,12.52,88.56,129.75,0.001,0.0011,NOMINAL,-15.85
56,110,125,111.72,12.52,91.13,132.32,0.001,0.001,NOMINAL,-13.28
56,111,125,109.62,12.52,89.02,130.21,0.001,0.0011,NOMINAL,-15.38
56,112,125,111.16,12.52,90.57,131.76,0.001,0.001,NOMINAL,-13.84
56,113,125,99.72,11.49,80.83,118.62,0.001,0.0013,NOMINAL,-25.28
56,114,125,103.75,11.49,84.86,122.65,0.001,0.0011,NOMINAL,-21.25
56,115,125,104.15,11.49,85.25,123.05,0.001,0.0011,NOMINAL,-20.85
56,116,125,106.38,11.87,86.85,125.9,0.001,0.0011,NOMINAL,-18.62
56,117,125,108.06,12.52,87.46,128.65,0.001,0.0011,NOMINAL,-16.94
56,118,125,109.87,12.52,89.28,130.47,0.001,0.001,NOMINAL,-15.13
56,119,125,109.87,12.52,89.28,130.47,0.001,0.001,NOMINAL,-15.13
56,120,125,107.88,12.47,87.38,128.38,0.001,0.0011,NOMINAL,-17.12
56,121,125,106.68,12.3,86.45,126.92,0.001,0.0011,NOMINAL,-18.32
56,122,125,116.12,12.52,95.52,136.71,0.001,0.001,NOMINAL,-8.88
56,123,125,115.25,12.52,94.65,135.84,0.001,0.001,NOMINAL,-9.75
56,124,125,111.04,12.52,90.44,131.63,0.001,0.001,NOMINAL,-13.96
56,125,125,111.71,12.52,91.12,132.3,0.001,0.001,NOMINAL,-13.29
56,126,125,109.7,12.52,89.11,130.29,0.001,0.001,NOMINAL,-15.3
56,127,125,108.06,12.47,87.55,128.56,0.001,0.0011,NOMINAL,-16.94
56,128,125,105.32,11.73,86.02,124.62,0.001,0.0011,NOMINAL,-19.68
56,129,125,105.42,11.73,86.12,124.72,0.001,0.0011,NOMINAL,-19.58
56,130,125,105.42,12.44,84.96,125.88,0.001,0.0012,NOMINAL,-19.58
56,131,124,104.87,12.3,84.63,125.1,0.001,0.0012,NOMINAL,-19.13
56,132,123,103.78,11.73,84.48,123.08,0.001,0.0011,NOMINAL,-19.22
56,133,122,98.86,11.49,79.96,117.75,0.001,0.0015,NOMINAL,-23.14
56,134,121,101.32,11.49,82.42,120.21,0.001,0.0012,NOMINAL,-19.68
56,135,120,98.48,11.49,79.58,117.38,0.001,0.0015,NOMINAL,-21.52
56,136,119,102.14,11.49,83.24,121.04,0.001,0.0011,NOMINAL,-16.86
56,137,118,105.42,12.52,84.82,126.01,0.001,0.0012,NOMINAL,-12.58
56,138,117,105.42,12.52,84.82,126.01,0.001,0.0012,NOMINAL,-11.58
56,139,116,106.18,12.52,85.59,126.78,0.001,0.0012,NOMINAL,-9.82
56,140,115,111.09,12.52,90.5,131.68,0.001,0.001,NOMINAL,-3.91
56,141,114,104.16,12.21,84.07,124.25,0.001,0.0012,NOMINAL,-9.84
56,142,113,105.07,11.73,85.78,124.37,0.001,0.0011,NOMINAL,-7.93
56,143,112,104.6,11.6,85.51,123.68,0.001,0.0011,NOMINAL,-7.4
56,144,111,106.79,11.87,87.26,126.31,0.001,0.001,NOMINAL,-4.21
56,145,110,105.25,11.6,86.16,124.34,0.001,0.0011,NOMINAL,-4.75
56,146,109,104.33,11.6,85.25,123.42,0.001,0.0011,NOMINAL,-4.67
56,147,108,98.65,11.43,79.85,117.45,0.001,0.0015,NOMINAL,-9.35
56,148,107,104.85,11.49,85.95,123.74,0.001,0.001,NOMINAL,-2.15
56,149,106,104.23,11.43,85.43,123.03,0.001,0.0011,NOMINAL,-1.77
56,150,105,105.24,11.73,85.94,124.54,0.001,0.0011,NOMINAL,0.24
56,151,104,102.58,11.56,83.57,121.6,0.001,0.0011,NOMINAL,-1.42
56,152,103,103.23,11.49,84.33,122.12,0.001,0.0011,NOMINAL,0.23
56,153,102,104.65,11.73,85.35,123.94,0.001,0.0011,NOMINAL,2.65
56,154,101,104.15,12.21,84.06,124.23,0.001,0.0012,NOMINAL,3.15
56,155,100,107.65,12.52,87.06,128.25,0.001,0.0011,NOMINAL,7.65
56,156,99,109.6,12.52,89.01,130.2,0.001,0.0011,NOMINAL,10.6
56,157,98,116.57,12.52,95.98,137.16,0.001,0.001,NOMINAL,18.57
56,158,97,115.65,12.52,95.05,136.24,0.001,0.001,NOMINAL,18.65
56,159,96,110.68,12.52,90.09,131.28,0.001,0.001,NOMINAL,14.68
56,160,95,106.83,11.73,87.53,126.13,0.001,0.001,NOMINAL,11.83
56,161,94,93.38,11.43,74.58,112.18,0.001,0.0043,NOMINAL,-0.62
56,162,93,95.53,11.43,76.73,114.33,0.001,0.0025,NOMINAL,2.53
57,52,125,121.09,13.27,99.26,142.92,0.001,0.001,NOMINAL,-3.91
57,53,125,121.28,13.27,99.45,143.11,0.001,0.001,NOMINAL,-3.72
57,54,125,122.87,13.27,101.04,144.7,0.001,0.001,NOMINAL,-2.13
57,55,125,121.09,13.27,99.26,142.92,0.001,0.001,NOMINAL,-3.91
57,56,125,121.09,13.48,98.92,143.26,0.001,0.001,NOMINAL,-3.91
57,57,125,120.43,10.37,103.37,137.49,0.001,0.001,NOMINAL,-4.57
57,58,125,120.7,11.21,102.25,139.14,0.001,0.001,NOMINAL,-4.3
57,59,125,120.4,12.55,99.76,141.03,0.001,0.001,NOMINAL,-4.6
57,60,125,119.86,12.67,99.03,140.7,0.001,0.001,NOMINAL,-5.14
57,61,125,119.03,12.57,98.36,139.7,0.001,0.001,NOMINAL,-5.97
57,62,125,118.71,12.57,98.04,139.39,0.001,0.001,NOMINAL,-6.29
57,63,125,118.35,12.57,97.68,139.03,0.001,0.001,NOMINAL,-6.65
57,64,125,118.45,12.57,97.77,139.12,0.001,0.001,NOMINAL,-6.55
57,65,125,117.85,12.6,97.12,138.57,0.001,0.001,NOMINAL,-7.15
57,66,125,121.37,11.23,102.89,139.85,0.001,0.001,NOMINAL,-3.63
57,67,125,118.06,12.35,97.75,138.38,0.001,0.001,NOMINAL,-6.94
57,68,125,117.93,12.57,97.26,138.61,0.001,0.001,NOMINAL,-7.07
57,69,125,117.75,12.57,97.08,138.43,0.001,0.001,NOMINAL,-7.25
57,70,125,117.88,12.57,97.2,138.55,0.001,0.001,NOMINAL,-7.12
57,71,125,117.75,12.57,97.08,138.42,0.001,0.001,NOMINAL,-7.25
57,72,125,117.59,12.57,96.92,138.27,0.001,0.001,NOMINAL,-7.41
57,73,125,119.03,12.35,98.71,139.34,0.001,0.001,NOMINAL,-5.97
57,74,125,118.33,10.0,101.88,134.78,0.001,0.001,NOMINAL,-6.67
57,75,125,118.59,11.42,99.81,137.38,0.001,0.001,NOMINAL,-6.41
57,76,125,118.59,11.35,99.93,137.26,0.001,0.001,NOMINAL,-6.41
57,77,125,118.59,10.1,101.99,135.2,0.001,0.001,NOMINAL,-6.41
57,78,125,120.32,10.13,103.65,136.98,0.001,0.001,NOMINAL,-4.68
57,79,125,120.32,10.38,103.24,137.39,0.001,0.001,NOMINAL,-4.68
57,80,125,119.37,10.02,102.89,135.85,0.001,0.001,NOMINAL,-5.63
57,81,125,118.82,13.27,97.0,140.65,0.001,0.001,NOMINAL,-6.18
57,82,125,118.82,13.27,97.0,140.65,0.001,0.001,NOMINAL,-6.18
57,83,125,119.03,11.58,99.98,138.08,0.001,0.001,NOMINAL,-5.97
57,84,125,118.82,13.27,97.0,140.65,0.001,0.001,NOMINAL,-6.18
57,85,125,118.82,13.27,97.0,140.65,0.001,0.001,NOMINAL,-6.18
57,86,125,118.82,13.27,97.0,140.65,0.001,0.001,NOMINAL,-6.18
57,87,125,118.63,13.31,96.73,140.53,0.001,0.001,NOMINAL,-6.37
57,88,125,118.63,9.9,102.35,134.92,0.001,0.001,NOMINAL,-6.37
57,89,125,117.96,12.3,97.74,138.18,0.001,0.001,NOMINAL,-7.04
57,90,125,118.54,9.95,102.16,134.91,0.001,0.001,NOMINAL,-6.46
57,91,125,118.42,12.6,97.69,139.15,0.001,0.001,NOMINAL,-6.58
57,92,125,118.65,12.3,98.43,138.88,0.001,0.001,NOMINAL,-6.35
57,93,125,118.91,9.82,102.77,135.06,0.001,0.001,NOMINAL,-6.09
57,94,125,119.2,9.65,103.34,135.07,0.001,0.001,NOMINAL,-5.8
57,95,125,118.37,12.6,97.64,139.1,0.001,0.001,NOMINAL,-6.63
57,96,125,116.89,12.57,96.22,137.56,0.001,0.001,NOMINAL,-8.11
57,97,125,118.6,12.57,97.93,139.28,0.001,0.001,NOMINAL,-6.4
57,98,125,119.06,12.57,98.39,139.73,0.001,0.001,NOMINAL,-5.94
57,99,125,116.86,12.57,96.18,137.53,0.001,0.001,NOMINAL,-8.14
57,100,125,116.39,12.57,95.71,137.06,0.001,0.001,NOMINAL,-8.61
57,101,125,114.8,12.52,94.21,135.4,0.001,0.001,NOMINAL,-10.2
57,102,125,113.77,12.52,93.17,134.36,0.001,0.001,NOMINAL,-11.23
57,103,125,115.11,12.52,94.52,135.71,0.001,0.001,NOMINAL,-9.89
57,104,125,116.26,12.52,95.66,136.85,0.001,0.001,NOMINAL,-8.74
57,105,125,115.57,12.52,94.98,136.16,0.001,0.001,NOMINAL,-9.43
57,106,125,117.3,12.57,96.63,137.98,0.001,0.001,NOMINAL,-7.7
57,107,125,119.77,12.57,99.1,140.45,0.001,0.001,NOMINAL,-5.23
57,108,125,117.99,12.57,97.32,138.67,0.001,0.001,NOMINAL,-7.01
57,109,125,117.85,12.52,97.26,138.45,0.001,0.001,NOMINAL,-7.15
57,110,125,116.21,12.52,95.62,136.8,0.001,0.001,NOMINAL,-8.79
57,111,125,114.62,12.52,94.03,135.22,0.001,0.001,NOMINAL,-10.38
57,112,125,116.31,12.52,95.72,136.9,0.001,0.001,NOMINAL,-8.69
57,113,125,117.85,11.1,99.58,136.11,0.001,0.001,NOMINAL,-7.15
57,114,125,108.73,12.52,88.13,129.32,0.001,0.0011,NOMINAL,-16.27
57,115,125,108.73,12.52,88.13,129.32,0.001,0.0011,NOMINAL,-16.27
57,116,125,106.33,12.21,86.24,126.42,0.001,0.0011,NOMINAL,-18.67
57,117,125,108.16,12.47,87.66,128.66,0.001,0.0011,NOMINAL,-16.84
57,118,125,104.49,11.73,85.19,123.79,0.001,0.0011,NOMINAL,-20.51
57,119,125,104.69,11.6,85.61,123.78,0.001,0.0011,NOMINAL,-20.31
57,120,125,104.01,11.49,85.12,122.91,0.001,0.0011,NOMINAL,-20.99
57,121,125,106.76,12.09,86.86,126.65,0.001,0.0011,NOMINAL,-18.24
57,122,124,105.42,11.75,86.09,124.74,0.001,0.0011,NOMINAL,-18.58
57,123,123,96.97,11.49,78.07,115.87,0.001,0.002,NOMINAL,-26.03
57,124,122,103.53,11.49,84.64,122.43,0.001,0.0011,NOMINAL,-18.47
57,125,121,103.04,11.49,84.14,121.93,0.001,0.0011,NOMINAL,-17.96
57,126,120,98.81,11.49,79.91,117.71,0.001,0.0015,NOMINAL,-21.19
57,127,119,99.35,11.49,80.45,118.24,0.001,0.0014,NOMINAL,-19.65
57,128,118,103.49,11.49,84.6,122.39,0.001,0.0011,NOMINAL,-14.51
57,129,117,106.38,12.47,85.87,126.88,0.001,0.0011,NOMINAL,-10.62
57,130,116,103.06,11.49,84.17,121.96,0.001,0.0011,NOMINAL,-12.94
57,131,115,97.45,11.49,78.55,116.34,0.001,0.0018,NOMINAL,-17.55
57,132,114,92.21,11.43,73.41,111.01,0.001,0.0059,NOMINAL,-21.79
57,133,113,93.39,11.43,74.59,112.19,0.001,0.0043,NOMINAL,-19.61
57,134,112,88.98,10.89,71.07,106.88,0.001,0.0086,NOMINAL,-23.02
57,135,111,88.57,10.68,70.99,106.14,0.001,0.0078,NOMINAL,-22.43
57,136,110,89.87,11.07,71.66,108.08,0.001,0.008,NOMINAL,-20.13
57,137,109,89.87,11.43,71.07,108.67,0.001,0.0118,NOMINAL,-19.13
57,138,108,94.07,11.43,75.27,112.87,0.001,0.0036,NOMINAL,-13.93
57,139,107,91.29,11.43,72.49,110.09,0.001,0.0077,NOMINAL,-15.71
57,140,106,91.23,11.43,72.43,110.03,0.001,0.0079,NOMINAL,-14.77
57,141,105,92.98,11.43,74.17,111.78,0.001,0.0048,NOMINAL,-12.02
57,142,104,92.4,11.43,73.59,111.2,0.001,0.0056,NOMINAL,-11.6
57,143,103,90.47,11.43,71.67,109.27,0.001,0.0098,NOMINAL,-12.53
57,144,102,95.27,11.43,76.47,114.07,0.001,0.0027,NOMINAL,-6.73
57,145,101,93.51,11.43,74.71,112.31,0.001,0.0041,NOMINAL,-7.49
57,146,100,99.23,11.49,80.34,118.13,0.001,0.0014,NOMINAL,-0.77
57,147,99,96.9,11.43,78.1,115.71,0.001,0.0019,NOMINAL,-2.1
57,148,98,96.12,11.43,77.32,114.92,0.001,0.0022,NOMINAL,-1.88
57,149,97,93.09,11.43,74.29,111.89,0.001,0.0046,NOMINAL,-3.91
57,150,96,95.97,11.49,77.07,114.86,0.001,0.0024,NOMINAL,-0.03
57,151,95,104.33,11.49,85.43,123.23,0.001,0.0011,NOMINAL,9.33
57,152,94,94.25,11.43,75.45,113.05,0.001,0.0034,NOMINAL,0.25
57,153,93,98.2,11.49,79.3,117.1,0.001,0.0016,NOMINAL,5.2
57,154,92,89.04,11.42,70.26,107.83,0.001,0.0149,NOMINAL,-2.96
57,155,91,88.66,11.41,69.89,107.43,0.001,0.0166,NOMINAL,-2.34
57,156,90,81.28,10.7,63.68,98.88,0.001,0.0259,NOMINAL,-8.72
57,157,89,76.96,10.4,59.86,94.06,0.001,0.0302,NOMINAL,-12.04
57,158,88,75.44,10.18,58.69,92.2,0.001,0.0325,NOMINAL,-12.56
58,52,107,120.84,8.89,106.23,135.46,0.001,0.001,NOMINAL,13.84
58,53,106,120.51,11.12,102.21,138.8,0.001,0.001,NOMINAL,14.51
58,54,105,119.74,11.48,100.87,138.62,0.001,0.001,NOMINAL,14.74
58,55,104,119.86,11.48,100.98,138.73,0.001,0.001,NOMINAL,15.86
58,56,103,118.52,12.57,97.85,139.2,0.001,0.001,NOMINAL,15.52
58,57,102,113.92,12.52,93.33,134.52,0.001,0.001,NOMINAL,11.92
58,58,101,118.34,12.52,97.75,138.94,0.001,0.001,NOMINAL,17.34
58,59,100,116.27,11.1,98.0,134.53,0.001,0.001,NOMINAL,16.27
58,60,99,117.37,12.52,96.77,137.96,0.001,0.001,NOMINAL,18.37
58,61,98,115.16,12.52,94.57,135.76,0.001,0.001,NOMINAL,17.16
58,62,97,114.7,12.52,94.1,135.29,0.001,0.001,NOMINAL,17.7
58,63,96,114.35,12.52,93.75,134.94,0.001,0.001,NOMINAL,18.35
58,64,95,114.21,12.52,93.61,134.8,0.001,0.001,NOMINAL,19.21
58,65,94,114.35,11.1,96.08,132.61,0.001,0.001,NOMINAL,20.35
58,66,93,114.13,12.52,93.54,134.73,0.001,0.001,NOMINAL,21.13
58,67,92,114.35,11.1,96.08,132.61,0.001,0.001,NOMINAL,22.35
58,68,91,114.35,12.52,93.75,134.94,0.001,0.001,NOMINAL,23.35
58,69,90,113.6,11.1,95.33,131.86,0.001,0.001,NOMINAL,23.6
58,70,89,112.08,12.52,91.49,132.67,0.001,0.001,NOMINAL,23.08
58,71,88,112.24,12.52,91.65,132.84,0.001,0.001,NOMINAL,24.24
58,72,87,112.87,12.02,93.1,132.65,0.001,0.001,NOMINAL,25.87
58,73,86,105.54,12.52,84.95,126.13,0.001,0.0012,NOMINAL,19.54
58,74,85,111.25,12.52,90.66,131.84,0.001,0.001,NOMINAL,26.25
58,75,84,102.19,11.62,83.09,121.3,0.001,0.0012,NOMINAL,18.19
58,76,83,94.66,11.49,75.76,113.56,0.001,0.0033,NOMINAL,11.66
58,77,82,84.63,11.02,66.5,102.75,0.001,0.0246,NOMINAL,2.63
58,78,81,86.1,11.43,67.3,104.9,0.001,0.0244,NOMINAL,5.1
58,79,80,88.1,11.47,69.23,106.97,0.001,0.0209,NOMINAL,8.1
58,80,79,90.86,12.33,70.59,111.14,0.001,0.0213,NOMINAL,11.86
58,81,78,90.53,11.89,70.97,110.09,0.001,0.0155,NOMINAL,12.53
58,82,77,97.11,12.52,76.52,117.71,0.001,0.0047,NOMINAL,20.11
58,83,76,102.54,12.47,82.03,123.04,0.001,0.0016,NOMINAL,26.54
58,84,75,91.91,11.49,73.01,110.81,0.001,0.0069,NOMINAL,16.91
58,85,74,93.79,11.49,74.89,112.69,0.001,0.0041,NOMINAL,19.79
58,86,73,94.43,11.49,75.53,113.33,0.001,0.0034,NOMINAL,21.43
58,87,72,92.24,11.62,73.14,111.35,0.001,0.0071,NOMINAL,20.24
58,88,71,106.06,12.52,85.46,126.65,0.001,0.0012,NOMINAL,35.06
58,89,70,106.06,12.52,85.46,126.65,0.001,0.0012,NOMINAL,36.06
58,90,69,103.85,12.44,83.39,124.32,0.001,0.0013,NOMINAL,34.85
58,91,68,107.41,12.52,86.82,128.01,0.001,0.0011,NOMINAL,39.41
58,92,67,107.73,12.52,87.13,128.32,0.001,0.0011,NOMINAL,40.73
58,93,66,102.98,12.21,82.89,123.06,0.001,0.0013,NOMINAL,36.98
58,94,65,101.45,11.97,81.76,121.15,0.001,0.0014,NOMINAL,36.45
58,95,64,106.31,12.52,85.72,126.91,0.001,0.0012,NOMINAL,42.31
58,96,63,109.05,12.52,88.45,129.64,0.001,0.0011,NOMINAL,46.05
58,97,62,107.42,12.52,86.82,128.01,0.001,0.0011,NOMINAL,45.42
58,98,61,104.44,12.3,84.21,124.68,0.001,0.0012,NOMINAL,43.44
58,99,60,106.88,12.52,86.28,127.47,0.001,0.0011,NOMINAL,46.88
58,100,59,109.05,12.52,88.45,129.64,0.001,0.0011,NOMINAL,50.05
58,101,58,107.95,12.44,87.49,128.41,0.001,0.0011,NOMINAL,49.95
58,102,57,98.47,11.49,79.57,117.36,0.001,0.0016,NOMINAL,41.47
58,103,56,95.15,11.49,76.25,114.05,0.001,0.0029,NOMINAL,39.15
58,104,55,89.81,11.43,71.01,108.61,0.001,0.012,NOMINAL,34.81
58,105,54,85.41,10.65,67.89,102.93,0.001,0.0206,NOMINAL,31.41
58,106,53,83.46,10.61,66.0,100.91,0.001,0.0244,NOMINAL,30.46
58,107,52,74.94,10.16,58.22,91.65,0.001,0.0336,NOMINAL,22.94
58,108,51,72.48,9.69,56.55,88.42,0.001,0.0379,NOMINAL,21.48
58,109,50,65.57,8.36,51.83,79.32,0.001,0.0629,NOMINAL,15.57
58,110,49,62.09,8.28,48.47,75.7,0.001,0.098,NOMINAL,13.09
58,111,48,60.75,7.46,48.48,73.03,0.001,0.0994,NOMINAL,12.75
58,112,47,58.07,7.38,45.93,70.21,0.001,0.1503,NOMINAL,11.07
58,113,46,56.07,5.68,46.73,65.41,0.001,0.1563,NOMINAL,10.07
58,114,45,54.81,5.68,45.47,64.15,0.001,0.2176,NOMINAL,9.81
58,115,44,50.26,5.9,40.56,59.95,0.001,0.5565,MONITOR,6.26
58,116,43,48.83,5.95,39.04,58.62,0.001,0.6497,MONITOR,5.83
58,117,42,48.04,5.95,38.25,57.83,0.0011,0.693,MONITOR,6.04
58,118,41,48.49,5.95,38.7,58.28,0.001,0.6711,MONITOR,7.49
58,119,40,47.92,5.84,38.32,57.52,0.001,0.7029,MONITOR,7.92
59,52,125,116.98,10.02,100.5,133.46,0.001,0.001,NOMINAL,-8.02
59,53,125,116.89,13.48,94.72,139.05,0.001,0.001,NOMINAL,-8.11
59,54,125,116.73,11.16,98.37,135.08,0.001,0.001,NOMINAL,-8.27
59,55,125,116.92,10.32,99.95,133.88,0.001,0.001,NOMINAL,-8.08
59,56,125,118.37,10.02,101.89,134.85,0.001,0.001,NOMINAL,-6.63
59,57,125,119.31,10.99,101.24,137.39,0.001,0.001,NOMINAL,-5.69
59,58,125,119.48,10.99,101.4,137.55,0.001,0.001,NOMINAL,-5.52
59,59,125,117.74,11.48,98.87,136.62,0.001,0.001,NOMINAL,-7.26
59,60,125,117.8,11.48,98.92,136.67,0.001,0.001,NOMINAL,-7.2
59,61,125,115.98,11.58,96.92,135.03,0.001,0.001,NOMINAL,-9.02
59,62,125,117.44,12.67,96.61,138.27,0.001,0.001,NOMINAL,-7.56
59,63,125,112.6,12.52,92.01,133.2,0.001,0.001,NOMINAL,-12.4
59,64,125,110.82,12.52,90.23,131.42,0.001,0.001,NOMINAL,-14.18
59,65,125,108.12,12.52,87.52,128.71,0.001,0.0011,NOMINAL,-16.88
59,66,125,106.44,12.52,85.84,127.03,0.001,0.0012,NOMINAL,-18.56
59,67,125,105.14,12.47,84.64,125.65,0.001,0.0012,NOMINAL,-19.86
59,68,125,110.64,12.52,90.05,131.24,0.001,0.001,NOMINAL,-14.36
59,69,125,112.52,12.52,91.92,133.11,0.001,0.001,NOMINAL,-12.48
59,70,125,116.14,12.52,95.55,136.74,0.001,0.001,NOMINAL,-8.86
59,71,125,115.97,12.52,95.38,136.57,0.001,0.001,NOMINAL,-9.03
59,72,125,115.97,12.52,95.38,136.57,0.001,0.001,NOMINAL,-9.03
59,73,125,107.79,12.52,87.2,128.39,0.001,0.0011,NOMINAL,-17.21
59,74,124,107.79,12.52,87.2,128.39,0.001,0.0011,NOMINAL,-16.21
59,75,123,103.76,12.47,83.25,124.26,0.001,0.0014,NOMINAL,-19.24
59,76,122,110.36,12.52,89.76,130.95,0.001,0.001,NOMINAL,-11.64
59,77,121,105.91,11.73,86.61,125.21,0.001,0.001,NOMINAL,-15.09
59,78,120,103.78,11.49,84.88,122.68,0.001,0.0011,NOMINAL,-16.22
59,79,119,99.56,11.49,80.67,118.46,0.001,0.0014,NOMINAL,-19.44
59,80,118,105.54,11.75,86.21,124.87,0.001,0.0011,NOMINAL,-12.46
59,81,117,90.72,11.43,71.92,109.52,0.001,0.0091,NOMINAL,-26.28
59,82,116,94.94,12.09,75.05,114.83,0.001,0.0055,NOMINAL,-21.06
59,83,115,103.7,12.52,83.1,124.29,0.001,0.0014,NOMINAL,-11.3
59,84,114,114.57,12.52,93.98,135.17,0.001,0.001,NOMINAL,0.57
59,85,113,114.7,12.52,94.1,135.29,0.001,0.001,NOMINAL,1.7
59,86,112,114.7,12.52,94.1,135.29,0.001,0.001,NOMINAL,2.7
59,87,111,114.44,12.52,93.85,135.04,0.001,0.001,NOMINAL,3.44
59,88,110,111.4,12.52,90.81,131.99,0.001,0.001,NOMINAL,1.4
59,89,109,106.94,12.52,86.35,127.54,0.001,0.0011,NOMINAL,-2.06
59,90,108,109.15,12.52,88.55,129.74,0.001,0.0011,NOMINAL,1.15
59,91,107,98.24,11.6,79.16,117.33,0.001,0.0017,NOMINAL,-8.76
59,92,106,107.36,12.43,86.91,127.8,0.001,0.0011,NOMINAL,1.36
59,93,105,103.28,11.73,83.99,122.58,0.001,0.0011,NOMINAL,-1.72
59,94,104,109.57,12.52,88.97,130.16,0.001,0.0011,NOMINAL,5.57
59,95,103,105.2,12.44,84.73,125.66,0.001,0.0012,NOMINAL,2.2
59,96,102,88.93,11.43,70.13,107.73,0.001,0.0156,NOMINAL,-13.07
59,97,101,94.83,11.49,75.94,113.73,0.001,0.0031,NOMINAL,-6.17
59,98,100,99.93,11.49,81.03,118.83,0.001,0.0013,NOMINAL,-0.07
59,99,99,104.87,12.21,84.78,124.95,0.001,0.0012,NOMINAL,5.87
59,100,98,90.16,11.43,71.36,108.97,0.001,0.0108,NOMINAL,-7.84
59,101,97,89.52,11.42,70.73,108.3,0.001,0.013,NOMINAL,-7.48
59,102,96,88.68,11.23,70.21,107.14,0.001,0.0136,NOMINAL,-7.32
59,103,95,89.11,11.41,70.34,107.88,0.001,0.0145,NOMINAL,-5.89
59,104,94,90.98,11.42,72.19,109.76,0.001,0.0084,NOMINAL,-3.02
59,105,93,87.7,11.22,69.25,106.14,0.001,0.0182,NOMINAL,-5.3
59,106,92,78.28,10.68,60.71,95.84,0.001,0.0296,NOMINAL,-13.72
59,107,91,75.13,10.35,58.1,92.16,0.001,0.034,NOMINAL,-15.87
59,108,90,76.35,10.36,59.3,93.39,0.001,0.0314,NOMINAL,-13.65
59,109,89,70.55,10.05,54.02,87.09,0.001,0.0525,NOMINAL,-18.45
59,110,88,71.22,10.14,54.55,87.9,0.001,0.0496,NOMINAL,-16.78
59,111,87,77.9,10.35,60.87,94.93,0.001,0.0275,NOMINAL,-9.1
59,112,86,69.84,9.98,53.43,86.26,0.001,0.0553,NOMINAL,-16.16
59,113,85,68.69,9.73,52.69,84.69,0.001,0.0588,NOMINAL,-16.31
59,114,84,64.68,8.66,50.44,78.92,0.001,0.0756,NOMINAL,-19.32
59,115,83,59.41,7.67,46.79,72.03,0.001,0.1276,NOMINAL,-23.59
59,116,82,61.08,7.65,48.51,73.66,0.001,0.0986,NOMINAL,-20.92
59,117,81,59.88,7.59,47.39,72.37,0.001,0.1161,NOMINAL,-21.12
59,118,80,60.92,7.97,47.82,74.02,0.001,0.1067,NOMINAL,-19.08
59,119,79,60.21,8.15,46.8,73.61,0.001,0.1245,NOMINAL,-18.79
59,120,78,59.65,8.36,45.9,73.41,0.0011,0.136,NOMINAL,-18.35
59,121,77,59.27,8.36,45.52,73.02,0.0011,0.1465,NOMINAL,-17.73
59,122,76,60.54,8.51,46.54,74.53,0.001,0.1251,NOMINAL,-15.46
59,123,75,59.4,9.03,44.54,74.26,0.0013,0.1647,NOMINAL,-15.6
59,124,74,59.7,9.18,44.6,74.8,0.0013,0.1608,NOMINAL,-14.3
59,125,73,54.43,9.25,39.22,69.64,0.0054,0.3682,NOMINAL,-18.57
59,126,72,51.12,8.38,37.33,64.91,0.0056,0.5119,MONITOR,-20.88
59,127,71,52.08,9.29,36.8,67.35,0.0132,0.4623,NOMINAL,-18.92
59,128,70,57.75,9.26,42.53,72.98,0.002,0.22,NOMINAL,-12.25
59,129,69,58.15,9.31,42.83,73.47,0.0019,0.203,NOMINAL,-10.85
59,130,68,54.16,9.33,38.81,69.51,0.0066,0.3818,NOMINAL,-13.84
59,131,67,55.13,9.32,39.8,70.46,0.0046,0.3371,NOMINAL,-11.87
59,132,66,57.16,9.28,41.9,72.43,0.0024,0.2435,NOMINAL,-8.84
59,133,65,58.54,9.25,43.32,73.76,0.0017,0.1898,NOMINAL,-6.46
59,134,64,58.61,8.55,44.55,72.66,0.0011,0.1723,NOMINAL,-5.39
59,135,63,56.11,8.6,41.96,70.26,0.0016,0.2687,NOMINAL,-6.89
59,136,62,53.61,8.69,39.32,67.9,0.0034,0.3903,NOMINAL,-8.39
59,137,61,51.41,8.34,37.68,65.13,0.0047,0.4934,NOMINAL,-9.59
59,138,60,50.84,8.1,37.52,64.16,0.0041,0.5236,MONITOR,-9.16
59,139,59,49.69,6.74,38.6,60.77,0.0012,0.5974,MONITOR,-9.31
59,140,58,51.71,8.14,38.32,65.1,0.0032,0.4664,NOMINAL,-6.29
59,141,57,48.37,4.89,40.33,56.4,0.001,0.6949,MONITOR,-8.63
59,142,56,45.14,4.45,37.82,52.46,0.001,0.8714,WARNING,-10.86
59,143,55,44.81,4.47,37.45,52.17,0.001,0.8816,WARNING,-10.19
59,144,54,45.49,4.5,38.09,52.9,0.001,0.8568,WARNING,-8.51
59,145,53,46.42,4.34,39.28,53.55,0.001,0.821,WARNING,-6.58
59,146,52,44.26,4.47,36.91,51.6,0.001,0.9059,WARNING,-7.74
59,147,51,45.58,4.5,38.18,52.98,0.001,0.8537,WARNING,-5.42
59,148,50,40.52,4.35,33.36,47.68,0.0011,0.9666,WARNING,-9.48
59,149,49,43.81,4.37,36.63,50.99,0.001,0.92,WARNING,-5.19
60,52,125,116.92,12.25,96.77,137.06,0.001,0.001,NOMINAL,-8.08
60,53,125,116.92,10.13,100.25,133.58,0.001,0.001,NOMINAL,-8.08
60,54,125,119.67,13.27,97.84,141.5,0.001,0.001,NOMINAL,-5.33
60,55,125,121.45,13.34,99.5,143.39,0.001,0.001,NOMINAL,-3.55
60,56,125,119.18,13.32,97.27,141.08,0.001,0.001,NOMINAL,-5.82
60,57,125,120.07,13.63,97.64,142.5,0.001,0.001,NOMINAL,-4.93
60,58,125,118.12,10.99,100.04,136.19,0.001,0.001,NOMINAL,-6.88
60,59,125,119.0,11.48,100.12,137.87,0.001,0.001,NOMINAL,-6.0
60,60,125,118.54,11.53,99.58,137.5,0.001,0.001,NOMINAL,-6.46
60,61,125,122.26,10.01,105.79,138.72,0.001,0.001,NOMINAL,-2.74
60,62,125,120.83,11.59,101.77,139.89,0.001,0.001,NOMINAL,-4.17
60,63,125,120.17,11.33,101.54,138.8,0.001,0.001,NOMINAL,-4.83
60,64,125,117.72,12.57,97.04,138.39,0.001,0.001,NOMINAL,-7.28
60,65,125,119.06,12.57,98.39,139.73,0.001,0.001,NOMINAL,-5.94
60,66,125,120.13,12.67,99.29,140.96,0.001,0.001,NOMINAL,-4.87
60,67,125,122.27,11.38,103.55,141.0,0.001,0.001,NOMINAL,-2.73
60,68,125,119.26,12.57,98.59,139.94,0.001,0.001,NOMINAL,-5.74
60,69,125,119.06,12.57,98.39,139.73,0.001,0.001,NOMINAL,-5.94
60,70,125,117.81,12.52,97.22,138.41,0.001,0.001,NOMINAL,-7.19
60,71,125,118.61,12.57,97.94,139.29,0.001,0.001,NOMINAL,-6.39
60,72,125,118.61,12.57,97.94,139.29,0.001,0.001,NOMINAL,-6.39
60,73,125,116.73,12.52,96.14,137.32,0.001,0.001,NOMINAL,-8.27
60,74,125,116.73,12.52,96.14,137.32,0.001,0.001,NOMINAL,-8.27
60,75,125,115.38,12.52,94.79,135.97,0.001,0.001,NOMINAL,-9.62
60,76,125,115.57,12.52,94.97,136.16,0.001,0.001,NOMINAL,-9.43
60,77,125,112.68,12.52,92.09,133.27,0.001,0.001,NOMINAL,-12.32
60,78,125,112.43,12.52,91.83,133.02,0.001,0.001,NOMINAL,-12.57
60,79,125,112.68,12.52,92.09,133.27,0.001,0.001,NOMINAL,-12.32
60,80,125,112.68,12.52,92.09,133.27,0.001,0.001,NOMINAL,-12.32
60,81,125,113.08,12.52,92.48,133.67,0.001,0.001,NOMINAL,-11.92
60,82,125,113.23,12.52,92.64,133.82,0.001,0.001,NOMINAL,-11.77
60,83,125,114.12,12.52,93.53,134.71,0.001,0.001,NOMINAL,-10.88
60,84,125,116.25,12.3,96.01,136.49,0.001,0.001,NOMINAL,-8.75
60,85,125,118.25,12.35,97.94,138.57,0.001,0.001,NOMINAL,-6.75
60,86,125,118.36,12.38,97.99,138.72,0.001,0.001,NOMINAL,-6.64
60,87,125,120.3,11.53,101.34,139.26,0.001,0.001,NOMINAL,-4.7
60,88,125,119.97,12.67,99.13,140.8,0.001,0.001,NOMINAL,-5.03
60,89,125,119.89,11.58,100.84,138.95,0.001,0.001,NOMINAL,-5.11
60,90,125,118.92,12.52,98.33,139.52,0.001,0.001,NOMINAL,-6.08
60,91,125,116.14,12.52,95.54,136.73,0.001,0.001,NOMINAL,-8.86
60,92,125,114.81,12.52,94.21,135.4,0.001,0.001,NOMINAL,-10.19
60,93,125,114.6,12.52,94.0,135.19,0.001,0.001,NOMINAL,-10.4
60,94,125,114.8,12.52,94.21,135.4,0.001,0.001,NOMINAL,-10.2
60,95,125,109.73,12.47,89.22,130.23,0.001,0.001,NOMINAL,-15.27
60,96,125,107.45,12.09,87.55,127.34,0.001,0.0011,NOMINAL,-17.55
60,97,125,110.07,12.52,89.47,130.66,0.001,0.001,NOMINAL,-14.93
60,98,125,113.09,12.52,92.5,133.69,0.001,0.001,NOMINAL,-11.91
60,99,125,109.01,12.3,88.77,129.24,0.001,0.001,NOMINAL,-15.99
60,100,125,97.69,11.49,78.79,116.59,0.001,0.0017,NOMINAL,-27.31
60,101,125,97.64,11.49,78.74,116.53,0.001,0.0018,NOMINAL,-27.36
60,102,125,94.0,11.43,75.19,112.8,0.001,0.0036,NOMINAL,-31.0
60,103,125,98.78,11.43,79.98,117.58,0.001,0.0014,NOMINAL,-26.22
60,104,125,94.06,11.43,75.26,112.86,0.001,0.0036,NOMINAL,-30.94
60,105,125,104.7,11.62,85.59,123.8,0.001,0.0011,NOMINAL,-20.3
60,106,125,106.57,12.52,85.97,127.16,0.001,0.0011,NOMINAL,-18.43
60,107,125,109.15,12.52,88.56,129.75,0.001,0.0011,NOMINAL,-15.85
60,108,125,103.79,11.49,84.89,122.69,0.001,0.0011,NOMINAL,-21.21
60,109,125,104.19,11.6,85.1,123.27,0.001,0.0011,NOMINAL,-20.81
60,110,125,106.68,12.3,86.45,126.92,0.001,0.0011,NOMINAL,-18.32
60,111,125,112.7,12.52,92.1,133.29,0.001,0.001,NOMINAL,-12.3
60,112,125,116.12,12.52,95.52,136.71,0.001,0.001,NOMINAL,-8.88
61,52,125,124.07,2.77,119.52,128.62,0.001,0.001,NOMINAL,-0.93
61,53,125,124.07,2.77,119.52,128.62,0.001,0.001,NOMINAL,-0.93
61,54,125,124.07,3.07,119.02,129.13,0.001,0.001,NOMINAL,-0.93
61,55,125,124.07,2.77,119.52,128.62,0.001,0.001,NOMINAL,-0.93
61,56,125,124.07,2.77,119.52,128.62,0.001,0.001,NOMINAL,-0.93
61,57,125,124.07,2.81,119.45,128.69,0.001,0.001,NOMINAL,-0.93
61,58,125,123.72,5.76,114.24,133.2,0.001,0.001,NOMINAL,-1.28
61,59,125,124.07,5.68,114.74,133.41,0.001,0.001,NOMINAL,-0.93
61,60,125,124.07,5.76,114.59,133.55,0.001,0.001,NOMINAL,-0.93
61,61,125,124.07,6.3,113.71,134.44,0.001,0.001,NOMINAL,-0.93
61,62,125,124.07,5.68,114.74,133.41,0.001,0.001,NOMINAL,-0.93
61,63,125,124.07,4.44,116.76,131.38,0.001,0.001,NOMINAL,-0.93
61,64,125,124.07,2.77,119.52,128.62,0.001,0.001,NOMINAL,-0.93
61,65,125,124.07,2.77,119.52,128.62,0.001,0.001,NOMINAL,-0.93
61,66,125,123.72,3.05,118.71,128.73,0.001,0.001,NOMINAL,-1.28
61,67,125,124.07,4.06,117.39,130.76,0.001,0.001,NOMINAL,-0.93
61,68,125,123.72,6.83,112.48,134.96,0.001,0.001,NOMINAL,-1.28
61,69,125,124.07,6.3,113.71,134.44,0.001,0.001,NOMINAL,-0.93
61,70,125,124.07,5.76,114.59,133.55,0.001,0.001,NOMINAL,-0.93
61,71,125,124.07,4.0,117.49,130.66,0.001,0.001,NOMINAL,-0.93
61,72,125,124.07,2.81,119.45,128.69,0.001,0.001,NOMINAL,-0.93
61,73,125,124.07,2.77,119.52,128.62,0.001,0.001,NOMINAL,-0.93
61,74,125,124.07,2.81,119.45,128.69,0.001,0.001,NOMINAL,-0.93
61,75,125,124.07,4.06,117.39,130.76,0.001,0.001,NOMINAL,-0.93
61,76,125,123.72,6.83,112.48,134.96,0.001,0.001,NOMINAL,-1.28
61,77,125,124.07,5.76,114.59,133.55,0.001,0.001,NOMINAL,-0.93
61,78,125,124.07,5.76,114.59,133.55,0.001,0.001,NOMINAL,-0.93
62,52,125,124.47,2.61,120.18,128.76,0.001,0.001,NOMINAL,-0.53
62,53,125,124.47,2.61,120.18,128.76,0.001,0.001,NOMINAL,-0.53
62,54,125,124.47,2.61,120.18,128.76,0.001,0.001,NOMINAL,-0.53
62,55,125,124.47,2.61,120.18,128.76,0.001,0.001,NOMINAL,-0.53
62,56,125,124.45,4.16,117.6,131.29,0.001,0.001,NOMINAL,-0.55
62,57,125,124.47,2.61,120.18,128.76,0.001,0.001,NOMINAL,-0.53
62,58,125,124.12,2.61,119.83,128.4,0.001,0.001,NOMINAL,-0.88
62,59,125,124.12,2.85,119.43,128.81,0.001,0.001,NOMINAL,-0.88
62,60,125,124.47,2.61,120.18,128.76,0.001,0.001,NOMINAL,-0.53
62,61,125,124.47,2.61,120.18,128.76,0.001,0.001,NOMINAL,-0.53
62,62,125,124.47,2.83,119.81,129.13,0.001,0.001,NOMINAL,-0.53
62,63,125,124.47,2.61,120.18,128.76,0.001,0.001,NOMINAL,-0.53
62,64,125,124.47,2.61,120.18,128.76,0.001,0.001,NOMINAL,-0.53
62,65,125,124.47,2.61,120.18,128.76,0.001,0.001,NOMINAL,-0.53
62,66,125,124.12,6.42,113.56,134.67,0.001,0.001,NOMINAL,-0.88
62,67,125,124.12,6.42,113.56,134.67,0.001,0.001,NOMINAL,-0.88
62,68,125,124.12,6.42,113.56,134.67,0.001,0.001,NOMINAL,-0.88
62,69,125,124.12,6.42,113.56,134.67,0.001,0.001,NOMINAL,-0.88
62,70,125,124.12,6.42,113.56,134.67,0.001,0.001,NOMINAL,-0.88
62,71,125,124.12,6.5,113.42,134.81,0.001,0.001,NOMINAL,-0.88
62,72,125,124.47,5.39,115.6,133.34,0.001,0.001,NOMINAL,-0.53
62,73,125,124.47,5.39,115.6,133.34,0.001,0.001,NOMINAL,-0.53
62,74,125,124.47,2.61,120.18,128.76,0.001,0.001,NOMINAL,-0.53
62,75,125,124.47,2.61,120.18,128.76,0.001,0.001,NOMINAL,-0.53
62,76,125,124.47,2.61,120.18,128.76,0.001,0.001,NOMINAL,-0.53
62,77,125,124.47,2.61,120.18,128.76,0.001,0.001,NOMINAL,-0.53
62,78,125,124.47,2.61,120.18,128.76,0.001,0.001,NOMINAL,-0.53
62,79,125,124.45,2.85,119.76,129.14,0.001,0.001,NOMINAL,-0.55
62,80,125,124.47,3.8,118.22,130.73,0.001,0.001,NOMINAL,-0.53
62,81,125,124.47,2.61,120.18,128.76,0.001,0.001,NOMINAL,-0.53
62,82,125,124.47,2.61,120.18,128.76,0.001,0.001,NOMINAL,-0.53
62,83,125,124.47,2.61,120.18,128.76,0.001,0.001,NOMINAL,-0.53
62,84,125,124.47,2.61,120.18,128.76,0.001,0.001,NOMINAL,-0.53
62,85,125,124.47,2.61,120.18,128.76,0.001,0.001,NOMINAL,-0.53
62,86,125,124.47,2.61,120.18,128.76,0.001,0.001,NOMINAL,-0.53
62,87,125,124.47,2.61,120.18,128.76,0.001,0.001,NOMINAL,-0.53
62,88,125,124.47,2.61,120.18,128.76,0.001,0.001,NOMINAL,-0.53
62,89,125,124.47,2.61,120.18,128.76,0.001,0.001,NOMINAL,-0.53
62,90,125,124.47,2.61,120.18,128.76,0.001,0.001,NOMINAL,-0.53
62,91,125,124.47,2.61,120.18,128.76,0.001,0.001,NOMINAL,-0.53
62,92,125,124.47,2.61,120.18,128.76,0.001,0.001,NOMINAL,-0.53
62,93,125,124.47,2.61,120.18,128.76,0.001,0.001,NOMINAL,-0.53
62,94,125,124.47,2.61,120.18,128.76,0.001,0.001,NOMINAL,-0.53
62,95,125,124.12,5.9,114.41,133.83,0.001,0.001,NOMINAL,-0.88
62,96,125,124.45,4.16,117.6,131.29,0.001,0.001,NOMINAL,-0.55
62,97,125,124.47,2.61,120.18,128.76,0.001,0.001,NOMINAL,-0.53
62,98,125,124.12,5.9,114.41,133.83,0.001,0.001,NOMINAL,-0.88
62,99,125,124.12,5.9,114.41,133.83,0.001,0.001,NOMINAL,-0.88
62,100,125,124.12,5.9,114.41,133.83,0.001,0.001,NOMINAL,-0.88
62,101,125,124.12,5.9,114.41,133.83,0.001,0.001,NOMINAL,-0.88
62,102,125,124.12,5.9,114.41,133.83,0.001,0.001,NOMINAL,-0.88
62,103,125,124.12,6.42,113.56,134.67,0.001,0.001,NOMINAL,-0.88
62,104,125,124.25,5.9,114.54,133.96,0.001,0.001,NOMINAL,-0.75
62,105,125,124.47,5.9,114.76,134.18,0.001,0.001,NOMINAL,-0.53
62,106,125,124.25,6.42,113.7,134.81,0.001,0.001,NOMINAL,-0.75
62,107,125,124.47,2.61,120.18,128.76,0.001,0.001,NOMINAL,-0.53
62,108,125,123.86,6.42,113.31,134.42,0.001,0.001,NOMINAL,-1.14
62,109,125,124.21,5.9,114.5,133.92,0.001,0.001,NOMINAL,-0.79
62,110,125,124.47,5.39,115.6,133.34,0.001,0.001,NOMINAL,-0.53
62,111,125,124.45,4.16,117.6,131.29,0.001,0.001,NOMINAL,-0.55
62,112,125,124.47,5.39,115.6,133.34,0.001,0.001,NOMINAL,-0.53
62,113,125,124.47,5.39,115.6,133.34,0.001,0.001,NOMINAL,-0.53
62,114,125,124.47,3.8,118.22,130.73,0.001,0.001,NOMINAL,-0.53
62,115,125,124.47,2.61,120.18,128.76,0.001,0.001,NOMINAL,-0.53
62,116,125,124.47,5.39,115.6,133.34,0.001,0.001,NOMINAL,-0.53
62,117,125,124.12,5.9,114.41,133.83,0.001,0.001,NOMINAL,-0.88
62,118,125,123.13,6.1,113.1,133.16,0.001,0.001,NOMINAL,-1.87
62,119,125,122.99,6.72,111.94,134.04,0.001,0.001,NOMINAL,-2.01
62,120,125,120.59,8.21,107.09,134.1,0.001,0.001,NOMINAL,-4.41
62,121,125,122.16,8.4,108.34,135.98,0.001,0.001,NOMINAL,-2.84
62,122,125,123.72,6.42,113.17,134.28,0.001,0.001,NOMINAL,-1.28
62,123,125,123.27,8.15,109.86,136.69,0.001,0.001,NOMINAL,-1.73
62,124,125,123.86,5.9,114.15,133.57,0.001,0.001,NOMINAL,-1.14
62,125,125,124.21,5.39,115.34,133.08,0.001,0.001,NOMINAL,-0.79
62,126,125,124.21,3.8,117.96,130.47,0.001,0.001,NOMINAL,-0.79
62,127,125,124.21,2.61,119.93,128.5,0.001,0.001,NOMINAL,-0.79
62,128,125,124.07,2.79,119.48,128.66,0.001,0.001,NOMINAL,-0.93
62,129,125,123.86,3.34,118.36,129.35,0.001,0.001,NOMINAL,-1.14
62,130,125,124.47,2.61,120.18,128.76,0.001,0.001,NOMINAL,-0.53
62,131,125,124.07,3.8,117.82,130.33,0.001,0.001,NOMINAL,-0.93
62,132,125,123.86,4.19,116.97,130.74,0.001,0.001,NOMINAL,-1.14
62,133,125,123.72,7.1,112.04,135.4,0.001,0.001,NOMINAL,-1.28
62,134,125,123.72,6.57,112.91,134.52,0.001,0.001,NOMINAL,-1.28
62,135,125,122.99,7.19,111.16,134.81,0.001,0.001,NOMINAL,-2.01
62,136,125,123.27,8.05,110.04,136.51,0.001,0.001,NOMINAL,-1.73
62,137,125,122.99,8.05,109.75,136.22,0.001,0.001,NOMINAL,-2.01
62,138,125,123.72,7.95,110.64,136.8,0.001,0.001,NOMINAL,-1.28
62,139,125,122.99,8.05,109.75,136.22,0.001,0.001,NOMINAL,-2.01
62,140,125,123.72,7.04,112.14,135.29,0.001,0.001,NOMINAL,-1.28
62,141,125,123.72,6.96,112.27,135.17,0.001,0.001,NOMINAL,-1.28
62,142,125,124.07,5.94,114.31,133.83,0.001,0.001,NOMINAL,-0.93
62,143,125,124.21,2.76,119.68,128.75,0.001,0.001,NOMINAL,-0.79
62,144,125,124.07,2.82,119.43,128.72,0.001,0.001,NOMINAL,-0.93
62,145,125,124.21,2.79,119.62,128.8,0.001,0.001,NOMINAL,-0.79
62,146,125,124.21,2.76,119.68,128.75,0.001,0.001,NOMINAL,-0.79
62,147,125,124.21,2.76,119.68,128.75,0.001,0.001,NOMINAL,-0.79
62,148,125,124.21,2.76,119.68,128.75,0.001,0.001,NOMINAL,-0.79
62,149,125,124.21,2.76,119.68,128.75,0.001,0.001,NOMINAL,-0.79
62,150,125,124.47,2.76,119.93,129.01,0.001,0.001,NOMINAL,-0.53
62,151,125,124.21,2.82,119.57,128.86,0.001,0.001,NOMINAL,-0.79
62,152,125,124.21,2.77,119.66,128.77,0.001,0.001,NOMINAL,-0.79
62,153,125,123.86,3.03,118.87,128.84,0.001,0.001,NOMINAL,-1.14
62,154,125,124.21,2.77,119.66,128.77,0.001,0.001,NOMINAL,-0.79
62,155,125,124.21,2.77,119.66,128.77,0.001,0.001,NOMINAL,-0.79
62,156,125,124.07,2.81,119.45,128.69,0.001,0.001,NOMINAL,-0.93
62,157,125,124.0,2.77,119.45,128.55,0.001,0.001,NOMINAL,-1.0
62,158,124,123.86,3.03,118.88,128.84,0.001,0.001,NOMINAL,-0.14
62,159,123,123.53,6.58,112.71,134.34,0.001,0.001,NOMINAL,0.53
62,160,122,123.72,6.37,113.25,134.19,0.001,0.001,NOMINAL,1.72
62,161,121,123.86,6.37,113.39,134.33,0.001,0.001,NOMINAL,2.86
62,162,120,122.68,7.36,110.57,134.78,0.001,0.001,NOMINAL,2.68
62,163,119,123.72,6.55,112.94,134.5,0.001,0.001,NOMINAL,4.72
62,164,118,124.12,6.37,113.65,134.59,0.001,0.001,NOMINAL,6.12
62,165,117,124.47,5.73,115.05,133.89,0.001,0.001,NOMINAL,7.47
62,166,116,124.12,4.02,117.5,130.74,0.001,0.001,NOMINAL,8.12
62,167,115,124.12,6.37,113.65,134.59,0.001,0.001,NOMINAL,9.12
62,168,114,123.52,7.19,111.7,135.35,0.001,0.001,NOMINAL,9.52
62,169,113,121.77,7.57,109.32,134.22,0.001,0.001,NOMINAL,8.77
62,170,112,121.37,7.45,109.11,133.62,0.001,0.001,NOMINAL,9.37
62,171,111,118.68,8.19,105.2,132.15,0.001,0.001,NOMINAL,7.68
62,172,110,110.53,9.52,94.87,126.19,0.001,0.001,NOMINAL,0.53
62,173,109,111.25,9.52,95.59,126.91,0.001,0.001,NOMINAL,2.25
62,174,108,117.0,9.39,101.56,132.44,0.001,0.001,NOMINAL,9.0
62,175,107,115.96,9.39,100.52,131.4,0.001,0.001,NOMINAL,8.96
62,176,106,119.69,8.16,106.28,133.11,0.001,0.001,NOMINAL,13.69
62,177,105,114.11,9.39,98.67,129.55,0.001,0.001,NOMINAL,9.11
62,178,104,110.53,9.52,94.87,126.19,0.001,0.001,NOMINAL,6.53
62,179,103,106.14,11.03,88.0,124.29,0.001,0.001,NOMINAL,3.14
62,180,102,99.97,10.6,82.54,117.4,0.001,0.0011,NOMINAL,-2.03
62,181,101,100.28,10.85,82.43,118.13,0.001,0.0011,NOMINAL,-0.72
62,182,100,109.05,10.32,92.08,126.02,0.001,0.001,NOMINAL,9.05
62,183,99,111.18,9.7,95.23,127.14,0.001,0.001,NOMINAL,12.18
62,184,98,98.4,10.52,81.1,115.7,0.001,0.0011,NOMINAL,0.4
62,185,97,88.04,10.17,71.32,104.77,0.001,0.005,NOMINAL,-8.96
62,186,96,87.3,10.15,70.6,104.0,0.001,0.0063,NOMINAL,-8.7
62,187,95,86.37,10.15,69.67,103.08,0.001,0.0086,NOMINAL,-8.63
62,188,94,83.18,10.15,66.47,99.88,0.001,0.0233,NOMINAL,-10.82
62,189,93,80.24,8.96,65.5,94.99,0.001,0.0174,NOMINAL,-12.76
62,190,92,80.8,8.94,66.09,95.51,0.001,0.0137,NOMINAL,-11.2
62,191,91,78.7,8.24,65.14,92.26,0.001,0.0121,NOMINAL,-12.3
62,192,90,79.23,8.24,65.67,92.79,0.001,0.0097,NOMINAL,-10.77
62,193,89,79.7,8.49,65.74,93.66,0.001,0.0113,NOMINAL,-9.3
62,194,88,81.22,8.85,66.66,95.77,0.001,0.0103,NOMINAL,-6.78
62,195,87,75.19,8.24,61.63,88.75,0.001,0.0254,NOMINAL,-11.81
62,196,86,74.9,8.24,61.34,88.46,0.001,0.0255,NOMINAL,-11.1
62,197,85,68.88,8.24,55.32,82.44,0.001,0.0392,NOMINAL,-16.12
62,198,84,70.12,8.24,56.56,83.68,0.001,0.0338,NOMINAL,-13.88
62,199,83,70.84,8.69,56.54,85.13,0.001,0.0348,NOMINAL,-12.16
62,200,82,72.96,8.6,58.82,87.1,0.001,0.0286,NOMINAL,-9.04
62,201,81,73.3,8.79,58.83,87.76,0.001,0.0296,NOMINAL,-7.7
62,202,80,73.86,8.69,59.56,88.15,0.001,0.0264,NOMINAL,-6.14
62,203,79,69.68,8.7,55.36,84.0,0.001,0.0415,NOMINAL,-9.32
62,204,78,70.58,8.24,57.02,84.14,0.001,0.0325,NOMINAL,-7.42
62,205,77,75.77,8.87,61.18,90.37,0.001,0.026,NOMINAL,-1.23
62,206,76,69.07,7.98,55.94,82.2,0.001,0.0351,NOMINAL,-6.93
62,207,75,69.41,8.35,55.68,83.14,0.001,0.0376,NOMINAL,-5.59
62,208,74,68.8,8.62,54.62,82.97,0.001,0.0459,NOMINAL,-5.2
62,209,73,69.67,9.31,54.36,84.98,0.001,0.0492,NOMINAL,-3.33
62,210,72,65.03,9.36,49.64,80.43,0.001,0.0878,NOMINAL,-6.97
62,211,71,69.15,8.66,54.9,83.4,0.001,0.0446,NOMINAL,-1.85
62,212,70,69.07,9.24,53.87,84.27,0.001,0.0506,NOMINAL,-0.93
62,213,69,72.0,8.7,57.68,86.32,0.001,0.0319,NOMINAL,3.0
62,214,68,70.81,8.24,57.25,84.37,0.001,0.0319,NOMINAL,2.81
62,215,67,67.83,7.63,55.28,80.38,0.001,0.037,NOMINAL,0.83
62,216,66,66.37,8.24,52.8,79.93,0.001,0.0554,NOMINAL,0.37
62,217,65,60.58,6.17,50.44,70.73,0.001,0.0724,NOMINAL,-4.42
62,218,64,59.46,6.51,48.75,70.17,0.001,0.0984,NOMINAL,-4.54
62,219,63,57.02,6.11,46.98,67.07,0.001,0.1371,NOMINAL,-5.98
62,220,62,56.17,6.11,46.13,66.22,0.001,0.1715,NOMINAL,-5.83
62,221,61,56.13,6.11,46.08,66.17,0.001,0.1733,NOMINAL,-4.87
62,222,60,54.46,6.13,44.37,64.55,0.001,0.2648,NOMINAL,-5.54
62,223,59,57.99,6.09,47.96,68.01,0.001,0.1154,NOMINAL,-1.01
62,224,58,55.59,6.12,45.53,65.66,0.001,0.1915,NOMINAL,-2.41
63,52,125,123.31,6.63,112.4,134.21,0.001,0.001,NOMINAL,-1.69
63,53,125,123.31,8.1,109.98,136.64,0.001,0.001,NOMINAL,-1.69
63,54,125,123.31,7.19,111.49,135.13,0.001,0.001,NOMINAL,-1.69
63,55,125,123.31,6.63,112.4,134.21,0.001,0.001,NOMINAL,-1.69
63,56,125,123.52,5.76,114.04,133.0,0.001,0.001,NOMINAL,-1.48
63,57,125,123.52,5.68,114.18,132.85,0.001,0.001,NOMINAL,-1.48
63,58,125,123.31,8.04,110.08,136.54,0.001,0.001,NOMINAL,-1.69
63,59,125,123.31,8.19,109.84,136.78,0.001,0.001,NOMINAL,-1.69
63,60,125,123.52,6.43,112.94,134.1,0.001,0.001,NOMINAL,-1.48
63,61,125,123.12,10.3,106.17,140.06,0.001,0.001,NOMINAL,-1.88
63,62,125,121.93,10.09,105.34,138.52,0.001,0.001,NOMINAL,-3.07
63,63,125,121.98,10.09,105.39,138.57,0.001,0.001,NOMINAL,-3.02
63,64,125,121.74,10.12,105.09,138.38,0.001,0.001,NOMINAL,-3.26
63,65,125,123.52,6.99,112.01,135.02,0.001,0.001,NOMINAL,-1.48
63,66,125,123.52,6.99,112.01,135.02,0.001,0.001,NOMINAL,-1.48
63,67,125,123.52,6.25,113.24,133.79,0.001,0.001,NOMINAL,-1.48
63,68,125,123.07,8.2,109.57,136.56,0.001,0.001,NOMINAL,-1.93
63,69,125,123.07,7.37,110.94,135.19,0.001,0.001,NOMINAL,-1.93
63,70,125,122.96,7.37,110.84,135.09,0.001,0.001,NOMINAL,-2.04
63,71,125,123.97,6.99,112.47,135.48,0.001,0.001,NOMINAL,-1.03
63,72,125,123.52,6.99,112.01,135.02,0.001,0.001,NOMINAL,-1.48
63,73,125,123.52,6.99,112.01,135.02,0.001,0.001,NOMINAL,-1.48
63,74,125,123.97,6.15,113.85,134.09,0.001,0.001,NOMINAL,-1.03
63,75,125,123.97,6.25,113.7,134.25,0.001,0.001,NOMINAL,-1.03
63,76,125,123.32,7.22,111.44,135.21,0.001,0.001,NOMINAL,-1.68
63,77,125,122.63,7.39,110.47,134.79,0.001,0.001,NOMINAL,-2.37
63,78,125,122.44,7.42,110.24,134.64,0.001,0.001,NOMINAL,-2.56
63,79,125,122.39,7.42,110.19,134.59,0.001,0.001,NOMINAL,-2.61
63,80,125,120.1,10.47,102.88,137.31,0.001,0.001,NOMINAL,-4.9
63,81,125,116.45,11.1,98.19,134.72,0.001,0.001,NOMINAL,-8.55
63,82,125,112.83,11.1,94.56,131.09,0.001,0.001,NOMINAL,-12.17
63,83,125,113.06,11.1,94.8,131.33,0.001,0.001,NOMINAL,-11.94
63,84,125,118.54,9.41,103.06,134.02,0.001,0.001,NOMINAL,-6.46
63,85,125,116.37,11.1,98.1,134.63,0.001,0.001,NOMINAL,-8.63
63,86,125,120.26,9.05,105.37,135.15,0.001,0.001,NOMINAL,-4.74
63,87,125,119.54,10.37,102.49,136.59,0.001,0.001,NOMINAL,-5.46
63,88,125,119.83,11.73,100.53,139.13,0.001,0.001,NOMINAL,-5.17
63,89,125,118.43,11.09,100.19,136.67,0.001,0.001,NOMINAL,-6.57
63,90,125,118.93,11.75,99.6,138.25,0.001,0.001,NOMINAL,-6.07
63,91,125,114.85,11.1,96.58,133.11,0.001,0.001,NOMINAL,-10.15
63,92,125,113.38,11.1,95.11,131.64,0.001,0.001,NOMINAL,-11.62
63,93,125,116.6,11.1,98.34,134.87,0.001,0.001,NOMINAL,-8.4
63,94,125,116.37,11.1,98.1,134.63,0.001,0.001,NOMINAL,-8.63
63,95,125,117.82,11.1,99.55,136.08,0.001,0.001,NOMINAL,-7.18
63,96,125,117.82,11.1,99.55,136.08,0.001,0.001,NOMINAL,-7.18
63,97,125,123.02,7.22,111.15,134.9,0.001,0.001,NOMINAL,-1.98
63,98,125,122.44,8.19,108.97,135.92,0.001,0.001,NOMINAL,-2.56
63,99,125,119.93,12.51,99.36,140.5,0.001,0.001,NOMINAL,-5.07
63,100,125,121.19,10.41,104.07,138.31,0.001,0.001,NOMINAL,-3.81
63,101,125,119.85,12.51,99.28,140.42,0.001,0.001,NOMINAL,-5.15
63,102,125,117.58,12.52,96.98,138.17,0.001,0.001,NOMINAL,-7.42
63,103,125,120.78,11.79,101.38,140.18,0.001,0.001,NOMINAL,-4.22
63,104,125,119.91,10.41,102.79,137.03,0.001,0.001,NOMINAL,-5.09
63,105,125,115.57,12.52,94.98,136.17,0.001,0.001,NOMINAL,-9.43
63,106,125,118.17,10.42,101.03,135.31,0.001,0.001,NOMINAL,-6.83
63,107,125,121.0,9.35,105.62,136.38,0.001,0.001,NOMINAL,-4.0
63,108,125,122.16,7.87,109.22,135.11,0.001,0.001,NOMINAL,-2.84
63,109,125,123.52,7.14,111.78,135.25,0.001,0.001,NOMINAL,-1.48
63,110,125,123.52,7.88,110.55,136.49,0.001,0.001,NOMINAL,-1.48
63,111,125,123.97,5.68,114.64,133.31,0.001,0.001,NOMINAL,-1.03
63,112,125,123.97,2.77,119.42,128.53,0.001,0.001,NOMINAL,-1.03
63,113,125,123.97,3.12,118.84,129.11,0.001,0.001,NOMINAL,-1.03
63,114,125,124.07,2.77,119.52,128.62,0.001,0.001,NOMINAL,-0.93
63,115,125,123.97,3.38,118.41,129.54,0.001,0.001,NOMINAL,-1.03
63,116,125,124.07,2.77,119.52,128.62,0.001,0.001,NOMINAL,-0.93
63,117,125,124.07,2.77,119.52,128.62,0.001,0.001,NOMINAL,-0.93
63,118,125,124.07,2.77,119.52,128.62,0.001,0.001,NOMINAL,-0.93
63,119,125,123.97,2.77,119.42,128.53,0.001,0.001,NOMINAL,-1.03
63,120,125,123.84,3.1,118.74,128.93,0.001,0.001,NOMINAL,-1.16
63,121,125,123.38,7.17,111.59,135.17,0.001,0.001,NOMINAL,-1.62
63,122,125,123.28,6.66,112.32,134.24,0.001,0.001,NOMINAL,-1.72
63,123,125,122.17,8.48,108.22,136.11,0.001,0.001,NOMINAL,-2.83
63,124,125,123.49,7.39,111.33,135.65,0.001,0.001,NOMINAL,-1.51
63,125,125,123.04,8.41,109.21,136.88,0.001,0.001,NOMINAL,-1.96
63,126,125,124.37,6.25,114.1,134.65,0.001,0.001,NOMINAL,-0.63
63,127,125,124.37,6.15,114.25,134.49,0.001,0.001,NOMINAL,-0.63
63,128,125,124.37,6.15,114.25,134.49,0.001,0.001,NOMINAL,-0.63
63,129,125,123.97,6.94,112.56,135.39,0.001,0.001,NOMINAL,-1.03
63,130,124,123.04,7.46,110.77,135.31,0.001,0.001,NOMINAL,-0.96
63,131,123,123.56,8.34,109.85,137.27,0.001,0.001,NOMINAL,0.56
63,132,122,123.56,7.39,111.4,135.72,0.001,0.001,NOMINAL,1.56
63,133,121,122.46,8.45,108.56,136.36,0.001,0.001,NOMINAL,1.46
63,134,120,124.37,7.05,112.78,135.96,0.001,0.001,NOMINAL,4.37
63,135,119,124.37,6.15,114.25,134.49,0.001,0.001,NOMINAL,5.37
63,136,118,124.37,6.94,112.96,135.78,0.001,0.001,NOMINAL,6.37
63,137,117,124.47,2.77,119.92,129.02,0.001,0.001,NOMINAL,7.47
64,52,125,124.47,2.61,120.18,128.76,0.001,0.001,NOMINAL,-0.53
64,53,125,124.47,2.63,120.15,128.79,0.001,0.001,NOMINAL,-0.53
64,54,125,124.47,2.61,120.18,128.76,0.001,0.001,NOMINAL,-0.53
64,55,125,124.47,2.61,120.18,128.76,0.001,0.001,NOMINAL,-0.53
64,56,125,124.47,2.61,120.18,128.76,0.001,0.001,NOMINAL,-0.53
64,57,125,124.47,2.61,120.18,128.76,0.001,0.001,NOMINAL,-0.53
64,58,125,124.47,2.63,120.15,128.79,0.001,0.001,NOMINAL,-0.53
64,59,125,124.47,2.61,120.18,128.76,0.001,0.001,NOMINAL,-0.53
64,60,125,124.47,2.63,120.15,128.79,0.001,0.001,NOMINAL,-0.53
64,61,125,124.47,2.61,120.18,128.76,0.001,0.001,NOMINAL,-0.53
64,62,125,124.47,2.61,120.18,128.76,0.001,0.001,NOMINAL,-0.53
64,63,125,124.47,2.61,120.18,128.76,0.001,0.001,NOMINAL,-0.53
64,64,125,124.47,2.61,120.18,128.76,0.001,0.001,NOMINAL,-0.53
64,65,125,124.47,2.61,120.18,128.76,0.001,0.001,NOMINAL,-0.53
64,66,125,124.47,2.63,120.15,128.79,0.001,0.001,NOMINAL,-0.53
64,67,125,124.47,2.63,120.15,128.79,0.001,0.001,NOMINAL,-0.53
64,68,125,124.47,2.61,120.18,128.76,0.001,0.001,NOMINAL,-0.53
64,69,125,124.47,2.61,120.18,128.76,0.001,0.001,NOMINAL,-0.53
64,70,125,124.47,2.61,120.18,128.76,0.001,0.001,NOMINAL,-0.53
64,71,125,124.47,2.61,120.18,128.76,0.001,0.001,NOMINAL,-0.53
64,72,125,124.47,2.61,120.18,128.76,0.001,0.001,NOMINAL,-0.53
64,73,125,124.47,2.61,120.18,128.76,0.001,0.001,NOMINAL,-0.53
64,74,125,124.47,2.61,120.18,128.76,0.001,0.001,NOMINAL,-0.53
64,75,125,124.47,2.61,120.18,128.76,0.001,0.001,NOMINAL,-0.53
64,76,125,124.47,2.61,120.18,128.76,0.001,0.001,NOMINAL,-0.53
64,77,125,124.47,2.61,120.18,128.76,0.001,0.001,NOMINAL,-0.53
64,78,125,124.47,2.61,120.18,128.76,0.001,0.001,NOMINAL,-0.53
64,79,125,124.47,2.61,120.18,128.76,0.001,0.001,NOMINAL,-0.53
64,80,125,124.47,2.61,120.18,128.76,0.001,0.001,NOMINAL,-0.53
64,81,125,124.47,2.61,120.18,128.76,0.001,0.001,NOMINAL,-0.53
64,82,125,124.47,2.61,120.18,128.76,0.001,0.001,NOMINAL,-0.53
64,83,125,124.47,2.61,120.18,128.76,0.001,0.001,NOMINAL,-0.53
64,84,125,124.47,2.61,120.18,128.76,0.001,0.001,NOMINAL,-0.53
64,85,125,124.47,2.61,120.18,128.76,0.001,0.001,NOMINAL,-0.53
64,86,125,124.47,2.61,120.18,128.76,0.001,0.001,NOMINAL,-0.53
64,87,125,124.47,2.61,120.18,128.76,0.001,0.001,NOMINAL,-0.53
64,88,125,124.47,2.61,120.18,128.76,0.001,0.001,NOMINAL,-0.53
64,89,125,124.47,2.61,120.18,128.76,0.001,0.001,NOMINAL,-0.53
64,90,125,124.47,2.61,120.18,128.76,0.001,0.001,NOMINAL,-0.53
64,91,125,124.47,2.61,120.18,128.76,0.001,0.001,NOMINAL,-0.53
64,92,125,124.47,2.61,120.18,128.76,0.001,0.001,NOMINAL,-0.53
64,93,125,124.47,2.61,120.18,128.76,0.001,0.001,NOMINAL,-0.53
64,94,125,124.47,2.61,120.18,128.76,0.001,0.001,NOMINAL,-0.53
64,95,125,124.47,2.61,120.18,128.76,0.001,0.001,NOMINAL,-0.53
64,96,125,124.47,2.61,120.18,128.76,0.001,0.001,NOMINAL,-0.53
64,97,125,124.47,2.61,120.18,128.76,0.001,0.001,NOMINAL,-0.53
64,98,125,124.47,2.61,120.18,128.76,0.001,0.001,NOMINAL,-0.53
64,99,125,124.52,2.61,120.24,128.81,0.001,0.001,NOMINAL,-0.48
64,100,125,124.47,2.61,120.18,128.76,0.001,0.001,NOMINAL,-0.53
64,101,125,124.47,2.61,120.18,128.76,0.001,0.001,NOMINAL,-0.53
64,102,125,124.47,2.63,120.15,128.79,0.001,0.001,NOMINAL,-0.53
64,103,125,124.47,2.61,120.18,128.76,0.001,0.001,NOMINAL,-0.53
64,104,125,124.47,2.61,120.18,128.76,0.001,0.001,NOMINAL,-0.53
64,105,125,124.47,2.61,120.18,128.76,0.001,0.001,NOMINAL,-0.53
64,106,125,124.47,2.61,120.18,128.76,0.001,0.001,NOMINAL,-0.53
64,107,125,124.47,2.61,120.18,128.76,0.001,0.001,NOMINAL,-0.53
64,108,125,124.47,2.61,120.18,128.76,0.001,0.001,NOMINAL,-0.53
64,109,125,124.25,2.61,119.97,128.54,0.001,0.001,NOMINAL,-0.75
64,110,125,124.47,2.61,120.18,128.76,0.001,0.001,NOMINAL,-0.53
64,111,125,124.47,2.61,120.18,128.76,0.001,0.001,NOMINAL,-0.53
64,112,125,124.12,2.61,119.83,128.4,0.001,0.001,NOMINAL,-0.88
64,113,125,124.47,2.61,120.18,128.76,0.001,0.001,NOMINAL,-0.53
64,114,125,124.12,5.9,114.41,133.83,0.001,0.001,NOMINAL,-0.88
64,115,125,124.12,6.42,113.56,134.67,0.001,0.001,NOMINAL,-0.88
64,116,125,124.47,5.39,115.6,133.34,0.001,0.001,NOMINAL,-0.53
64,117,125,124.17,5.9,114.46,133.88,0.001,0.001,NOMINAL,-0.83
64,118,125,124.12,5.9,114.41,133.83,0.001,0.001,NOMINAL,-0.88
64,119,125,124.47,5.39,115.6,133.34,0.001,0.001,NOMINAL,-0.53
64,120,125,124.47,2.61,120.18,128.76,0.001,0.001,NOMINAL,-0.53
64,121,125,124.47,2.61,120.18,128.76,0.001,0.001,NOMINAL,-0.53
64,122,125,124.47,2.61,120.18,128.76,0.001,0.001,NOMINAL,-0.53
64,123,125,124.47,2.61,120.18,128.76,0.001,0.001,NOMINAL,-0.53
64,124,125,124.47,2.61,120.18,128.76,0.001,0.001,NOMINAL,-0.53
64,125,125,124.47,2.61,120.18,128.76,0.001,0.001,NOMINAL,-0.53
64,126,125,124.47,2.61,120.18,128.76,0.001,0.001,NOMINAL,-0.53
64,127,125,124.25,2.85,119.56,128.95,0.001,0.001,NOMINAL,-0.75
64,128,125,124.25,6.42,113.7,134.81,0.001,0.001,NOMINAL,-0.75
64,129,125,124.12,5.9,114.41,133.83,0.001,0.001,NOMINAL,-0.88
64,130,125,124.25,4.53,116.81,131.7,0.001,0.001,NOMINAL,-0.75
64,131,125,124.12,5.9,114.41,133.83,0.001,0.001,NOMINAL,-0.88
64,132,125,124.12,6.42,113.56,134.67,0.001,0.001,NOMINAL,-0.88
64,133,125,123.39,6.63,112.48,134.29,0.001,0.001,NOMINAL,-1.61
64,134,125,124.12,5.9,114.41,133.83,0.001,0.001,NOMINAL,-0.88
64,135,125,123.39,6.72,112.34,134.43,0.001,0.001,NOMINAL,-1.61
64,136,125,124.12,6.42,113.56,134.67,0.001,0.001,NOMINAL,-0.88
64,137,125,118.28,6.81,107.09,129.47,0.001,0.001,NOMINAL,-6.72
64,138,125,110.94,7.25,99.01,122.87,0.001,0.001,NOMINAL,-14.06
64,139,125,106.91,8.14,93.51,120.3,0.001,0.001,NOMINAL,-18.09
64,140,125,104.91,7.64,92.34,117.48,0.001,0.001,NOMINAL,-20.09
64,141,125,104.55,7.86,91.62,117.48,0.001,0.001,NOMINAL,-20.45
64,142,125,95.94,7.21,84.07,107.8,0.001,0.001,NOMINAL,-29.06
64,143,125,91.08,7.2,79.25,102.92,0.001,0.001,NOMINAL,-33.92
64,144,125,94.09,7.21,82.24,105.95,0.001,0.001,NOMINAL,-30.91
64,145,125,91.08,7.13,79.36,102.81,0.001,0.001,NOMINAL,-33.92
64,146,125,90.34,7.0,78.83,101.84,0.001,0.001,NOMINAL,-34.66
64,147,125,111.33,7.65,98.75,123.9,0.001,0.001,NOMINAL,-13.67
64,148,125,118.71,6.82,107.5,129.93,0.001,0.001,NOMINAL,-6.29
64,149,125,111.5,7.25,99.57,123.43,0.001,0.001,NOMINAL,-13.5
64,150,125,108.72,7.72,96.01,121.42,0.001,0.001,NOMINAL,-16.28
64,151,125,110.5,7.25,98.57,122.43,0.001,0.001,NOMINAL,-14.5
64,152,125,123.67,6.63,112.77,134.58,0.001,0.001,NOMINAL,-1.33
64,153,125,108.32,8.19,94.84,121.8,0.001,0.001,NOMINAL,-16.68
64,154,125,117.4,6.82,106.18,128.61,0.001,0.001,NOMINAL,-7.6
64,155,125,114.61,6.83,103.38,125.84,0.001,0.001,NOMINAL,-10.39
64,156,125,124.12,6.5,113.42,134.81,0.001,0.001,NOMINAL,-0.88
64,157,125,123.39,6.72,112.34,134.43,0.001,0.001,NOMINAL,-1.61
64,158,125,122.05,6.75,110.94,133.16,0.001,0.001,NOMINAL,-2.95
64,159,125,111.1,7.12,99.39,122.81,0.001,0.001,NOMINAL,-13.9
64,160,125,123.39,6.63,112.48,134.29,0.001,0.001,NOMINAL,-1.61
64,161,125,120.22,6.78,109.07,131.36,0.001,0.001,NOMINAL,-4.78
64,162,125,114.77,6.83,103.54,126.0,0.001,0.001,NOMINAL,-10.23
64,163,125,116.48,6.83,105.25,127.71,0.001,0.001,NOMINAL,-8.52
64,164,125,100.94,11.71,81.67,120.2,0.001,0.0013,NOMINAL,-24.06
64,165,125,103.8,11.9,84.22,123.39,0.001,0.0011,NOMINAL,-21.2
64,166,125,107.72,8.19,94.25,121.2,0.001,0.001,NOMINAL,-17.28
64,167,125,89.78,10.67,72.23,107.33,0.001,0.0053,NOMINAL,-35.22
64,168,125,90.26,11.13,71.95,108.56,0.001,0.0076,NOMINAL,-34.74
64,169,125,105.49,11.9,85.91,125.07,0.001,0.0011,NOMINAL,-19.51
64,170,125,115.53,9.61,99.72,131.35,0.001,0.001,NOMINAL,-9.47
64,171,125,106.81,11.9,87.23,126.39,0.001,0.001,NOMINAL,-18.19
64,172,125,115.94,9.43,100.42,131.46,0.001,0.001,NOMINAL,-9.06
64,173,125,115.53,9.43,100.02,131.05,0.001,0.001,NOMINAL,-9.47
64,174,125,115.78,9.43,100.26,131.29,0.001,0.001,NOMINAL,-9.22
64,175,124,111.07,9.52,95.41,126.73,0.001,0.001,NOMINAL,-12.93
64,176,123,109.42,11.1,91.15,127.68,0.001,0.001,NOMINAL,-13.58
64,177,122,114.05,9.52,98.39,129.71,0.001,0.001,NOMINAL,-7.95
64,178,121,114.64,9.52,98.98,130.3,0.001,0.001,NOMINAL,-6.36
64,179,120,117.29,9.43,101.77,132.81,0.001,0.001,NOMINAL,-2.71
64,180,119,120.49,8.13,107.12,133.86,0.001,0.001,NOMINAL,1.49
64,181,118,122.82,7.39,110.66,134.98,0.001,0.001,NOMINAL,4.82
64,182,117,118.98,8.19,105.5,132.45,0.001,0.001,NOMINAL,1.98
64,183,116,119.24,9.4,103.78,134.7,0.001,0.001,NOMINAL,3.24
64,184,115,120.99,7.38,108.86,133.13,0.001,0.001,NOMINAL,5.99
64,185,114,120.72,8.19,107.24,134.19,0.001,0.001,NOMINAL,6.72
64,186,113,121.87,7.42,109.67,134.07,0.001,0.001,NOMINAL,8.87
64,187,112,118.29,8.19,104.81,131.76,0.001,0.001,NOMINAL,6.29
64,188,111,117.22,8.19,103.75,130.7,0.001,0.001,NOMINAL,6.22
64,189,110,114.74,9.52,99.08,130.4,0.001,0.001,NOMINAL,4.74
64,190,109,110.97,9.52,95.31,126.63,0.001,0.001,NOMINAL,1.97
64,191,108,109.43,11.17,91.05,127.81,0.001,0.001,NOMINAL,1.43
64,192,107,108.35,11.5,89.43,127.26,0.001,0.001,NOMINAL,1.35
64,193,106,99.75,10.6,82.33,117.18,0.001,0.0011,NOMINAL,-6.25
64,194,105,101.59,10.85,83.73,119.44,0.001,0.0011,NOMINAL,-3.41
64,195,104,101.96,11.29,83.39,120.52,0.001,0.0011,NOMINAL,-2.04
64,196,103,98.25,10.52,80.95,115.55,0.001,0.0011,NOMINAL,-4.75
64,197,102,99.35,10.52,82.05,116.65,0.001,0.0011,NOMINAL,-2.65
64,198,101,92.82,10.45,75.63,110.01,0.001,0.0019,NOMINAL,-8.18
64,199,100,98.17,10.52,80.87,115.47,0.001,0.0011,NOMINAL,-1.83
64,200,99,90.88,10.17,74.14,107.61,0.001,0.0023,NOMINAL,-8.12
64,201,98,91.7,10.4,74.6,108.81,0.001,0.0023,NOMINAL,-6.3
64,202,97,92.71,10.47,75.5,109.93,0.001,0.002,NOMINAL,-4.29
64,203,96,90.39,10.41,73.26,107.51,0.001,0.0033,NOMINAL,-5.61
64,204,95,85.89,10.17,69.17,102.61,0.001,0.0102,NOMINAL,-9.11
64,205,94,85.89,10.03,69.4,102.38,0.001,0.0086,NOMINAL,-8.11
64,206,93,83.73,9.9,67.44,100.02,0.001,0.0156,NOMINAL,-9.27
64,207,92,84.66,9.9,68.37,100.95,0.001,0.0113,NOMINAL,-7.34
64,208,91,84.66,9.9,68.37,100.95,0.001,0.0113,NOMINAL,-6.34
64,209,90,82.33,9.11,67.34,97.32,0.001,0.0096,NOMINAL,-7.67
64,210,89,81.23,9.11,66.24,96.22,0.001,0.0145,NOMINAL,-7.77
64,211,88,76.92,8.24,63.36,90.48,0.001,0.0233,NOMINAL,-11.08
64,212,87,81.22,8.78,66.78,95.65,0.001,0.0093,NOMINAL,-5.78
64,213,86,78.05,8.78,63.62,92.48,0.001,0.024,NOMINAL,-7.95
64,214,85,78.44,8.6,64.3,92.58,0.001,0.0218,NOMINAL,-6.56
64,215,84,75.37,8.24,61.81,88.93,0.001,0.0253,NOMINAL,-8.63
64,216,83,76.79,8.6,62.65,90.92,0.001,0.0249,NOMINAL,-6.21
64,217,82,72.33,8.24,58.77,85.89,0.001,0.0272,NOMINAL,-9.67
64,218,81,70.13,8.24,56.57,83.69,0.001,0.0338,NOMINAL,-10.87
64,219,80,67.58,8.34,53.87,81.3,0.001,0.0493,NOMINAL,-12.42
64,220,79,67.95,8.34,54.24,81.66,0.001,0.0478,NOMINAL,-11.05
64,221,78,67.07,8.43,53.2,80.95,0.001,0.0538,NOMINAL,-10.93
64,222,77,67.18,7.95,54.1,80.26,0.001,0.0475,NOMINAL,-9.82
64,223,76,67.0,8.59,52.87,81.13,0.001,0.0558,NOMINAL,-9.0
64,224,75,66.81,8.59,52.67,80.94,0.001,0.0572,NOMINAL,-8.19
64,225,74,60.88,8.9,46.25,75.51,0.0011,0.1286,NOMINAL,-13.12
64,226,73,62.23,8.86,47.67,76.8,0.001,0.1053,NOMINAL,-10.77
64,227,72,62.13,8.9,47.5,76.76,0.0011,0.1072,NOMINAL,-9.87
64,228,71,60.35,8.23,46.8,73.89,0.001,0.1223,NOMINAL,-10.65
64,229,70,62.65,8.84,48.11,77.19,0.001,0.0998,NOMINAL,-7.35
64,230,69,59.26,6.36,48.8,69.71,0.001,0.0983,NOMINAL,-9.74
64,231,68,60.61,6.27,50.29,70.93,0.001,0.0758,NOMINAL,-7.39
64,232,67,57.94,6.09,47.92,67.97,0.001,0.1159,NOMINAL,-9.06
64,233,66,56.45,5.92,46.7,66.19,0.001,0.1522,NOMINAL,-9.55
64,234,65,56.73,6.03,46.81,66.64,0.001,0.1459,NOMINAL,-8.27
64,235,64,56.45,6.03,46.54,66.36,0.001,0.1563,NOMINAL,-7.55
64,236,63,57.12,6.03,47.21,67.04,0.001,0.1319,NOMINAL,-5.88
64,237,62,56.33,6.09,46.3,66.35,0.001,0.166,NOMINAL,-5.67
64,238,61,55.42,6.13,45.33,65.51,0.001,0.2002,NOMINAL,-5.58
64,239,60,54.15,6.13,44.06,64.24,0.001,0.2827,NOMINAL,-5.85
64,240,59,50.26,6.06,40.29,60.23,0.001,0.5568,MONITOR,-8.74
64,241,58,53.69,6.13,43.6,63.78,0.001,0.318,NOMINAL,-4.31
64,242,57,50.6,6.05,40.65,60.55,0.001,0.5266,MONITOR,-6.4
64,243,56,49.56,6.05,39.61,59.5,0.001,0.607,MONITOR,-6.44
64,244,55,49.08,6.05,39.13,59.03,0.001,0.6333,MONITOR,-5.92
64,245,54,48.5,6.04,38.57,58.44,0.0011,0.6697,MONITOR,-5.5
64,246,53,48.5,6.04,38.57,58.44,0.0011,0.6697,MONITOR,-4.5
64,247,52,47.7,5.79,38.18,57.22,0.001,0.7118,MONITOR,-4.3
64,248,51,45.96,5.13,37.52,54.39,0.001,0.8145,WARNING,-5.04
64,249,50,47.85,5.61,38.62,57.08,0.001,0.7101,MONITOR,-2.15
64,250,49,44.93,4.96,36.78,53.08,0.001,0.8611,WARNING,-4.07
64,251,48,42.62,5.12,34.2,51.04,0.0012,0.922,WARNING,-5.38
64,252,47,41.51,5.35,32.71,50.3,0.0023,0.9359,WARNING,-5.49
64,253,46,41.41,5.15,32.94,49.88,0.0017,0.94,WARNING,-4.59
64,254,45,40.3,5.51,31.25,49.36,0.006,0.9473,WARNING,-4.7
64,255,44,39.83,5.57,30.67,48.99,0.0092,0.9512,WARNING,-4.17
64,256,43,36.52,5.44,27.58,45.47,0.0254,0.978,WARNING,-6.48
64,257,42,36.24,5.45,27.27,45.2,0.0257,0.9794,WARNING,-5.76
64,258,41,34.28,5.34,25.5,43.07,0.0284,0.9891,WARNING,-6.72
64,259,40,35.79,5.12,27.37,44.21,0.0252,0.9854,WARNING,-4.21
64,260,39,36.52,5.05,28.21,44.84,0.0233,0.9828,WARNING,-2.48
64,261,38,38.48,4.94,30.36,46.6,0.005,0.9715,WARNING,0.48
64,262,37,33.03,5.56,23.88,42.17,0.0367,0.9907,WARNING,-3.97
64,263,36,31.5,3.75,25.34,37.66,0.0253,0.9998,WARNING,-4.5
64,264,35,30.84,3.81,24.58,37.1,0.0261,0.9998,WARNING,-4.16
64,265,34,31.61,3.79,25.38,37.85,0.0253,0.9998,WARNING,-2.39
64,266,33,30.51,3.79,24.27,36.75,0.0263,0.9998,WARNING,-2.49
64,267,32,30.25,3.81,23.99,36.51,0.0276,0.9998,WARNING,-1.75
64,268,31,29.0,3.88,22.62,35.39,0.0379,0.9998,WARNING,-2.0
64,269,30,27.78,3.99,21.22,34.34,0.0574,0.9998,WARNING,-2.22
64,270,29,27.33,4.01,20.73,33.92,0.0645,0.9998,WARNING,-1.67
64,271,28,26.04,4.04,19.4,32.69,0.0958,0.9998,WARNING,-1.96
65,52,125,123.41,3.95,116.9,129.91,0.001,0.001,NOMINAL,-1.59
65,53,125,123.31,5.02,115.05,131.57,0.001,0.001,NOMINAL,-1.69
65,54,125,123.31,3.95,116.8,129.81,0.001,0.001,NOMINAL,-1.69
65,55,125,123.31,3.95,116.8,129.81,0.001,0.001,NOMINAL,-1.69
65,56,125,123.31,7.08,111.67,134.95,0.001,0.001,NOMINAL,-1.69
65,57,125,123.52,4.0,116.93,130.1,0.001,0.001,NOMINAL,-1.48
65,58,125,123.97,6.15,113.85,134.09,0.001,0.001,NOMINAL,-1.03
65,59,125,124.07,5.68,114.74,133.41,0.001,0.001,NOMINAL,-0.93
65,60,125,124.07,2.77,119.52,128.62,0.001,0.001,NOMINAL,-0.93
65,61,125,124.07,2.77,119.52,128.62,0.001,0.001,NOMINAL,-0.93
65,62,125,123.97,5.68,114.64,133.31,0.001,0.001,NOMINAL,-1.03
65,63,125,123.97,7.05,112.39,135.56,0.001,0.001,NOMINAL,-1.03
65,64,125,123.97,5.68,114.64,133.31,0.001,0.001,NOMINAL,-1.03
65,65,125,123.97,6.15,113.85,134.09,0.001,0.001,NOMINAL,-1.03
65,66,125,123.97,6.15,113.85,134.09,0.001,0.001,NOMINAL,-1.03
65,67,125,123.97,6.15,113.85,134.09,0.001,0.001,NOMINAL,-1.03
65,68,125,123.97,5.68,114.64,133.31,0.001,0.001,NOMINAL,-1.03
65,69,125,123.97,6.25,113.7,134.25,0.001,0.001,NOMINAL,-1.03
65,70,124,123.97,6.15,113.85,134.09,0.001,0.001,NOMINAL,-0.03
65,71,123,123.97,6.25,113.7,134.25,0.001,0.001,NOMINAL,0.97
65,72,122,123.97,6.25,113.7,134.25,0.001,0.001,NOMINAL,1.97
65,73,121,123.97,6.25,113.7,134.25,0.001,0.001,NOMINAL,2.97
65,74,120,123.52,7.93,110.47,136.56,0.001,0.001,NOMINAL,3.52
65,75,119,123.97,6.25,113.7,134.25,0.001,0.001,NOMINAL,4.97
65,76,118,123.78,7.49,111.46,136.11,0.001,0.001,NOMINAL,5.78
65,77,117,123.97,5.68,114.64,133.31,0.001,0.001,NOMINAL,6.97
65,78,116,123.97,5.68,114.64,133.31,0.001,0.001,NOMINAL,7.97
65,79,115,124.07,5.68,114.74,133.41,0.001,0.001,NOMINAL,9.07
66,52,125,116.03,11.49,97.12,134.93,0.001,0.001,NOMINAL,-8.97
66,53,125,115.77,11.55,96.77,134.77,0.001,0.001,NOMINAL,-9.23
66,54,125,115.92,11.55,96.91,134.92,0.001,0.001,NOMINAL,-9.08
66,55,125,113.9,11.46,95.05,132.76,0.001,0.001,NOMINAL,-11.1
66,56,125,113.97,11.67,94.78,133.16,0.001,0.001,NOMINAL,-11.03
66,57,125,116.05,11.6,96.98,135.13,0.001,0.001,NOMINAL,-8.95
66,58,125,115.27,11.54,96.29,134.25,0.001,0.001,NOMINAL,-9.73
66,59,125,110.56,12.52,89.97,131.15,0.001,0.001,NOMINAL,-14.44
66,60,125,108.14,12.52,87.54,128.73,0.001,0.0011,NOMINAL,-16.86
66,61,125,100.72,12.52,80.13,121.32,0.001,0.0021,NOMINAL,-24.28
66,62,125,98.63,12.21,78.54,118.72,0.001,0.0025,NOMINAL,-26.37
66,63,125,100.34,12.47,79.84,120.84,0.001,0.0022,NOMINAL,-24.66
66,64,125,107.74,12.52,87.15,128.34,0.001,0.0011,NOMINAL,-17.26
66,65,125,103.97,12.52,83.38,124.57,0.001,0.0014,NOMINAL,-21.03
66,66,125,98.47,11.75,79.14,117.79,0.001,0.0018,NOMINAL,-26.53
66,67,125,95.32,12.21,75.23,115.4,0.001,0.0056,NOMINAL,-29.68
66,68,125,98.73,12.52,78.13,119.32,0.001,0.0032,NOMINAL,-26.27
66,69,125,100.34,12.52,79.75,120.93,0.001,0.0023,NOMINAL,-24.66
66,70,125,94.56,11.75,75.23,113.89,0.001,0.0043,NOMINAL,-30.44
66,71,125,96.05,11.73,76.75,115.35,0.001,0.0029,NOMINAL,-28.95
66,72,125,94.32,11.73,75.02,113.62,0.001,0.0045,NOMINAL,-30.68
66,73,125,91.37,11.49,72.47,110.27,0.001,0.008,NOMINAL,-33.63
66,74,125,89.94,11.43,71.13,108.74,0.001,0.0115,NOMINAL,-35.06
66,75,125,87.72,11.43,68.92,106.52,0.001,0.0224,NOMINAL,-37.28
66,76,125,94.66,12.3,74.42,114.9,0.001,0.0073,NOMINAL,-30.34
66,77,125,100.4,12.52,79.81,121.0,0.001,0.0023,NOMINAL,-24.6
66,78,125,99.85,12.52,79.26,120.45,0.001,0.0025,NOMINAL,-25.15
66,79,125,108.53,12.52,87.93,129.12,0.001,0.0011,NOMINAL,-16.47
66,80,125,105.94,12.52,85.35,126.54,0.001,0.0012,NOMINAL,-19.06
66,81,125,110.12,12.52,89.53,130.72,0.001,0.001,NOMINAL,-14.88
66,82,125,109.66,12.52,89.06,130.25,0.001,0.001,NOMINAL,-15.34
66,83,125,110.47,12.52,89.88,131.07,0.001,0.001,NOMINAL,-14.53
66,84,125,110.1,12.52,89.5,130.69,0.001,0.001,NOMINAL,-14.9
66,85,124,109.1,12.52,88.5,129.69,0.001,0.0011,NOMINAL,-14.9
66,86,123,110.45,12.52,89.85,131.04,0.001,0.001,NOMINAL,-12.55
66,87,122,110.2,12.52,89.61,130.8,0.001,0.001,NOMINAL,-11.8
66,88,121,109.61,12.52,89.02,130.2,0.001,0.0011,NOMINAL,-11.39
66,89,120,110.16,12.52,89.56,130.75,0.001,0.001,NOMINAL,-9.84
66,90,119,108.66,12.52,88.07,129.26,0.001,0.0011,NOMINAL,-10.34
66,91,118,107.19,12.52,86.6,127.78,0.001,0.0011,NOMINAL,-10.81
66,92,117,104.8,12.52,84.21,125.4,0.001,0.0013,NOMINAL,-12.2
66,93,116,102.22,12.52,81.63,122.81,0.001,0.0017,NOMINAL,-13.78
66,94,115,109.83,12.52,89.24,130.43,0.001,0.001,NOMINAL,-5.17
66,95,114,116.09,12.52,95.5,136.68,0.001,0.001,NOMINAL,2.09
66,96,113,115.75,12.52,95.15,136.34,0.001,0.001,NOMINAL,2.75
66,97,112,115.75,12.52,95.15,136.34,0.001,0.001,NOMINAL,3.75
66,98,111,108.37,12.52,87.77,128.96,0.001,0.0011,NOMINAL,-2.63
66,99,110,112.41,12.52,91.82,133.01,0.001,0.001,NOMINAL,2.41
66,100,109,110.57,12.52,89.97,131.16,0.001,0.001,NOMINAL,1.57
66,101,108,110.39,12.52,89.79,130.98,0.001,0.001,NOMINAL,2.39
66,102,107,113.46,12.52,92.87,134.05,0.001,0.001,NOMINAL,6.46
66,103,106,114.62,12.52,94.03,135.22,0.001,0.001,NOMINAL,8.62
66,104,105,115.57,12.52,94.98,136.17,0.001,0.001,NOMINAL,10.57
66,105,104,109.02,12.52,88.42,129.61,0.001,0.0011,NOMINAL,5.02
66,106,103,106.15,12.21,86.07,126.24,0.001,0.0011,NOMINAL,3.15
66,107,102,108.11,12.52,87.51,128.7,0.001,0.0011,NOMINAL,6.11
66,108,101,107.03,12.52,86.44,127.63,0.001,0.0011,NOMINAL,6.03
66,109,100,116.26,12.52,95.66,136.85,0.001,0.001,NOMINAL,16.26
66,110,99,109.31,12.52,88.71,129.9,0.001,0.0011,NOMINAL,10.31
66,111,98,106.89,12.52,86.29,127.48,0.001,0.0011,NOMINAL,8.89
66,112,97,104.33,12.21,84.24,124.42,0.001,0.0012,NOMINAL,7.33
66,113,96,102.35,11.75,83.03,121.68,0.001,0.0012,NOMINAL,6.35
66,114,95,93.73,11.49,74.83,112.63,0.001,0.0041,NOMINAL,-1.27
66,115,94,95.1,11.43,76.3,113.9,0.001,0.0028,NOMINAL,1.1
66,116,93,91.02,11.41,72.25,109.79,0.001,0.0082,NOMINAL,-1.98
66,117,92,92.21,11.42,73.42,110.99,0.001,0.0059,NOMINAL,0.21
66,118,91,93.28,11.47,74.41,112.15,0.001,0.0046,NOMINAL,2.28
66,119,90,90.98,11.38,72.27,109.69,0.001,0.008,NOMINAL,0.98
66,120,89,87.47,11.38,68.76,106.18,0.001,0.0229,NOMINAL,-1.53
66,121,88,86.68,11.22,68.22,105.14,0.001,0.0233,NOMINAL,-1.32
66,122,87,97.89,12.22,77.8,117.98,0.001,0.003,NOMINAL,10.89
67,52,125,123.41,3.25,118.06,128.76,0.001,0.001,NOMINAL,-1.59
67,53,125,123.41,3.99,116.85,129.97,0.001,0.001,NOMINAL,-1.59
67,54,125,123.41,3.25,118.06,128.76,0.001,0.001,NOMINAL,-1.59
67,55,125,123.41,3.18,118.17,128.64,0.001,0.001,NOMINAL,-1.59
67,56,125,123.41,3.95,116.9,129.91,0.001,0.001,NOMINAL,-1.59
67,57,125,123.41,3.95,116.9,129.91,0.001,0.001,NOMINAL,-1.59
67,58,125,123.41,3.95,116.9,129.91,0.001,0.001,NOMINAL,-1.59
67,59,125,123.41,3.25,118.06,128.76,0.001,0.001,NOMINAL,-1.59
67,60,125,124.07,2.77,119.52,128.62,0.001,0.001,NOMINAL,-0.93
67,61,125,124.07,2.77,119.52,128.62,0.001,0.001,NOMINAL,-0.93
67,62,125,123.97,2.83,119.32,128.63,0.001,0.001,NOMINAL,-1.03
67,63,125,123.97,2.77,119.42,128.53,0.001,0.001,NOMINAL,-1.03
67,64,125,123.97,2.77,119.42,128.53,0.001,0.001,NOMINAL,-1.03
67,65,125,123.97,6.94,112.56,135.39,0.001,0.001,NOMINAL,-1.03
67,66,125,123.97,6.15,113.85,134.09,0.001,0.001,NOMINAL,-1.03
67,67,125,123.97,6.15,113.85,134.09,0.001,0.001,NOMINAL,-1.03
67,68,125,123.38,7.28,111.41,135.35,0.001,0.001,NOMINAL,-1.62
67,69,125,123.61,6.53,112.88,134.35,0.001,0.001,NOMINAL,-1.39
67,70,125,123.97,6.32,113.58,134.37,0.001,0.001,NOMINAL,-1.03
67,71,125,123.97,6.25,113.7,134.25,0.001,0.001,NOMINAL,-1.03
67,72,125,123.97,6.25,113.7,134.25,0.001,0.001,NOMINAL,-1.03
67,73,125,123.97,6.25,113.7,134.25,0.001,0.001,NOMINAL,-1.03
67,74,125,123.52,6.32,113.12,133.91,0.001,0.001,NOMINAL,-1.48
67,75,125,123.97,6.25,113.7,134.25,0.001,0.001,NOMINAL,-1.03
67,76,125,123.97,6.15,113.85,134.09,0.001,0.001,NOMINAL,-1.03
67,77,125,121.07,8.48,107.13,135.01,0.001,0.001,NOMINAL,-3.93
67,78,125,121.71,9.31,106.4,137.02,0.001,0.001,NOMINAL,-3.29
67,79,125,122.18,7.53,109.79,134.57,0.001,0.001,NOMINAL,-2.82
67,80,125,119.35,9.41,103.86,134.83,0.001,0.001,NOMINAL,-5.65
67,81,125,119.47,10.42,102.34,136.61,0.001,0.001,NOMINAL,-5.53
67,82,125,118.3,12.52,97.71,138.89,0.001,0.001,NOMINAL,-6.7
67,83,125,115.26,11.1,96.99,133.52,0.001,0.001,NOMINAL,-9.74
67,84,125,112.88,12.52,92.29,133.47,0.001,0.001,NOMINAL,-12.12
67,85,125,111.61,12.52,91.02,132.21,0.001,0.001,NOMINAL,-13.39
67,86,125,112.97,11.1,94.71,131.24,0.001,0.001,NOMINAL,-12.03
67,87,125,117.37,12.52,96.78,137.96,0.001,0.001,NOMINAL,-7.63
67,88,125,117.37,11.1,99.11,135.63,0.001,0.001,NOMINAL,-7.63
67,89,125,118.83,12.52,98.23,139.42,0.001,0.001,NOMINAL,-6.17
67,90,125,119.88,11.15,101.54,138.21,0.001,0.001,NOMINAL,-5.12
67,91,125,123.08,8.83,108.56,137.6,0.001,0.001,NOMINAL,-1.92
67,92,125,122.12,10.82,104.33,139.92,0.001,0.001,NOMINAL,-2.88
67,93,125,121.0,12.67,100.16,141.83,0.001,0.001,NOMINAL,-4.0
67,94,125,121.77,10.22,104.96,138.59,0.001,0.001,NOMINAL,-3.23
67,95,125,122.63,9.28,107.37,137.89,0.001,0.001,NOMINAL,-2.37
67,96,125,123.97,6.25,113.7,134.25,0.001,0.001,NOMINAL,-1.03
67,97,125,123.97,6.25,113.7,134.25,0.001,0.001,NOMINAL,-1.03
67,98,125,122.96,7.39,110.8,135.12,0.001,0.001,NOMINAL,-2.04
67,99,125,123.97,6.99,112.47,135.48,0.001,0.001,NOMINAL,-1.03
67,100,125,123.97,6.94,112.56,135.39,0.001,0.001,NOMINAL,-1.03
67,101,125,123.97,6.15,113.85,134.09,0.001,0.001,NOMINAL,-1.03
67,102,125,123.97,6.15,113.85,134.09,0.001,0.001,NOMINAL,-1.03
67,103,125,123.84,6.15,113.72,133.96,0.001,0.001,NOMINAL,-1.16
67,104,125,123.97,6.15,113.85,134.09,0.001,0.001,NOMINAL,-1.03
67,105,125,123.97,6.94,112.56,135.39,0.001,0.001,NOMINAL,-1.03
67,106,125,123.97,6.15,113.85,134.09,0.001,0.001,NOMINAL,-1.03
67,107,125,123.97,6.15,113.85,134.09,0.001,0.001,NOMINAL,-1.03
67,108,125,123.97,6.15,113.85,134.09,0.001,0.001,NOMINAL,-1.03
67,109,125,123.97,6.15,113.85,134.09,0.001,0.001,NOMINAL,-1.03
67,110,125,123.97,6.94,112.56,135.39,0.001,0.001,NOMINAL,-1.03
67,111,125,123.38,7.17,111.59,135.17,0.001,0.001,NOMINAL,-1.62
67,112,125,123.97,6.15,113.85,134.09,0.001,0.001,NOMINAL,-1.03
67,113,125,123.97,5.68,114.64,133.31,0.001,0.001,NOMINAL,-1.03
67,114,125,124.07,5.68,114.74,133.41,0.001,0.001,NOMINAL,-0.93
67,115,125,123.97,3.12,118.84,129.11,0.001,0.001,NOMINAL,-1.03
67,116,125,124.07,2.77,119.52,128.62,0.001,0.001,NOMINAL,-0.93
67,117,125,123.97,2.77,119.42,128.53,0.001,0.001,NOMINAL,-1.03
67,118,125,124.07,2.77,119.52,128.62,0.001,0.001,NOMINAL,-0.93
67,119,125,123.97,3.0,119.04,128.91,0.001,0.001,NOMINAL,-1.03
67,120,125,123.97,2.77,119.42,128.53,0.001,0.001,NOMINAL,-1.03
67,121,125,123.97,4.89,115.93,132.02,0.001,0.001,NOMINAL,-1.03
67,122,125,124.12,4.89,116.07,132.16,0.001,0.001,NOMINAL,-0.88
67,123,125,124.37,3.0,119.44,129.31,0.001,0.001,NOMINAL,-0.63
67,124,125,124.37,3.0,119.44,129.31,0.001,0.001,NOMINAL,-0.63
67,125,125,123.92,7.17,112.14,135.71,0.001,0.001,NOMINAL,-1.08
67,126,125,124.37,6.94,112.96,135.78,0.001,0.001,NOMINAL,-0.63
67,127,125,123.82,6.36,113.36,134.27,0.001,0.001,NOMINAL,-1.18
67,128,125,122.99,8.41,109.16,136.83,0.001,0.001,NOMINAL,-2.01
67,129,125,123.12,8.46,109.21,137.03,0.001,0.001,NOMINAL,-1.88
67,130,125,124.27,7.88,111.3,137.24,0.001,0.001,NOMINAL,-0.73
67,131,125,124.37,6.25,114.1,134.65,0.001,0.001,NOMINAL,-0.63
67,132,125,124.37,7.05,112.78,135.96,0.001,0.001,NOMINAL,-0.63
67,133,125,123.78,7.38,111.64,135.92,0.001,0.001,NOMINAL,-1.22
67,134,125,122.86,8.49,108.89,136.84,0.001,0.001,NOMINAL,-2.14
67,135,125,124.37,6.25,114.1,134.65,0.001,0.001,NOMINAL,-0.63
67,136,125,123.54,7.24,111.62,135.46,0.001,0.001,NOMINAL,-1.46
67,137,125,124.24,7.28,112.26,136.21,0.001,0.001,NOMINAL,-0.76
67,138,125,123.25,7.47,110.96,135.53,0.001,0.001,NOMINAL,-1.75
67,139,125,119.19,10.68,101.62,136.76,0.001,0.001,NOMINAL,-5.81
67,140,125,120.12,10.62,102.64,137.59,0.001,0.001,NOMINAL,-4.88
67,141,125,119.48,10.62,102.0,136.95,0.001,0.001,NOMINAL,-5.52
67,142,125,124.01,7.39,111.85,136.17,0.001,0.001,NOMINAL,-0.99
67,143,125,123.82,7.39,111.66,135.98,0.001,0.001,NOMINAL,-1.18
67,144,125,124.37,7.16,112.6,136.14,0.001,0.001,NOMINAL,-0.63
67,145,125,122.95,8.45,109.05,136.85,0.001,0.001,NOMINAL,-2.05
67,146,125,123.32,8.14,109.92,136.71,0.001,0.001,NOMINAL,-1.68
67,147,125,123.66,8.07,110.38,136.93,0.001,0.001,NOMINAL,-1.34
67,148,125,124.37,6.15,114.25,134.49,0.001,0.001,NOMINAL,-0.63
67,149,125,123.78,7.28,111.81,135.75,0.001,0.001,NOMINAL,-1.22
67,150,125,122.08,8.43,108.22,135.95,0.001,0.001,NOMINAL,-2.92
67,151,125,120.31,10.8,102.53,138.08,0.001,0.001,NOMINAL,-4.69
67,152,125,112.53,12.46,92.04,133.02,0.001,0.001,NOMINAL,-12.47
67,153,125,117.2,11.69,97.97,136.42,0.001,0.001,NOMINAL,-7.8
67,154,124,117.01,11.69,97.78,136.24,0.001,0.001,NOMINAL,-6.99
67,155,123,113.49,12.46,93.0,133.98,0.001,0.001,NOMINAL,-9.51
67,156,122,118.12,11.69,98.89,137.35,0.001,0.001,NOMINAL,-3.88
67,157,121,118.57,10.56,101.2,135.94,0.001,0.001,NOMINAL,-2.43
67,158,120,122.29,10.68,104.72,139.86,0.001,0.001,NOMINAL,2.29
67,159,119,122.29,9.47,106.71,137.88,0.001,0.001,NOMINAL,3.29
67,160,118,116.55,10.68,98.98,134.12,0.001,0.001,NOMINAL,-1.45
67,161,117,114.19,12.46,93.7,134.68,0.001,0.001,NOMINAL,-2.81
67,162,116,111.11,12.46,90.62,131.6,0.001,0.001,NOMINAL,-4.89
67,163,115,111.53,12.52,90.94,132.12,0.001,0.001,NOMINAL,-3.47
67,164,114,116.94,11.75,97.62,136.27,0.001,0.001,NOMINAL,2.94
67,165,113,114.38,12.46,93.89,134.87,0.001,0.001,NOMINAL,1.38
67,166,112,118.28,10.68,100.72,135.85,0.001,0.001,NOMINAL,6.28
67,167,111,111.14,12.38,90.79,131.5,0.001,0.001,NOMINAL,0.14
67,168,110,108.78,12.07,88.94,128.63,0.001,0.001,NOMINAL,-1.22
67,169,109,104.89,11.43,86.09,123.69,0.001,0.001,NOMINAL,-4.11
67,170,108,99.38,11.42,80.59,118.16,0.001,0.0013,NOMINAL,-8.62
67,171,107,98.64,11.42,79.86,117.43,0.001,0.0015,NOMINAL,-8.36
67,172,106,92.59,11.23,74.12,111.05,0.001,0.0043,NOMINAL,-13.41
67,173,105,90.9,10.88,73.0,108.79,0.001,0.0048,NOMINAL,-14.1
67,174,104,93.89,11.38,75.17,112.61,0.001,0.0035,NOMINAL,-10.11
67,175,103,92.7,10.85,74.85,110.55,0.001,0.0028,NOMINAL,-10.3
67,176,102,102.67,11.43,83.87,121.47,0.001,0.0011,NOMINAL,0.67
67,177,101,110.81,12.46,90.32,131.3,0.001,0.001,NOMINAL,9.81
67,178,100,112.38,12.46,91.89,132.87,0.001,0.001,NOMINAL,12.38
67,179,99,109.56,10.97,91.52,127.6,0.001,0.001,NOMINAL,10.56
67,180,98,101.14,11.42,82.35,119.92,0.001,0.0012,NOMINAL,3.14
67,181,97,98.39,11.42,79.61,117.18,0.001,0.0015,NOMINAL,1.39
67,182,96,101.04,11.38,82.32,119.76,0.001,0.0012,NOMINAL,5.04
67,183,95,104.54,11.38,85.82,123.26,0.001,0.001,NOMINAL,9.54
67,184,94,110.35,11.05,92.18,128.52,0.001,0.001,NOMINAL,16.35
67,185,93,102.0,11.45,83.16,120.84,0.001,0.0011,NOMINAL,9.0
67,186,92,99.54,11.38,80.82,118.26,0.001,0.0013,NOMINAL,7.54
68,52,125,124.47,2.63,120.15,128.79,0.001,0.001,NOMINAL,-0.53
68,53,125,124.47,2.61,120.18,128.76,0.001,0.001,NOMINAL,-0.53
68,54,125,124.47,2.61,120.18,128.76,0.001,0.001,NOMINAL,-0.53
68,55,125,124.47,2.61,120.18,128.76,0.001,0.001,NOMINAL,-0.53
68,56,125,124.47,2.61,120.18,128.76,0.001,0.001,NOMINAL,-0.53
68,57,125,124.47,2.61,120.18,128.76,0.001,0.001,NOMINAL,-0.53
68,58,125,124.47,2.61,120.18,128.76,0.001,0.001,NOMINAL,-0.53
68,59,125,124.47,2.61,120.18,128.76,0.001,0.001,NOMINAL,-0.53
68,60,125,124.47,2.61,120.18,128.76,0.001,0.001,NOMINAL,-0.53
68,61,125,124.47,2.61,120.18,128.76,0.001,0.001,NOMINAL,-0.53
68,62,125,124.47,2.61,120.18,128.76,0.001,0.001,NOMINAL,-0.53
68,63,125,124.47,2.61,120.18,128.76,0.001,0.001,NOMINAL,-0.53
68,64,125,124.47,2.61,120.18,128.76,0.001,0.001,NOMINAL,-0.53
68,65,125,124.47,2.61,120.18,128.76,0.001,0.001,NOMINAL,-0.53
68,66,125,124.47,2.61,120.18,128.76,0.001,0.001,NOMINAL,-0.53
68,67,125,124.47,2.61,120.18,128.76,0.001,0.001,NOMINAL,-0.53
68,68,125,124.47,2.63,120.15,128.79,0.001,0.001,NOMINAL,-0.53
68,69,125,124.47,2.61,120.18,128.76,0.001,0.001,NOMINAL,-0.53
68,70,125,124.47,2.61,120.18,128.76,0.001,0.001,NOMINAL,-0.53
68,71,125,124.47,2.61,120.18,128.76,0.001,0.001,NOMINAL,-0.53
68,72,125,124.47,2.61,120.18,128.76,0.001,0.001,NOMINAL,-0.53
68,73,125,124.47,2.61,120.18,128.76,0.001,0.001,NOMINAL,-0.53
68,74,125,124.47,2.61,120.18,128.76,0.001,0.001,NOMINAL,-0.53
68,75,125,124.47,2.61,120.18,128.76,0.001,0.001,NOMINAL,-0.53
68,76,125,124.47,2.61,120.18,128.76,0.001,0.001,NOMINAL,-0.53
68,77,125,124.47,2.61,120.18,128.76,0.001,0.001,NOMINAL,-0.53
68,78,125,124.47,2.61,120.18,128.76,0.001,0.001,NOMINAL,-0.53
68,79,125,124.47,2.61,120.18,128.76,0.001,0.001,NOMINAL,-0.53
68,80,125,124.47,2.61,120.18,128.76,0.001,0.001,NOMINAL,-0.53
68,81,125,124.47,2.61,120.18,128.76,0.001,0.001,NOMINAL,-0.53
68,82,125,124.47,2.61,120.18,128.76,0.001,0.001,NOMINAL,-0.53
68,83,125,124.47,2.61,120.18,128.76,0.001,0.001,NOMINAL,-0.53
68,84,125,124.47,2.61,120.18,128.76,0.001,0.001,NOMINAL,-0.53
68,85,125,124.47,2.61,120.18,128.76,0.001,0.001,NOMINAL,-0.53
68,86,125,124.47,2.61,120.18,128.76,0.001,0.001,NOMINAL,-0.53
68,87,125,124.47,2.61,120.18,128.76,0.001,0.001,NOMINAL,-0.53
68,88,125,124.47,2.61,120.18,128.76,0.001,0.001,NOMINAL,-0.53
68,89,125,124.47,2.61,120.18,128.76,0.001,0.001,NOMINAL,-0.53
68,90,125,124.47,2.61,120.18,128.76,0.001,0.001,NOMINAL,-0.53
68,91,125,124.47,2.61,120.18,128.76,0.001,0.001,NOMINAL,-0.53
68,92,125,124.47,2.61,120.18,128.76,0.001,0.001,NOMINAL,-0.53
68,93,125,124.47,2.61,120.18,128.76,0.001,0.001,NOMINAL,-0.53
68,94,125,124.47,2.61,120.18,128.76,0.001,0.001,NOMINAL,-0.53
68,95,125,124.47,2.61,120.18,128.76,0.001,0.001,NOMINAL,-0.53
68,96,125,124.47,2.61,120.18,128.76,0.001,0.001,NOMINAL,-0.53
68,97,125,124.47,2.61,120.18,128.76,0.001,0.001,NOMINAL,-0.53
68,98,125,124.47,2.61,120.18,128.76,0.001,0.001,NOMINAL,-0.53
68,99,125,124.47,2.61,120.18,128.76,0.001,0.001,NOMINAL,-0.53
68,100,125,124.47,2.61,120.18,128.76,0.001,0.001,NOMINAL,-0.53
68,101,125,124.47,2.61,120.18,128.76,0.001,0.001,NOMINAL,-0.53
68,102,125,124.47,2.61,120.18,128.76,0.001,0.001,NOMINAL,-0.53
68,103,125,124.47,2.61,120.18,128.76,0.001,0.001,NOMINAL,-0.53
68,104,125,124.47,2.61,120.18,128.76,0.001,0.001,NOMINAL,-0.53
68,105,125,124.47,2.61,120.18,128.76,0.001,0.001,NOMINAL,-0.53
68,106,125,124.47,2.61,120.18,128.76,0.001,0.001,NOMINAL,-0.53
68,107,125,124.47,2.61,120.18,128.76,0.001,0.001,NOMINAL,-0.53
68,108,125,124.47,2.61,120.18,128.76,0.001,0.001,NOMINAL,-0.53
68,109,125,124.47,2.61,120.18,128.76,0.001,0.001,NOMINAL,-0.53
68,110,125,124.12,5.9,114.41,133.83,0.001,0.001,NOMINAL,-0.88
68,111,125,124.47,5.39,115.6,133.34,0.001,0.001,NOMINAL,-0.53
68,112,125,124.12,3.8,117.86,130.37,0.001,0.001,NOMINAL,-0.88
68,113,125,123.39,6.63,112.48,134.29,0.001,0.001,NOMINAL,-1.61
68,114,125,124.12,6.5,113.42,134.81,0.001,0.001,NOMINAL,-0.88
68,115,125,123.93,6.63,113.02,134.83,0.001,0.001,NOMINAL,-1.07
68,116,125,123.39,6.72,112.34,134.43,0.001,0.001,NOMINAL,-1.61
68,117,125,123.67,6.72,112.62,134.72,0.001,0.001,NOMINAL,-1.33
68,118,125,123.39,6.72,112.34,134.43,0.001,0.001,NOMINAL,-1.61
68,119,125,124.12,6.42,113.56,134.67,0.001,0.001,NOMINAL,-0.88
68,120,125,124.25,5.9,114.54,133.96,0.001,0.001,NOMINAL,-0.75
68,121,125,121.74,6.69,110.74,132.73,0.001,0.001,NOMINAL,-3.26
68,122,125,124.12,6.5,113.42,134.81,0.001,0.001,NOMINAL,-0.88
68,123,125,120.09,6.79,108.92,131.26,0.001,0.001,NOMINAL,-4.91
68,124,125,124.12,6.42,113.56,134.67,0.001,0.001,NOMINAL,-0.88
68,125,125,124.12,6.42,113.56,134.67,0.001,0.001,NOMINAL,-0.88
68,126,125,124.12,5.9,114.41,133.83,0.001,0.001,NOMINAL,-0.88
68,127,125,124.47,2.61,120.18,128.76,0.001,0.001,NOMINAL,-0.53
68,128,125,124.25,4.16,117.41,131.1,0.001,0.001,NOMINAL,-0.75
68,129,125,124.12,5.9,114.41,133.83,0.001,0.001,NOMINAL,-0.88
68,130,125,124.47,2.61,120.18,128.76,0.001,0.001,NOMINAL,-0.53
68,131,125,124.12,5.9,114.41,133.83,0.001,0.001,NOMINAL,-0.88
68,132,125,124.47,5.9,114.76,134.18,0.001,0.001,NOMINAL,-0.53
68,133,125,124.12,6.42,113.56,134.67,0.001,0.001,NOMINAL,-0.88
68,134,125,124.12,6.42,113.56,134.67,0.001,0.001,NOMINAL,-0.88
68,135,125,124.25,5.9,114.54,133.96,0.001,0.001,NOMINAL,-0.75
68,136,125,124.47,5.39,115.6,133.34,0.001,0.001,NOMINAL,-0.53
68,137,125,124.12,6.42,113.56,134.67,0.001,0.001,NOMINAL,-0.88
68,138,125,123.93,6.1,113.89,133.96,0.001,0.001,NOMINAL,-1.07
68,139,125,124.47,2.61,120.18,128.76,0.001,0.001,NOMINAL,-0.53
68,140,125,124.47,2.61,120.18,128.76,0.001,0.001,NOMINAL,-0.53
68,141,125,122.93,6.72,111.88,133.98,0.001,0.001,NOMINAL,-2.07
68,142,125,124.12,5.9,114.41,133.83,0.001,0.001,NOMINAL,-0.88
68,143,125,124.12,5.9,114.41,133.83,0.001,0.001,NOMINAL,-0.88
68,144,125,124.12,5.9,114.41,133.83,0.001,0.001,NOMINAL,-0.88
68,145,125,124.12,5.9,114.41,133.83,0.001,0.001,NOMINAL,-0.88
68,146,125,120.08,6.78,108.92,131.24,0.001,0.001,NOMINAL,-4.92
68,147,125,123.72,6.42,113.17,134.28,0.001,0.001,NOMINAL,-1.28
68,148,125,124.12,5.9,114.41,133.83,0.001,0.001,NOMINAL,-0.88
68,149,125,123.86,6.42,113.31,134.42,0.001,0.001,NOMINAL,-1.14
68,150,125,124.47,2.61,120.18,128.76,0.001,0.001,NOMINAL,-0.53
68,151,125,124.25,4.16,117.41,131.1,0.001,0.001,NOMINAL,-0.75
68,152,125,124.45,2.85,119.76,129.14,0.001,0.001,NOMINAL,-0.55
68,153,125,124.12,5.9,114.41,133.83,0.001,0.001,NOMINAL,-0.88
68,154,125,124.12,5.9,114.41,133.83,0.001,0.001,NOMINAL,-0.88
68,155,125,124.45,5.9,114.74,134.16,0.001,0.001,NOMINAL,-0.55
68,156,125,124.12,5.9,114.41,133.83,0.001,0.001,NOMINAL,-0.88
68,157,125,124.25,5.9,114.54,133.96,0.001,0.001,NOMINAL,-0.75
68,158,125,124.47,5.9,114.76,134.18,0.001,0.001,NOMINAL,-0.53
68,159,125,124.12,5.9,114.41,133.83,0.001,0.001,NOMINAL,-0.88
68,160,125,123.93,6.53,113.18,134.67,0.001,0.001,NOMINAL,-1.07
68,161,125,124.47,2.61,120.18,128.76,0.001,0.001,NOMINAL,-0.53
68,162,125,123.72,7.27,111.76,135.68,0.001,0.001,NOMINAL,-1.28
68,163,125,123.86,6.91,112.49,135.23,0.001,0.001,NOMINAL,-1.14
68,164,125,123.42,6.79,112.26,134.58,0.001,0.001,NOMINAL,-1.58
68,165,125,123.67,7.36,111.56,135.77,0.001,0.001,NOMINAL,-1.33
68,166,125,122.63,8.21,109.12,136.13,0.001,0.001,NOMINAL,-2.37
68,167,124,122.99,8.21,109.48,136.49,0.001,0.001,NOMINAL,-1.01
68,168,123,123.27,8.21,109.77,136.78,0.001,0.001,NOMINAL,0.27
68,169,122,123.53,7.36,111.42,135.63,0.001,0.001,NOMINAL,1.53
68,170,121,123.58,7.36,111.48,135.69,0.001,0.001,NOMINAL,2.58
68,171,120,121.66,7.53,109.28,134.04,0.001,0.001,NOMINAL,1.66
68,172,119,122.82,8.21,109.31,136.33,0.001,0.001,NOMINAL,3.82
68,173,118,124.12,7.12,112.4,135.84,0.001,0.001,NOMINAL,6.12
68,174,117,122.82,7.53,110.43,135.21,0.001,0.001,NOMINAL,5.82
68,175,116,122.67,7.51,110.32,135.02,0.001,0.001,NOMINAL,6.67
68,176,115,115.53,9.43,100.02,131.05,0.001,0.001,NOMINAL,0.53
68,177,114,120.95,8.25,107.37,134.52,0.001,0.001,NOMINAL,6.95
68,178,113,110.84,10.42,93.7,127.98,0.001,0.001,NOMINAL,-2.16
68,179,112,117.68,9.47,102.1,133.25,0.001,0.001,NOMINAL,5.68
68,180,111,116.99,9.43,101.47,132.5,0.001,0.001,NOMINAL,5.99
68,181,110,113.49,9.52,97.83,129.15,0.001,0.001,NOMINAL,3.49
68,182,109,115.96,9.43,100.44,131.47,0.001,0.001,NOMINAL,6.96
68,183,108,109.11,11.1,90.84,127.37,0.001,0.001,NOMINAL,1.11
68,184,107,110.97,9.52,95.31,126.63,0.001,0.001,NOMINAL,3.97
68,185,106,114.22,9.52,98.56,129.88,0.001,0.001,NOMINAL,8.22
68,186,105,118.85,8.35,105.12,132.58,0.001,0.001,NOMINAL,13.85
68,187,104,116.69,9.39,101.25,132.13,0.001,0.001,NOMINAL,12.69
68,188,103,117.99,8.19,104.52,131.47,0.001,0.001,NOMINAL,14.99
69,52,125,123.31,6.73,112.24,134.38,0.001,0.001,NOMINAL,-1.69
69,53,125,123.31,6.73,112.24,134.38,0.001,0.001,NOMINAL,-1.69
69,54,125,122.18,9.76,106.13,138.23,0.001,0.001,NOMINAL,-2.82
69,55,125,122.18,9.68,106.25,138.11,0.001,0.001,NOMINAL,-2.82
69,56,125,122.39,8.29,108.75,136.03,0.001,0.001,NOMINAL,-2.61
69,57,125,122.39,8.46,108.47,136.31,0.001,0.001,NOMINAL,-2.61
69,58,125,122.2,9.31,106.88,137.51,0.001,0.001,NOMINAL,-2.8
69,59,125,120.89,10.74,103.24,138.55,0.001,0.001,NOMINAL,-4.11
69,60,125,118.79,11.15,100.46,137.13,0.001,0.001,NOMINAL,-6.21
69,61,125,119.58,11.15,101.24,137.91,0.001,0.001,NOMINAL,-5.42
69,62,125,119.24,11.15,100.91,137.58,0.001,0.001,NOMINAL,-5.76
69,63,125,120.18,11.15,101.85,138.52,0.001,0.001,NOMINAL,-4.82
69,64,125,118.74,11.1,100.48,137.01,0.001,0.001,NOMINAL,-6.26
69,65,125,116.26,11.1,98.0,134.53,0.001,0.001,NOMINAL,-8.74
69,66,125,116.26,11.1,98.0,134.53,0.001,0.001,NOMINAL,-8.74
69,67,125,120.14,11.15,101.8,138.47,0.001,0.001,NOMINAL,-4.86
69,68,125,116.26,11.1,98.0,134.53,0.001,0.001,NOMINAL,-8.74
69,69,125,115.42,11.1,97.16,133.69,0.001,0.001,NOMINAL,-9.58
69,70,125,119.19,10.79,101.44,136.94,0.001,0.001,NOMINAL,-5.81
69,71,125,117.42,11.1,99.16,135.69,0.001,0.001,NOMINAL,-7.58
69,72,125,119.77,10.79,102.02,137.52,0.001,0.001,NOMINAL,-5.23
69,73,125,120.95,8.5,106.97,134.93,0.001,0.001,NOMINAL,-4.05
69,74,125,121.57,10.77,103.85,139.29,0.001,0.001,NOMINAL,-3.43
69,75,125,121.81,10.77,104.09,139.53,0.001,0.001,NOMINAL,-3.19
69,76,125,121.39,11.13,103.09,139.69,0.001,0.001,NOMINAL,-3.61
69,77,125,121.62,11.13,103.32,139.92,0.001,0.001,NOMINAL,-3.38
69,78,125,121.38,11.18,103.0,139.76,0.001,0.001,NOMINAL,-3.62
69,79,125,122.25,8.49,108.29,136.21,0.001,0.001,NOMINAL,-2.75
69,80,125,123.13,8.2,109.63,136.62,0.001,0.001,NOMINAL,-1.87
69,81,124,123.32,7.94,110.26,136.38,0.001,0.001,NOMINAL,-0.68
69,82,123,122.13,8.77,107.71,136.56,0.001,0.001,NOMINAL,-0.87
69,83,122,123.52,7.14,111.78,135.25,0.001,0.001,NOMINAL,1.52
69,84,121,122.2,9.36,106.8,137.6,0.001,0.001,NOMINAL,1.2
69,85,120,123.32,7.97,110.22,136.42,0.001,0.001,NOMINAL,3.32
69,86,119,123.52,6.32,113.12,133.91,0.001,0.001,NOMINAL,4.52
69,87,118,123.97,6.15,113.85,134.09,0.001,0.001,NOMINAL,5.97
69,88,117,123.97,6.15,113.85,134.09,0.001,0.001,NOMINAL,6.97
69,89,116,123.97,6.15,113.85,134.09,0.001,0.001,NOMINAL,7.97
69,90,115,123.97,6.25,113.7,134.25,0.001,0.001,NOMINAL,8.97
69,91,114,123.97,6.15,113.85,134.09,0.001,0.001,NOMINAL,9.97
69,92,113,123.97,6.25,113.7,134.25,0.001,0.001,NOMINAL,10.97
69,93,112,123.97,7.72,111.27,136.67,0.001,0.001,NOMINAL,11.97
69,94,111,123.78,7.84,110.88,136.68,0.001,0.001,NOMINAL,12.78
69,95,110,123.97,4.34,116.84,131.11,0.001,0.001,NOMINAL,13.97
69,96,109,123.97,4.0,117.39,130.56,0.001,0.001,NOMINAL,14.97
69,97,108,123.97,6.15,113.85,134.09,0.001,0.001,NOMINAL,15.97
69,98,107,123.97,4.34,116.84,131.11,0.001,0.001,NOMINAL,16.97
69,99,106,123.97,3.0,119.04,128.91,0.001,0.001,NOMINAL,17.97
69,100,105,123.78,6.36,113.33,134.24,0.001,0.001,NOMINAL,18.78
69,101,104,122.21,8.59,108.07,136.34,0.001,0.001,NOMINAL,18.21
69,102,103,122.02,9.92,105.7,138.33,0.001,0.001,NOMINAL,19.02
69,103,102,122.49,7.74,109.75,135.22,0.001,0.001,NOMINAL,20.49
69,104,101,123.97,6.3,113.61,134.34,0.001,0.001,NOMINAL,22.97
69,105,100,123.97,6.25,113.7,134.25,0.001,0.001,NOMINAL,23.97
70,52,95,116.45,11.48,97.56,135.34,0.001,0.001,NOMINAL,21.45
70,53,94,116.56,11.42,97.77,135.34,0.001,0.001,NOMINAL,22.56
70,54,93,116.7,11.48,97.81,135.59,0.001,0.001,NOMINAL,23.7
70,55,92,116.62,11.25,98.11,135.12,0.001,0.001,NOMINAL,24.62
70,56,91,116.77,11.25,98.27,135.28,0.001,0.001,NOMINAL,25.77
70,57,90,116.62,10.44,99.45,133.78,0.001,0.001,NOMINAL,26.62
70,58,89,116.57,11.42,97.78,135.36,0.001,0.001,NOMINAL,27.57
70,59,88,116.11,11.59,97.05,135.17,0.001,0.001,NOMINAL,28.11
70,60,87,116.17,11.59,97.11,135.23,0.001,0.001,NOMINAL,29.17
70,61,86,116.27,11.59,97.21,135.33,0.001,0.001,NOMINAL,30.27
70,62,85,119.87,11.39,101.14,138.6,0.001,0.001,NOMINAL,34.87
70,63,84,116.74,12.67,95.91,137.57,0.001,0.001,NOMINAL,32.74
70,64,83,117.16,12.67,96.33,137.99,0.001,0.001,NOMINAL,34.16
70,65,82,111.41,12.52,90.82,132.01,0.001,0.001,NOMINAL,29.41
70,66,81,112.93,12.52,92.34,133.52,0.001,0.001,NOMINAL,31.93
70,67,80,113.66,12.52,93.06,134.25,0.001,0.001,NOMINAL,33.66
70,68,79,119.93,12.57,99.25,140.6,0.001,0.001,NOMINAL,40.93
70,69,78,120.72,12.57,100.04,141.39,0.001,0.001,NOMINAL,42.72
70,70,77,119.93,12.57,99.25,140.6,0.001,0.001,NOMINAL,42.93
70,71,76,117.34,12.52,96.74,137.93,0.001,0.001,NOMINAL,41.34
70,72,75,114.9,12.52,94.31,135.5,0.001,0.001,NOMINAL,39.9
70,73,74,115.24,12.52,94.64,135.83,0.001,0.001,NOMINAL,41.24
70,74,73,110.01,12.52,89.41,130.6,0.001,0.001,NOMINAL,37.01
70,75,72,110.6,12.52,90.0,131.19,0.001,0.001,NOMINAL,38.6
70,76,71,111.56,12.52,90.96,132.15,0.001,0.001,NOMINAL,40.56
70,77,70,115.36,12.52,94.77,135.96,0.001,0.001,NOMINAL,45.36
70,78,69,103.62,11.75,84.29,122.94,0.001,0.0011,NOMINAL,34.62
70,79,68,112.36,12.52,91.77,132.96,0.001,0.001,NOMINAL,44.36
70,80,67,89.45,11.49,70.55,108.35,0.001,0.0142,NOMINAL,22.45
70,81,66,92.95,11.49,74.05,111.85,0.001,0.0051,NOMINAL,26.95
70,82,65,88.19,11.43,69.39,106.99,0.001,0.0195,NOMINAL,23.19
70,83,64,87.74,11.48,68.85,106.62,0.001,0.0232,NOMINAL,23.74
70,84,63,84.59,11.23,66.13,103.06,0.001,0.0253,NOMINAL,21.59
71,52,125,123.43,2.77,118.88,127.99,0.001,0.001,NOMINAL,-1.57
71,53,125,123.61,2.77,119.06,128.17,0.001,0.001,NOMINAL,-1.39
71,54,125,123.61,4.0,117.03,130.2,0.001,0.001,NOMINAL,-1.39
71,55,125,123.61,2.77,119.06,128.17,0.001,0.001,NOMINAL,-1.39
71,56,125,123.61,2.77,119.06,128.17,0.001,0.001,NOMINAL,-1.39
71,57,125,123.61,2.77,119.06,128.17,0.001,0.001,NOMINAL,-1.39
71,58,125,123.61,2.77,119.06,128.17,0.001,0.001,NOMINAL,-1.39
71,59,125,123.61,2.77,119.06,128.17,0.001,0.001,NOMINAL,-1.39
71,60,125,124.07,2.77,119.52,128.62,0.001,0.001,NOMINAL,-0.93
71,61,125,123.61,2.77,119.06,128.17,0.001,0.001,NOMINAL,-1.39
71,62,125,124.07,2.77,119.52,128.62,0.001,0.001,NOMINAL,-0.93
71,63,125,124.07,2.77,119.52,128.62,0.001,0.001,NOMINAL,-0.93
71,64,125,124.07,2.77,119.52,128.62,0.001,0.001,NOMINAL,-0.93
71,65,125,124.07,2.77,119.52,128.62,0.001,0.001,NOMINAL,-0.93
71,66,125,124.07,2.77,119.52,128.62,0.001,0.001,NOMINAL,-0.93
71,67,125,124.07,2.77,119.52,128.62,0.001,0.001,NOMINAL,-0.93
71,68,125,124.07,2.77,119.52,128.62,0.001,0.001,NOMINAL,-0.93
71,69,125,124.07,2.77,119.52,128.62,0.001,0.001,NOMINAL,-0.93
71,70,125,124.07,2.77,119.52,128.62,0.001,0.001,NOMINAL,-0.93
71,71,125,124.07,2.77,119.52,128.62,0.001,0.001,NOMINAL,-0.93
71,72,125,124.07,2.77,119.52,128.62,0.001,0.001,NOMINAL,-0.93
71,73,125,124.07,2.77,119.52,128.62,0.001,0.001,NOMINAL,-0.93
71,74,125,124.07,2.77,119.52,128.62,0.001,0.001,NOMINAL,-0.93
71,75,125,124.07,2.77,119.52,128.62,0.001,0.001,NOMINAL,-0.93
71,76,125,124.07,2.77,119.52,128.62,0.001,0.001,NOMINAL,-0.93
71,77,125,124.07,2.77,119.52,128.62,0.001,0.001,NOMINAL,-0.93
71,78,125,124.07,2.77,119.52,128.62,0.001,0.001,NOMINAL,-0.93
71,79,125,124.07,2.77,119.52,128.62,0.001,0.001,NOMINAL,-0.93
71,80,125,124.07,2.77,119.52,128.62,0.001,0.001,NOMINAL,-0.93
71,81,125,124.07,2.77,119.52,128.62,0.001,0.001,NOMINAL,-0.93
71,82,125,124.07,2.77,119.52,128.62,0.001,0.001,NOMINAL,-0.93
71,83,125,124.07,2.77,119.52,128.62,0.001,0.001,NOMINAL,-0.93
71,84,125,124.07,2.77,119.52,128.62,0.001,0.001,NOMINAL,-0.93
71,85,125,124.07,2.77,119.52,128.62,0.001,0.001,NOMINAL,-0.93
71,86,125,124.07,2.77,119.52,128.62,0.001,0.001,NOMINAL,-0.93
71,87,125,124.07,2.77,119.52,128.62,0.001,0.001,NOMINAL,-0.93
71,88,125,124.07,2.77,119.52,128.62,0.001,0.001,NOMINAL,-0.93
71,89,125,124.07,2.77,119.52,128.62,0.001,0.001,NOMINAL,-0.93
71,90,125,124.07,2.77,119.52,128.62,0.001,0.001,NOMINAL,-0.93
71,91,125,124.07,2.77,119.52,128.62,0.001,0.001,NOMINAL,-0.93
71,92,125,124.07,2.77,119.52,128.62,0.001,0.001,NOMINAL,-0.93
71,93,125,124.07,2.77,119.52,128.62,0.001,0.001,NOMINAL,-0.93
71,94,125,124.07,2.77,119.52,128.62,0.001,0.001,NOMINAL,-0.93
71,95,125,124.07,2.77,119.52,128.62,0.001,0.001,NOMINAL,-0.93
71,96,125,124.07,2.77,119.52,128.62,0.001,0.001,NOMINAL,-0.93
71,97,125,124.07,2.77,119.52,128.62,0.001,0.001,NOMINAL,-0.93
71,98,125,124.07,2.77,119.52,128.62,0.001,0.001,NOMINAL,-0.93
71,99,125,124.07,2.77,119.52,128.62,0.001,0.001,NOMINAL,-0.93
71,100,125,124.07,2.77,119.52,128.62,0.001,0.001,NOMINAL,-0.93
71,101,125,124.07,2.77,119.52,128.62,0.001,0.001,NOMINAL,-0.93
71,102,125,124.07,2.77,119.52,128.62,0.001,0.001,NOMINAL,-0.93
71,103,125,124.07,2.77,119.52,128.62,0.001,0.001,NOMINAL,-0.93
71,104,125,124.07,2.77,119.52,128.62,0.001,0.001,NOMINAL,-0.93
71,105,125,124.07,2.77,119.52,128.62,0.001,0.001,NOMINAL,-0.93
71,106,125,124.07,2.77,119.52,128.62,0.001,0.001,NOMINAL,-0.93
71,107,125,124.07,2.77,119.52,128.62,0.001,0.001,NOMINAL,-0.93
71,108,125,124.07,2.77,119.52,128.62,0.001,0.001,NOMINAL,-0.93
71,109,125,124.07,2.77,119.52,128.62,0.001,0.001,NOMINAL,-0.93
71,110,125,124.07,2.77,119.52,128.62,0.001,0.001,NOMINAL,-0.93
71,111,125,124.07,2.77,119.52,128.62,0.001,0.001,NOMINAL,-0.93
71,112,125,124.07,2.77,119.52,128.62,0.001,0.001,NOMINAL,-0.93
71,113,125,124.07,2.77,119.52,128.62,0.001,0.001,NOMINAL,-0.93
71,114,125,124.07,2.77,119.52,128.62,0.001,0.001,NOMINAL,-0.93
71,115,125,124.07,2.77,119.52,128.62,0.001,0.001,NOMINAL,-0.93
71,116,125,124.07,2.77,119.52,128.62,0.001,0.001,NOMINAL,-0.93
71,117,125,124.07,2.77,119.52,128.62,0.001,0.001,NOMINAL,-0.93
71,118,125,124.07,2.77,119.52,128.62,0.001,0.001,NOMINAL,-0.93
71,119,125,124.07,2.77,119.52,128.62,0.001,0.001,NOMINAL,-0.93
71,120,125,124.07,2.77,119.52,128.62,0.001,0.001,NOMINAL,-0.93
71,121,125,124.07,2.77,119.52,128.62,0.001,0.001,NOMINAL,-0.93
71,122,125,124.07,2.77,119.52,128.62,0.001,0.001,NOMINAL,-0.93
71,123,125,124.07,2.77,119.52,128.62,0.001,0.001,NOMINAL,-0.93
71,124,125,124.21,2.77,119.66,128.77,0.001,0.001,NOMINAL,-0.79
71,125,125,124.21,2.77,119.66,128.77,0.001,0.001,NOMINAL,-0.79
71,126,125,124.47,2.77,119.92,129.02,0.001,0.001,NOMINAL,-0.53
71,127,125,123.97,2.77,119.42,128.53,0.001,0.001,NOMINAL,-1.03
71,128,125,124.21,2.77,119.66,128.77,0.001,0.001,NOMINAL,-0.79
71,129,125,124.07,2.77,119.52,128.62,0.001,0.001,NOMINAL,-0.93
71,130,125,124.21,2.77,119.66,128.77,0.001,0.001,NOMINAL,-0.79
71,131,125,124.21,2.77,119.66,128.77,0.001,0.001,NOMINAL,-0.79
71,132,125,124.21,2.77,119.66,128.77,0.001,0.001,NOMINAL,-0.79
71,133,125,124.07,2.77,119.52,128.62,0.001,0.001,NOMINAL,-0.93
71,134,125,124.07,2.77,119.52,128.62,0.001,0.001,NOMINAL,-0.93
71,135,125,124.07,2.77,119.52,128.62,0.001,0.001,NOMINAL,-0.93
71,136,125,124.07,2.77,119.52,128.62,0.001,0.001,NOMINAL,-0.93
71,137,125,124.07,2.77,119.52,128.62,0.001,0.001,NOMINAL,-0.93
71,138,125,124.07,2.77,119.52,128.62,0.001,0.001,NOMINAL,-0.93
71,139,125,124.07,2.77,119.52,128.62,0.001,0.001,NOMINAL,-0.93
71,140,125,124.07,2.77,119.52,128.62,0.001,0.001,NOMINAL,-0.93
71,141,125,124.21,2.77,119.66,128.77,0.001,0.001,NOMINAL,-0.79
71,142,125,124.21,2.77,119.66,128.77,0.001,0.001,NOMINAL,-0.79
71,143,125,124.21,2.77,119.66,128.77,0.001,0.001,NOMINAL,-0.79
71,144,125,124.47,2.77,119.92,129.02,0.001,0.001,NOMINAL,-0.53
71,145,125,124.47,2.77,119.92,129.02,0.001,0.001,NOMINAL,-0.53
71,146,125,124.21,2.77,119.66,128.77,0.001,0.001,NOMINAL,-0.79
71,147,125,124.21,2.77,119.66,128.77,0.001,0.001,NOMINAL,-0.79
71,148,125,124.47,2.77,119.92,129.02,0.001,0.001,NOMINAL,-0.53
71,149,125,124.21,2.77,119.66,128.77,0.001,0.001,NOMINAL,-0.79
71,150,125,124.21,2.77,119.66,128.77,0.001,0.001,NOMINAL,-0.79
71,151,125,124.47,2.77,119.92,129.02,0.001,0.001,NOMINAL,-0.53
71,152,125,124.21,2.77,119.66,128.77,0.001,0.001,NOMINAL,-0.79
71,153,125,124.37,2.77,119.82,128.93,0.001,0.001,NOMINAL,-0.63
71,154,125,124.12,3.0,119.18,129.05,0.001,0.001,NOMINAL,-0.88
71,155,125,124.12,4.34,116.98,131.25,0.001,0.001,NOMINAL,-0.88
71,156,125,124.12,4.34,116.98,131.25,0.001,0.001,NOMINAL,-0.88
71,157,125,123.97,3.0,119.04,128.91,0.001,0.001,NOMINAL,-1.03
71,158,125,123.97,4.34,116.84,131.11,0.001,0.001,NOMINAL,-1.03
71,159,125,124.07,4.0,117.49,130.66,0.001,0.001,NOMINAL,-0.93
71,160,125,124.07,4.0,117.49,130.66,0.001,0.001,NOMINAL,-0.93
71,161,125,124.07,2.77,119.52,128.62,0.001,0.001,NOMINAL,-0.93
71,162,125,124.07,2.77,119.52,128.62,0.001,0.001,NOMINAL,-0.93
71,163,125,124.07,2.77,119.52,128.62,0.001,0.001,NOMINAL,-0.93
71,164,125,124.07,2.77,119.52,128.62,0.001,0.001,NOMINAL,-0.93
71,165,125,124.21,2.77,119.66,128.77,0.001,0.001,NOMINAL,-0.79
71,166,125,124.21,2.77,119.66,128.77,0.001,0.001,NOMINAL,-0.79
71,167,125,124.47,2.77,119.92,129.02,0.001,0.001,NOMINAL,-0.53
71,168,125,124.21,2.77,119.66,128.77,0.001,0.001,NOMINAL,-0.79
71,169,125,124.47,2.77,119.92,129.02,0.001,0.001,NOMINAL,-0.53
71,170,125,124.47,2.77,119.92,129.02,0.001,0.001,NOMINAL,-0.53
71,171,125,124.47,2.77,119.92,129.02,0.001,0.001,NOMINAL,-0.53
71,172,125,124.47,2.77,119.92,129.02,0.001,0.001,NOMINAL,-0.53
71,173,125,124.47,2.77,119.92,129.02,0.001,0.001,NOMINAL,-0.53
71,174,125,124.47,2.77,119.92,129.02,0.001,0.001,NOMINAL,-0.53
71,175,125,124.47,2.77,119.92,129.02,0.001,0.001,NOMINAL,-0.53
71,176,125,124.47,2.77,119.92,129.02,0.001,0.001,NOMINAL,-0.53
71,177,125,124.47,2.77,119.92,129.02,0.001,0.001,NOMINAL,-0.53
71,178,125,124.47,2.77,119.92,129.02,0.001,0.001,NOMINAL,-0.53
71,179,125,124.47,2.77,119.92,129.02,0.001,0.001,NOMINAL,-0.53
71,180,125,124.47,2.77,119.92,129.02,0.001,0.001,NOMINAL,-0.53
71,181,125,124.47,2.77,119.92,129.02,0.001,0.001,NOMINAL,-0.53
71,182,125,124.47,2.77,119.92,129.02,0.001,0.001,NOMINAL,-0.53
71,183,125,124.47,2.77,119.92,129.02,0.001,0.001,NOMINAL,-0.53
71,184,125,124.37,2.77,119.82,128.93,0.001,0.001,NOMINAL,-0.63
71,185,125,124.37,2.77,119.82,128.93,0.001,0.001,NOMINAL,-0.63
71,186,125,124.18,3.1,119.08,129.28,0.001,0.001,NOMINAL,-0.82
71,187,125,124.37,3.0,119.44,129.31,0.001,0.001,NOMINAL,-0.63
71,188,125,124.37,6.15,114.25,134.49,0.001,0.001,NOMINAL,-0.63
71,189,125,124.37,6.15,114.25,134.49,0.001,0.001,NOMINAL,-0.63
71,190,125,124.37,4.0,117.79,130.96,0.001,0.001,NOMINAL,-0.63
71,191,125,124.47,2.77,119.92,129.02,0.001,0.001,NOMINAL,-0.53
71,192,125,124.47,2.77,119.92,129.02,0.001,0.001,NOMINAL,-0.53
71,193,125,124.47,2.77,119.92,129.02,0.001,0.001,NOMINAL,-0.53
71,194,125,124.47,2.77,119.92,129.02,0.001,0.001,NOMINAL,-0.53
71,195,125,124.47,2.77,119.92,129.02,0.001,0.001,NOMINAL,-0.53
71,196,125,124.47,2.77,119.92,129.02,0.001,0.001,NOMINAL,-0.53
71,197,125,124.47,2.77,119.92,129.02,0.001,0.001,NOMINAL,-0.53
71,198,125,124.47,2.77,119.92,129.02,0.001,0.001,NOMINAL,-0.53
71,199,125,124.47,2.77,119.92,129.02,0.001,0.001,NOMINAL,-0.53
71,200,125,124.47,2.77,119.92,129.02,0.001,0.001,NOMINAL,-0.53
71,201,125,124.47,2.77,119.92,129.02,0.001,0.001,NOMINAL,-0.53
71,202,125,124.47,2.77,119.92,129.02,0.001,0.001,NOMINAL,-0.53
71,203,125,124.47,2.77,119.92,129.02,0.001,0.001,NOMINAL,-0.53
71,204,125,124.47,3.12,119.34,129.6,0.001,0.001,NOMINAL,-0.53
71,205,125,124.47,2.77,119.92,129.02,0.001,0.001,NOMINAL,-0.53
71,206,125,124.47,2.77,119.92,129.02,0.001,0.001,NOMINAL,-0.53
71,207,125,124.47,2.77,119.92,129.02,0.001,0.001,NOMINAL,-0.53
71,208,125,124.47,2.77,119.92,129.02,0.001,0.001,NOMINAL,-0.53
71,209,125,124.47,2.77,119.92,129.02,0.001,0.001,NOMINAL,-0.53
71,210,125,124.47,2.77,119.92,129.02,0.001,0.001,NOMINAL,-0.53
71,211,125,124.47,2.77,119.92,129.02,0.001,0.001,NOMINAL,-0.53
71,212,125,124.47,2.77,119.92,129.02,0.001,0.001,NOMINAL,-0.53
71,213,125,124.47,2.77,119.92,129.02,0.001,0.001,NOMINAL,-0.53
71,214,125,124.47,2.77,119.92,129.02,0.001,0.001,NOMINAL,-0.53
71,215,125,124.47,2.77,119.92,129.02,0.001,0.001,NOMINAL,-0.53
71,216,125,124.47,2.77,119.92,129.02,0.001,0.001,NOMINAL,-0.53
71,217,125,124.47,2.77,119.92,129.02,0.001,0.001,NOMINAL,-0.53
71,218,125,124.47,2.77,119.92,129.02,0.001,0.001,NOMINAL,-0.53
71,219,125,124.47,2.77,119.92,129.02,0.001,0.001,NOMINAL,-0.53
71,220,125,124.47,2.77,119.92,129.02,0.001,0.001,NOMINAL,-0.53
71,221,125,124.47,2.77,119.92,129.02,0.001,0.001,NOMINAL,-0.53
71,222,125,124.47,2.77,119.92,129.02,0.001,0.001,NOMINAL,-0.53
71,223,125,124.47,2.77,119.92,129.02,0.001,0.001,NOMINAL,-0.53
71,224,125,124.47,2.77,119.92,129.02,0.001,0.001,NOMINAL,-0.53
71,225,125,124.47,2.77,119.92,129.02,0.001,0.001,NOMINAL,-0.53
71,226,125,124.47,2.77,119.92,129.02,0.001,0.001,NOMINAL,-0.53
71,227,125,124.47,2.77,119.92,129.02,0.001,0.001,NOMINAL,-0.53
71,228,125,124.47,2.77,119.92,129.02,0.001,0.001,NOMINAL,-0.53
71,229,125,124.47,2.77,119.92,129.02,0.001,0.001,NOMINAL,-0.53
71,230,125,124.47,2.77,119.92,129.02,0.001,0.001,NOMINAL,-0.53
71,231,125,124.37,2.77,119.82,128.93,0.001,0.001,NOMINAL,-0.63
71,232,125,124.37,3.38,118.81,129.94,0.001,0.001,NOMINAL,-0.63
71,233,125,124.37,2.77,119.82,128.93,0.001,0.001,NOMINAL,-0.63
71,234,125,124.37,2.77,119.82,128.93,0.001,0.001,NOMINAL,-0.63
71,235,125,124.47,2.77,119.92,129.02,0.001,0.001,NOMINAL,-0.53
71,236,125,124.37,2.77,119.82,128.93,0.001,0.001,NOMINAL,-0.63
71,237,125,124.47,2.77,119.92,129.02,0.001,0.001,NOMINAL,-0.53
71,238,125,124.47,2.77,119.92,129.02,0.001,0.001,NOMINAL,-0.53
71,239,125,124.37,2.77,119.82,128.93,0.001,0.001,NOMINAL,-0.63
71,240,125,124.37,3.38,118.81,129.94,0.001,0.001,NOMINAL,-0.63
71,241,125,124.37,3.0,119.44,129.31,0.001,0.001,NOMINAL,-0.63
71,242,125,124.37,2.77,119.82,128.93,0.001,0.001,NOMINAL,-0.63
71,243,125,124.24,4.34,117.1,131.37,0.001,0.001,NOMINAL,-0.76
71,244,125,124.18,4.48,116.81,131.55,0.001,0.001,NOMINAL,-0.82
71,245,125,124.37,4.34,117.24,131.51,0.001,0.001,NOMINAL,-0.63
71,246,125,124.37,4.34,117.24,131.51,0.001,0.001,NOMINAL,-0.63
71,247,125,124.37,2.77,119.82,128.93,0.001,0.001,NOMINAL,-0.63
71,248,125,124.37,6.15,114.25,134.49,0.001,0.001,NOMINAL,-0.63
71,249,125,124.37,2.77,119.82,128.93,0.001,0.001,NOMINAL,-0.63
71,250,125,124.37,4.34,117.24,131.51,0.001,0.001,NOMINAL,-0.63
71,251,125,124.37,3.0,119.44,129.31,0.001,0.001,NOMINAL,-0.63
71,252,125,123.78,4.48,116.41,131.15,0.001,0.001,NOMINAL,-1.22
71,253,125,123.78,5.05,115.47,132.09,0.001,0.001,NOMINAL,-1.22
71,254,125,123.43,6.47,112.79,134.07,0.001,0.001,NOMINAL,-1.57
71,255,125,122.01,7.52,109.65,134.38,0.001,0.001,NOMINAL,-2.99
71,256,125,123.19,7.5,110.86,135.53,0.001,0.001,NOMINAL,-1.81
71,257,125,123.68,7.39,111.52,135.84,0.001,0.001,NOMINAL,-1.32
71,258,125,123.12,8.42,109.27,136.97,0.001,0.001,NOMINAL,-1.88
71,259,125,123.58,7.39,111.42,135.74,0.001,0.001,NOMINAL,-1.42
71,260,125,122.03,7.55,109.61,134.45,0.001,0.001,NOMINAL,-2.97
71,261,125,124.01,8.34,110.3,137.72,0.001,0.001,NOMINAL,-0.99
71,262,125,119.87,10.71,102.25,137.48,0.001,0.001,NOMINAL,-5.13
71,263,125,121.16,7.55,108.74,133.58,0.001,0.001,NOMINAL,-3.84
71,264,125,120.77,9.79,104.66,136.87,0.001,0.001,NOMINAL,-4.23
71,265,125,117.03,10.68,99.46,134.6,0.001,0.001,NOMINAL,-7.97
71,266,125,118.16,9.47,102.58,133.74,0.001,0.001,NOMINAL,-6.84
71,267,125,111.08,11.43,92.28,129.88,0.001,0.001,NOMINAL,-13.92
71,268,125,109.08,11.43,90.28,127.88,0.001,0.001,NOMINAL,-15.92
71,269,125,109.63,11.43,90.83,128.43,0.001,0.001,NOMINAL,-15.37
71,270,125,101.18,11.42,82.39,119.96,0.001,0.0012,NOMINAL,-23.82
71,271,125,98.71,11.42,79.92,117.49,0.001,0.0015,NOMINAL,-26.29
71,272,125,102.3,11.42,83.51,121.08,0.001,0.0011,NOMINAL,-22.7
71,273,125,105.55,11.38,86.83,124.27,0.001,0.001,NOMINAL,-19.45
71,274,125,105.55,11.38,86.83,124.27,0.001,0.001,NOMINAL,-19.45
71,275,125,109.07,12.03,89.28,128.85,0.001,0.001,NOMINAL,-15.93
71,276,125,107.83,11.38,89.11,126.55,0.001,0.001,NOMINAL,-17.17
71,277,125,105.93,11.38,87.21,124.65,0.001,0.001,NOMINAL,-19.07
71,278,124,106.24,11.51,87.31,125.16,0.001,0.001,NOMINAL,-17.76
71,279,123,106.68,11.86,87.17,126.19,0.001,0.001,NOMINAL,-16.32
71,280,122,106.87,11.38,88.15,125.59,0.001,0.001,NOMINAL,-15.13
71,281,121,94.92,11.24,76.43,113.4,0.001,0.0024,NOMINAL,-26.08
71,282,120,101.59,11.38,82.87,120.31,0.001,0.0011,NOMINAL,-18.41
71,283,119,110.84,12.28,90.65,131.04,0.001,0.001,NOMINAL,-8.16
71,284,118,108.58,12.4,88.18,128.98,0.001,0.0011,NOMINAL,-9.42
71,285,117,99.53,11.38,80.81,118.25,0.001,0.0013,NOMINAL,-17.47
71,286,116,96.65,11.41,77.88,115.42,0.001,0.002,NOMINAL,-19.35
71,287,115,100.89,11.42,82.1,119.67,0.001,0.0012,NOMINAL,-14.11
71,288,114,98.57,11.4,79.82,117.32,0.001,0.0015,NOMINAL,-15.43
71,289,113,102.18,11.38,83.46,120.89,0.001,0.0011,NOMINAL,-10.82
71,290,112,94.13,10.95,76.12,112.14,0.001,0.0022,NOMINAL,-17.87
71,291,111,92.84,10.69,75.26,110.42,0.001,0.0024,NOMINAL,-18.16
71,292,110,92.44,10.83,74.63,110.25,0.001,0.003,NOMINAL,-17.56
71,293,109,96.24,11.32,77.63,114.86,0.001,0.002,NOMINAL,-12.76
71,294,108,93.29,10.95,75.28,111.29,0.001,0.0027,NOMINAL,-14.71
71,295,107,93.89,11.23,75.43,112.36,0.001,0.0031,NOMINAL,-13.11
71,296,106,95.08,11.32,76.47,113.69,0.001,0.0025,NOMINAL,-10.92
71,297,105,92.27,10.68,74.7,109.84,0.001,0.0027,NOMINAL,-12.73
71,298,104,92.41,10.69,74.82,109.99,0.001,0.0026,NOMINAL,-11.59
71,299,103,89.46,10.64,71.96,106.97,0.001,0.0056,NOMINAL,-13.54
71,300,102,89.46,10.65,71.95,106.98,0.001,0.0057,NOMINAL,-12.54
71,301,101,89.0,10.61,71.54,106.45,0.001,0.0063,NOMINAL,-12.0
71,302,100,84.09,10.35,67.07,101.11,0.001,0.0229,NOMINAL,-15.91
71,303,99,84.5,10.27,67.61,101.4,0.001,0.0183,NOMINAL,-14.5
71,304,98,82.3,9.25,67.09,97.51,0.001,0.0116,NOMINAL,-15.7
71,305,97,84.64,10.35,67.62,101.66,0.001,0.0191,NOMINAL,-12.36
71,306,96,83.36,10.06,66.81,99.91,0.001,0.0212,NOMINAL,-12.64
71,307,95,84.78,10.27,67.89,101.68,0.001,0.0167,NOMINAL,-10.22
71,308,94,87.4,10.41,70.28,104.51,0.001,0.0082,NOMINAL,-6.6
71,309,93,91.78,11.01,73.67,109.9,0.001,0.0043,NOMINAL,-1.22
71,310,92,89.97,10.65,72.45,107.5,0.001,0.0049,NOMINAL,-2.03
71,311,91,89.46,10.62,71.99,106.94,0.001,0.0055,NOMINAL,-1.54
71,312,90,89.46,10.65,71.95,106.98,0.001,0.0057,NOMINAL,-0.54
71,313,89,89.53,10.57,72.14,106.92,0.001,0.0051,NOMINAL,0.53
71,314,88,91.71,11.29,73.14,110.28,0.001,0.0059,NOMINAL,3.71
71,315,87,91.16,11.28,72.61,109.72,0.001,0.0068,NOMINAL,4.16
71,316,86,89.38,11.2,70.96,107.8,0.001,0.0107,NOMINAL,3.38
71,317,85,87.26,10.65,69.74,104.77,0.001,0.0114,NOMINAL,2.26
71,318,84,87.5,10.68,69.94,105.07,0.001,0.0108,NOMINAL,3.5
71,319,83,80.66,9.27,65.41,95.92,0.001,0.0219,NOMINAL,-2.34
71,320,82,75.32,9.25,60.11,90.54,0.001,0.0265,NOMINAL,-6.68
71,321,81,76.27,9.21,61.11,91.42,0.001,0.0261,NOMINAL,-4.73
71,322,80,73.12,8.62,58.94,87.29,0.001,0.0281,NOMINAL,-6.88
71,323,79,74.17,8.62,59.99,88.34,0.001,0.0262,NOMINAL,-4.83
71,324,78,73.46,8.56,59.38,87.54,0.001,0.0265,NOMINAL,-4.54
71,325,77,70.71,8.49,56.75,84.67,0.001,0.0338,NOMINAL,-6.29
71,326,76,71.36,8.49,57.39,85.32,0.001,0.0322,NOMINAL,-4.64
71,327,75,65.81,8.49,51.85,79.78,0.001,0.0629,NOMINAL,-9.19
71,328,74,69.2,8.49,55.24,83.17,0.001,0.0415,NOMINAL,-4.8
71,329,73,71.36,8.49,57.39,85.32,0.001,0.0322,NOMINAL,-1.64
71,330,72,69.91,8.92,55.25,84.58,0.001,0.0431,NOMINAL,-2.09
71,331,71,69.91,9.02,55.08,84.75,0.001,0.0447,NOMINAL,-1.09
71,332,70,67.54,8.62,53.36,81.72,0.001,0.0529,NOMINAL,-2.46
71,333,69,65.8,8.46,51.88,79.71,0.001,0.0627,NOMINAL,-3.2
71,334,68,65.3,8.36,51.54,79.05,0.001,0.0645,NOMINAL,-2.7
71,335,67,65.3,8.27,51.69,78.9,0.001,0.0636,NOMINAL,-1.7
71,336,66,61.59,8.28,47.97,75.2,0.001,0.1032,NOMINAL,-4.41
71,337,65,61.79,8.45,47.89,75.68,0.001,0.1041,NOMINAL,-3.21
71,338,64,60.67,8.22,47.14,74.19,0.001,0.1167,NOMINAL,-3.33
71,339,63,61.65,8.56,47.57,75.74,0.001,0.1075,NOMINAL,-1.35
71,340,62,61.94,8.71,47.61,76.27,0.001,0.1067,NOMINAL,-0.06
71,341,61,64.88,9.34,49.52,80.24,0.001,0.0886,NOMINAL,3.88
71,342,60,62.65,9.36,47.26,78.04,0.0011,0.1094,NOMINAL,2.65
71,343,59,63.77,9.23,48.58,78.95,0.0011,0.096,NOMINAL,4.77
71,344,58,61.94,9.11,46.95,76.93,0.0011,0.1154,NOMINAL,3.94
71,345,57,61.94,8.77,47.52,76.36,0.001,0.1074,NOMINAL,4.94
71,346,56,60.62,9.05,45.74,75.5,0.0012,0.1322,NOMINAL,4.62
71,347,55,59.01,7.17,47.23,70.8,0.001,0.122,NOMINAL,4.01
71,348,54,57.04,6.73,45.97,68.11,0.001,0.1632,NOMINAL,3.04
71,349,53,56.35,6.73,45.28,67.42,0.001,0.186,NOMINAL,3.35
71,350,52,53.66,6.76,42.54,64.78,0.001,0.34,NOMINAL,1.66
71,351,51,49.91,6.52,39.18,60.63,0.0011,0.5829,MONITOR,-1.09
71,352,50,49.93,4.37,42.74,57.12,0.001,0.5835,MONITOR,-0.07
71,353,49,45.71,4.44,38.41,53.01,0.001,0.8517,WARNING,-3.29
71,354,48,44.59,4.52,37.16,52.01,0.001,0.8911,WARNING,-3.41
71,355,47,45.71,4.43,38.42,53.0,0.001,0.8519,WARNING,-1.29
71,356,46,45.71,4.44,38.41,53.01,0.001,0.8517,WARNING,-0.29
71,357,45,45.81,4.71,38.05,53.56,0.001,0.8372,WARNING,0.81
71,358,44,42.53,4.46,35.2,49.87,0.001,0.9404,WARNING,-1.47
71,359,43,44.2,4.58,36.67,51.73,0.001,0.9034,WARNING,1.2
71,360,42,46.71,4.47,39.36,54.06,0.001,0.8007,WARNING,4.71
71,361,41,47.95,4.57,40.44,55.47,0.001,0.7269,MONITOR,6.95
71,362,40,44.03,4.58,36.5,51.56,0.001,0.9078,WARNING,4.03
71,363,39,43.33,4.43,36.04,50.62,0.001,0.9285,WARNING,4.33
71,364,38,42.73,4.46,35.4,50.06,0.001,0.938,WARNING,4.73
71,365,37,42.67,4.46,35.33,50.0,0.001,0.9385,WARNING,5.67
71,366,36,41.8,4.45,34.47,49.13,0.001,0.9516,WARNING,5.8
71,367,35,36.85,4.36,29.68,44.02,0.0035,0.9902,WARNING,1.85
72,52,125,124.07,2.77,119.52,128.62,0.001,0.001,NOMINAL,-0.93
72,53,125,124.07,2.77,119.52,128.62,0.001,0.001,NOMINAL,-0.93
72,54,125,124.07,2.81,119.45,128.69,0.001,0.001,NOMINAL,-0.93
72,55,125,124.07,3.07,119.02,129.13,0.001,0.001,NOMINAL,-0.93
72,56,125,124.07,3.03,119.1,129.05,0.001,0.001,NOMINAL,-0.93
72,57,125,124.07,3.07,119.02,129.13,0.001,0.001,NOMINAL,-0.93
72,58,125,124.07,2.77,119.52,128.62,0.001,0.001,NOMINAL,-0.93
72,59,125,124.07,3.07,119.02,129.13,0.001,0.001,NOMINAL,-0.93
72,60,125,124.07,2.81,119.45,128.69,0.001,0.001,NOMINAL,-0.93
72,61,125,124.07,3.07,119.02,129.13,0.001,0.001,NOMINAL,-0.93
72,62,125,124.07,3.07,119.02,129.13,0.001,0.001,NOMINAL,-0.93
72,63,125,124.07,4.06,117.39,130.76,0.001,0.001,NOMINAL,-0.93
72,64,125,124.07,4.44,116.76,131.38,0.001,0.001,NOMINAL,-0.93
72,65,125,123.72,4.38,116.52,130.92,0.001,0.001,NOMINAL,-1.28
72,66,125,124.07,4.44,116.76,131.38,0.001,0.001,NOMINAL,-0.93
72,67,125,124.07,4.48,116.7,131.45,0.001,0.001,NOMINAL,-0.93
72,68,125,123.72,6.96,112.27,135.17,0.001,0.001,NOMINAL,-1.28
72,69,125,123.72,6.96,112.27,135.17,0.001,0.001,NOMINAL,-1.28
72,70,125,123.72,7.04,112.14,135.29,0.001,0.001,NOMINAL,-1.28
72,71,125,123.72,6.96,112.27,135.17,0.001,0.001,NOMINAL,-1.28
72,72,125,123.72,6.96,112.27,135.17,0.001,0.001,NOMINAL,-1.28
72,73,125,123.72,7.31,111.69,135.75,0.001,0.001,NOMINAL,-1.28
72,74,125,123.72,7.95,110.64,136.8,0.001,0.001,NOMINAL,-1.28
72,75,125,123.72,7.18,111.91,135.53,0.001,0.001,NOMINAL,-1.28
72,76,125,123.72,6.99,112.23,135.21,0.001,0.001,NOMINAL,-1.28
72,77,125,123.72,7.12,112.02,135.42,0.001,0.001,NOMINAL,-1.28
72,78,125,123.27,8.38,109.49,137.06,0.001,0.001,NOMINAL,-1.73
72,79,125,122.99,8.38,109.2,136.77,0.001,0.001,NOMINAL,-2.01
72,80,125,122.99,8.38,109.2,136.77,0.001,0.001,NOMINAL,-2.01
72,81,125,123.72,8.11,110.38,137.06,0.001,0.001,NOMINAL,-1.28
72,82,125,122.82,8.21,109.31,136.32,0.001,0.001,NOMINAL,-2.18
72,83,125,122.17,8.21,108.66,135.68,0.001,0.001,NOMINAL,-2.83
72,84,125,123.72,7.79,110.91,136.53,0.001,0.001,NOMINAL,-1.28
72,85,125,123.26,7.95,110.19,136.34,0.001,0.001,NOMINAL,-1.74
72,86,125,123.26,7.97,110.15,136.37,0.001,0.001,NOMINAL,-1.74
72,87,125,123.26,7.95,110.19,136.34,0.001,0.001,NOMINAL,-1.74
72,88,125,123.26,7.79,110.45,136.07,0.001,0.001,NOMINAL,-1.74
72,89,125,124.07,7.18,112.26,135.89,0.001,0.001,NOMINAL,-0.93
72,90,125,124.07,6.49,113.4,134.75,0.001,0.001,NOMINAL,-0.93
72,91,125,124.07,6.36,113.61,134.53,0.001,0.001,NOMINAL,-0.93
72,92,125,124.07,5.82,114.51,133.64,0.001,0.001,NOMINAL,-0.93
72,93,125,124.07,4.1,117.33,130.82,0.001,0.001,NOMINAL,-0.93
72,94,125,124.07,2.77,119.52,128.62,0.001,0.001,NOMINAL,-0.93
72,95,125,123.86,2.77,119.3,128.41,0.001,0.001,NOMINAL,-1.14
72,96,125,123.72,4.82,115.8,131.64,0.001,0.001,NOMINAL,-1.28
72,97,125,123.72,6.83,112.48,134.96,0.001,0.001,NOMINAL,-1.28
72,98,125,124.07,6.96,112.62,135.52,0.001,0.001,NOMINAL,-0.93
72,99,125,123.72,6.25,113.44,134.0,0.001,0.001,NOMINAL,-1.28
72,100,125,124.07,5.94,114.31,133.83,0.001,0.001,NOMINAL,-0.93
72,101,125,124.07,5.82,114.51,133.64,0.001,0.001,NOMINAL,-0.93
72,102,125,123.72,6.27,113.41,134.03,0.001,0.001,NOMINAL,-1.28
72,103,125,124.07,6.96,112.62,135.52,0.001,0.001,NOMINAL,-0.93
72,104,125,123.53,7.06,111.92,135.13,0.001,0.001,NOMINAL,-1.47
72,105,125,123.72,6.96,112.27,135.17,0.001,0.001,NOMINAL,-1.28
72,106,125,123.72,6.37,113.25,134.19,0.001,0.001,NOMINAL,-1.28
72,107,125,124.07,6.96,112.62,135.52,0.001,0.001,NOMINAL,-0.93
72,108,125,124.07,5.82,114.51,133.64,0.001,0.001,NOMINAL,-0.93
72,109,125,124.07,5.73,114.65,133.49,0.001,0.001,NOMINAL,-0.93
72,110,125,124.07,2.77,119.52,128.62,0.001,0.001,NOMINAL,-0.93
72,111,125,124.07,2.77,119.52,128.62,0.001,0.001,NOMINAL,-0.93
72,112,125,124.07,2.77,119.52,128.62,0.001,0.001,NOMINAL,-0.93
72,113,125,123.72,3.03,118.74,128.7,0.001,0.001,NOMINAL,-1.28
72,114,125,124.07,2.81,119.45,128.69,0.001,0.001,NOMINAL,-0.93
72,115,125,124.07,2.77,119.52,128.62,0.001,0.001,NOMINAL,-0.93
72,116,125,124.07,2.77,119.52,128.62,0.001,0.001,NOMINAL,-0.93
72,117,125,124.07,2.77,119.52,128.62,0.001,0.001,NOMINAL,-0.93
72,118,125,124.07,2.77,119.52,128.62,0.001,0.001,NOMINAL,-0.93
72,119,125,124.07,2.77,119.52,128.62,0.001,0.001,NOMINAL,-0.93
72,120,125,124.07,2.77,119.52,128.62,0.001,0.001,NOMINAL,-0.93
72,121,125,124.07,2.77,119.52,128.62,0.001,0.001,NOMINAL,-0.93
72,122,125,124.07,2.77,119.52,128.62,0.001,0.001,NOMINAL,-0.93
72,123,125,124.05,2.77,119.5,128.6,0.001,0.001,NOMINAL,-0.95
72,124,125,124.07,2.77,119.52,128.62,0.001,0.001,NOMINAL,-0.93
72,125,125,123.72,6.37,113.25,134.19,0.001,0.001,NOMINAL,-1.28
72,126,125,124.21,4.42,116.94,131.49,0.001,0.001,NOMINAL,-0.79
72,127,125,123.72,6.27,113.41,134.03,0.001,0.001,NOMINAL,-1.28
72,128,125,124.07,5.82,114.51,133.64,0.001,0.001,NOMINAL,-0.93
72,129,125,123.72,6.37,113.25,134.19,0.001,0.001,NOMINAL,-1.28
72,130,125,123.72,6.27,113.41,134.03,0.001,0.001,NOMINAL,-1.28
72,131,125,123.86,6.37,113.38,134.33,0.001,0.001,NOMINAL,-1.14
72,132,125,123.72,6.25,113.44,134.0,0.001,0.001,NOMINAL,-1.28
72,133,125,124.07,5.68,114.74,133.41,0.001,0.001,NOMINAL,-0.93
72,134,125,124.07,4.0,117.49,130.66,0.001,0.001,NOMINAL,-0.93
72,135,125,123.86,4.34,116.72,130.99,0.001,0.001,NOMINAL,-1.14
72,136,125,123.53,4.48,116.15,130.9,0.001,0.001,NOMINAL,-1.47
72,137,125,123.27,6.45,112.66,133.89,0.001,0.001,NOMINAL,-1.73
72,138,125,123.27,6.65,112.34,134.21,0.001,0.001,NOMINAL,-1.73
72,139,125,120.22,8.17,106.78,133.66,0.001,0.001,NOMINAL,-4.78
72,140,125,122.63,7.39,110.47,134.79,0.001,0.001,NOMINAL,-2.37
72,141,125,119.62,8.19,106.15,133.1,0.001,0.001,NOMINAL,-5.38
72,142,125,122.63,8.08,109.33,135.92,0.001,0.001,NOMINAL,-2.37
72,143,125,122.68,7.37,110.55,134.8,0.001,0.001,NOMINAL,-2.32
72,144,125,122.63,7.39,110.47,134.79,0.001,0.001,NOMINAL,-2.37
72,145,125,122.63,7.39,110.47,134.79,0.001,0.001,NOMINAL,-2.37
72,146,125,122.63,7.39,110.47,134.79,0.001,0.001,NOMINAL,-2.37
72,147,125,122.17,7.39,110.01,134.33,0.001,0.001,NOMINAL,-2.83
72,148,125,121.55,7.42,109.35,133.75,0.001,0.001,NOMINAL,-3.45
72,149,125,110.1,9.52,94.44,125.76,0.001,0.001,NOMINAL,-14.9
72,150,125,114.22,9.52,98.56,129.88,0.001,0.001,NOMINAL,-10.78
72,151,125,107.89,11.82,88.45,127.33,0.001,0.001,NOMINAL,-17.11
72,152,125,109.17,11.1,90.91,127.44,0.001,0.001,NOMINAL,-15.83
72,153,124,109.9,11.1,91.63,128.16,0.001,0.001,NOMINAL,-14.1
72,154,123,103.87,11.85,84.37,123.36,0.001,0.0011,NOMINAL,-19.13
72,155,122,108.23,11.85,88.74,127.73,0.001,0.001,NOMINAL,-13.77
72,156,121,102.29,11.03,84.14,120.43,0.001,0.0011,NOMINAL,-18.71
72,157,120,91.29,10.45,74.1,108.48,0.001,0.0027,NOMINAL,-28.71
72,158,119,91.81,10.47,74.6,109.03,0.001,0.0024,NOMINAL,-27.19
72,159,118,92.14,10.48,74.9,109.38,0.001,0.0023,NOMINAL,-25.86
72,160,117,98.8,10.73,81.15,116.44,0.001,0.0011,NOMINAL,-18.2
72,161,116,100.05,10.99,81.97,118.13,0.001,0.0011,NOMINAL,-15.95
72,162,115,100.73,11.5,81.82,119.64,0.001,0.0012,NOMINAL,-14.27
72,163,114,100.04,11.1,81.77,118.3,0.001,0.0012,NOMINAL,-13.96
72,164,113,92.14,10.52,74.84,109.44,0.001,0.0024,NOMINAL,-20.86
72,165,112,93.5,10.48,76.26,110.74,0.001,0.0017,NOMINAL,-18.5
72,166,111,92.58,10.48,75.35,109.82,0.001,0.0021,NOMINAL,-18.42
72,167,110,88.77,10.35,71.75,105.79,0.001,0.005,NOMINAL,-21.23
72,168,109,92.99,10.48,75.75,110.23,0.001,0.0019,NOMINAL,-16.01
72,169,108,94.52,10.52,77.22,111.82,0.001,0.0015,NOMINAL,-13.48
72,170,107,99.69,11.51,80.76,118.62,0.001,0.0014,NOMINAL,-7.31
72,171,106,100.72,11.1,82.46,118.98,0.001,0.0011,NOMINAL,-5.28
72,172,105,96.64,10.52,79.34,113.94,0.001,0.0012,NOMINAL,-8.36
72,173,104,89.66,10.17,72.93,106.4,0.001,0.0032,NOMINAL,-14.34
72,174,103,89.71,10.45,72.52,106.9,0.001,0.0042,NOMINAL,-13.29
72,175,102,89.5,10.17,72.77,106.22,0.001,0.0033,NOMINAL,-12.5
72,176,101,87.1,10.17,70.38,103.83,0.001,0.0068,NOMINAL,-13.9
72,177,100,88.26,10.17,71.54,104.98,0.001,0.0047,NOMINAL,-11.74
72,178,99,89.03,10.17,72.31,105.75,0.001,0.0037,NOMINAL,-9.97
72,179,98,86.87,10.17,70.15,103.59,0.001,0.0074,NOMINAL,-11.13
72,180,97,88.77,10.17,72.05,105.49,0.001,0.004,NOMINAL,-8.23
72,181,96,85.61,10.04,69.1,102.13,0.001,0.0096,NOMINAL,-10.39
72,182,95,85.89,10.15,69.19,102.6,0.001,0.01,NOMINAL,-9.11
72,183,94,85.66,10.04,69.15,102.17,0.001,0.0095,NOMINAL,-8.34
72,184,93,85.68,9.9,69.39,101.97,0.001,0.008,NOMINAL,-7.32
72,185,92,87.22,10.17,70.49,103.94,0.001,0.0066,NOMINAL,-4.78
72,186,91,89.69,10.29,72.76,106.63,0.001,0.0036,NOMINAL,-1.31
72,187,90,88.62,10.28,71.71,105.52,0.001,0.0048,NOMINAL,-1.38
72,188,89,85.3,10.01,68.83,101.77,0.001,0.0104,NOMINAL,-3.7
72,189,88,88.55,10.28,71.65,105.46,0.001,0.0049,NOMINAL,0.55
72,190,87,84.42,10.45,67.23,101.61,0.001,0.023,NOMINAL,-2.58
72,191,86,84.42,10.17,67.7,101.14,0.001,0.0167,NOMINAL,-1.58
72,192,85,82.48,9.58,66.71,98.24,0.001,0.0165,NOMINAL,-2.52
72,193,84,83.22,9.65,67.35,99.09,0.001,0.0138,NOMINAL,-0.78
72,194,83,83.47,9.91,67.16,99.77,0.001,0.0173,NOMINAL,0.47
72,195,82,82.63,9.89,66.36,98.9,0.001,0.0225,NOMINAL,0.63
72,196,81,83.28,9.79,67.18,99.38,0.001,0.0159,NOMINAL,2.28
72,197,80,80.99,8.85,66.43,95.54,0.001,0.0112,NOMINAL,0.99
72,198,79,81.95,9.16,66.88,97.01,0.001,0.0118,NOMINAL,2.95
72,199,78,81.4,8.88,66.79,96.0,0.001,0.01,NOMINAL,3.4
72,200,77,83.29,8.88,68.68,97.89,0.001,0.0049,NOMINAL,6.29
72,201,76,79.23,8.63,65.04,93.42,0.001,0.0166,NOMINAL,3.23
72,202,75,74.72,7.63,62.17,87.27,0.001,0.0235,NOMINAL,-0.28
72,203,74,76.46,8.35,62.72,90.2,0.001,0.0243,NOMINAL,2.46
72,204,73,79.38,9.08,64.44,94.32,0.001,0.0236,NOMINAL,6.38
72,205,72,74.08,8.04,60.85,87.31,0.001,0.0256,NOMINAL,2.08
72,206,71,81.62,9.08,66.68,96.56,0.001,0.012,NOMINAL,10.62
72,207,70,77.27,8.44,63.38,91.16,0.001,0.0236,NOMINAL,7.27
72,208,69,73.82,7.61,61.29,86.34,0.001,0.0247,NOMINAL,4.82
72,209,68,75.82,7.63,63.27,88.37,0.001,0.0168,NOMINAL,7.82
72,210,67,64.83,7.61,52.3,77.35,0.001,0.0578,NOMINAL,-2.17
72,211,66,66.86,7.61,54.34,79.39,0.001,0.0443,NOMINAL,0.86
72,212,65,64.74,7.16,52.97,76.52,0.001,0.0509,NOMINAL,-0.26
72,213,64,68.73,7.6,56.22,81.24,0.001,0.0334,NOMINAL,4.73
72,214,63,61.39,5.76,51.92,70.86,0.001,0.0558,NOMINAL,-1.61
72,215,62,64.2,5.69,54.85,73.56,0.001,0.0325,NOMINAL,2.2
72,216,61,63.12,5.66,53.81,72.43,0.001,0.0381,NOMINAL,2.12
72,217,60,56.71,5.73,47.29,66.14,0.001,0.1323,NOMINAL,-3.29
72,218,59,55.57,5.73,46.15,65.0,0.001,0.1801,NOMINAL,-3.43
72,219,58,57.4,5.7,48.03,66.76,0.001,0.1163,NOMINAL,-0.6
72,220,57,53.55,5.9,43.85,63.26,0.001,0.3174,NOMINAL,-3.45
72,221,56,54.82,5.9,45.11,64.53,0.001,0.228,NOMINAL,-1.18
72,222,55,52.24,6.07,42.26,62.22,0.001,0.4081,NOMINAL,-2.76
72,223,54,52.44,6.07,42.46,62.43,0.001,0.3969,NOMINAL,-1.56
72,224,53,51.45,6.04,41.52,61.39,0.001,0.4579,NOMINAL,-1.55
72,225,52,50.61,6.04,40.68,60.55,0.001,0.5249,MONITOR,-1.39
72,226,51,48.67,6.03,38.74,58.6,0.0011,0.6587,MONITOR,-2.33
72,227,50,48.67,6.03,38.74,58.6,0.0011,0.6587,MONITOR,-1.33
72,228,49,48.02,5.63,38.76,57.27,0.001,0.7016,MONITOR,-0.98
72,229,48,47.64,5.29,38.94,56.33,0.001,0.7267,MONITOR,-0.36
72,230,47,47.64,5.15,39.17,56.1,0.001,0.7305,MONITOR,0.64
72,231,46,47.64,5.14,39.18,56.09,0.001,0.7305,MONITOR,1.64
72,232,45,47.64,5.15,39.17,56.1,0.001,0.7305,MONITOR,2.64
73,52,125,122.69,9.43,107.18,138.2,0.001,0.001,NOMINAL,-2.31
73,53,125,121.76,9.86,105.54,137.99,0.001,0.001,NOMINAL,-3.24
73,54,125,122.0,8.98,107.23,136.77,0.001,0.001,NOMINAL,-3.0
73,55,125,121.73,10.93,103.75,139.72,0.001,0.001,NOMINAL,-3.27
73,56,125,122.18,9.76,106.12,138.24,0.001,0.001,NOMINAL,-2.82
73,57,125,122.18,9.73,106.17,138.2,0.001,0.001,NOMINAL,-2.82
73,58,125,123.12,8.43,109.25,136.98,0.001,0.001,NOMINAL,-1.88
73,59,125,123.61,5.76,114.13,133.09,0.001,0.001,NOMINAL,-1.39
73,60,125,122.79,7.57,110.34,135.25,0.001,0.001,NOMINAL,-2.21
73,61,125,121.76,10.13,105.11,138.42,0.001,0.001,NOMINAL,-3.24
73,62,125,123.23,7.42,111.02,135.43,0.001,0.001,NOMINAL,-1.77
73,63,125,123.41,6.7,112.38,134.43,0.001,0.001,NOMINAL,-1.59
73,64,125,123.31,4.68,115.62,131.0,0.001,0.001,NOMINAL,-1.69
73,65,125,123.31,8.09,110.01,136.61,0.001,0.001,NOMINAL,-1.69
73,66,125,121.59,11.11,103.31,139.86,0.001,0.001,NOMINAL,-3.41
73,67,125,123.31,8.95,108.58,138.03,0.001,0.001,NOMINAL,-1.69
73,68,125,123.32,7.78,110.52,136.12,0.001,0.001,NOMINAL,-1.68
73,69,125,123.52,6.25,113.24,133.79,0.001,0.001,NOMINAL,-1.48
73,70,125,123.97,5.68,114.64,133.31,0.001,0.001,NOMINAL,-1.03
73,71,125,123.12,8.23,109.57,136.66,0.001,0.001,NOMINAL,-1.88
73,72,125,123.12,8.21,109.61,136.62,0.001,0.001,NOMINAL,-1.88
73,73,125,122.03,8.59,107.89,136.16,0.001,0.001,NOMINAL,-2.97
73,74,125,123.97,6.43,113.39,134.55,0.001,0.001,NOMINAL,-1.03
73,75,125,123.97,6.25,113.7,134.25,0.001,0.001,NOMINAL,-1.03
73,76,125,122.21,7.74,109.48,134.94,0.001,0.001,NOMINAL,-2.79
73,77,125,121.97,8.8,107.5,136.44,0.001,0.001,NOMINAL,-3.03
73,78,125,121.3,9.98,104.89,137.71,0.001,0.001,NOMINAL,-3.7
73,79,125,120.34,9.64,104.48,136.2,0.001,0.001,NOMINAL,-4.66
73,80,125,119.66,11.09,101.42,137.9,0.001,0.001,NOMINAL,-5.34
73,81,125,120.23,9.69,104.28,136.17,0.001,0.001,NOMINAL,-4.77
73,82,125,116.79,11.1,98.52,135.05,0.001,0.001,NOMINAL,-8.21
73,83,125,112.64,11.1,94.38,130.91,0.001,0.001,NOMINAL,-12.36
73,84,124,112.64,11.1,94.38,130.91,0.001,0.001,NOMINAL,-11.36
73,85,123,111.88,11.1,93.61,130.14,0.001,0.001,NOMINAL,-11.12
73,86,122,112.64,12.52,92.05,133.24,0.001,0.001,NOMINAL,-9.36
73,87,121,120.49,9.44,104.96,136.01,0.001,0.001,NOMINAL,-0.51
73,88,120,112.74,11.1,94.47,131.0,0.001,0.001,NOMINAL,-7.26
73,89,119,106.89,11.56,87.88,125.91,0.001,0.001,NOMINAL,-12.11
73,90,118,107.84,11.03,89.7,125.99,0.001,0.001,NOMINAL,-10.16
73,91,117,107.7,11.5,88.78,126.61,0.001,0.001,NOMINAL,-9.3
73,92,116,106.83,11.16,88.48,125.18,0.001,0.001,NOMINAL,-9.17
73,93,115,100.33,11.03,82.18,118.48,0.001,0.0011,NOMINAL,-14.67
73,94,114,99.79,11.49,80.89,118.68,0.001,0.0013,NOMINAL,-14.21
73,95,113,97.57,11.03,79.42,115.72,0.001,0.0014,NOMINAL,-15.43
73,96,112,91.44,11.16,73.09,109.79,0.001,0.0055,NOMINAL,-20.56
73,97,111,88.4,10.85,70.55,106.26,0.001,0.0099,NOMINAL,-22.6
73,98,110,88.43,11.02,70.3,106.55,0.001,0.0118,NOMINAL,-21.57
73,99,109,89.33,11.02,71.21,107.46,0.001,0.0089,NOMINAL,-19.67
73,100,108,85.87,10.84,68.04,103.71,0.001,0.0218,NOMINAL,-22.13
73,101,107,92.22,11.99,72.5,111.95,0.001,0.0105,NOMINAL,-14.78
73,102,106,102.75,12.02,82.98,122.53,0.001,0.0013,NOMINAL,-3.25
73,103,105,104.92,12.02,85.14,124.7,0.001,0.0011,NOMINAL,-0.08
73,104,104,104.95,12.52,84.36,125.55,0.001,0.0013,NOMINAL,0.95
73,105,103,102.55,11.81,83.12,121.99,0.001,0.0012,NOMINAL,-0.45
73,106,102,107.9,12.52,87.31,128.5,0.001,0.0011,NOMINAL,5.9
73,107,101,108.45,12.02,88.67,128.22,0.001,0.001,NOMINAL,7.45
73,108,100,109.87,12.52,89.27,130.46,0.001,0.001,NOMINAL,9.87
73,109,99,106.49,12.52,85.89,127.08,0.001,0.0012,NOMINAL,7.49
74,52,125,123.52,5.68,114.18,132.85,0.001,0.001,NOMINAL,-1.48
74,53,125,123.61,4.0,117.03,130.2,0.001,0.001,NOMINAL,-1.39
74,54,125,123.61,5.68,114.28,132.95,0.001,0.001,NOMINAL,-1.39
74,55,125,123.52,7.05,111.93,135.1,0.001,0.001,NOMINAL,-1.48
74,56,125,123.97,5.68,114.64,133.31,0.001,0.001,NOMINAL,-1.03
74,57,125,123.97,6.25,113.7,134.25,0.001,0.001,NOMINAL,-1.03
74,58,125,123.97,6.25,113.7,134.25,0.001,0.001,NOMINAL,-1.03
74,59,125,123.97,6.25,113.7,134.25,0.001,0.001,NOMINAL,-1.03
74,60,125,123.97,6.25,113.7,134.25,0.001,0.001,NOMINAL,-1.03
74,61,124,123.97,6.25,113.7,134.25,0.001,0.001,NOMINAL,-0.03
74,62,123,123.97,6.99,112.47,135.48,0.001,0.001,NOMINAL,0.97
74,63,122,123.26,7.14,111.53,135.0,0.001,0.001,NOMINAL,1.26
74,64,121,123.52,7.14,111.78,135.25,0.001,0.001,NOMINAL,2.52
74,65,120,123.52,7.14,111.78,135.25,0.001,0.001,NOMINAL,3.52
74,66,119,123.52,6.99,112.01,135.02,0.001,0.001,NOMINAL,4.52
74,67,118,123.61,5.76,114.13,133.09,0.001,0.001,NOMINAL,5.61
74,68,117,123.52,5.76,114.04,133.0,0.001,0.001,NOMINAL,6.52
75,52,125,124.07,7.17,112.29,135.86,0.001,0.001,NOMINAL,-0.93
75,53,125,124.07,7.18,112.26,135.89,0.001,0.001,NOMINAL,-0.93
75,54,125,123.72,7.18,111.91,135.53,0.001,0.001,NOMINAL,-1.28
75,55,125,124.07,6.68,113.08,135.06,0.001,0.001,NOMINAL,-0.93
75,56,125,123.72,7.1,112.04,135.4,0.001,0.001,NOMINAL,-1.28
75,57,125,123.72,7.31,111.69,135.75,0.001,0.001,NOMINAL,-1.28
75,58,125,123.72,7.95,110.64,136.8,0.001,0.001,NOMINAL,-1.28
75,59,125,123.72,7.95,110.64,136.8,0.001,0.001,NOMINAL,-1.28
75,60,125,123.72,8.11,110.38,137.06,0.001,0.001,NOMINAL,-1.28
75,61,125,124.07,7.12,112.37,135.78,0.001,0.001,NOMINAL,-0.93
75,62,125,123.86,7.12,112.15,135.56,0.001,0.001,NOMINAL,-1.14
75,63,125,124.07,6.38,113.57,134.57,0.001,0.001,NOMINAL,-0.93
75,64,125,124.07,2.61,119.79,128.36,0.001,0.001,NOMINAL,-0.93
75,65,125,124.07,2.61,119.79,128.36,0.001,0.001,NOMINAL,-0.93
75,66,125,124.07,3.05,119.05,129.09,0.001,0.001,NOMINAL,-0.93
75,67,125,124.07,2.61,119.79,128.36,0.001,0.001,NOMINAL,-0.93
75,68,125,124.07,2.61,119.79,128.36,0.001,0.001,NOMINAL,-0.93
75,69,125,124.07,2.61,119.79,128.36,0.001,0.001,NOMINAL,-0.93
75,70,125,124.07,2.61,119.79,128.36,0.001,0.001,NOMINAL,-0.93
75,71,125,124.07,3.05,119.05,129.09,0.001,0.001,NOMINAL,-0.93
75,72,125,124.07,4.58,116.55,131.6,0.001,0.001,NOMINAL,-0.93
75,73,125,124.07,2.61,119.79,128.36,0.001,0.001,NOMINAL,-0.93
75,74,125,124.07,3.14,118.91,129.23,0.001,0.001,NOMINAL,-0.93
75,75,125,123.86,4.87,115.84,131.87,0.001,0.001,NOMINAL,-1.14
75,76,125,124.07,6.38,113.57,134.57,0.001,0.001,NOMINAL,-0.93
75,77,125,124.07,6.31,113.69,134.46,0.001,0.001,NOMINAL,-0.93
75,78,125,124.07,3.05,119.05,129.09,0.001,0.001,NOMINAL,-0.93
75,79,125,124.07,3.05,119.05,129.09,0.001,0.001,NOMINAL,-0.93
75,80,125,124.07,4.45,116.75,131.4,0.001,0.001,NOMINAL,-0.93
75,81,125,124.07,2.61,119.79,128.36,0.001,0.001,NOMINAL,-0.93
75,82,125,124.07,4.4,116.83,131.31,0.001,0.001,NOMINAL,-0.93
75,83,125,124.07,4.45,116.75,131.4,0.001,0.001,NOMINAL,-0.93
75,84,125,124.05,6.91,112.68,135.42,0.001,0.001,NOMINAL,-0.95
75,85,125,123.86,5.9,114.15,133.57,0.001,0.001,NOMINAL,-1.14
75,86,125,124.07,5.39,115.2,132.94,0.001,0.001,NOMINAL,-0.93
75,87,125,124.07,3.8,117.82,130.33,0.001,0.001,NOMINAL,-0.93
75,88,125,124.07,2.61,119.79,128.36,0.001,0.001,NOMINAL,-0.93
75,89,125,124.07,3.02,119.11,129.03,0.001,0.001,NOMINAL,-0.93
75,90,125,124.07,2.61,119.79,128.36,0.001,0.001,NOMINAL,-0.93
75,91,125,124.07,2.79,119.48,128.66,0.001,0.001,NOMINAL,-0.93
75,92,125,124.07,3.05,119.05,129.09,0.001,0.001,NOMINAL,-0.93
75,93,125,124.07,2.61,119.79,128.36,0.001,0.001,NOMINAL,-0.93
75,94,125,124.07,3.05,119.05,129.09,0.001,0.001,NOMINAL,-0.93
75,95,125,124.07,2.76,119.54,128.61,0.001,0.001,NOMINAL,-0.93
75,96,125,124.07,2.61,119.79,128.36,0.001,0.001,NOMINAL,-0.93
75,97,125,124.07,2.79,119.48,128.66,0.001,0.001,NOMINAL,-0.93
75,98,125,124.21,3.05,119.2,129.23,0.001,0.001,NOMINAL,-0.79
75,99,125,124.21,2.61,119.93,128.5,0.001,0.001,NOMINAL,-0.79
75,100,125,124.07,3.05,119.05,129.09,0.001,0.001,NOMINAL,-0.93
75,101,125,124.07,2.61,119.79,128.36,0.001,0.001,NOMINAL,-0.93
75,102,125,124.21,2.61,119.93,128.5,0.001,0.001,NOMINAL,-0.79
75,103,125,124.21,2.61,119.93,128.5,0.001,0.001,NOMINAL,-0.79
75,104,125,124.21,2.61,119.93,128.5,0.001,0.001,NOMINAL,-0.79
75,105,125,124.47,2.61,120.18,128.76,0.001,0.001,NOMINAL,-0.53
75,106,125,124.21,3.8,117.96,130.47,0.001,0.001,NOMINAL,-0.79
75,107,125,124.21,2.61,119.93,128.5,0.001,0.001,NOMINAL,-0.79
75,108,125,124.07,4.19,117.19,130.96,0.001,0.001,NOMINAL,-0.93
75,109,125,124.07,4.58,116.55,131.6,0.001,0.001,NOMINAL,-0.93
75,110,125,123.72,6.27,113.41,134.03,0.001,0.001,NOMINAL,-1.28
75,111,125,124.07,7.1,112.39,135.76,0.001,0.001,NOMINAL,-0.93
75,112,124,123.72,6.5,113.03,134.41,0.001,0.001,NOMINAL,-0.28
75,113,123,124.07,4.58,116.55,131.6,0.001,0.001,NOMINAL,1.07
75,114,122,124.07,4.12,117.29,130.85,0.001,0.001,NOMINAL,2.07
75,115,121,123.72,4.83,115.77,131.67,0.001,0.001,NOMINAL,2.72
75,116,120,123.86,4.49,116.47,131.24,0.001,0.001,NOMINAL,3.86
75,117,119,123.53,7.19,111.7,135.35,0.001,0.001,NOMINAL,4.53
75,118,118,122.21,7.21,110.36,134.06,0.001,0.001,NOMINAL,4.21
75,119,117,121.17,8.3,107.52,134.82,0.001,0.001,NOMINAL,4.17
75,120,116,119.23,8.31,105.56,132.9,0.001,0.001,NOMINAL,3.23
75,121,115,118.82,8.31,105.15,132.49,0.001,0.001,NOMINAL,3.82
75,122,114,120.33,8.31,106.67,134.0,0.001,0.001,NOMINAL,6.33
75,123,113,117.99,8.35,104.27,131.72,0.001,0.001,NOMINAL,4.99
75,124,112,109.13,11.1,90.86,127.39,0.001,0.001,NOMINAL,-2.87
75,125,111,109.3,11.1,91.04,127.56,0.001,0.001,NOMINAL,-1.7
75,126,110,109.13,11.1,90.86,127.39,0.001,0.001,NOMINAL,-0.87
75,127,109,109.85,11.1,91.59,128.12,0.001,0.001,NOMINAL,0.85
75,128,108,112.27,10.42,95.13,129.41,0.001,0.001,NOMINAL,4.27
75,129,107,109.3,11.1,91.04,127.56,0.001,0.001,NOMINAL,2.3
75,130,106,107.72,12.02,87.94,127.49,0.001,0.001,NOMINAL,1.72
75,131,105,109.3,11.1,91.04,127.56,0.001,0.001,NOMINAL,4.3
75,132,104,107.25,11.9,87.67,126.83,0.001,0.001,NOMINAL,3.25
75,133,103,100.31,11.82,80.87,119.74,0.001,0.0015,NOMINAL,-2.69
75,134,102,99.35,10.63,81.86,116.84,0.001,0.0011,NOMINAL,-2.65
75,135,101,98.15,10.52,80.85,115.45,0.001,0.0011,NOMINAL,-2.85
75,136,100,99.85,10.83,82.04,117.66,0.001,0.0011,NOMINAL,-0.15
75,137,99,85.72,10.95,67.72,103.73,0.001,0.0234,NOMINAL,-13.28
75,138,98,94.91,10.96,76.88,112.94,0.001,0.0019,NOMINAL,-3.09
75,139,97,91.63,10.48,74.39,108.87,0.001,0.0026,NOMINAL,-5.37
75,140,96,86.17,10.17,69.45,102.89,0.001,0.0093,NOMINAL,-9.83
75,141,95,82.94,9.9,66.66,99.22,0.001,0.0203,NOMINAL,-12.06
75,142,94,86.29,10.15,69.59,102.99,0.001,0.0088,NOMINAL,-7.71
75,143,93,87.39,10.33,70.39,104.38,0.001,0.0076,NOMINAL,-5.61
75,144,92,88.44,10.41,71.32,105.57,0.001,0.0059,NOMINAL,-3.56
75,145,91,87.53,10.57,70.14,104.92,0.001,0.0095,NOMINAL,-3.47
75,146,90,86.05,10.15,69.34,102.75,0.001,0.0095,NOMINAL,-3.95
75,147,89,86.48,10.15,69.78,103.18,0.001,0.0083,NOMINAL,-2.52
75,148,88,82.06,9.9,65.79,98.34,0.001,0.0235,NOMINAL,-5.94
75,149,87,81.65,9.09,66.69,96.61,0.001,0.0121,NOMINAL,-5.35
75,150,86,85.13,10.81,67.35,102.91,0.001,0.0235,NOMINAL,-0.87
75,151,85,81.16,9.04,66.3,96.02,0.001,0.0135,NOMINAL,-3.84
75,152,84,78.99,9.04,64.12,93.85,0.001,0.0238,NOMINAL,-5.01
75,153,83,75.18,8.9,60.54,89.82,0.001,0.0262,NOMINAL,-7.82
75,154,82,77.64,9.04,62.77,92.5,0.001,0.0253,NOMINAL,-4.36
75,155,81,77.08,8.9,62.44,91.72,0.001,0.0254,NOMINAL,-3.92
75,156,80,80.48,8.85,65.93,95.04,0.001,0.0137,NOMINAL,0.48
75,157,79,80.8,8.91,66.14,95.45,0.001,0.0131,NOMINAL,1.8
75,158,78,81.06,8.85,66.51,95.62,0.001,0.0109,NOMINAL,3.06
75,159,77,82.33,9.11,67.34,97.32,0.001,0.0096,NOMINAL,5.33
75,160,76,80.75,8.85,66.2,95.3,0.001,0.0123,NOMINAL,4.75
75,161,75,80.75,8.78,66.32,95.18,0.001,0.0112,NOMINAL,5.75
75,162,74,77.58,8.24,64.02,91.14,0.001,0.0192,NOMINAL,3.58
75,163,73,79.7,8.24,66.14,93.26,0.001,0.008,NOMINAL,6.7
75,164,72,81.46,9.08,66.53,96.4,0.001,0.0127,NOMINAL,9.46
75,165,71,81.54,9.08,66.61,96.48,0.001,0.0124,NOMINAL,10.54
75,166,70,81.22,8.78,66.78,95.65,0.001,0.0093,NOMINAL,11.22
75,167,69,68.6,7.68,55.97,81.23,0.001,0.0342,NOMINAL,-0.4
75,168,68,69.18,8.24,55.62,82.74,0.001,0.0376,NOMINAL,1.18
75,169,67,67.62,8.34,53.91,81.33,0.001,0.0492,NOMINAL,0.62
75,170,66,62.16,6.65,51.22,73.11,0.001,0.0645,NOMINAL,-3.84
75,171,65,58.87,6.82,47.65,70.09,0.001,0.1162,NOMINAL,-6.13
75,172,64,59.56,6.34,49.14,69.99,0.001,0.0952,NOMINAL,-4.44
75,173,63,59.98,6.58,49.16,70.8,0.001,0.095,NOMINAL,-3.02
75,174,62,60.32,6.78,49.17,71.46,0.001,0.0946,NOMINAL,-1.68
75,175,61,59.12,6.84,47.87,70.37,0.001,0.1118,NOMINAL,-1.88
75,176,60,57.39,6.84,46.14,68.64,0.001,0.154,NOMINAL,-2.61
75,177,59,56.73,6.63,45.83,67.64,0.001,0.1697,NOMINAL,-2.27
75,178,58,55.19,6.06,45.22,65.16,0.001,0.2147,NOMINAL,-2.81
75,179,57,55.19,6.55,44.42,65.96,0.001,0.239,NOMINAL,-1.81
75,180,56,53.83,6.06,43.86,63.8,0.001,0.3064,NOMINAL,-2.17
75,181,55,52.3,6.06,42.33,62.27,0.001,0.4053,NOMINAL,-2.7
75,182,54,48.58,5.62,39.33,57.83,0.001,0.6704,MONITOR,-5.42
75,183,53,49.08,5.62,39.83,58.33,0.001,0.6384,MONITOR,-3.92
75,184,52,51.1,5.79,41.58,60.63,0.001,0.4779,NOMINAL,-0.9
75,185,51,49.51,5.29,40.81,58.2,0.001,0.6146,MONITOR,-1.49
75,186,50,48.06,5.29,39.36,56.75,0.001,0.7059,MONITOR,-1.94
75,187,49,45.88,4.85,37.91,53.85,0.001,0.8288,WARNING,-3.12
75,188,48,43.82,5.08,35.47,52.18,0.0011,0.8952,WARNING,-4.18
75,189,47,41.24,5.12,32.82,49.66,0.0017,0.9425,WARNING,-5.76
75,190,46,38.82,5.3,30.11,47.54,0.0095,0.9656,WARNING,-7.18
75,191,45,37.82,5.35,29.02,46.62,0.0202,0.9702,WARNING,-7.18
76,52,125,124.07,2.83,119.42,128.72,0.001,0.001,NOMINAL,-0.93
76,53,125,123.97,4.0,117.39,130.56,0.001,0.001,NOMINAL,-1.03
76,54,125,123.97,6.94,112.56,135.39,0.001,0.001,NOMINAL,-1.03
76,55,125,123.78,7.18,111.97,135.6,0.001,0.001,NOMINAL,-1.22
76,56,125,123.84,6.25,113.56,134.11,0.001,0.001,NOMINAL,-1.16
76,57,125,120.78,9.72,104.79,136.76,0.001,0.001,NOMINAL,-4.22
76,58,125,116.75,11.1,98.49,135.02,0.001,0.001,NOMINAL,-8.25
76,59,125,111.96,11.1,93.7,130.23,0.001,0.001,NOMINAL,-13.04
76,60,125,119.83,9.1,104.86,134.8,0.001,0.001,NOMINAL,-5.17
76,61,125,118.79,10.69,101.2,136.39,0.001,0.001,NOMINAL,-6.21
76,62,125,119.3,10.75,101.62,136.98,0.001,0.001,NOMINAL,-5.7
76,63,125,117.21,11.1,98.95,135.48,0.001,0.001,NOMINAL,-7.79
76,64,125,116.92,11.1,98.66,135.19,0.001,0.001,NOMINAL,-8.08
76,65,125,112.26,11.1,94.0,130.53,0.001,0.001,NOMINAL,-12.74
76,66,125,112.73,11.1,94.47,130.99,0.001,0.001,NOMINAL,-12.27
76,67,125,111.63,11.1,93.36,129.89,0.001,0.001,NOMINAL,-13.37
76,68,125,118.85,11.1,100.58,137.11,0.001,0.001,NOMINAL,-6.15
76,69,125,119.1,11.15,100.77,137.44,0.001,0.001,NOMINAL,-5.9
76,70,125,119.58,11.15,101.24,137.91,0.001,0.001,NOMINAL,-5.42
76,71,125,119.63,10.79,101.89,137.38,0.001,0.001,NOMINAL,-5.37
76,72,125,119.47,11.15,101.13,137.8,0.001,0.001,NOMINAL,-5.53
76,73,125,118.99,11.15,100.65,137.32,0.001,0.001,NOMINAL,-6.01
76,74,125,118.86,11.1,100.59,137.12,0.001,0.001,NOMINAL,-6.14
76,75,125,117.62,12.52,97.03,138.22,0.001,0.001,NOMINAL,-7.38
76,76,125,119.13,11.15,100.8,137.47,0.001,0.001,NOMINAL,-5.87
76,77,125,115.5,11.1,97.23,133.76,0.001,0.001,NOMINAL,-9.5
76,78,125,114.85,11.1,96.58,133.11,0.001,0.001,NOMINAL,-10.15
76,79,125,111.66,11.1,93.4,129.93,0.001,0.001,NOMINAL,-13.34
76,80,125,104.87,11.49,85.98,123.77,0.001,0.001,NOMINAL,-20.13
76,81,125,110.98,11.05,92.8,129.17,0.001,0.001,NOMINAL,-14.02
76,82,125,104.12,11.03,85.98,122.27,0.001,0.001,NOMINAL,-20.88
76,83,124,105.8,11.16,87.45,124.15,0.001,0.001,NOMINAL,-18.2
76,84,123,105.93,11.7,86.69,125.17,0.001,0.001,NOMINAL,-17.07
76,85,122,110.79,11.1,92.53,129.06,0.001,0.001,NOMINAL,-11.21
76,86,121,108.92,12.02,89.14,128.7,0.001,0.001,NOMINAL,-12.08
76,87,120,106.69,12.52,86.1,127.28,0.001,0.0011,NOMINAL,-13.31
76,88,119,113.85,11.1,95.58,132.11,0.001,0.001,NOMINAL,-5.15
76,89,118,113.85,11.1,95.58,132.11,0.001,0.001,NOMINAL,-4.15
76,90,117,113.85,11.1,95.58,132.11,0.001,0.001,NOMINAL,-3.15
76,91,116,114.61,11.1,96.35,132.88,0.001,0.001,NOMINAL,-1.39
76,92,115,117.13,11.1,98.87,135.4,0.001,0.001,NOMINAL,2.13
76,93,114,118.53,11.1,100.27,136.8,0.001,0.001,NOMINAL,4.53
76,94,113,119.05,11.1,100.78,137.31,0.001,0.001,NOMINAL,6.05
76,95,112,119.93,9.64,104.07,135.79,0.001,0.001,NOMINAL,7.93
76,96,111,120.42,9.64,104.56,136.28,0.001,0.001,NOMINAL,9.42
76,97,110,122.84,7.97,109.74,135.94,0.001,0.001,NOMINAL,12.84
76,98,109,123.32,7.16,111.55,135.09,0.001,0.001,NOMINAL,14.32
76,99,108,122.21,8.49,108.25,136.17,0.001,0.001,NOMINAL,14.21
76,100,107,122.39,8.49,108.43,136.35,0.001,0.001,NOMINAL,15.39
76,101,106,123.52,7.03,111.95,135.08,0.001,0.001,NOMINAL,17.52
76,102,105,123.97,6.25,113.7,134.25,0.001,0.001,NOMINAL,18.97
76,103,104,123.52,8.1,110.2,136.85,0.001,0.001,NOMINAL,19.52
76,104,103,122.25,7.74,109.52,134.98,0.001,0.001,NOMINAL,19.25
76,105,102,120.73,8.85,106.18,135.29,0.001,0.001,NOMINAL,18.73
76,106,101,123.42,7.24,111.5,135.34,0.001,0.001,NOMINAL,22.42
76,107,100,122.9,8.3,109.24,136.56,0.001,0.001,NOMINAL,22.9
76,108,99,122.9,8.41,109.06,136.74,0.001,0.001,NOMINAL,23.9
76,109,98,120.13,11.15,101.8,138.47,0.001,0.001,NOMINAL,22.13
76,110,97,115.68,12.52,95.09,136.27,0.001,0.001,NOMINAL,18.68
76,111,96,116.9,12.52,96.3,137.49,0.001,0.001,NOMINAL,20.9
76,112,95,118.27,11.15,99.93,136.6,0.001,0.001,NOMINAL,23.27
76,113,94,120.44,11.79,101.04,139.84,0.001,0.001,NOMINAL,26.44
76,114,93,123.13,7.46,110.86,135.41,0.001,0.001,NOMINAL,30.13
76,115,92,120.41,9.64,104.55,136.27,0.001,0.001,NOMINAL,28.41
76,116,91,122.1,9.12,107.1,137.1,0.001,0.001,NOMINAL,31.1
76,117,90,115.58,11.1,97.32,133.85,0.001,0.001,NOMINAL,25.58
76,118,89,102.86,11.49,83.97,121.76,0.001,0.0011,NOMINAL,13.86
76,119,88,99.59,11.49,80.69,118.49,0.001,0.0014,NOMINAL,11.59
76,120,87,96.66,11.08,78.44,114.89,0.001,0.0016,NOMINAL,9.66
76,121,86,94.45,10.9,76.52,112.37,0.001,0.002,NOMINAL,8.45
76,122,85,94.04,10.95,76.02,112.05,0.001,0.0023,NOMINAL,9.04
76,123,84,94.83,10.9,76.91,112.75,0.001,0.0019,NOMINAL,10.83
76,124,83,90.62,10.64,73.12,108.12,0.001,0.004,NOMINAL,7.62
76,125,82,84.87,10.56,67.49,102.24,0.001,0.0223,NOMINAL,2.87
76,126,81,85.46,10.56,68.08,102.83,0.001,0.0184,NOMINAL,4.46
76,127,80,83.6,10.3,66.66,100.54,0.001,0.0234,NOMINAL,3.6
76,128,79,81.8,10.23,64.98,98.63,0.001,0.025,NOMINAL,2.8
76,129,78,81.25,10.19,64.48,98.01,0.001,0.0253,NOMINAL,3.25
76,130,77,70.45,7.95,57.38,83.52,0.001,0.0304,NOMINAL,-6.55
76,131,76,70.38,7.96,57.3,83.47,0.001,0.0308,NOMINAL,-5.62
76,132,75,59.58,7.7,46.92,72.24,0.001,0.1249,NOMINAL,-15.42
76,133,74,59.58,7.61,47.06,72.1,0.001,0.1219,NOMINAL,-14.42
76,134,73,58.15,7.59,45.67,70.63,0.001,0.1559,NOMINAL,-14.85
76,135,72,56.66,6.32,46.26,67.06,0.001,0.1617,NOMINAL,-15.34
76,136,71,57.52,7.71,44.83,70.21,0.001,0.1795,NOMINAL,-13.48
76,137,70,56.86,8.18,43.41,70.32,0.0012,0.2196,NOMINAL,-13.14
76,138,69,55.36,7.83,42.49,68.24,0.0011,0.2787,NOMINAL,-13.64
76,139,68,59.08,8.67,44.82,73.34,0.0012,0.1627,NOMINAL,-8.92
76,140,67,59.1,8.7,44.79,73.41,0.0012,0.1631,NOMINAL,-7.9
76,141,66,59.19,8.8,44.72,73.66,0.0012,0.1635,NOMINAL,-6.81
76,142,65,62.02,8.73,47.66,76.38,0.001,0.1057,NOMINAL,-2.98
76,143,64,62.21,8.79,47.75,76.67,0.001,0.1046,NOMINAL,-1.79
76,144,63,63.14,9.14,48.11,78.17,0.0011,0.0996,NOMINAL,0.14
76,145,62,61.4,9.33,46.04,76.75,0.0012,0.1286,NOMINAL,-0.6
76,146,61,61.11,9.32,45.77,76.44,0.0012,0.1304,NOMINAL,0.11
76,147,60,57.89,9.26,42.66,73.11,0.002,0.2158,NOMINAL,-2.11
76,148,59,60.27,9.0,45.47,75.08,0.0012,0.14,NOMINAL,1.27
76,149,58,62.21,8.74,47.84,76.58,0.001,0.1036,NOMINAL,4.21
76,150,57,65.67,8.74,51.3,80.04,0.001,0.0668,NOMINAL,8.67
76,151,56,63.61,8.92,48.94,78.28,0.001,0.094,NOMINAL,7.61
76,152,55,60.62,9.32,45.29,75.95,0.0013,0.1406,NOMINAL,5.62
76,153,54,61.41,9.16,46.34,76.48,0.0011,0.1249,NOMINAL,7.41
76,154,53,57.55,8.57,43.45,71.66,0.0013,0.2017,NOMINAL,4.55
76,155,52,54.36,6.48,43.7,65.02,0.001,0.2846,NOMINAL,2.36
76,156,51,56.46,7.72,43.76,69.17,0.0011,0.2206,NOMINAL,5.46
76,157,50,56.46,7.96,43.37,69.55,0.0011,0.2302,NOMINAL,6.46
76,158,49,56.16,7.59,43.67,68.64,0.001,0.2303,NOMINAL,7.16
76,159,48,53.52,6.27,43.21,63.82,0.001,0.3323,NOMINAL,5.52
76,160,47,56.04,7.77,43.26,68.82,0.0011,0.2425,NOMINAL,9.04
76,161,46,56.55,8.0,43.39,69.72,0.0011,0.227,NOMINAL,10.55
76,162,45,54.11,6.31,43.74,64.49,0.001,0.2956,NOMINAL,9.11
76,163,44,53.18,6.11,43.12,63.23,0.001,0.3476,NOMINAL,9.18
76,164,43,48.97,6.2,38.77,59.17,0.0011,0.639,MONITOR,5.97
76,165,42,48.36,6.28,38.03,58.69,0.0011,0.6746,MONITOR,6.36
76,166,41,47.87,6.38,37.38,58.37,0.0013,0.6946,MONITOR,6.87
76,167,40,47.91,6.12,37.84,57.97,0.0011,0.6976,MONITOR,7.91
76,168,39,48.08,5.97,38.25,57.91,0.0011,0.6908,MONITOR,9.08
76,169,38,47.74,5.97,37.92,57.57,0.0011,0.7088,MONITOR,9.74
76,170,37,47.18,5.84,37.58,56.78,0.0011,0.7366,MONITOR,10.18
76,171,36,47.18,5.84,37.58,56.78,0.0011,0.7366,MONITOR,11.18
76,172,35,44.53,6.03,34.62,54.45,0.0021,0.8412,WARNING,9.53
76,173,34,42.68,6.15,32.56,52.8,0.0061,0.8889,WARNING,8.68
76,174,33,42.68,6.15,32.57,52.79,0.006,0.8894,WARNING,9.68
76,175,32,35.84,6.6,24.98,46.69,0.0347,0.9658,WARNING,3.84
76,176,31,34.51,4.22,27.57,41.45,0.0139,0.9982,WARNING,3.51
76,177,30,32.07,3.86,25.71,38.42,0.0248,0.9998,WARNING,2.07
76,178,29,32.96,4.18,26.08,39.83,0.0251,0.9995,WARNING,3.96
76,179,28,30.72,4.38,23.51,37.93,0.0337,0.9997,WARNING,2.72
76,180,27,29.67,4.08,22.95,36.39,0.0359,0.9998,WARNING,2.67
77,52,125,124.07,2.77,119.52,128.62,0.001,0.001,NOMINAL,-0.93
77,53,125,124.07,2.77,119.52,128.62,0.001,0.001,NOMINAL,-0.93
77,54,125,124.07,2.77,119.52,128.62,0.001,0.001,NOMINAL,-0.93
77,55,125,124.07,2.77,119.52,128.62,0.001,0.001,NOMINAL,-0.93
77,56,125,124.07,2.77,119.52,128.62,0.001,0.001,NOMINAL,-0.93
77,57,125,124.07,3.03,119.1,129.05,0.001,0.001,NOMINAL,-0.93
77,58,125,124.07,2.77,119.52,128.62,0.001,0.001,NOMINAL,-0.93
77,59,125,124.07,2.77,119.52,128.62,0.001,0.001,NOMINAL,-0.93
77,60,125,124.07,2.77,119.52,128.62,0.001,0.001,NOMINAL,-0.93
77,61,125,124.07,3.03,119.1,129.05,0.001,0.001,NOMINAL,-0.93
77,62,125,124.07,2.77,119.52,128.62,0.001,0.001,NOMINAL,-0.93
77,63,125,124.07,2.81,119.45,128.69,0.001,0.001,NOMINAL,-0.93
77,64,125,124.07,2.77,119.52,128.62,0.001,0.001,NOMINAL,-0.93
77,65,125,124.07,2.81,119.45,128.69,0.001,0.001,NOMINAL,-0.93
77,66,125,124.07,3.07,119.02,129.13,0.001,0.001,NOMINAL,-0.93
77,67,125,124.07,2.77,119.52,128.62,0.001,0.001,NOMINAL,-0.93
77,68,125,124.07,2.77,119.52,128.62,0.001,0.001,NOMINAL,-0.93
77,69,125,124.07,3.07,119.02,129.13,0.001,0.001,NOMINAL,-0.93
77,70,125,124.07,2.77,119.52,128.62,0.001,0.001,NOMINAL,-0.93
77,71,125,124.07,3.07,119.02,129.13,0.001,0.001,NOMINAL,-0.93
77,72,125,124.07,2.77,119.52,128.62,0.001,0.001,NOMINAL,-0.93
77,73,125,124.07,2.77,119.52,128.62,0.001,0.001,NOMINAL,-0.93
77,74,125,124.07,2.77,119.52,128.62,0.001,0.001,NOMINAL,-0.93
77,75,125,124.07,2.77,119.52,128.62,0.001,0.001,NOMINAL,-0.93
77,76,125,124.07,2.77,119.52,128.62,0.001,0.001,NOMINAL,-0.93
77,77,125,124.07,2.77,119.52,128.62,0.001,0.001,NOMINAL,-0.93
77,78,125,124.07,2.77,119.52,128.62,0.001,0.001,NOMINAL,-0.93
77,79,125,124.07,2.77,119.52,128.62,0.001,0.001,NOMINAL,-0.93
77,80,125,124.07,2.77,119.52,128.62,0.001,0.001,NOMINAL,-0.93
77,81,125,124.07,2.77,119.52,128.62,0.001,0.001,NOMINAL,-0.93
77,82,125,124.07,2.77,119.52,128.62,0.001,0.001,NOMINAL,-0.93
77,83,125,124.07,2.77,119.52,128.62,0.001,0.001,NOMINAL,-0.93
77,84,125,124.07,2.77,119.52,128.62,0.001,0.001,NOMINAL,-0.93
77,85,125,124.07,2.77,119.52,128.62,0.001,0.001,NOMINAL,-0.93
77,86,125,124.07,2.77,119.52,128.62,0.001,0.001,NOMINAL,-0.93
77,87,125,124.07,2.81,119.45,128.69,0.001,0.001,NOMINAL,-0.93
77,88,125,124.07,2.81,119.45,128.69,0.001,0.001,NOMINAL,-0.93
77,89,125,124.07,2.77,119.52,128.62,0.001,0.001,NOMINAL,-0.93
77,90,125,124.07,2.77,119.52,128.62,0.001,0.001,NOMINAL,-0.93
77,91,125,124.07,2.77,119.52,128.62,0.001,0.001,NOMINAL,-0.93
77,92,125,124.07,2.82,119.43,128.72,0.001,0.001,NOMINAL,-0.93
77,93,125,124.07,2.77,119.52,128.62,0.001,0.001,NOMINAL,-0.93
77,94,125,124.07,2.79,119.48,128.66,0.001,0.001,NOMINAL,-0.93
77,95,125,124.07,2.79,119.48,128.66,0.001,0.001,NOMINAL,-0.93
77,96,125,124.07,2.82,119.43,128.72,0.001,0.001,NOMINAL,-0.93
77,97,125,124.07,2.77,119.52,128.62,0.001,0.001,NOMINAL,-0.93
77,98,125,124.07,2.82,119.43,128.72,0.001,0.001,NOMINAL,-0.93
77,99,125,124.07,2.82,119.43,128.72,0.001,0.001,NOMINAL,-0.93
77,100,125,124.07,2.82,119.43,128.72,0.001,0.001,NOMINAL,-0.93
77,101,125,124.07,2.82,119.43,128.72,0.001,0.001,NOMINAL,-0.93
77,102,125,124.07,2.77,119.52,128.62,0.001,0.001,NOMINAL,-0.93
77,103,125,124.07,2.77,119.52,128.62,0.001,0.001,NOMINAL,-0.93
77,104,125,124.07,2.82,119.43,128.72,0.001,0.001,NOMINAL,-0.93
77,105,125,124.07,2.81,119.45,128.69,0.001,0.001,NOMINAL,-0.93
77,106,125,124.07,2.81,119.45,128.69,0.001,0.001,NOMINAL,-0.93
77,107,125,124.07,2.77,119.52,128.62,0.001,0.001,NOMINAL,-0.93
77,108,125,124.07,2.77,119.52,128.62,0.001,0.001,NOMINAL,-0.93
77,109,125,124.07,2.81,119.45,128.69,0.001,0.001,NOMINAL,-0.93
77,110,125,124.07,2.81,119.45,128.69,0.001,0.001,NOMINAL,-0.93
77,111,125,124.07,2.77,119.52,128.62,0.001,0.001,NOMINAL,-0.93
77,112,125,124.21,2.76,119.68,128.75,0.001,0.001,NOMINAL,-0.79
77,113,125,124.07,2.77,119.52,128.62,0.001,0.001,NOMINAL,-0.93
77,114,125,124.21,2.81,119.59,128.84,0.001,0.001,NOMINAL,-0.79
77,115,125,124.07,4.1,117.33,130.82,0.001,0.001,NOMINAL,-0.93
77,116,125,124.21,4.04,117.57,130.86,0.001,0.001,NOMINAL,-0.79
77,117,125,124.21,2.77,119.66,128.77,0.001,0.001,NOMINAL,-0.79
77,118,125,124.07,2.77,119.52,128.62,0.001,0.001,NOMINAL,-0.93
77,119,125,124.07,2.77,119.52,128.62,0.001,0.001,NOMINAL,-0.93
77,120,125,124.07,2.77,119.52,128.62,0.001,0.001,NOMINAL,-0.93
77,121,125,124.07,2.77,119.52,128.62,0.001,0.001,NOMINAL,-0.93
77,122,125,124.07,2.77,119.52,128.62,0.001,0.001,NOMINAL,-0.93
77,123,125,124.07,2.77,119.52,128.62,0.001,0.001,NOMINAL,-0.93
77,124,125,124.07,2.77,119.52,128.62,0.001,0.001,NOMINAL,-0.93
77,125,125,124.21,2.77,119.66,128.77,0.001,0.001,NOMINAL,-0.79
77,126,125,124.07,2.77,119.52,128.62,0.001,0.001,NOMINAL,-0.93
77,127,125,124.21,2.77,119.66,128.77,0.001,0.001,NOMINAL,-0.79
77,128,125,124.21,2.77,119.66,128.77,0.001,0.001,NOMINAL,-0.79
77,129,125,124.07,2.77,119.52,128.62,0.001,0.001,NOMINAL,-0.93
77,130,125,124.07,2.77,119.52,128.62,0.001,0.001,NOMINAL,-0.93
77,131,125,124.07,2.77,119.52,128.62,0.001,0.001,NOMINAL,-0.93
77,132,125,124.07,2.77,119.52,128.62,0.001,0.001,NOMINAL,-0.93
77,133,125,124.07,2.77,119.52,128.62,0.001,0.001,NOMINAL,-0.93
77,134,125,124.21,2.82,119.57,128.86,0.001,0.001,NOMINAL,-0.79
77,135,125,124.07,2.87,119.35,128.79,0.001,0.001,NOMINAL,-0.93
77,136,125,124.21,2.82,119.57,128.86,0.001,0.001,NOMINAL,-0.79
77,137,125,124.07,2.82,119.43,128.72,0.001,0.001,NOMINAL,-0.93
77,138,125,124.07,2.82,119.43,128.72,0.001,0.001,NOMINAL,-0.93
77,139,125,124.21,2.77,119.66,128.77,0.001,0.001,NOMINAL,-0.79
77,140,125,124.07,2.77,119.52,128.62,0.001,0.001,NOMINAL,-0.93
77,141,125,124.07,2.77,119.52,128.62,0.001,0.001,NOMINAL,-0.93
77,142,125,124.07,2.77,119.52,128.62,0.001,0.001,NOMINAL,-0.93
77,143,125,124.07,2.77,119.52,128.62,0.001,0.001,NOMINAL,-0.93
77,144,125,124.07,2.77,119.52,128.62,0.001,0.001,NOMINAL,-0.93
77,145,125,124.07,2.77,119.52,128.62,0.001,0.001,NOMINAL,-0.93
77,146,125,124.07,2.77,119.52,128.62,0.001,0.001,NOMINAL,-0.93
77,147,125,124.21,2.77,119.66,128.77,0.001,0.001,NOMINAL,-0.79
77,148,125,124.47,2.77,119.92,129.02,0.001,0.001,NOMINAL,-0.53
77,149,125,124.07,2.77,119.52,128.62,0.001,0.001,NOMINAL,-0.93
77,150,125,124.47,2.77,119.92,129.02,0.001,0.001,NOMINAL,-0.53
77,151,125,124.47,2.76,119.93,129.01,0.001,0.001,NOMINAL,-0.53
77,152,125,124.21,2.77,119.66,128.77,0.001,0.001,NOMINAL,-0.79
77,153,125,124.21,2.77,119.66,128.77,0.001,0.001,NOMINAL,-0.79
77,154,125,124.21,2.77,119.66,128.77,0.001,0.001,NOMINAL,-0.79
77,155,125,124.21,2.77,119.66,128.77,0.001,0.001,NOMINAL,-0.79
77,156,125,124.21,2.77,119.66,128.77,0.001,0.001,NOMINAL,-0.79
77,157,125,124.47,2.77,119.92,129.02,0.001,0.001,NOMINAL,-0.53
77,158,125,124.47,2.76,119.93,129.01,0.001,0.001,NOMINAL,-0.53
77,159,125,124.21,2.77,119.66,128.77,0.001,0.001,NOMINAL,-0.79
77,160,125,124.47,2.77,119.92,129.02,0.001,0.001,NOMINAL,-0.53
77,161,125,124.47,2.76,119.93,129.01,0.001,0.001,NOMINAL,-0.53
77,162,125,124.47,2.77,119.92,129.02,0.001,0.001,NOMINAL,-0.53
77,163,125,124.47,2.77,119.92,129.02,0.001,0.001,NOMINAL,-0.53
77,164,125,124.21,2.77,119.66,128.77,0.001,0.001,NOMINAL,-0.79
77,165,125,124.47,2.77,119.92,129.02,0.001,0.001,NOMINAL,-0.53
77,166,125,124.47,2.77,119.92,129.02,0.001,0.001,NOMINAL,-0.53
77,167,125,124.47,2.77,119.92,129.02,0.001,0.001,NOMINAL,-0.53
77,168,125,124.47,2.77,119.92,129.02,0.001,0.001,NOMINAL,-0.53
77,169,125,124.47,2.77,119.92,129.02,0.001,0.001,NOMINAL,-0.53
77,170,125,124.47,2.77,119.92,129.02,0.001,0.001,NOMINAL,-0.53
77,171,125,124.47,2.77,119.92,129.02,0.001,0.001,NOMINAL,-0.53
77,172,125,124.47,2.77,119.92,129.02,0.001,0.001,NOMINAL,-0.53
77,173,125,124.47,2.77,119.92,129.02,0.001,0.001,NOMINAL,-0.53
77,174,125,124.47,2.77,119.92,129.02,0.001,0.001,NOMINAL,-0.53
77,175,125,124.47,2.77,119.92,129.02,0.001,0.001,NOMINAL,-0.53
77,176,125,124.47,2.77,119.92,129.02,0.001,0.001,NOMINAL,-0.53
77,177,125,124.47,2.77,119.92,129.02,0.001,0.001,NOMINAL,-0.53
77,178,125,124.47,2.77,119.92,129.02,0.001,0.001,NOMINAL,-0.53
77,179,125,124.47,2.77,119.92,129.02,0.001,0.001,NOMINAL,-0.53
77,180,125,124.47,2.77,119.92,129.02,0.001,0.001,NOMINAL,-0.53
77,181,125,124.47,2.77,119.92,129.02,0.001,0.001,NOMINAL,-0.53
77,182,125,124.47,2.77,119.92,129.02,0.001,0.001,NOMINAL,-0.53
77,183,125,124.47,2.77,119.92,129.02,0.001,0.001,NOMINAL,-0.53
77,184,125,124.47,2.77,119.92,129.02,0.001,0.001,NOMINAL,-0.53
77,185,125,124.47,2.77,119.92,129.02,0.001,0.001,NOMINAL,-0.53
77,186,125,124.47,2.77,119.92,129.02,0.001,0.001,NOMINAL,-0.53
77,187,125,124.47,2.77,119.92,129.02,0.001,0.001,NOMINAL,-0.53
77,188,125,124.47,2.77,119.92,129.02,0.001,0.001,NOMINAL,-0.53
77,189,125,124.47,2.77,119.92,129.02,0.001,0.001,NOMINAL,-0.53
77,190,125,124.47,2.76,119.93,129.01,0.001,0.001,NOMINAL,-0.53
77,191,125,124.47,2.77,119.92,129.02,0.001,0.001,NOMINAL,-0.53
77,192,125,124.47,2.77,119.92,129.02,0.001,0.001,NOMINAL,-0.53
77,193,125,124.47,2.77,119.92,129.02,0.001,0.001,NOMINAL,-0.53
77,194,125,124.47,2.77,119.92,129.02,0.001,0.001,NOMINAL,-0.53
77,195,125,124.47,2.77,119.92,129.02,0.001,0.001,NOMINAL,-0.53
77,196,125,124.47,2.77,119.92,129.02,0.001,0.001,NOMINAL,-0.53
77,197,125,124.47,2.77,119.92,129.02,0.001,0.001,NOMINAL,-0.53
77,198,125,124.47,2.77,119.92,129.02,0.001,0.001,NOMINAL,-0.53
77,199,125,124.47,2.77,119.92,129.02,0.001,0.001,NOMINAL,-0.53
77,200,125,124.21,2.77,119.66,128.77,0.001,0.001,NOMINAL,-0.79
77,201,125,124.37,3.0,119.44,129.31,0.001,0.001,NOMINAL,-0.63
77,202,125,124.47,2.77,119.92,129.02,0.001,0.001,NOMINAL,-0.53
77,203,125,124.47,2.77,119.92,129.02,0.001,0.001,NOMINAL,-0.53
77,204,125,123.86,2.77,119.31,128.41,0.001,0.001,NOMINAL,-1.14
77,205,125,124.21,2.77,119.66,128.77,0.001,0.001,NOMINAL,-0.79
77,206,125,124.47,2.77,119.92,129.02,0.001,0.001,NOMINAL,-0.53
77,207,125,124.47,2.77,119.92,129.02,0.001,0.001,NOMINAL,-0.53
77,208,125,123.92,3.0,118.99,128.86,0.001,0.001,NOMINAL,-1.08
77,209,125,124.07,2.77,119.52,128.62,0.001,0.001,NOMINAL,-0.93
77,210,125,124.21,2.77,119.66,128.77,0.001,0.001,NOMINAL,-0.79
77,211,125,124.47,2.77,119.92,129.02,0.001,0.001,NOMINAL,-0.53
77,212,125,124.47,2.77,119.92,129.02,0.001,0.001,NOMINAL,-0.53
77,213,125,124.47,2.77,119.92,129.02,0.001,0.001,NOMINAL,-0.53
77,214,125,124.47,2.77,119.92,129.02,0.001,0.001,NOMINAL,-0.53
77,215,125,124.47,2.77,119.92,129.02,0.001,0.001,NOMINAL,-0.53
77,216,125,124.47,2.77,119.92,129.02,0.001,0.001,NOMINAL,-0.53
77,217,125,124.47,2.77,119.92,129.02,0.001,0.001,NOMINAL,-0.53
77,218,125,124.47,2.77,119.92,129.02,0.001,0.001,NOMINAL,-0.53
77,219,125,124.47,2.77,119.92,129.02,0.001,0.001,NOMINAL,-0.53
77,220,125,124.47,2.77,119.92,129.02,0.001,0.001,NOMINAL,-0.53
77,221,125,124.47,2.77,119.92,129.02,0.001,0.001,NOMINAL,-0.53
77,222,125,124.47,2.77,119.92,129.02,0.001,0.001,NOMINAL,-0.53
77,223,125,124.47,2.77,119.92,129.02,0.001,0.001,NOMINAL,-0.53
77,224,125,124.47,2.77,119.92,129.02,0.001,0.001,NOMINAL,-0.53
77,225,125,124.47,2.77,119.92,129.02,0.001,0.001,NOMINAL,-0.53
77,226,125,124.47,2.77,119.92,129.02,0.001,0.001,NOMINAL,-0.53
77,227,125,124.47,2.77,119.92,129.02,0.001,0.001,NOMINAL,-0.53
77,228,125,124.47,2.77,119.92,129.02,0.001,0.001,NOMINAL,-0.53
77,229,125,124.47,2.77,119.92,129.02,0.001,0.001,NOMINAL,-0.53
77,230,125,124.47,2.77,119.92,129.02,0.001,0.001,NOMINAL,-0.53
77,231,125,124.47,2.77,119.92,129.02,0.001,0.001,NOMINAL,-0.53
77,232,125,124.47,2.77,119.92,129.02,0.001,0.001,NOMINAL,-0.53
77,233,125,124.47,2.77,119.92,129.02,0.001,0.001,NOMINAL,-0.53
77,234,125,124.47,2.77,119.92,129.02,0.001,0.001,NOMINAL,-0.53
77,235,125,124.47,2.77,119.92,129.02,0.001,0.001,NOMINAL,-0.53
77,236,125,124.47,2.77,119.92,129.02,0.001,0.001,NOMINAL,-0.53
77,237,125,124.47,2.77,119.92,129.02,0.001,0.001,NOMINAL,-0.53
77,238,125,124.47,2.77,119.92,129.02,0.001,0.001,NOMINAL,-0.53
77,239,125,124.47,2.77,119.92,129.02,0.001,0.001,NOMINAL,-0.53
77,240,125,124.47,2.77,119.92,129.02,0.001,0.001,NOMINAL,-0.53
77,241,125,124.47,2.77,119.92,129.02,0.001,0.001,NOMINAL,-0.53
77,242,125,124.47,2.77,119.92,129.02,0.001,0.001,NOMINAL,-0.53
77,243,125,124.47,2.77,119.92,129.02,0.001,0.001,NOMINAL,-0.53
77,244,125,124.47,2.77,119.92,129.02,0.001,0.001,NOMINAL,-0.53
77,245,125,124.47,2.77,119.92,129.02,0.001,0.001,NOMINAL,-0.53
77,246,125,124.47,2.77,119.92,129.02,0.001,0.001,NOMINAL,-0.53
77,247,125,124.47,2.77,119.92,129.02,0.001,0.001,NOMINAL,-0.53
77,248,125,124.47,2.77,119.92,129.02,0.001,0.001,NOMINAL,-0.53
77,249,125,124.47,2.77,119.92,129.02,0.001,0.001,NOMINAL,-0.53
77,250,125,124.47,2.77,119.92,129.02,0.001,0.001,NOMINAL,-0.53
77,251,125,124.47,2.77,119.92,129.02,0.001,0.001,NOMINAL,-0.53
77,252,125,124.47,2.77,119.92,129.02,0.001,0.001,NOMINAL,-0.53
77,253,125,124.47,2.77,119.92,129.02,0.001,0.001,NOMINAL,-0.53
77,254,125,124.47,2.77,119.92,129.02,0.001,0.001,NOMINAL,-0.53
77,255,125,124.47,2.77,119.92,129.02,0.001,0.001,NOMINAL,-0.53
77,256,125,124.47,2.77,119.92,129.02,0.001,0.001,NOMINAL,-0.53
77,257,125,124.47,2.77,119.92,129.02,0.001,0.001,NOMINAL,-0.53
77,258,125,124.47,2.77,119.92,129.02,0.001,0.001,NOMINAL,-0.53
77,259,125,124.47,2.77,119.92,129.02,0.001,0.001,NOMINAL,-0.53
77,260,125,124.47,2.77,119.92,129.02,0.001,0.001,NOMINAL,-0.53
77,261,125,124.47,2.77,119.92,129.02,0.001,0.001,NOMINAL,-0.53
77,262,125,124.47,2.77,119.92,129.02,0.001,0.001,NOMINAL,-0.53
77,263,125,124.47,2.77,119.92,129.02,0.001,0.001,NOMINAL,-0.53
77,264,125,124.37,2.77,119.82,128.93,0.001,0.001,NOMINAL,-0.63
77,265,125,124.47,2.77,119.92,129.02,0.001,0.001,NOMINAL,-0.53
77,266,125,124.47,2.77,119.92,129.02,0.001,0.001,NOMINAL,-0.53
77,267,125,124.37,2.77,119.82,128.93,0.001,0.001,NOMINAL,-0.63
77,268,125,124.47,2.77,119.92,129.02,0.001,0.001,NOMINAL,-0.53
77,269,125,124.47,2.77,119.92,129.02,0.001,0.001,NOMINAL,-0.53
77,270,125,124.47,2.77,119.92,129.02,0.001,0.001,NOMINAL,-0.53
77,271,125,124.47,2.77,119.92,129.02,0.001,0.001,NOMINAL,-0.53
77,272,125,124.47,2.77,119.92,129.02,0.001,0.001,NOMINAL,-0.53
77,273,125,124.47,2.77,119.92,129.02,0.001,0.001,NOMINAL,-0.53
77,274,125,124.47,2.77,119.92,129.02,0.001,0.001,NOMINAL,-0.53
77,275,125,124.37,3.0,119.44,129.31,0.001,0.001,NOMINAL,-0.63
77,276,125,124.37,3.0,119.44,129.31,0.001,0.001,NOMINAL,-0.63
77,277,125,124.37,3.0,119.44,129.31,0.001,0.001,NOMINAL,-0.63
77,278,125,124.37,6.15,114.25,134.49,0.001,0.001,NOMINAL,-0.63
77,279,125,124.47,2.77,119.92,129.02,0.001,0.001,NOMINAL,-0.53
77,280,125,124.47,2.77,119.92,129.02,0.001,0.001,NOMINAL,-0.53
77,281,125,124.37,2.77,119.82,128.93,0.001,0.001,NOMINAL,-0.63
77,282,125,124.37,6.15,114.25,134.49,0.001,0.001,NOMINAL,-0.63
77,283,125,124.37,3.0,119.44,129.31,0.001,0.001,NOMINAL,-0.63
77,284,125,124.47,2.77,119.92,129.02,0.001,0.001,NOMINAL,-0.53
77,285,125,124.37,2.77,119.82,128.93,0.001,0.001,NOMINAL,-0.63
77,286,125,124.47,2.77,119.92,129.02,0.001,0.001,NOMINAL,-0.53
77,287,125,124.47,2.77,119.92,129.02,0.001,0.001,NOMINAL,-0.53
77,288,125,124.47,2.77,119.92,129.02,0.001,0.001,NOMINAL,-0.53
77,289,125,124.25,2.77,119.7,128.81,0.001,0.001,NOMINAL,-0.75
77,290,125,124.45,2.77,119.9,129.0,0.001,0.001,NOMINAL,-0.55
77,291,125,124.47,2.77,119.92,129.02,0.001,0.001,NOMINAL,-0.53
77,292,125,124.37,3.0,119.44,129.31,0.001,0.001,NOMINAL,-0.63
77,293,125,124.47,2.77,119.92,129.02,0.001,0.001,NOMINAL,-0.53
77,294,125,124.37,2.77,119.82,128.93,0.001,0.001,NOMINAL,-0.63
77,295,125,124.47,2.77,119.92,129.02,0.001,0.001,NOMINAL,-0.53
77,296,125,124.37,3.0,119.44,129.31,0.001,0.001,NOMINAL,-0.63
77,297,125,124.37,3.0,119.44,129.31,0.001,0.001,NOMINAL,-0.63
77,298,125,124.37,2.77,119.82,128.93,0.001,0.001,NOMINAL,-0.63
77,299,125,124.47,2.77,119.92,129.02,0.001,0.001,NOMINAL,-0.53
77,300,125,124.47,2.77,119.92,129.02,0.001,0.001,NOMINAL,-0.53
77,301,125,124.47,2.77,119.92,129.02,0.001,0.001,NOMINAL,-0.53
77,302,125,124.37,2.77,119.82,128.93,0.001,0.001,NOMINAL,-0.63
77,303,125,124.37,2.77,119.82,128.93,0.001,0.001,NOMINAL,-0.63
77,304,125,124.37,2.77,119.82,128.93,0.001,0.001,NOMINAL,-0.63
77,305,125,124.47,2.77,119.92,129.02,0.001,0.001,NOMINAL,-0.53
77,306,125,124.47,2.77,119.92,129.02,0.001,0.001,NOMINAL,-0.53
77,307,125,124.47,2.77,119.92,129.02,0.001,0.001,NOMINAL,-0.53
77,308,125,124.47,2.77,119.92,129.02,0.001,0.001,NOMINAL,-0.53
77,309,125,124.47,2.77,119.92,129.02,0.001,0.001,NOMINAL,-0.53
77,310,125,124.47,2.77,119.92,129.02,0.001,0.001,NOMINAL,-0.53
77,311,125,124.47,2.77,119.92,129.02,0.001,0.001,NOMINAL,-0.53
77,312,125,124.47,2.77,119.92,129.02,0.001,0.001,NOMINAL,-0.53
77,313,125,124.47,3.12,119.34,129.6,0.001,0.001,NOMINAL,-0.53
77,314,125,124.47,2.77,119.92,129.02,0.001,0.001,NOMINAL,-0.53
77,315,125,124.47,2.77,119.92,129.02,0.001,0.001,NOMINAL,-0.53
77,316,125,124.47,2.77,119.92,129.02,0.001,0.001,NOMINAL,-0.53
77,317,125,124.47,2.77,119.92,129.02,0.001,0.001,NOMINAL,-0.53
77,318,125,124.47,2.77,119.92,129.02,0.001,0.001,NOMINAL,-0.53
77,319,125,124.47,3.12,119.34,129.6,0.001,0.001,NOMINAL,-0.53
77,320,125,124.47,2.77,119.92,129.02,0.001,0.001,NOMINAL,-0.53
77,321,125,124.47,2.77,119.92,129.02,0.001,0.001,NOMINAL,-0.53
77,322,125,124.37,2.77,119.82,128.93,0.001,0.001,NOMINAL,-0.63
77,323,125,124.47,3.12,119.34,129.6,0.001,0.001,NOMINAL,-0.53
77,324,125,124.37,2.77,119.82,128.93,0.001,0.001,NOMINAL,-0.63
77,325,125,124.37,3.38,118.81,129.94,0.001,0.001,NOMINAL,-0.63
77,326,125,124.08,3.49,118.33,129.82,0.001,0.001,NOMINAL,-0.92
77,327,125,123.78,5.05,115.47,132.09,0.001,0.001,NOMINAL,-1.22
77,328,125,123.02,7.32,110.99,135.05,0.001,0.001,NOMINAL,-1.98
77,329,125,121.08,8.51,107.08,135.09,0.001,0.001,NOMINAL,-3.92
77,330,125,122.01,8.48,108.07,135.95,0.001,0.001,NOMINAL,-2.99
77,331,125,120.32,9.88,104.07,136.58,0.001,0.001,NOMINAL,-4.68
77,332,125,123.12,8.42,109.27,136.97,0.001,0.001,NOMINAL,-1.88
77,333,125,124.01,6.66,113.05,134.97,0.001,0.001,NOMINAL,-0.99
77,334,125,124.01,7.36,111.91,136.12,0.001,0.001,NOMINAL,-0.99
77,335,125,124.24,6.15,114.12,134.36,0.001,0.001,NOMINAL,-0.76
77,336,125,122.73,8.42,108.88,136.58,0.001,0.001,NOMINAL,-2.27
77,337,125,123.54,7.24,111.62,135.46,0.001,0.001,NOMINAL,-1.46
77,338,125,123.49,7.24,111.57,135.41,0.001,0.001,NOMINAL,-1.51
77,339,125,123.44,8.38,109.65,137.23,0.001,0.001,NOMINAL,-1.56
77,340,125,123.25,8.41,109.41,137.08,0.001,0.001,NOMINAL,-1.75
77,341,125,123.44,8.38,109.65,137.23,0.001,0.001,NOMINAL,-1.56
77,342,125,121.93,7.55,109.51,134.35,0.001,0.001,NOMINAL,-3.07
77,343,124,117.75,10.68,100.18,135.32,0.001,0.001,NOMINAL,-6.25
77,344,123,113.64,11.86,94.13,133.14,0.001,0.001,NOMINAL,-9.36
77,345,122,118.5,10.68,100.93,136.07,0.001,0.001,NOMINAL,-3.5
77,346,121,117.09,10.68,99.52,134.66,0.001,0.001,NOMINAL,-3.91
77,347,120,112.53,12.24,92.4,132.67,0.001,0.001,NOMINAL,-7.47
77,348,119,111.68,12.03,91.89,131.47,0.001,0.001,NOMINAL,-7.32
77,349,118,108.36,11.43,89.56,127.16,0.001,0.001,NOMINAL,-9.64
77,350,117,100.53,11.42,81.74,119.31,0.001,0.0012,NOMINAL,-16.47
77,351,116,109.88,11.43,91.08,128.68,0.001,0.001,NOMINAL,-6.12
77,352,115,110.1,11.58,91.06,129.14,0.001,0.001,NOMINAL,-4.9
77,353,114,103.29,11.38,84.57,122.0,0.001,0.0011,NOMINAL,-10.71
77,354,113,101.33,11.42,82.55,120.12,0.001,0.0012,NOMINAL,-11.67
77,355,112,98.29,11.41,79.53,117.06,0.001,0.0015,NOMINAL,-13.71
77,356,111,95.3,11.4,76.55,114.05,0.001,0.0026,NOMINAL,-15.7
77,357,110,102.63,11.38,83.91,121.34,0.001,0.0011,NOMINAL,-7.37
77,358,109,96.88,11.38,78.16,115.6,0.001,0.0018,NOMINAL,-12.12
77,359,108,93.39,11.42,74.6,112.17,0.001,0.0042,NOMINAL,-14.61
77,360,107,94.46,11.42,75.68,113.25,0.001,0.0032,NOMINAL,-12.54
77,361,106,94.73,11.23,76.26,113.19,0.001,0.0025,NOMINAL,-11.27
77,362,105,95.43,11.32,76.82,114.04,0.001,0.0023,NOMINAL,-9.57
77,363,104,94.98,11.4,76.23,113.73,0.001,0.0028,NOMINAL,-9.02
77,364,103,93.89,11.06,75.7,112.08,0.001,0.0026,NOMINAL,-9.11
77,365,102,92.84,10.95,74.83,110.85,0.001,0.003,NOMINAL,-9.16
77,366,101,93.39,11.05,75.21,111.56,0.001,0.0029,NOMINAL,-7.61
77,367,100,92.84,10.88,74.95,110.73,0.001,0.0028,NOMINAL,-7.16
77,368,99,95.97,11.4,77.22,114.72,0.001,0.0022,NOMINAL,-3.03
77,369,98,96.47,11.36,77.79,115.15,0.001,0.002,NOMINAL,-1.53
77,370,97,106.8,11.91,87.21,126.38,0.001,0.001,NOMINAL,9.8
77,371,96,108.3,12.32,88.03,128.57,0.001,0.0011,NOMINAL,12.3
77,372,95,115.53,10.82,97.74,133.31,0.001,0.001,NOMINAL,20.53
77,373,94,102.87,11.32,84.25,121.48,0.001,0.0011,NOMINAL,8.87
77,374,93,97.72,11.41,78.95,116.48,0.001,0.0016,NOMINAL,4.72
77,375,92,94.82,11.42,76.03,113.6,0.001,0.0029,NOMINAL,2.82
77,376,91,94.01,11.21,75.57,112.46,0.001,0.0029,NOMINAL,3.01
77,377,90,89.46,10.64,71.96,106.97,0.001,0.0056,NOMINAL,-0.54
77,378,89,88.51,10.64,71.01,106.01,0.001,0.0075,NOMINAL,-0.49
77,379,88,86.7,10.61,69.25,104.15,0.001,0.013,NOMINAL,-1.3
77,380,87,84.09,10.35,67.07,101.11,0.001,0.0229,NOMINAL,-2.91
77,381,86,82.96,9.25,67.74,98.17,0.001,0.0091,NOMINAL,-3.04
78,52,125,123.61,2.77,119.06,128.17,0.001,0.001,NOMINAL,-1.39
78,53,125,123.61,3.03,118.64,128.59,0.001,0.001,NOMINAL,-1.39
78,54,125,122.84,4.06,116.15,129.53,0.001,0.001,NOMINAL,-2.16
78,55,125,122.84,6.3,112.47,133.21,0.001,0.001,NOMINAL,-2.16
78,56,125,122.84,6.3,112.47,133.21,0.001,0.001,NOMINAL,-2.16
78,57,125,123.19,6.21,112.99,133.4,0.001,0.001,NOMINAL,-1.81
78,58,125,123.61,2.81,118.99,128.24,0.001,0.001,NOMINAL,-1.39
78,59,125,123.61,2.77,119.06,128.17,0.001,0.001,NOMINAL,-1.39
78,60,125,123.61,3.03,118.64,128.59,0.001,0.001,NOMINAL,-1.39
78,61,125,123.61,2.77,119.06,128.17,0.001,0.001,NOMINAL,-1.39
78,62,125,123.61,2.81,118.99,128.24,0.001,0.001,NOMINAL,-1.39
78,63,125,123.26,3.03,118.28,128.24,0.001,0.001,NOMINAL,-1.74
78,64,125,123.72,3.07,118.67,128.77,0.001,0.001,NOMINAL,-1.28
78,65,125,124.07,4.44,116.76,131.38,0.001,0.001,NOMINAL,-0.93
78,66,125,124.07,4.0,117.49,130.66,0.001,0.001,NOMINAL,-0.93
78,67,125,124.07,2.77,119.52,128.62,0.001,0.001,NOMINAL,-0.93
78,68,125,124.07,2.77,119.52,128.62,0.001,0.001,NOMINAL,-0.93
78,69,125,124.07,2.77,119.52,128.62,0.001,0.001,NOMINAL,-0.93
78,70,125,124.07,2.77,119.52,128.62,0.001,0.001,NOMINAL,-0.93
78,71,125,124.07,2.77,119.52,128.62,0.001,0.001,NOMINAL,-0.93
78,72,125,124.07,2.77,119.52,128.62,0.001,0.001,NOMINAL,-0.93
78,73,125,124.07,2.77,119.52,128.62,0.001,0.001,NOMINAL,-0.93
78,74,125,124.07,2.77,119.52,128.62,0.001,0.001,NOMINAL,-0.93
78,75,125,124.07,2.77,119.52,128.62,0.001,0.001,NOMINAL,-0.93
78,76,125,124.07,2.77,119.52,128.62,0.001,0.001,NOMINAL,-0.93
78,77,125,124.07,2.77,119.52,128.62,0.001,0.001,NOMINAL,-0.93
78,78,125,124.07,2.77,119.52,128.62,0.001,0.001,NOMINAL,-0.93
78,79,125,124.07,2.77,119.52,128.62,0.001,0.001,NOMINAL,-0.93
78,80,125,124.07,2.77,119.52,128.62,0.001,0.001,NOMINAL,-0.93
78,81,125,124.07,2.77,119.52,128.62,0.001,0.001,NOMINAL,-0.93
78,82,125,124.07,2.77,119.52,128.62,0.001,0.001,NOMINAL,-0.93
78,83,125,124.07,2.77,119.52,128.62,0.001,0.001,NOMINAL,-0.93
78,84,125,124.07,2.77,119.52,128.62,0.001,0.001,NOMINAL,-0.93
78,85,125,124.07,2.77,119.52,128.62,0.001,0.001,NOMINAL,-0.93
78,86,125,124.07,2.77,119.52,128.62,0.001,0.001,NOMINAL,-0.93
78,87,125,124.07,2.77,119.52,128.62,0.001,0.001,NOMINAL,-0.93
78,88,125,124.07,2.77,119.52,128.62,0.001,0.001,NOMINAL,-0.93
78,89,125,124.07,2.77,119.52,128.62,0.001,0.001,NOMINAL,-0.93
78,90,125,124.07,2.77,119.52,128.62,0.001,0.001,NOMINAL,-0.93
78,91,125,124.07,2.77,119.52,128.62,0.001,0.001,NOMINAL,-0.93
78,92,125,124.07,2.77,119.52,128.62,0.001,0.001,NOMINAL,-0.93
78,93,125,124.07,2.77,119.52,128.62,0.001,0.001,NOMINAL,-0.93
78,94,125,124.07,2.77,119.52,128.62,0.001,0.001,NOMINAL,-0.93
78,95,125,124.07,2.77,119.52,128.62,0.001,0.001,NOMINAL,-0.93
78,96,125,124.07,2.77,119.52,128.62,0.001,0.001,NOMINAL,-0.93
78,97,125,124.07,2.77,119.52,128.62,0.001,0.001,NOMINAL,-0.93
78,98,125,124.07,2.77,119.52,128.62,0.001,0.001,NOMINAL,-0.93
78,99,125,123.72,6.15,113.6,133.84,0.001,0.001,NOMINAL,-1.28
78,100,125,123.72,6.15,113.6,133.84,0.001,0.001,NOMINAL,-1.28
78,101,125,124.07,4.0,117.49,130.66,0.001,0.001,NOMINAL,-0.93
78,102,125,124.07,5.68,114.74,133.41,0.001,0.001,NOMINAL,-0.93
78,103,125,124.07,4.0,117.49,130.66,0.001,0.001,NOMINAL,-0.93
78,104,125,124.07,2.77,119.52,128.62,0.001,0.001,NOMINAL,-0.93
78,105,125,124.07,2.77,119.52,128.62,0.001,0.001,NOMINAL,-0.93
78,106,125,124.07,2.77,119.52,128.62,0.001,0.001,NOMINAL,-0.93
78,107,125,124.07,2.77,119.52,128.62,0.001,0.001,NOMINAL,-0.93
78,108,125,124.07,2.77,119.52,128.62,0.001,0.001,NOMINAL,-0.93
78,109,125,124.07,2.77,119.52,128.62,0.001,0.001,NOMINAL,-0.93
78,110,125,124.21,2.77,119.66,128.77,0.001,0.001,NOMINAL,-0.79
78,111,125,124.21,2.77,119.66,128.77,0.001,0.001,NOMINAL,-0.79
78,112,125,124.21,2.77,119.66,128.77,0.001,0.001,NOMINAL,-0.79
78,113,125,124.07,2.77,119.52,128.62,0.001,0.001,NOMINAL,-0.93
78,114,125,124.07,2.77,119.52,128.62,0.001,0.001,NOMINAL,-0.93
78,115,125,124.07,2.82,119.43,128.72,0.001,0.001,NOMINAL,-0.93
78,116,125,124.07,2.77,119.52,128.62,0.001,0.001,NOMINAL,-0.93
78,117,125,124.07,2.77,119.52,128.62,0.001,0.001,NOMINAL,-0.93
78,118,125,124.07,2.77,119.52,128.62,0.001,0.001,NOMINAL,-0.93
78,119,125,124.07,2.77,119.52,128.62,0.001,0.001,NOMINAL,-0.93
78,120,125,124.07,2.77,119.52,128.62,0.001,0.001,NOMINAL,-0.93
78,121,125,124.07,3.07,119.02,129.13,0.001,0.001,NOMINAL,-0.93
78,122,125,123.72,3.0,118.78,128.65,0.001,0.001,NOMINAL,-1.28
78,123,125,123.72,3.33,118.24,129.2,0.001,0.001,NOMINAL,-1.28
78,124,125,123.72,6.37,113.25,134.19,0.001,0.001,NOMINAL,-1.28
78,125,125,123.72,6.25,113.44,134.0,0.001,0.001,NOMINAL,-1.28
78,126,125,123.72,6.15,113.6,133.84,0.001,0.001,NOMINAL,-1.28
78,127,125,124.07,4.0,117.49,130.66,0.001,0.001,NOMINAL,-0.93
78,128,125,124.07,5.68,114.74,133.41,0.001,0.001,NOMINAL,-0.93
78,129,125,124.07,2.77,119.52,128.62,0.001,0.001,NOMINAL,-0.93
78,130,125,124.07,2.77,119.52,128.62,0.001,0.001,NOMINAL,-0.93
78,131,125,124.07,2.77,119.52,128.62,0.001,0.001,NOMINAL,-0.93
78,132,125,124.07,2.77,119.52,128.62,0.001,0.001,NOMINAL,-0.93
78,133,125,124.07,2.77,119.52,128.62,0.001,0.001,NOMINAL,-0.93
78,134,125,123.72,2.77,119.17,128.27,0.001,0.001,NOMINAL,-1.28
78,135,125,123.91,2.77,119.36,128.46,0.001,0.001,NOMINAL,-1.09
78,136,125,123.72,3.0,118.78,128.65,0.001,0.001,NOMINAL,-1.28
78,137,125,124.07,2.77,119.52,128.62,0.001,0.001,NOMINAL,-0.93
78,138,125,124.07,2.77,119.52,128.62,0.001,0.001,NOMINAL,-0.93
78,139,125,124.07,2.77,119.52,128.62,0.001,0.001,NOMINAL,-0.93
78,140,125,124.21,2.77,119.66,128.77,0.001,0.001,NOMINAL,-0.79
78,141,125,124.47,2.77,119.92,129.02,0.001,0.001,NOMINAL,-0.53
78,142,125,124.47,2.77,119.92,129.02,0.001,0.001,NOMINAL,-0.53
78,143,125,124.47,2.77,119.92,129.02,0.001,0.001,NOMINAL,-0.53
78,144,125,124.05,4.04,117.41,130.7,0.001,0.001,NOMINAL,-0.95
78,145,125,124.12,2.77,119.57,128.67,0.001,0.001,NOMINAL,-0.88
78,146,125,124.47,2.77,119.92,129.02,0.001,0.001,NOMINAL,-0.53
78,147,125,124.12,6.27,113.81,134.43,0.001,0.001,NOMINAL,-0.88
78,148,125,123.86,6.37,113.39,134.33,0.001,0.001,NOMINAL,-1.14
78,149,125,123.72,6.37,113.25,134.19,0.001,0.001,NOMINAL,-1.28
78,150,125,123.72,6.37,113.25,134.19,0.001,0.001,NOMINAL,-1.28
78,151,125,123.23,6.45,112.61,133.85,0.001,0.001,NOMINAL,-1.77
78,152,125,123.27,7.37,111.15,135.4,0.001,0.001,NOMINAL,-1.73
78,153,125,123.27,7.22,111.39,135.16,0.001,0.001,NOMINAL,-1.73
78,154,125,123.33,7.39,111.17,135.49,0.001,0.001,NOMINAL,-1.67
78,155,125,122.68,7.39,110.52,134.84,0.001,0.001,NOMINAL,-2.32
78,156,125,123.72,6.99,112.22,135.22,0.001,0.001,NOMINAL,-1.28
78,157,125,123.72,6.25,113.44,134.0,0.001,0.001,NOMINAL,-1.28
78,158,125,122.93,7.22,111.05,134.81,0.001,0.001,NOMINAL,-2.07
78,159,125,123.33,6.45,112.71,133.95,0.001,0.001,NOMINAL,-1.67
78,160,125,122.57,7.41,110.38,134.76,0.001,0.001,NOMINAL,-2.43
78,161,125,122.93,7.39,110.77,135.09,0.001,0.001,NOMINAL,-2.07
78,162,125,123.43,7.39,111.27,135.59,0.001,0.001,NOMINAL,-1.57
78,163,125,123.67,7.22,111.79,135.55,0.001,0.001,NOMINAL,-1.33
78,164,125,123.19,7.37,111.06,135.31,0.001,0.001,NOMINAL,-1.81
78,165,125,123.47,7.22,111.58,135.35,0.001,0.001,NOMINAL,-1.53
78,166,125,123.38,7.39,111.22,135.54,0.001,0.001,NOMINAL,-1.62
78,167,125,123.53,7.22,111.65,135.41,0.001,0.001,NOMINAL,-1.47
78,168,125,123.92,6.25,113.65,134.2,0.001,0.001,NOMINAL,-1.08
78,169,125,123.67,6.53,112.94,134.41,0.001,0.001,NOMINAL,-1.33
78,170,125,123.59,6.45,112.97,134.2,0.001,0.001,NOMINAL,-1.41
78,171,125,120.32,8.19,106.85,133.8,0.001,0.001,NOMINAL,-4.68
78,172,125,115.47,10.42,98.33,132.6,0.001,0.001,NOMINAL,-9.53
78,173,125,110.04,10.32,93.07,127.01,0.001,0.001,NOMINAL,-14.96
78,174,125,111.09,10.65,93.58,128.61,0.001,0.001,NOMINAL,-13.91
78,175,124,108.4,11.17,90.02,126.77,0.001,0.001,NOMINAL,-15.6
78,176,123,107.81,11.03,89.66,125.96,0.001,0.001,NOMINAL,-15.19
78,177,122,108.7,11.1,90.44,126.97,0.001,0.001,NOMINAL,-13.3
78,178,121,99.67,10.6,82.24,117.1,0.001,0.0011,NOMINAL,-21.33
78,179,120,107.09,11.1,88.83,125.35,0.001,0.001,NOMINAL,-12.91
78,180,119,98.99,10.52,81.69,116.29,0.001,0.0011,NOMINAL,-20.01
78,181,118,101.84,11.03,83.69,119.98,0.001,0.0011,NOMINAL,-16.16
78,182,117,102.51,11.03,84.36,120.66,0.001,0.0011,NOMINAL,-14.49
78,183,116,99.3,10.6,81.87,116.73,0.001,0.0011,NOMINAL,-16.7
78,184,115,97.05,10.52,79.75,114.35,0.001,0.0012,NOMINAL,-17.95
78,185,114,100.02,10.85,82.17,117.88,0.001,0.0011,NOMINAL,-13.98
78,186,113,99.31,10.98,81.26,117.37,0.001,0.0012,NOMINAL,-13.69
78,187,112,92.8,10.74,75.13,110.48,0.001,0.0025,NOMINAL,-19.2
78,188,111,102.29,11.9,82.71,121.87,0.001,0.0013,NOMINAL,-8.71
78,189,110,103.81,12.02,84.03,123.59,0.001,0.0012,NOMINAL,-6.19
78,190,109,110.88,12.02,91.1,130.66,0.001,0.001,NOMINAL,1.88
78,191,108,107.68,11.77,88.32,127.04,0.001,0.001,NOMINAL,-0.32
78,192,107,107.09,11.03,88.95,125.24,0.001,0.001,NOMINAL,0.09
78,193,106,108.99,11.16,90.64,127.33,0.001,0.001,NOMINAL,2.99
78,194,105,106.8,11.5,87.88,125.71,0.001,0.001,NOMINAL,1.8
78,195,104,110.02,11.1,91.76,128.29,0.001,0.001,NOMINAL,6.02
78,196,103,107.51,11.17,89.13,125.88,0.001,0.001,NOMINAL,4.51
78,197,102,102.13,11.03,83.98,120.27,0.001,0.0011,NOMINAL,0.13
78,198,101,97.89,10.64,80.38,115.39,0.001,0.0012,NOMINAL,-3.11
78,199,100,99.03,11.03,80.88,117.17,0.001,0.0012,NOMINAL,-0.97
78,200,99,103.54,11.49,84.65,122.44,0.001,0.0011,NOMINAL,4.54
78,201,98,108.92,11.82,89.48,128.36,0.001,0.001,NOMINAL,10.92
78,202,97,105.53,11.29,86.97,124.1,0.001,0.001,NOMINAL,8.53
78,203,96,107.81,11.7,88.57,127.05,0.001,0.001,NOMINAL,11.81
78,204,95,109.24,11.7,90.0,128.48,0.001,0.001,NOMINAL,14.24
78,205,94,109.85,11.89,90.29,129.4,0.001,0.001,NOMINAL,15.85
78,206,93,113.97,10.42,96.83,131.11,0.001,0.001,NOMINAL,20.97
78,207,92,109.55,11.89,90.0,129.1,0.001,0.001,NOMINAL,17.55
78,208,91,109.55,10.37,92.49,126.61,0.001,0.001,NOMINAL,18.55
78,209,90,104.07,11.43,85.27,122.87,0.001,0.0011,NOMINAL,14.07
78,210,89,98.49,11.43,79.69,117.29,0.001,0.0015,NOMINAL,9.49
78,211,88,102.43,10.41,85.31,119.55,0.001,0.001,NOMINAL,14.43
78,212,87,105.15,10.14,88.48,121.83,0.001,0.001,NOMINAL,18.15
78,213,86,99.98,11.43,81.18,118.79,0.001,0.0013,NOMINAL,13.98
78,214,85,103.77,11.43,84.97,122.57,0.001,0.0011,NOMINAL,18.77
78,215,84,105.93,11.43,87.13,124.73,0.001,0.001,NOMINAL,21.93
78,216,83,110.1,10.92,92.13,128.07,0.001,0.001,NOMINAL,27.1
78,217,82,109.8,12.24,89.66,129.94,0.001,0.001,NOMINAL,27.8
78,218,81,105.53,11.43,86.73,124.34,0.001,0.001,NOMINAL,24.53
78,219,80,100.89,11.43,82.08,119.69,0.001,0.0012,NOMINAL,20.89
78,220,79,98.06,11.42,79.28,116.85,0.001,0.0016,NOMINAL,19.06
78,221,78,93.68,10.65,76.17,111.19,0.001,0.0019,NOMINAL,15.68
78,222,77,91.12,10.6,73.69,108.56,0.001,0.0033,NOMINAL,14.12
78,223,76,93.11,10.6,75.68,110.54,0.001,0.0021,NOMINAL,17.11
78,224,75,89.04,10.63,71.56,106.52,0.001,0.0063,NOMINAL,14.04
78,225,74,90.31,10.58,72.9,107.72,0.001,0.0041,NOMINAL,16.31
78,226,73,89.25,10.58,71.84,106.65,0.001,0.0056,NOMINAL,16.25
78,227,72,89.35,10.56,71.97,106.72,0.001,0.0053,NOMINAL,17.35
78,228,71,88.69,10.56,71.32,106.06,0.001,0.0065,NOMINAL,17.69
78,229,70,87.79,10.56,70.42,105.17,0.001,0.0087,NOMINAL,17.79
78,230,69,83.56,10.29,66.64,100.48,0.001,0.0234,NOMINAL,14.56
78,231,68,79.88,9.1,64.91,94.85,0.001,0.0232,NOMINAL,11.88
78,232,67,78.36,8.57,64.26,92.46,0.001,0.0218,NOMINAL,11.36
78,233,66,77.4,8.25,63.83,90.97,0.001,0.0209,NOMINAL,11.4
78,234,65,75.75,8.17,62.31,89.19,0.001,0.0244,NOMINAL,10.75
78,235,64,69.43,7.6,56.94,81.93,0.001,0.0309,NOMINAL,5.43
78,236,63,71.71,7.6,59.21,84.2,0.001,0.0261,NOMINAL,8.71
78,237,62,69.8,7.6,57.3,82.29,0.001,0.0301,NOMINAL,7.8
78,238,61,68.42,6.99,56.92,79.91,0.001,0.0297,NOMINAL,7.42
78,239,60,68.96,7.6,56.46,81.45,0.001,0.0326,NOMINAL,8.96
78,240,59,68.96,7.6,56.46,81.45,0.001,0.0326,NOMINAL,9.96
78,241,58,68.96,7.6,56.45,81.47,0.001,0.0326,NOMINAL,10.96
78,242,57,62.62,5.96,52.82,72.42,0.001,0.0491,NOMINAL,5.62
78,243,56,56.97,6.0,47.1,66.84,0.001,0.1335,NOMINAL,0.97
78,244,55,54.59,6.0,44.72,64.46,0.001,0.2484,NOMINAL,-0.41
78,245,54,53.12,6.0,43.25,62.99,0.001,0.3476,NOMINAL,-0.88
78,246,53,50.26,6.07,40.28,60.24,0.001,0.5567,MONITOR,-2.74
78,247,52,53.55,6.07,43.57,63.54,0.001,0.3234,NOMINAL,1.55
78,248,51,49.01,6.11,38.97,59.06,0.0011,0.6382,MONITOR,-1.99
78,249,50,50.48,6.11,40.42,60.53,0.001,0.5395,MONITOR,0.48
78,250,49,45.9,6.06,35.93,55.86,0.0014,0.7834,WARNING,-3.1
78,251,48,46.13,6.05,36.17,56.08,0.0014,0.7751,WARNING,-1.87
78,252,47,45.19,5.25,36.56,53.83,0.001,0.8427,WARNING,-1.81
78,253,46,45.38,5.88,35.71,55.04,0.0014,0.814,WARNING,-0.62
78,254,45,45.19,5.41,36.3,54.09,0.0011,0.8371,WARNING,0.19
78,255,44,43.44,5.24,34.83,52.05,0.0012,0.9007,WARNING,-0.56
78,256,43,40.48,5.6,31.27,49.69,0.0067,0.9416,WARNING,-2.52
78,257,42,40.71,5.6,31.5,49.92,0.0058,0.9396,WARNING,-1.29
78,258,41,40.48,5.6,31.27,49.69,0.0067,0.9416,WARNING,-0.52
78,259,40,38.55,5.47,29.55,47.54,0.0165,0.9643,WARNING,-1.45
78,260,39,36.5,5.44,27.56,45.45,0.0254,0.9782,WARNING,-2.5
78,261,38,33.71,3.67,27.67,39.76,0.0052,0.9997,WARNING,-4.29
78,262,37,32.38,3.71,26.27,38.49,0.02,0.9998,WARNING,-4.62
78,263,36,33.43,5.5,24.38,42.48,0.0338,0.9901,WARNING,-2.57
78,264,35,32.25,3.72,26.12,38.37,0.0232,0.9998,WARNING,-2.75
78,265,34,32.38,3.72,26.25,38.51,0.0207,0.9998,WARNING,-1.62
78,266,33,30.95,3.81,24.68,37.21,0.0261,0.9998,WARNING,-2.05
78,267,32,30.79,3.82,24.5,37.08,0.0262,0.9998,WARNING,-1.21
78,268,31,30.78,3.81,24.51,37.05,0.0262,0.9998,WARNING,-0.22
78,269,30,29.15,3.91,22.71,35.58,0.0369,0.9998,WARNING,-0.85
78,270,29,27.63,3.82,21.34,33.91,0.0551,0.9998,WARNING,-1.37
78,271,28,27.63,3.84,21.31,33.94,0.0553,0.9998,WARNING,-0.37
78,272,27,26.5,3.85,20.17,32.84,0.0759,0.9998,WARNING,-0.5
78,273,26,26.67,3.86,20.32,33.01,0.0707,0.9998,WARNING,0.67
78,274,25,27.52,3.83,21.22,33.81,0.0566,0.9998,WARNING,2.52
78,275,24,26.5,3.84,20.18,32.83,0.0758,0.9998,WARNING,2.5
78,276,23,25.38,3.92,18.93,31.83,0.1066,0.9998,WARNING,2.38
78,277,22,23.04,3.99,16.47,29.6,0.2514,0.9998,WARNING,1.04
78,278,21,23.06,3.98,16.52,29.6,0.2442,0.9998,WARNING,2.06
78,279,20,21.56,4.0,14.98,28.15,0.403,0.9998,WARNING,1.56
79,52,125,116.37,11.55,97.37,135.36,0.001,0.001,NOMINAL,-8.63
79,53,125,116.37,11.54,97.39,135.34,0.001,0.001,NOMINAL,-8.63
79,54,125,116.37,11.49,97.47,135.26,0.001,0.001,NOMINAL,-8.63
79,55,125,116.43,10.24,99.58,133.27,0.001,0.001,NOMINAL,-8.57
79,56,125,116.77,11.49,97.87,135.66,0.001,0.001,NOMINAL,-8.23
79,57,125,117.22,11.42,98.44,136.01,0.001,0.001,NOMINAL,-7.78
79,58,125,116.97,10.24,100.13,133.82,0.001,0.001,NOMINAL,-8.03
79,59,125,117.14,11.49,98.24,136.03,0.001,0.001,NOMINAL,-7.86
79,60,125,117.2,11.33,98.57,135.83,0.001,0.001,NOMINAL,-7.8
79,61,125,117.71,11.49,98.81,136.6,0.001,0.001,NOMINAL,-7.29
79,62,125,116.63,12.38,96.26,137.0,0.001,0.001,NOMINAL,-8.37
79,63,125,115.34,12.57,94.67,136.01,0.001,0.001,NOMINAL,-9.66
79,64,124,112.93,12.52,92.34,133.53,0.001,0.001,NOMINAL,-11.07
79,65,123,112.38,12.52,91.78,132.97,0.001,0.001,NOMINAL,-10.62
79,66,122,112.38,12.52,91.78,132.97,0.001,0.001,NOMINAL,-9.62
79,67,121,113.47,12.52,92.87,134.06,0.001,0.001,NOMINAL,-7.53
79,68,120,114.0,12.52,93.41,134.6,0.001,0.001,NOMINAL,-6.0
79,69,119,117.7,12.57,97.02,138.37,0.001,0.001,NOMINAL,-1.3
79,70,118,119.48,12.57,98.8,140.15,0.001,0.001,NOMINAL,1.48
79,71,117,108.26,12.52,87.66,128.85,0.001,0.0011,NOMINAL,-8.74
79,72,116,109.53,12.52,88.94,130.13,0.001,0.0011,NOMINAL,-6.47
79,73,115,116.5,12.52,95.91,137.1,0.001,0.001,NOMINAL,1.5
79,74,114,116.04,12.52,95.44,136.63,0.001,0.001,NOMINAL,2.04
79,75,113,112.52,12.52,91.92,133.11,0.001,0.001,NOMINAL,-0.48
79,76,112,116.14,12.52,95.55,136.73,0.001,0.001,NOMINAL,4.14
79,77,111,115.92,12.52,95.33,136.52,0.001,0.001,NOMINAL,4.92
79,78,110,107.49,12.52,86.89,128.08,0.001,0.0011,NOMINAL,-2.51
79,79,109,107.79,12.52,87.2,128.39,0.001,0.0011,NOMINAL,-1.21
79,80,108,102.73,12.3,82.5,122.97,0.001,0.0014,NOMINAL,-5.27
79,81,107,110.88,12.52,90.28,131.47,0.001,0.001,NOMINAL,3.88
79,82,106,107.2,12.47,86.69,127.7,0.001,0.0011,NOMINAL,1.2
79,83,105,103.53,12.05,83.71,123.34,0.001,0.0012,NOMINAL,-1.47
79,84,104,100.41,11.49,81.51,119.31,0.001,0.0013,NOMINAL,-3.59
79,85,103,102.36,11.49,83.46,121.25,0.001,0.0011,NOMINAL,-0.64
79,86,102,91.38,11.49,72.49,110.28,0.001,0.008,NOMINAL,-10.62
79,87,101,90.53,11.49,71.63,109.42,0.001,0.0103,NOMINAL,-10.47
79,88,100,90.32,11.49,71.42,109.21,0.001,0.0109,NOMINAL,-9.68
79,89,99,96.86,11.49,77.96,115.76,0.001,0.002,NOMINAL,-2.14
79,90,98,103.93,12.44,83.47,124.4,0.001,0.0013,NOMINAL,5.93
79,91,97,97.13,11.56,78.11,116.15,0.001,0.002,NOMINAL,0.13
79,92,96,99.79,11.49,80.9,118.69,0.001,0.0013,NOMINAL,3.79
79,93,95,109.77,12.52,89.17,130.36,0.001,0.001,NOMINAL,14.77
79,94,94,112.26,12.52,91.67,132.86,0.001,0.001,NOMINAL,18.26
79,95,93,112.28,12.52,91.68,132.87,0.001,0.001,NOMINAL,19.28
79,96,92,94.96,11.49,76.06,113.86,0.001,0.003,NOMINAL,2.96
79,97,91,88.49,11.43,69.69,107.29,0.001,0.0178,NOMINAL,-2.51
79,98,90,90.59,11.43,71.79,109.39,0.001,0.0095,NOMINAL,0.59
79,99,89,93.52,11.49,74.63,112.42,0.001,0.0044,NOMINAL,4.52
79,100,88,88.77,11.49,69.87,107.67,0.001,0.0174,NOMINAL,0.77
79,101,87,89.66,11.49,70.77,108.56,0.001,0.0133,NOMINAL,2.66
79,102,86,91.38,11.49,72.49,110.28,0.001,0.008,NOMINAL,5.38
79,103,85,87.12,11.42,68.33,105.9,0.001,0.0235,NOMINAL,2.12
79,104,84,89.15,11.43,70.34,107.95,0.001,0.0146,NOMINAL,5.15
79,105,83,80.19,11.07,61.98,98.4,0.001,0.0268,NOMINAL,-2.81
79,106,82,88.05,11.43,69.24,106.85,0.001,0.0203,NOMINAL,6.05
79,107,81,88.58,11.43,69.78,107.38,0.001,0.0173,NOMINAL,7.58
79,108,80,85.63,10.97,67.59,103.67,0.001,0.0235,NOMINAL,5.63
79,109,79,77.53,10.61,60.07,94.99,0.001,0.0302,NOMINAL,-1.47
79,110,78,76.04,10.03,59.55,92.53,0.001,0.0301,NOMINAL,-1.96
79,111,77,76.31,10.29,59.39,93.24,0.001,0.0309,NOMINAL,-0.69
79,112,76,77.56,10.6,60.13,94.99,0.001,0.0301,NOMINAL,1.56
79,113,75,77.25,10.61,59.79,94.71,0.001,0.0306,NOMINAL,2.25
79,114,74,76.44,10.52,59.14,93.74,0.001,0.0323,NOMINAL,2.44
79,115,73,71.92,10.27,55.03,88.81,0.001,0.0488,NOMINAL,-1.08
79,116,72,68.09,9.8,51.97,84.21,0.001,0.0637,NOMINAL,-3.91
79,117,71,66.51,9.8,50.39,82.63,0.0011,0.0761,NOMINAL,-4.49
79,118,70,60.64,8.19,47.17,74.12,0.001,0.1163,NOMINAL,-9.36
79,119,69,62.1,8.54,48.05,76.15,0.001,0.1003,NOMINAL,-6.9
79,120,68,62.82,8.55,48.76,76.88,0.001,0.0956,NOMINAL,-5.18
79,121,67,66.91,9.57,51.17,82.65,0.001,0.0687,NOMINAL,-0.09
79,122,66,67.81,8.93,53.13,82.5,0.001,0.0552,NOMINAL,1.81
79,123,65,59.25,8.61,45.1,73.4,0.0011,0.1558,NOMINAL,-5.75
79,124,64,59.48,8.91,44.83,74.13,0.0012,0.1574,NOMINAL,-4.52
79,125,63,61.94,8.56,47.86,76.02,0.001,0.1041,NOMINAL,-1.06
79,126,62,62.79,8.74,48.41,77.17,0.001,0.0978,NOMINAL,0.79
79,127,61,59.84,9.08,44.9,74.78,0.0013,0.1536,NOMINAL,-1.16
79,128,60,59.64,8.71,45.31,73.96,0.0011,0.147,NOMINAL,-0.36
79,129,59,58.71,8.87,44.12,73.3,0.0013,0.1777,NOMINAL,-0.29
79,130,58,56.96,8.68,42.69,71.22,0.0015,0.235,NOMINAL,-1.04
79,131,57,53.03,7.71,40.35,65.71,0.0014,0.4028,NOMINAL,-3.97
79,132,56,50.68,8.09,37.37,64.0,0.0043,0.5376,MONITOR,-5.32
79,133,55,51.07,7.01,39.54,62.6,0.0012,0.5026,MONITOR,-3.93
79,134,54,53.95,7.92,40.93,66.97,0.0014,0.3568,NOMINAL,-0.05
79,135,53,54.91,8.08,41.61,68.21,0.0014,0.3158,NOMINAL,1.91
79,136,52,51.1,8.88,36.49,65.7,0.0112,0.5151,MONITOR,-0.9
79,137,51,50.45,8.27,36.84,64.06,0.0061,0.5512,MONITOR,-0.55
79,138,50,48.04,8.2,34.54,61.53,0.015,0.6665,MONITOR,-1.96
79,139,49,46.33,6.66,35.37,57.29,0.0027,0.7548,WARNING,-2.67
79,140,48,42.14,4.72,34.38,49.9,0.0011,0.9399,WARNING,-5.86
79,141,47,41.44,4.37,34.25,48.62,0.001,0.9559,WARNING,-5.56
79,142,46,40.14,4.68,32.44,47.83,0.0014,0.9656,WARNING,-5.86
79,143,45,41.2,6.45,30.58,51.82,0.0232,0.9141,WARNING,-3.8
79,144,44,40.24,4.7,32.51,47.96,0.0014,0.9633,WARNING,-3.76
79,145,43,41.31,4.32,34.2,48.42,0.001,0.9612,WARNING,-1.69
79,146,42,42.48,6.45,31.88,53.08,0.0118,0.8835,WARNING,0.48
79,147,41,43.01,4.66,35.34,50.67,0.001,0.9281,WARNING,2.01
79,148,40,38.08,4.46,30.74,45.41,0.0021,0.9832,WARNING,-1.92
79,149,39,34.27,4.16,27.43,41.11,0.0144,0.9988,WARNING,-4.73
79,150,38,38.56,4.09,31.84,45.29,0.0011,0.9859,WARNING,0.56
79,151,37,36.49,4.19,29.6,43.39,0.0028,0.9928,WARNING,-0.51
79,152,36,38.82,4.04,32.17,45.47,0.0011,0.9852,WARNING,2.82
79,153,35,34.49,4.16,27.65,41.33,0.012,0.9986,WARNING,-0.51
79,154,34,32.17,4.02,25.56,38.78,0.0255,0.9997,WARNING,-1.83
79,155,33,29.54,4.08,22.83,36.24,0.0369,0.9998,WARNING,-3.46
79,156,32,28.77,3.99,22.2,35.34,0.0453,0.9998,WARNING,-3.23
79,157,31,28.7,4.02,22.09,35.32,0.0472,0.9998,WARNING,-2.3
79,158,30,26.46,4.06,19.77,33.14,0.0893,0.9998,WARNING,-3.54
79,159,29,27.51,4.04,20.87,34.15,0.063,0.9998,WARNING,-1.49
79,160,28,26.93,4.04,20.29,33.56,0.0724,0.9998,WARNING,-1.07
79,161,27,26.93,4.19,20.04,33.81,0.0813,0.9998,WARNING,-0.07
79,162,26,27.01,4.04,20.37,33.65,0.0701,0.9998,WARNING,1.01
79,163,25,25.55,4.1,18.81,32.29,0.1088,0.9998,WARNING,0.55
79,164,24,24.9,3.9,18.49,31.32,0.1221,0.9998,WARNING,0.9
79,165,23,21.8,3.93,15.33,28.27,0.3775,0.9998,WARNING,-1.2
79,166,22,21.97,3.93,15.5,28.44,0.3552,0.9998,WARNING,-0.03
79,167,21,21.75,3.98,15.21,28.29,0.3834,0.9998,WARNING,0.75
79,168,20,19.11,4.05,12.45,25.78,0.658,0.9998,WARNING,-0.89
79,169,19,18.38,4.13,11.58,25.17,0.711,0.9998,WARNING,-0.62
79,170,18,16.75,4.23,9.79,23.7,0.8075,0.9998,WARNING,-1.25
80,52,125,124.47,2.63,120.15,128.79,0.001,0.001,NOMINAL,-0.53
80,53,125,124.47,2.61,120.18,128.76,0.001,0.001,NOMINAL,-0.53
80,54,125,124.47,2.61,120.18,128.76,0.001,0.001,NOMINAL,-0.53
80,55,125,124.47,2.61,120.18,128.76,0.001,0.001,NOMINAL,-0.53
80,56,125,124.47,2.61,120.18,128.76,0.001,0.001,NOMINAL,-0.53
80,57,125,124.47,2.61,120.18,128.76,0.001,0.001,NOMINAL,-0.53
80,58,125,124.47,2.61,120.18,128.76,0.001,0.001,NOMINAL,-0.53
80,59,125,124.12,2.61,119.83,128.4,0.001,0.001,NOMINAL,-0.88
80,60,125,124.47,2.61,120.18,128.76,0.001,0.001,NOMINAL,-0.53
80,61,125,124.12,2.61,119.83,128.4,0.001,0.001,NOMINAL,-0.88
80,62,125,124.47,2.61,120.18,128.76,0.001,0.001,NOMINAL,-0.53
80,63,125,124.47,2.61,120.18,128.76,0.001,0.001,NOMINAL,-0.53
80,64,125,124.47,2.61,120.18,128.76,0.001,0.001,NOMINAL,-0.53
80,65,125,124.47,2.61,120.18,128.76,0.001,0.001,NOMINAL,-0.53
80,66,125,124.47,2.63,120.15,128.79,0.001,0.001,NOMINAL,-0.53
80,67,125,124.47,2.61,120.18,128.76,0.001,0.001,NOMINAL,-0.53
80,68,125,124.47,2.61,120.18,128.76,0.001,0.001,NOMINAL,-0.53
80,69,125,124.47,2.61,120.18,128.76,0.001,0.001,NOMINAL,-0.53
80,70,125,124.47,2.61,120.18,128.76,0.001,0.001,NOMINAL,-0.53
80,71,125,124.47,2.61,120.18,128.76,0.001,0.001,NOMINAL,-0.53
80,72,125,124.47,2.61,120.18,128.76,0.001,0.001,NOMINAL,-0.53
80,73,125,124.47,2.61,120.18,128.76,0.001,0.001,NOMINAL,-0.53
80,74,125,124.47,2.61,120.18,128.76,0.001,0.001,NOMINAL,-0.53
80,75,125,124.12,2.61,119.83,128.4,0.001,0.001,NOMINAL,-0.88
80,76,125,124.12,2.61,119.83,128.4,0.001,0.001,NOMINAL,-0.88
80,77,125,124.47,2.61,120.18,128.76,0.001,0.001,NOMINAL,-0.53
80,78,125,124.47,2.61,120.18,128.76,0.001,0.001,NOMINAL,-0.53
80,79,125,124.47,2.61,120.18,128.76,0.001,0.001,NOMINAL,-0.53
80,80,125,124.47,2.61,120.18,128.76,0.001,0.001,NOMINAL,-0.53
80,81,125,124.47,2.61,120.18,128.76,0.001,0.001,NOMINAL,-0.53
80,82,125,124.12,4.16,117.27,130.97,0.001,0.001,NOMINAL,-0.88
80,83,125,124.12,4.53,116.67,131.56,0.001,0.001,NOMINAL,-0.88
80,84,125,123.39,6.63,112.48,134.29,0.001,0.001,NOMINAL,-1.61
80,85,125,124.47,5.39,115.6,133.34,0.001,0.001,NOMINAL,-0.53
81,52,118,124.07,2.77,119.52,128.62,0.001,0.001,NOMINAL,6.07
81,53,117,124.07,2.77,119.52,128.62,0.001,0.001,NOMINAL,7.07
81,54,116,123.97,2.77,119.42,128.53,0.001,0.001,NOMINAL,7.97
81,55,115,123.97,4.0,117.39,130.56,0.001,0.001,NOMINAL,8.97
81,56,114,124.07,5.68,114.74,133.41,0.001,0.001,NOMINAL,10.07
81,57,113,124.07,5.68,114.74,133.41,0.001,0.001,NOMINAL,11.07
81,58,112,124.07,5.68,114.74,133.41,0.001,0.001,NOMINAL,12.07
81,59,111,124.07,5.68,114.74,133.41,0.001,0.001,NOMINAL,13.07
81,60,110,124.07,5.68,114.74,133.41,0.001,0.001,NOMINAL,14.07
81,61,109,124.07,2.77,119.52,128.62,0.001,0.001,NOMINAL,15.07
81,62,108,123.97,6.25,113.7,134.25,0.001,0.001,NOMINAL,15.97
81,63,107,123.78,6.32,113.39,134.17,0.001,0.001,NOMINAL,16.78
81,64,106,123.78,6.99,112.28,135.28,0.001,0.001,NOMINAL,17.78
81,65,105,123.45,7.8,110.62,136.29,0.001,0.001,NOMINAL,18.45
81,66,104,123.97,6.43,113.39,134.55,0.001,0.001,NOMINAL,19.97
81,67,103,123.78,6.25,113.51,134.06,0.001,0.001,NOMINAL,20.78
81,68,102,123.78,6.15,113.66,133.9,0.001,0.001,NOMINAL,21.78
81,69,101,123.97,6.25,113.7,134.25,0.001,0.001,NOMINAL,22.97
81,70,100,123.78,6.25,113.51,134.06,0.001,0.001,NOMINAL,23.78
81,71,99,123.72,6.25,113.44,134.0,0.001,0.001,NOMINAL,24.72
81,72,98,123.91,6.43,113.33,134.49,0.001,0.001,NOMINAL,25.91
81,73,97,123.72,5.76,114.24,133.2,0.001,0.001,NOMINAL,26.72
81,74,96,123.97,6.25,113.7,134.25,0.001,0.001,NOMINAL,27.97
81,75,95,123.78,6.25,113.51,134.06,0.001,0.001,NOMINAL,28.78
81,76,94,123.91,6.25,113.63,134.19,0.001,0.001,NOMINAL,29.91
81,77,93,123.72,6.25,113.44,134.0,0.001,0.001,NOMINAL,30.72
81,78,92,123.78,6.25,113.51,134.06,0.001,0.001,NOMINAL,31.78
81,79,91,123.72,6.43,113.14,134.3,0.001,0.001,NOMINAL,32.72
81,80,90,123.24,6.65,112.31,134.17,0.001,0.001,NOMINAL,33.24
81,81,89,123.34,6.53,112.6,134.07,0.001,0.001,NOMINAL,34.34
81,82,88,119.03,8.16,105.61,132.44,0.001,0.001,NOMINAL,31.03
81,83,87,111.37,11.1,93.11,129.64,0.001,0.001,NOMINAL,24.37
81,84,86,111.37,11.1,93.11,129.64,0.001,0.001,NOMINAL,25.37
81,85,85,110.95,11.1,92.69,129.21,0.001,0.001,NOMINAL,25.95
81,86,84,115.09,9.52,99.43,130.75,0.001,0.001,NOMINAL,31.09
81,87,83,115.79,9.39,100.35,131.23,0.001,0.001,NOMINAL,32.79
81,88,82,110.2,11.1,91.94,128.47,0.001,0.001,NOMINAL,28.2
81,89,81,100.29,11.03,82.14,118.44,0.001,0.0011,NOMINAL,19.29
81,90,80,97.1,10.52,79.8,114.4,0.001,0.0012,NOMINAL,17.1
81,91,79,92.26,10.19,75.5,109.02,0.001,0.0018,NOMINAL,13.26
81,92,78,88.15,10.17,71.42,104.89,0.001,0.0049,NOMINAL,10.15
81,93,77,88.37,10.17,71.64,105.09,0.001,0.0046,NOMINAL,11.37
81,94,76,87.22,10.17,70.49,103.94,0.001,0.0066,NOMINAL,11.22
81,95,75,82.6,9.27,67.35,97.85,0.001,0.0107,NOMINAL,7.6
81,96,74,81.7,9.14,66.66,96.74,0.001,0.0127,NOMINAL,7.7
81,97,73,81.95,8.85,67.4,96.51,0.001,0.0078,NOMINAL,8.95
81,98,72,82.32,8.88,67.71,96.93,0.001,0.0071,NOMINAL,10.32
81,99,71,72.27,8.87,57.67,86.86,0.001,0.0324,NOMINAL,1.27
81,100,70,77.0,8.87,62.41,91.6,0.001,0.0254,NOMINAL,7.0
81,101,69,75.34,9.2,60.2,90.48,0.001,0.0263,NOMINAL,6.34
81,102,68,70.61,9.02,55.78,85.44,0.001,0.0395,NOMINAL,2.61
81,103,67,65.97,9.05,51.09,80.85,0.001,0.0688,NOMINAL,-1.03
81,104,66,64.78,9.44,49.24,80.31,0.0011,0.0907,NOMINAL,-1.22
81,105,65,67.3,9.52,51.64,82.96,0.001,0.0654,NOMINAL,2.3
81,106,64,64.22,9.24,49.02,79.42,0.001,0.0929,NOMINAL,0.22
81,107,63,76.17,9.51,60.53,91.81,0.001,0.0263,NOMINAL,13.17
81,108,62,65.81,9.73,49.8,81.81,0.0011,0.0843,NOMINAL,3.81
81,109,61,65.19,9.73,49.19,81.2,0.0011,0.0912,NOMINAL,4.19
81,110,60,66.75,9.73,50.74,82.75,0.001,0.0716,NOMINAL,6.75
81,111,59,69.57,9.78,53.48,85.65,0.001,0.0548,NOMINAL,10.57
81,112,58,72.49,9.78,56.4,88.58,0.001,0.039,NOMINAL,14.49
81,113,57,71.42,9.78,55.33,87.51,0.001,0.0455,NOMINAL,14.42
81,114,56,64.49,9.41,49.01,79.97,0.0011,0.0928,NOMINAL,8.49
81,115,55,65.15,9.02,50.32,79.98,0.001,0.0771,NOMINAL,10.15
81,116,54,64.1,8.8,49.62,78.58,0.001,0.088,NOMINAL,10.1
81,117,53,62.77,8.84,48.22,77.31,0.001,0.0992,NOMINAL,9.77
81,118,52,62.29,8.97,47.54,77.04,0.0011,0.1067,NOMINAL,10.29
81,119,51,60.37,8.41,46.53,74.2,0.001,0.1269,NOMINAL,9.37
81,120,50,60.53,8.37,46.76,74.3,0.001,0.122,NOMINAL,10.53
81,121,49,60.53,8.41,46.7,74.36,0.001,0.1245,NOMINAL,11.53
81,122,48,57.85,6.49,47.17,68.53,0.001,0.13,NOMINAL,9.85
81,123,47,58.1,6.04,48.17,68.03,0.001,0.1111,NOMINAL,11.1
81,124,46,56.55,6.04,46.62,66.48,0.001,0.1535,NOMINAL,10.55
81,125,45,53.61,5.81,44.05,63.17,0.001,0.3096,NOMINAL,8.61
81,126,44,53.28,6.29,42.93,63.63,0.001,0.3469,NOMINAL,9.28
81,127,43,51.55,5.97,41.74,61.36,0.001,0.45,NOMINAL,8.55
81,128,42,52.34,6.55,41.57,63.12,0.001,0.4122,NOMINAL,10.34
81,129,41,50.42,5.97,40.61,60.23,0.001,0.545,MONITOR,9.42
81,130,40,50.55,6.06,40.58,60.52,0.001,0.5334,MONITOR,10.55
81,131,39,48.3,5.78,38.79,57.81,0.001,0.684,MONITOR,9.3
81,132,38,46.95,5.37,38.12,55.77,0.001,0.7587,WARNING,8.95
81,133,37,43.26,5.16,34.77,51.74,0.0012,0.9081,WARNING,6.26
81,134,36,42.22,5.15,33.75,50.69,0.0014,0.9294,WARNING,6.22
81,135,35,38.35,5.01,30.11,46.59,0.0066,0.9713,WARNING,3.35
81,136,34,34.22,5.05,25.92,42.52,0.0262,0.9916,WARNING,0.22
81,137,33,36.85,4.88,28.82,44.87,0.0133,0.9844,WARNING,3.85
81,138,32,37.52,4.86,29.53,45.51,0.0078,0.9803,WARNING,5.52
81,139,31,33.97,4.9,25.92,42.02,0.0261,0.9932,WARNING,2.97
81,140,30,32.96,4.96,24.79,41.12,0.03,0.996,WARNING,2.96
81,141,29,31.4,5.24,22.78,40.01,0.0463,0.9973,WARNING,2.4
81,142,28,28.54,5.76,19.06,38.01,0.0967,0.9985,WARNING,0.54
81,143,27,28.35,5.77,18.85,37.85,0.0991,0.9987,WARNING,1.35
81,144,26,26.89,6.0,17.02,36.76,0.1378,0.999,WARNING,0.89
81,145,25,25.23,6.03,15.3,35.15,0.2072,0.9995,WARNING,0.23
81,146,24,25.08,4.04,18.43,31.72,0.1222,0.9998,WARNING,1.08
81,147,23,26.04,4.04,19.4,32.68,0.0958,0.9998,WARNING,3.04
81,148,22,23.19,4.06,16.51,29.87,0.2396,0.9998,WARNING,1.19
81,149,21,20.35,4.17,13.48,27.21,0.5379,0.9998,WARNING,-0.65
81,150,20,19.89,4.22,12.96,26.83,0.5872,0.9998,WARNING,-0.11
81,151,19,18.55,4.19,11.66,25.45,0.6986,0.9998,WARNING,-0.45
81,152,18,18.59,4.31,11.5,25.69,0.6919,0.9998,WARNING,0.59
81,153,17,16.4,4.28,9.36,23.45,0.8269,0.9998,WARNING,-0.6
81,154,16,15.2,4.41,7.95,22.46,0.8702,0.9998,WARNING,-0.8
81,155,15,15.07,4.42,7.8,22.35,0.8751,0.9998,WARNING,0.07
82,52,125,124.07,2.77,119.52,128.62,0.001,0.001,NOMINAL,-0.93
82,53,125,124.07,2.77,119.52,128.62,0.001,0.001,NOMINAL,-0.93
82,54,125,124.07,2.77,119.52,128.62,0.001,0.001,NOMINAL,-0.93
82,55,125,124.07,2.77,119.52,128.62,0.001,0.001,NOMINAL,-0.93
82,56,125,123.97,2.77,119.42,128.53,0.001,0.001,NOMINAL,-1.03
82,57,125,123.97,6.15,113.85,134.09,0.001,0.001,NOMINAL,-1.03
82,58,125,123.97,6.15,113.85,134.09,0.001,0.001,NOMINAL,-1.03
82,59,125,123.97,6.25,113.7,134.25,0.001,0.001,NOMINAL,-1.03
82,60,125,124.07,5.68,114.74,133.41,0.001,0.001,NOMINAL,-0.93
82,61,125,123.97,5.68,114.64,133.31,0.001,0.001,NOMINAL,-1.03
82,62,125,123.97,6.15,113.85,134.09,0.001,0.001,NOMINAL,-1.03
82,63,125,123.97,6.25,113.7,134.25,0.001,0.001,NOMINAL,-1.03
82,64,125,123.97,6.15,113.85,134.09,0.001,0.001,NOMINAL,-1.03
82,65,125,123.07,7.37,110.95,135.2,0.001,0.001,NOMINAL,-1.93
82,66,125,123.38,7.22,111.5,135.26,0.001,0.001,NOMINAL,-1.62
82,67,125,123.53,7.22,111.65,135.41,0.001,0.001,NOMINAL,-1.47
82,68,125,123.97,6.43,113.39,134.55,0.001,0.001,NOMINAL,-1.03
82,69,125,123.07,7.37,110.95,135.2,0.001,0.001,NOMINAL,-1.93
82,70,125,121.11,8.09,107.8,134.42,0.001,0.001,NOMINAL,-3.89
82,71,125,119.94,9.05,105.06,134.83,0.001,0.001,NOMINAL,-5.06
82,72,125,114.04,11.1,95.77,132.3,0.001,0.001,NOMINAL,-10.96
82,73,125,111.19,11.1,92.93,129.46,0.001,0.001,NOMINAL,-13.81
82,74,125,112.77,11.1,94.5,131.03,0.001,0.001,NOMINAL,-12.23
82,75,125,108.67,11.1,90.4,126.93,0.001,0.001,NOMINAL,-16.33
82,76,124,106.4,11.7,87.16,125.64,0.001,0.001,NOMINAL,-17.6
82,77,123,103.1,11.29,84.53,121.66,0.001,0.0011,NOMINAL,-19.9
82,78,122,98.19,11.03,80.04,116.34,0.001,0.0013,NOMINAL,-23.81
82,79,121,90.52,10.91,72.57,108.47,0.001,0.0055,NOMINAL,-30.48
82,80,120,96.86,11.03,78.71,115.01,0.001,0.0015,NOMINAL,-23.14
82,81,119,102.22,11.82,82.78,121.66,0.001,0.0012,NOMINAL,-16.78
82,82,118,107.6,12.02,87.82,127.38,0.001,0.001,NOMINAL,-10.4
82,83,117,101.81,11.9,82.23,121.39,0.001,0.0013,NOMINAL,-15.19
82,84,116,105.8,12.02,86.02,125.58,0.001,0.0011,NOMINAL,-10.2
82,85,115,105.01,12.02,85.23,124.78,0.001,0.0011,NOMINAL,-9.99
82,86,114,109.93,12.02,90.15,129.71,0.001,0.001,NOMINAL,-4.07
82,87,113,114.08,11.1,95.82,132.35,0.001,0.001,NOMINAL,1.08
82,88,112,112.97,11.1,94.71,131.24,0.001,0.001,NOMINAL,0.97
82,89,111,111.88,11.1,93.61,130.14,0.001,0.001,NOMINAL,0.88
82,90,110,113.64,11.1,95.37,131.9,0.001,0.001,NOMINAL,3.64
82,91,109,116.92,11.1,98.66,135.19,0.001,0.001,NOMINAL,7.92
82,92,108,116.14,11.1,97.87,134.4,0.001,0.001,NOMINAL,8.14
82,93,107,115.5,11.1,97.23,133.76,0.001,0.001,NOMINAL,8.5
82,94,106,111.02,11.1,92.75,129.28,0.001,0.001,NOMINAL,5.02
82,95,105,112.88,11.1,94.61,131.14,0.001,0.001,NOMINAL,7.88
82,96,104,110.22,11.1,91.95,128.48,0.001,0.001,NOMINAL,6.22
82,97,103,109.7,11.4,90.95,128.45,0.001,0.001,NOMINAL,6.7
82,98,102,110.26,11.1,91.99,128.52,0.001,0.001,NOMINAL,8.26
82,99,101,103.77,11.03,85.62,121.92,0.001,0.001,NOMINAL,2.77
82,100,100,105.38,11.1,87.12,123.64,0.001,0.001,NOMINAL,5.38
82,101,99,104.12,11.03,85.98,122.27,0.001,0.001,NOMINAL,5.12
82,102,98,105.86,11.7,86.62,125.1,0.001,0.001,NOMINAL,7.86
82,103,97,102.69,11.5,83.78,121.61,0.001,0.0011,NOMINAL,5.69
82,104,96,106.21,11.83,86.75,125.67,0.001,0.0011,NOMINAL,10.21
82,105,95,104.12,11.16,85.77,122.47,0.001,0.001,NOMINAL,9.12
82,106,94,101.88,11.03,83.73,120.02,0.001,0.0011,NOMINAL,7.88
82,107,93,99.25,11.03,81.1,117.4,0.001,0.0012,NOMINAL,6.25
82,108,92,92.76,10.45,75.57,109.95,0.001,0.002,NOMINAL,0.76
82,109,91,93.37,10.47,76.15,110.58,0.001,0.0018,NOMINAL,2.37
82,110,90,90.56,10.46,73.35,107.78,0.001,0.0034,NOMINAL,0.56
82,111,89,92.69,10.91,74.73,110.64,0.001,0.003,NOMINAL,3.69
82,112,88,92.56,10.48,75.33,109.8,0.001,0.0021,NOMINAL,4.56
82,113,87,93.99,10.52,76.69,111.29,0.001,0.0016,NOMINAL,6.99
82,114,86,92.4,10.52,75.1,109.7,0.001,0.0022,NOMINAL,6.4
82,115,85,98.99,11.54,80.0,117.98,0.001,0.0015,NOMINAL,13.99
82,116,84,92.63,10.95,74.62,110.65,0.001,0.0032,NOMINAL,8.63
82,117,83,99.83,11.7,80.59,119.07,0.001,0.0015,NOMINAL,16.83
82,118,82,88.79,10.87,70.92,106.67,0.001,0.0089,NOMINAL,6.79
82,119,81,89.42,10.4,72.32,106.53,0.001,0.0043,NOMINAL,8.42
82,120,80,85.43,9.91,69.14,101.73,0.001,0.0087,NOMINAL,5.43
82,121,79,84.38,10.3,67.43,101.33,0.001,0.0198,NOMINAL,5.38
82,122,78,81.73,10.3,64.78,98.67,0.001,0.0253,NOMINAL,3.73
82,123,77,80.16,9.65,64.29,96.03,0.001,0.0248,NOMINAL,3.16
82,124,76,77.66,10.05,61.13,94.18,0.001,0.0263,NOMINAL,1.66
82,125,75,78.11,9.65,62.24,93.98,0.001,0.0259,NOMINAL,3.11
82,126,74,78.2,9.9,61.91,94.49,0.001,0.0261,NOMINAL,4.2
82,127,73,78.26,9.76,62.21,94.31,0.001,0.026,NOMINAL,5.26
82,128,72,79.82,10.43,62.67,96.97,0.001,0.0261,NOMINAL,7.82
82,129,71,78.48,9.76,62.43,94.53,0.001,0.0259,NOMINAL,7.48
82,130,70,79.1,10.4,61.99,96.21,0.001,0.0262,NOMINAL,9.1
82,131,69,78.57,9.77,62.5,94.64,0.001,0.0259,NOMINAL,9.57
82,132,68,75.68,9.24,60.48,90.88,0.001,0.0263,NOMINAL,7.68
82,133,67,75.32,8.96,60.58,90.06,0.001,0.0262,NOMINAL,8.32
82,134,66,78.48,9.3,63.18,93.78,0.001,0.0253,NOMINAL,12.48
82,135,65,73.67,8.77,59.24,88.11,0.001,0.0274,NOMINAL,8.67
82,136,64,74.99,9.25,59.78,90.2,0.001,0.0273,NOMINAL,10.99
82,137,63,75.65,8.5,61.67,89.64,0.001,0.0255,NOMINAL,12.65
82,138,62,80.43,8.91,65.78,95.09,0.001,0.0151,NOMINAL,18.43
82,139,61,67.28,8.04,54.05,80.51,0.001,0.0481,NOMINAL,6.28
82,140,60,67.84,8.14,54.45,81.22,0.001,0.0455,NOMINAL,7.84
82,141,59,71.57,8.79,57.1,86.03,0.001,0.0336,NOMINAL,12.57
82,142,58,65.28,8.43,51.4,79.15,0.001,0.0657,NOMINAL,7.28
82,143,57,64.76,8.03,51.55,77.97,0.001,0.0639,NOMINAL,7.76
82,144,56,65.16,8.31,51.48,78.83,0.001,0.0649,NOMINAL,9.16
82,145,55,63.38,7.61,50.86,75.9,0.001,0.0695,NOMINAL,8.38
82,146,54,59.85,6.21,49.64,70.07,0.001,0.0894,NOMINAL,5.85
82,147,53,57.7,6.01,47.81,67.59,0.001,0.1193,NOMINAL,4.7
82,148,52,56.61,6.01,46.72,66.5,0.001,0.1487,NOMINAL,4.61
82,149,51,52.99,6.12,42.92,63.05,0.001,0.3625,NOMINAL,1.99
82,150,50,53.62,6.12,43.56,63.69,0.001,0.3213,NOMINAL,3.62
82,151,49,50.82,6.12,40.75,60.89,0.001,0.5116,MONITOR,1.82
82,152,48,51.68,6.11,41.63,61.74,0.001,0.445,NOMINAL,3.68
82,153,47,50.32,6.11,40.27,60.38,0.001,0.5521,MONITOR,3.32
82,154,46,49.56,6.04,39.62,59.49,0.001,0.607,MONITOR,3.56
82,155,45,49.42,6.04,39.48,59.36,0.001,0.6152,MONITOR,4.42
82,156,44,49.06,5.86,39.42,58.7,0.001,0.6376,MONITOR,5.06
82,157,43,45.28,5.97,35.45,55.11,0.0015,0.8151,WARNING,2.28
82,158,42,44.81,6.01,34.92,54.69,0.0018,0.8318,WARNING,2.81
82,159,41,43.12,5.47,34.12,52.12,0.0015,0.902,WARNING,2.12
82,160,40,40.45,5.18,31.92,48.97,0.0028,0.9516,WARNING,0.45
82,161,39,38.31,5.13,29.87,46.75,0.009,0.9702,WARNING,-0.69
82,162,38,36.87,5.15,28.4,45.34,0.0232,0.9797,WARNING,-1.13
82,163,37,37.74,5.26,29.1,46.39,0.0173,0.9714,WARNING,0.74
82,164,36,34.26,5.11,25.86,42.66,0.0262,0.991,WARNING,-1.74
82,165,35,37.23,5.28,28.55,45.92,0.0234,0.9754,WARNING,2.23
82,166,34,33.85,5.17,25.34,42.36,0.0283,0.9916,WARNING,-0.15
82,167,33,31.97,5.28,23.28,40.66,0.0411,0.9957,WARNING,-1.03
82,168,32,31.05,5.57,21.88,40.22,0.0555,0.9955,WARNING,-0.95
82,169,31,30.09,5.57,20.93,39.26,0.0657,0.9975,WARNING,-0.91
82,170,30,31.05,5.69,21.7,40.4,0.0583,0.9943,WARNING,1.05
82,171,29,30.93,3.81,24.67,37.19,0.0261,0.9998,WARNING,1.93
82,172,28,27.92,4.0,21.35,34.5,0.0555,0.9998,WARNING,-0.08
82,173,27,26.39,4.04,19.75,33.03,0.0895,0.9998,WARNING,-0.61
82,174,26,22.88,4.12,16.11,29.66,0.2726,0.9998,WARNING,-3.12
82,175,25,22.43,4.12,15.65,29.21,0.3221,0.9998,WARNING,-2.57
82,176,24,20.01,4.04,13.37,26.66,0.5728,0.9998,WARNING,-3.99
82,177,23,21.44,4.0,14.86,28.02,0.4117,0.9998,WARNING,-1.56
82,178,22,20.66,4.0,14.07,27.24,0.4948,0.9998,WARNING,-1.34
82,179,21,19.54,4.08,12.84,26.25,0.6216,0.9998,WARNING,-1.46
82,180,20,18.75,4.16,11.9,25.59,0.685,0.9998,WARNING,-1.25
82,181,19,18.54,4.16,11.7,25.39,0.7007,0.9998,WARNING,-0.46
82,182,18,18.63,4.14,11.83,25.44,0.6931,0.9998,WARNING,0.63
82,183,17,18.26,4.2,11.36,25.17,0.7175,0.9998,WARNING,1.26
82,184,16,17.35,4.22,10.4,24.29,0.7732,0.9998,WARNING,1.35
82,185,15,16.48,4.31,9.39,23.58,0.8192,0.9998,WARNING,1.48
82,186,14,15.06,4.41,7.8,22.32,0.8757,0.9998,WARNING,1.06
82,187,13,14.3,4.49,6.92,21.68,0.9036,0.9998,CRITICAL,1.3
82,188,12,14.25,4.49,6.87,21.63,0.9056,0.9998,CRITICAL,2.25
82,189,11,11.82,4.72,4.06,19.58,0.9456,0.9998,CRITICAL,0.82
82,190,10,9.04,4.92,0.95,17.14,0.9679,0.9998,CRITICAL,-0.96
82,191,9,8.47,4.99,0.26,16.67,0.9712,0.9998,CRITICAL,-0.53
82,192,8,7.6,5.02,-0.66,15.86,0.9775,0.9998,CRITICAL,-0.4
82,193,7,5.54,5.16,-2.96,14.03,0.986,0.9998,CRITICAL,-1.46
82,194,6,4.81,5.19,-3.73,13.34,0.9889,0.9998,CRITICAL,-1.19
83,52,125,117.77,13.27,95.95,139.6,0.001,0.001,NOMINAL,-7.23
83,53,125,117.54,13.48,95.38,139.71,0.001,0.001,NOMINAL,-7.46
83,54,125,117.35,13.56,95.05,139.66,0.001,0.001,NOMINAL,-7.65
83,55,125,119.71,13.27,97.89,141.54,0.001,0.001,NOMINAL,-5.29
83,56,125,122.5,13.34,100.55,144.44,0.001,0.001,NOMINAL,-2.5
83,57,125,122.5,13.34,100.55,144.44,0.001,0.001,NOMINAL,-2.5
83,58,125,120.67,13.35,98.7,142.63,0.001,0.001,NOMINAL,-4.33
83,59,125,119.4,10.08,102.81,135.98,0.001,0.001,NOMINAL,-5.6
83,60,125,122.33,13.56,100.03,144.64,0.001,0.001,NOMINAL,-2.67
83,61,125,120.35,9.9,104.07,136.63,0.001,0.001,NOMINAL,-4.65
83,62,125,122.55,9.9,106.26,138.83,0.001,0.001,NOMINAL,-2.45
83,63,125,120.21,11.25,101.71,138.71,0.001,0.001,NOMINAL,-4.79
83,64,125,122.68,9.75,106.65,138.71,0.001,0.001,NOMINAL,-2.32
83,65,125,120.9,9.9,104.62,137.18,0.001,0.001,NOMINAL,-4.1
83,66,125,119.99,12.6,99.26,140.71,0.001,0.001,NOMINAL,-5.01
83,67,125,117.89,12.57,97.22,138.57,0.001,0.001,NOMINAL,-7.11
83,68,125,114.6,12.52,94.0,135.19,0.001,0.001,NOMINAL,-10.4
83,69,125,109.48,11.87,89.95,129.01,0.001,0.001,NOMINAL,-15.52
83,70,125,98.26,11.49,79.37,117.16,0.001,0.0016,NOMINAL,-26.74
83,71,125,100.28,11.49,81.39,119.18,0.001,0.0013,NOMINAL,-24.72
83,72,125,105.73,11.97,86.03,125.42,0.001,0.0011,NOMINAL,-19.27
83,73,125,109.86,12.52,89.26,130.45,0.001,0.001,NOMINAL,-15.14
83,74,125,112.25,12.52,91.66,132.84,0.001,0.001,NOMINAL,-12.75
83,75,125,116.09,12.52,95.49,136.68,0.001,0.001,NOMINAL,-8.91
83,76,125,119.58,12.3,99.34,139.82,0.001,0.001,NOMINAL,-5.42
83,77,125,120.5,12.35,100.19,140.82,0.001,0.001,NOMINAL,-4.5
83,78,125,118.28,12.35,97.97,138.6,0.001,0.001,NOMINAL,-6.72
83,79,125,117.87,12.33,97.59,138.15,0.001,0.001,NOMINAL,-7.13
83,80,125,120.4,7.79,107.59,133.21,0.001,0.001,NOMINAL,-4.6
83,81,125,119.23,11.19,100.82,137.64,0.001,0.001,NOMINAL,-5.77
83,82,125,120.16,11.28,101.61,138.71,0.001,0.001,NOMINAL,-4.84
83,83,125,120.21,11.05,102.03,138.38,0.001,0.001,NOMINAL,-4.79
83,84,125,120.21,7.9,107.21,133.21,0.001,0.001,NOMINAL,-4.79
83,85,125,121.13,9.9,104.85,137.41,0.001,0.001,NOMINAL,-3.87
83,86,125,120.18,12.48,99.66,140.7,0.001,0.001,NOMINAL,-4.82
83,87,125,122.28,11.25,103.78,140.78,0.001,0.001,NOMINAL,-2.72
83,88,125,119.69,12.67,98.85,140.52,0.001,0.001,NOMINAL,-5.31
83,89,125,116.93,12.57,96.26,137.61,0.001,0.001,NOMINAL,-8.07
83,90,125,115.88,12.52,95.28,136.47,0.001,0.001,NOMINAL,-9.12
83,91,125,114.85,12.52,94.25,135.44,0.001,0.001,NOMINAL,-10.15
83,92,125,113.58,12.52,92.98,134.17,0.001,0.001,NOMINAL,-11.42
83,93,125,115.17,11.1,96.91,133.44,0.001,0.001,NOMINAL,-9.83
83,94,125,115.5,12.57,94.83,136.18,0.001,0.001,NOMINAL,-9.5
83,95,125,108.08,12.52,87.49,128.67,0.001,0.0011,NOMINAL,-16.92
83,96,125,113.35,12.52,92.75,133.94,0.001,0.001,NOMINAL,-11.65
83,97,125,113.6,12.52,93.01,134.2,0.001,0.001,NOMINAL,-11.4
83,98,125,111.21,12.52,90.62,131.81,0.001,0.001,NOMINAL,-13.79
83,99,125,115.35,12.52,94.76,135.95,0.001,0.001,NOMINAL,-9.65
83,100,125,113.54,12.52,92.94,134.13,0.001,0.001,NOMINAL,-11.46
83,101,125,107.97,11.73,88.67,127.27,0.001,0.001,NOMINAL,-17.03
83,102,125,109.06,12.21,88.97,129.14,0.001,0.001,NOMINAL,-15.94
83,103,125,105.06,11.6,85.98,124.15,0.001,0.0011,NOMINAL,-19.94
83,104,125,99.62,11.49,80.73,118.52,0.001,0.0014,NOMINAL,-25.38
83,105,125,98.28,11.49,79.38,117.18,0.001,0.0016,NOMINAL,-26.72
83,106,125,101.65,11.49,82.76,120.55,0.001,0.0012,NOMINAL,-23.35
83,107,125,115.27,12.52,94.67,135.86,0.001,0.001,NOMINAL,-9.73
83,108,125,117.15,12.52,96.55,137.74,0.001,0.001,NOMINAL,-7.85
83,109,125,115.65,12.52,95.05,136.24,0.001,0.001,NOMINAL,-9.35
83,110,125,117.02,12.52,96.43,137.62,0.001,0.001,NOMINAL,-7.98
83,111,125,118.08,12.52,97.49,138.68,0.001,0.001,NOMINAL,-6.92
83,112,125,116.12,12.52,95.52,136.71,0.001,0.001,NOMINAL,-8.88
83,113,125,117.9,11.1,99.63,136.16,0.001,0.001,NOMINAL,-7.1
83,114,125,113.6,12.52,93.0,134.19,0.001,0.001,NOMINAL,-11.4
83,115,125,113.6,12.52,93.0,134.19,0.001,0.001,NOMINAL,-11.4
83,116,125,118.14,12.52,97.54,138.73,0.001,0.001,NOMINAL,-6.86
83,117,125,119.33,12.52,98.74,139.93,0.001,0.001,NOMINAL,-5.67
83,118,125,117.02,12.52,96.43,137.62,0.001,0.001,NOMINAL,-7.98
83,119,125,119.33,12.52,98.74,139.93,0.001,0.001,NOMINAL,-5.67
83,120,125,120.82,12.57,100.15,141.49,0.001,0.001,NOMINAL,-4.18
83,121,125,119.45,12.57,98.77,140.12,0.001,0.001,NOMINAL,-5.55
83,122,125,117.38,12.52,96.79,137.98,0.001,0.001,NOMINAL,-7.62
83,123,125,116.94,12.52,96.34,137.53,0.001,0.001,NOMINAL,-8.06
83,124,125,119.11,12.57,98.44,139.78,0.001,0.001,NOMINAL,-5.89
83,125,125,121.28,12.67,100.44,142.11,0.001,0.001,NOMINAL,-3.72
83,126,125,119.99,10.96,101.97,138.02,0.001,0.001,NOMINAL,-5.01
83,127,125,120.35,12.67,99.52,141.18,0.001,0.001,NOMINAL,-4.65
83,128,125,121.7,10.81,103.92,139.48,0.001,0.001,NOMINAL,-3.3
83,129,125,119.11,12.57,98.44,139.78,0.001,0.001,NOMINAL,-5.89
83,130,125,119.11,12.57,98.44,139.78,0.001,0.001,NOMINAL,-5.89
83,131,125,119.11,12.57,98.44,139.78,0.001,0.001,NOMINAL,-5.89
83,132,125,119.34,12.57,98.67,140.02,0.001,0.001,NOMINAL,-5.66
83,133,125,119.73,12.35,99.41,140.04,0.001,0.001,NOMINAL,-5.27
83,134,125,121.57,8.95,106.85,136.28,0.001,0.001,NOMINAL,-3.43
83,135,125,122.09,8.47,108.15,136.03,0.001,0.001,NOMINAL,-2.91
83,136,125,119.83,11.54,100.86,138.81,0.001,0.001,NOMINAL,-5.17
83,137,125,122.23,11.54,103.25,141.21,0.001,0.001,NOMINAL,-2.77
83,138,125,123.75,11.6,104.67,142.83,0.001,0.001,NOMINAL,-1.25
83,139,125,121.32,11.4,102.58,140.07,0.001,0.001,NOMINAL,-3.68
83,140,125,124.01,11.62,104.9,143.12,0.001,0.001,NOMINAL,-0.99
83,141,125,120.53,8.84,105.98,135.07,0.001,0.001,NOMINAL,-4.47
83,142,125,121.02,11.89,101.46,140.58,0.001,0.001,NOMINAL,-3.98
83,143,125,120.78,9.86,104.57,137.0,0.001,0.001,NOMINAL,-4.22
83,144,125,121.58,11.4,102.83,140.33,0.001,0.001,NOMINAL,-3.42
83,145,125,121.58,11.4,102.83,140.33,0.001,0.001,NOMINAL,-3.42
83,146,125,121.58,11.4,102.83,140.33,0.001,0.001,NOMINAL,-3.42
83,147,125,120.78,10.78,103.05,138.51,0.001,0.001,NOMINAL,-4.22
83,148,125,119.56,12.57,98.89,140.24,0.001,0.001,NOMINAL,-5.44
83,149,125,119.56,12.57,98.89,140.24,0.001,0.001,NOMINAL,-5.44
83,150,125,120.93,12.57,100.26,141.61,0.001,0.001,NOMINAL,-4.07
83,151,125,120.94,10.96,102.92,138.96,0.001,0.001,NOMINAL,-4.06
83,152,125,122.12,12.67,101.29,142.95,0.001,0.001,NOMINAL,-2.88
83,153,125,119.05,12.57,98.37,139.72,0.001,0.001,NOMINAL,-5.95
83,154,125,118.44,12.57,97.77,139.11,0.001,0.001,NOMINAL,-6.56
83,155,125,118.49,12.57,97.82,139.17,0.001,0.001,NOMINAL,-6.51
83,156,125,118.49,12.57,97.82,139.17,0.001,0.001,NOMINAL,-6.51
83,157,125,118.44,12.57,97.77,139.11,0.001,0.001,NOMINAL,-6.56
83,158,125,117.97,12.57,97.3,138.64,0.001,0.001,NOMINAL,-7.03
83,159,125,120.27,12.57,99.6,140.95,0.001,0.001,NOMINAL,-4.73
83,160,125,118.44,12.57,97.77,139.11,0.001,0.001,NOMINAL,-6.56
83,161,125,116.07,12.52,95.47,136.66,0.001,0.001,NOMINAL,-8.93
83,162,125,116.01,12.52,95.42,136.61,0.001,0.001,NOMINAL,-8.99
83,163,125,111.68,12.52,91.09,132.27,0.001,0.001,NOMINAL,-13.32
83,164,125,116.71,12.52,96.11,137.3,0.001,0.001,NOMINAL,-8.29
83,165,125,116.71,12.52,96.11,137.3,0.001,0.001,NOMINAL,-8.29
83,166,125,119.42,12.35,99.1,139.74,0.001,0.001,NOMINAL,-5.58
83,167,125,118.55,12.57,97.87,139.22,0.001,0.001,NOMINAL,-6.45
83,168,125,119.98,12.35,99.67,140.3,0.001,0.001,NOMINAL,-5.02
84,52,125,122.99,6.73,111.92,134.06,0.001,0.001,NOMINAL,-2.01
84,53,125,121.84,9.38,106.42,137.26,0.001,0.001,NOMINAL,-3.16
84,54,125,122.24,7.43,110.02,134.46,0.001,0.001,NOMINAL,-2.76
84,55,125,120.27,10.92,102.31,138.23,0.001,0.001,NOMINAL,-4.73
84,56,124,121.84,8.23,108.31,135.37,0.001,0.001,NOMINAL,-2.16
84,57,123,122.98,8.33,109.27,136.68,0.001,0.001,NOMINAL,-0.02
84,58,122,121.03,10.71,103.42,138.65,0.001,0.001,NOMINAL,-0.97
84,59,121,120.04,10.12,103.4,136.69,0.001,0.001,NOMINAL,-0.96
84,60,120,123.12,9.39,107.66,138.57,0.001,0.001,NOMINAL,3.12
84,61,119,122.74,9.43,107.24,138.25,0.001,0.001,NOMINAL,3.74
84,62,118,118.44,12.57,97.77,139.12,0.001,0.001,NOMINAL,0.44
84,63,117,115.51,12.57,94.83,136.18,0.001,0.001,NOMINAL,-1.49
84,64,116,115.56,12.57,94.89,136.24,0.001,0.001,NOMINAL,-0.44
84,65,115,115.8,12.57,95.12,136.47,0.001,0.001,NOMINAL,0.8
84,66,114,118.78,11.09,100.54,137.02,0.001,0.001,NOMINAL,4.78
84,67,113,114.5,12.52,93.9,135.09,0.001,0.001,NOMINAL,1.5
84,68,112,111.06,12.52,90.47,131.66,0.001,0.001,NOMINAL,-0.94
84,69,111,115.78,12.52,95.19,136.37,0.001,0.001,NOMINAL,4.78
84,70,110,113.08,12.52,92.48,133.67,0.001,0.001,NOMINAL,3.08
84,71,109,113.21,12.52,92.62,133.8,0.001,0.001,NOMINAL,4.21
84,72,108,107.66,12.52,87.07,128.26,0.001,0.0011,NOMINAL,-0.34
84,73,107,101.26,11.49,82.37,120.16,0.001,0.0012,NOMINAL,-5.74
84,74,106,98.41,11.49,79.51,117.3,0.001,0.0016,NOMINAL,-7.59
84,75,105,91.23,11.49,72.34,110.13,0.001,0.0084,NOMINAL,-13.77
84,76,104,89.81,11.49,70.91,108.71,0.001,0.0127,NOMINAL,-14.19
85,52,122,120.66,10.79,102.91,138.4,0.001,0.001,NOMINAL,-1.34
85,53,121,118.76,11.1,100.5,137.03,0.001,0.001,NOMINAL,-2.24
85,54,120,120.35,11.1,102.08,138.61,0.001,0.001,NOMINAL,0.35
85,55,119,118.09,10.75,100.41,135.78,0.001,0.001,NOMINAL,-0.91
85,56,118,120.35,11.1,102.08,138.61,0.001,0.001,NOMINAL,2.35
85,57,117,121.81,10.73,104.16,139.47,0.001,0.001,NOMINAL,4.81
85,58,116,121.81,9.76,105.75,137.87,0.001,0.001,NOMINAL,5.81
85,59,115,122.69,7.57,110.24,135.15,0.001,0.001,NOMINAL,7.69
85,60,114,122.69,8.43,108.83,136.55,0.001,0.001,NOMINAL,8.69
85,61,113,123.09,7.14,111.36,134.83,0.001,0.001,NOMINAL,10.09
85,62,112,121.12,10.06,104.58,137.66,0.001,0.001,NOMINAL,9.12
85,63,111,121.36,10.06,104.82,137.9,0.001,0.001,NOMINAL,10.36
85,64,110,120.68,10.12,104.03,137.32,0.001,0.001,NOMINAL,10.68
85,65,109,119.64,10.41,102.52,136.76,0.001,0.001,NOMINAL,10.64
85,66,108,115.64,11.1,97.38,133.91,0.001,0.001,NOMINAL,7.64
85,67,107,119.04,9.45,103.5,134.58,0.001,0.001,NOMINAL,12.04
85,68,106,116.16,11.1,97.89,134.42,0.001,0.001,NOMINAL,10.16
85,69,105,119.91,9.44,104.39,135.44,0.001,0.001,NOMINAL,14.91
85,70,104,118.74,11.15,100.4,137.07,0.001,0.001,NOMINAL,14.74
85,71,103,119.5,10.41,102.38,136.61,0.001,0.001,NOMINAL,16.5
85,72,102,119.94,10.46,102.74,137.15,0.001,0.001,NOMINAL,17.94
85,73,101,115.5,12.52,94.9,136.09,0.001,0.001,NOMINAL,14.5
85,74,100,120.07,9.45,104.53,135.61,0.001,0.001,NOMINAL,20.07
85,75,99,111.28,11.1,93.02,129.54,0.001,0.001,NOMINAL,12.28
85,76,98,106.08,11.03,87.93,124.23,0.001,0.001,NOMINAL,8.08
85,77,97,97.12,10.52,79.82,114.42,0.001,0.0012,NOMINAL,0.12
85,78,96,94.69,10.52,77.39,111.99,0.001,0.0015,NOMINAL,-1.31
85,79,95,92.41,10.47,75.2,109.63,0.001,0.0021,NOMINAL,-2.59
85,80,94,94.48,11.71,75.21,113.74,0.001,0.0042,NOMINAL,0.48
85,81,93,98.46,11.9,78.88,118.04,0.001,0.002,NOMINAL,5.46
85,82,92,95.72,10.94,77.72,113.72,0.001,0.0017,NOMINAL,3.72
85,83,91,92.64,10.52,75.34,109.94,0.001,0.0021,NOMINAL,1.64
85,84,90,92.08,10.58,74.67,109.49,0.001,0.0026,NOMINAL,2.08
85,85,89,95.35,11.83,75.9,114.81,0.001,0.0038,NOMINAL,6.35
85,86,88,88.33,10.36,71.28,105.37,0.001,0.0058,NOMINAL,0.33
85,87,87,91.57,10.83,73.75,109.38,0.001,0.0037,NOMINAL,4.57
85,88,86,90.67,10.55,73.32,108.03,0.001,0.0036,NOMINAL,4.67
85,89,85,81.88,10.38,64.81,98.95,0.001,0.0253,NOMINAL,-3.12
85,90,84,80.22,10.11,63.59,96.84,0.001,0.0256,NOMINAL,-3.78
85,91,83,79.51,10.11,62.88,96.13,0.001,0.0259,NOMINAL,-3.49
85,92,82,78.92,10.48,61.68,96.17,0.001,0.0263,NOMINAL,-3.08
85,93,81,81.2,10.76,63.51,98.9,0.001,0.026,NOMINAL,0.2
85,94,80,83.37,11.59,64.31,102.43,0.001,0.0261,NOMINAL,3.37
85,95,79,85.93,11.89,66.37,105.48,0.001,0.0255,NOMINAL,6.93
85,96,78,82.47,11.0,64.37,100.56,0.001,0.0258,NOMINAL,4.47
85,97,77,81.6,11.02,63.47,99.72,0.001,0.0261,NOMINAL,4.6
85,98,76,81.28,11.02,63.15,99.4,0.001,0.0261,NOMINAL,5.28
85,99,75,84.51,11.02,66.38,102.64,0.001,0.0247,NOMINAL,9.51
85,100,74,83.7,10.82,65.89,101.5,0.001,0.0249,NOMINAL,9.7
85,101,73,82.92,10.59,65.49,100.34,0.001,0.025,NOMINAL,9.92
85,102,72,79.87,10.51,62.58,97.15,0.001,0.0261,NOMINAL,7.87
85,103,71,81.64,10.37,64.58,98.7,0.001,0.0254,NOMINAL,10.64
85,104,70,82.72,10.98,64.66,100.78,0.001,0.0257,NOMINAL,12.72
85,105,69,81.89,11.1,63.63,100.16,0.001,0.0261,NOMINAL,12.89
85,106,68,81.53,10.08,64.96,98.11,0.001,0.0247,NOMINAL,13.53
85,107,67,80.14,10.43,62.98,97.31,0.001,0.026,NOMINAL,13.14
85,108,66,81.77,10.76,64.07,99.46,0.001,0.0258,NOMINAL,15.77
85,109,65,80.8,10.63,63.31,98.28,0.001,0.026,NOMINAL,15.8
85,110,64,79.82,9.9,63.54,96.1,0.001,0.0255,NOMINAL,15.82
85,111,63,78.01,10.3,61.06,94.96,0.001,0.027,NOMINAL,15.01
85,112,62,77.42,9.65,61.55,93.3,0.001,0.0261,NOMINAL,15.42
85,113,61,79.08,10.17,62.34,95.82,0.001,0.0261,NOMINAL,18.08
85,114,60,76.65,10.05,60.12,93.17,0.001,0.0295,NOMINAL,16.65
85,115,59,75.0,9.95,58.63,91.37,0.001,0.0323,NOMINAL,16.0
85,116,58,70.35,8.04,57.12,83.57,0.001,0.0318,NOMINAL,12.35
85,117,57,67.55,7.73,54.83,80.27,0.001,0.0409,NOMINAL,10.55
85,118,56,64.99,7.73,52.28,77.7,0.001,0.0583,NOMINAL,8.99
86,52,125,116.32,11.49,97.43,135.21,0.001,0.001,NOMINAL,-8.68
86,53,125,116.4,11.55,97.41,135.39,0.001,0.001,NOMINAL,-8.6
86,54,125,116.37,11.49,97.47,135.26,0.001,0.001,NOMINAL,-8.63
86,55,125,116.03,11.49,97.13,134.94,0.001,0.001,NOMINAL,-8.97
86,56,125,116.22,11.49,97.32,135.11,0.001,0.001,NOMINAL,-8.78
86,57,125,115.58,11.7,96.34,134.82,0.001,0.001,NOMINAL,-9.42
86,58,125,115.35,11.48,96.46,134.23,0.001,0.001,NOMINAL,-9.65
86,59,125,114.79,11.54,95.8,133.77,0.001,0.001,NOMINAL,-10.21
86,60,125,115.93,11.34,97.27,134.59,0.001,0.001,NOMINAL,-9.07
86,61,125,114.62,11.54,95.64,133.6,0.001,0.001,NOMINAL,-10.38
86,62,125,113.68,12.52,93.08,134.27,0.001,0.001,NOMINAL,-11.32
86,63,125,109.86,12.52,89.26,130.45,0.001,0.001,NOMINAL,-15.14
86,64,125,110.3,12.52,89.71,130.9,0.001,0.001,NOMINAL,-14.7
86,65,125,115.37,12.62,94.61,136.12,0.001,0.001,NOMINAL,-9.63
86,66,125,117.0,11.54,98.02,135.98,0.001,0.001,NOMINAL,-8.0
86,67,125,115.74,11.54,96.76,134.73,0.001,0.001,NOMINAL,-9.26
86,68,125,112.74,12.52,92.14,133.33,0.001,0.001,NOMINAL,-12.26
86,69,125,113.6,12.62,92.85,134.36,0.001,0.001,NOMINAL,-11.4
86,70,125,113.04,12.52,92.45,133.64,0.001,0.001,NOMINAL,-11.96
86,71,125,113.04,12.52,92.45,133.64,0.001,0.001,NOMINAL,-11.96
86,72,125,118.97,12.52,98.38,139.56,0.001,0.001,NOMINAL,-6.03
86,73,125,111.31,12.52,90.71,131.9,0.001,0.001,NOMINAL,-13.69
86,74,125,112.17,12.52,91.58,132.77,0.001,0.001,NOMINAL,-12.83
86,75,124,108.39,12.52,87.8,128.98,0.001,0.0011,NOMINAL,-15.61
86,76,123,116.9,12.52,96.31,137.5,0.001,0.001,NOMINAL,-6.1
86,77,122,112.55,12.52,91.96,133.15,0.001,0.001,NOMINAL,-9.45
86,78,121,108.57,12.52,87.97,129.16,0.001,0.0011,NOMINAL,-12.43
86,79,120,107.17,12.52,86.58,127.77,0.001,0.0011,NOMINAL,-12.83
86,80,119,106.42,12.52,85.83,127.02,0.001,0.0012,NOMINAL,-12.58
86,81,118,109.19,12.52,88.6,129.79,0.001,0.0011,NOMINAL,-8.81
86,82,117,100.98,11.49,82.08,119.87,0.001,0.0012,NOMINAL,-16.02
86,83,116,92.95,11.43,74.15,111.75,0.001,0.0048,NOMINAL,-23.05
86,84,115,95.02,11.43,76.22,113.82,0.001,0.0028,NOMINAL,-19.98
86,85,114,92.16,11.43,73.36,110.96,0.001,0.006,NOMINAL,-21.84
86,86,113,92.13,11.43,73.33,110.93,0.001,0.0061,NOMINAL,-20.87
86,87,112,91.68,11.43,72.88,110.48,0.001,0.0069,NOMINAL,-20.32
86,88,111,92.5,11.43,73.7,111.3,0.001,0.0054,NOMINAL,-18.5
86,89,110,92.62,11.43,73.82,111.42,0.001,0.0053,NOMINAL,-17.38
86,90,109,95.39,11.43,76.58,114.19,0.001,0.0026,NOMINAL,-13.61
86,91,108,91.49,11.43,72.69,110.29,0.001,0.0073,NOMINAL,-16.51
86,92,107,88.47,11.41,69.7,107.24,0.001,0.0176,NOMINAL,-18.53
86,93,106,86.99,11.41,68.22,105.75,0.001,0.0235,NOMINAL,-19.01
86,94,105,90.26,11.4,71.51,109.01,0.001,0.0101,NOMINAL,-14.74
86,95,104,91.59,11.32,72.98,110.2,0.001,0.0063,NOMINAL,-12.41
86,96,103,80.16,11.32,61.55,98.77,0.001,0.0289,NOMINAL,-22.84
86,97,102,78.69,11.32,60.08,97.3,0.001,0.0316,NOMINAL,-23.31
86,98,101,71.93,10.13,55.26,88.6,0.001,0.0472,NOMINAL,-29.07
86,99,100,73.59,10.29,56.65,90.52,0.001,0.0392,NOMINAL,-26.41
86,100,99,74.38,10.29,57.45,91.32,0.001,0.0358,NOMINAL,-24.62
86,101,98,79.19,11.32,60.57,97.8,0.001,0.0303,NOMINAL,-18.81
86,102,97,73.94,10.46,56.75,91.14,0.001,0.0392,NOMINAL,-23.06
86,103,96,73.94,10.29,57.03,90.86,0.001,0.0375,NOMINAL,-22.06
86,104,95,70.08,10.08,53.5,86.65,0.001,0.0552,NOMINAL,-24.92
86,105,94,71.52,9.99,55.08,87.96,0.001,0.0479,NOMINAL,-22.48
86,106,93,74.14,9.86,57.93,90.35,0.001,0.0337,NOMINAL,-18.86
86,107,92,70.97,9.84,54.79,87.16,0.001,0.0489,NOMINAL,-21.03
86,108,91,67.68,9.37,52.26,83.09,0.001,0.0605,NOMINAL,-23.32
86,109,90,66.12,9.32,50.79,81.45,0.001,0.0706,NOMINAL,-23.88
86,110,89,64.04,8.63,49.85,78.23,0.001,0.0841,NOMINAL,-24.96
86,111,88,64.42,8.63,50.24,78.61,0.001,0.0789,NOMINAL,-23.58
86,112,87,64.89,9.25,49.67,80.1,0.001,0.0876,NOMINAL,-22.11
86,113,86,64.53,8.66,50.3,78.77,0.001,0.0775,NOMINAL,-21.47
86,114,85,63.56,8.66,49.31,77.81,0.001,0.0906,NOMINAL,-21.44
86,115,84,63.26,8.6,49.12,77.4,0.001,0.0927,NOMINAL,-20.74
86,116,83,65.21,9.85,49.0,81.42,0.0011,0.0927,NOMINAL,-17.79
86,117,82,68.42,10.31,51.46,85.37,0.0011,0.0672,NOMINAL,-13.58
86,118,81,68.94,10.97,50.9,86.97,0.0012,0.0708,NOMINAL,-12.06
86,119,80,67.25,10.07,50.68,83.82,0.0011,0.0735,NOMINAL,-12.75
86,120,79,60.83,9.73,44.82,76.83,0.0016,0.1462,NOMINAL,-18.17
86,121,78,63.19,9.74,47.17,79.21,0.0012,0.1088,NOMINAL,-14.81
86,122,77,63.55,9.18,48.46,78.65,0.0011,0.097,NOMINAL,-13.45
86,123,76,63.69,8.81,49.2,78.19,0.001,0.0923,NOMINAL,-12.31
86,124,75,60.23,8.36,46.48,73.99,0.001,0.1285,NOMINAL,-14.77
86,125,74,59.22,8.58,45.12,73.33,0.0011,0.1558,NOMINAL,-14.78
86,126,73,58.86,8.57,44.76,72.96,0.0011,0.1666,NOMINAL,-14.14
86,127,72,56.77,7.85,43.87,69.68,0.0011,0.2111,NOMINAL,-15.23
86,128,71,58.99,7.94,45.92,72.05,0.001,0.1429,NOMINAL,-12.01
86,129,70,56.08,8.31,42.41,69.75,0.0013,0.2634,NOMINAL,-13.92
86,130,69,54.39,9.06,39.49,69.3,0.0043,0.3638,NOMINAL,-14.61
86,131,68,51.96,8.85,37.41,66.51,0.0077,0.4625,NOMINAL,-16.04
86,132,67,53.78,9.22,38.61,68.95,0.0065,0.3945,NOMINAL,-13.22
86,133,66,53.35,9.22,38.18,68.52,0.0076,0.4108,NOMINAL,-12.65
86,134,65,54.08,9.27,38.83,69.32,0.0062,0.3834,NOMINAL,-10.92
86,135,64,54.82,9.29,39.54,70.09,0.0049,0.348,NOMINAL,-9.18
86,136,63,54.51,6.24,44.25,64.78,0.001,0.2658,NOMINAL,-8.49
86,137,62,55.13,9.32,39.8,70.46,0.0046,0.3369,NOMINAL,-6.87
86,138,61,53.75,6.4,43.23,64.27,0.001,0.3233,NOMINAL,-7.25
86,139,60,54.09,6.35,43.64,64.54,0.001,0.2977,NOMINAL,-5.91
86,140,59,56.01,6.24,45.74,66.27,0.001,0.1829,NOMINAL,-2.99
86,141,58,53.79,6.24,43.53,64.06,0.001,0.3157,NOMINAL,-4.21
86,142,57,56.67,6.71,45.63,67.7,0.001,0.1756,NOMINAL,-0.33
86,143,56,51.73,6.78,40.58,62.88,0.0011,0.4527,NOMINAL,-4.27
86,144,55,56.18,6.17,46.03,66.33,0.001,0.174,NOMINAL,1.18
86,145,54,55.02,6.18,44.86,65.18,0.001,0.2302,NOMINAL,1.02
86,146,53,59.29,6.52,48.56,70.02,0.001,0.1,NOMINAL,6.29
86,147,52,58.03,6.44,47.44,68.62,0.001,0.1248,NOMINAL,6.03
86,148,51,57.02,6.48,46.37,67.67,0.001,0.1536,NOMINAL,6.02
86,149,50,55.07,6.41,44.52,65.62,0.001,0.2393,NOMINAL,5.07
86,150,49,53.61,6.07,43.63,63.59,0.001,0.3202,NOMINAL,4.61
86,151,48,50.73,6.02,40.82,60.64,0.001,0.5161,MONITOR,2.73
86,152,47,48.98,5.65,39.68,58.28,0.001,0.6451,MONITOR,1.98
86,153,46,52.97,5.98,43.14,62.81,0.001,0.3582,NOMINAL,6.97
86,154,45,52.6,5.82,43.03,62.17,0.001,0.3813,NOMINAL,7.6
86,155,44,50.19,6.07,40.21,60.17,0.001,0.5619,MONITOR,6.19
86,156,43,46.53,5.94,36.76,56.29,0.0012,0.7632,WARNING,3.53
86,157,42,45.09,4.84,37.12,53.05,0.001,0.8597,WARNING,3.09
86,158,41,44.15,4.68,36.46,51.85,0.001,0.9002,WARNING,3.15
86,159,40,44.15,4.66,36.48,51.83,0.001,0.9009,WARNING,4.15
86,160,39,41.54,4.7,33.8,49.28,0.0011,0.95,WARNING,2.54
86,161,38,40.65,4.52,33.22,48.09,0.0011,0.9628,WARNING,2.65
86,162,37,39.43,4.53,31.98,46.88,0.0014,0.9715,WARNING,2.43
86,163,36,39.38,4.53,31.93,46.82,0.0014,0.9718,WARNING,3.38
86,164,35,39.63,4.53,32.19,47.08,0.0013,0.9707,WARNING,4.63
86,165,34,34.89,4.43,27.61,42.17,0.0181,0.9957,WARNING,0.89
86,166,33,33.47,4.34,26.32,40.61,0.0251,0.9989,WARNING,0.47
86,167,32,32.08,4.41,24.82,39.34,0.0266,0.9995,WARNING,0.08
86,168,31,29.3,4.64,21.67,36.93,0.0545,0.9997,WARNING,-1.7
86,169,30,28.52,4.65,20.87,36.18,0.0644,0.9998,WARNING,-1.48
86,170,29,26.59,3.99,20.04,33.15,0.0813,0.9998,WARNING,-2.41
86,171,28,26.01,3.91,19.58,32.43,0.0929,0.9998,WARNING,-1.99
86,172,27,25.67,3.91,19.25,32.1,0.0984,0.9998,WARNING,-1.33
86,173,26,25.67,3.91,19.25,32.1,0.0984,0.9998,WARNING,-0.33
86,174,25,23.64,3.92,17.2,30.09,0.1892,0.9998,WARNING,-1.36
87,52,125,123.31,7.19,111.49,135.13,0.001,0.001,NOMINAL,-1.69
87,53,125,123.52,6.32,113.12,133.91,0.001,0.001,NOMINAL,-1.48
87,54,125,123.52,6.99,112.01,135.02,0.001,0.001,NOMINAL,-1.48
87,55,125,123.52,5.76,114.04,133.0,0.001,0.001,NOMINAL,-1.48
87,56,125,123.52,5.76,114.04,133.0,0.001,0.001,NOMINAL,-1.48
87,57,125,123.52,7.14,111.78,135.25,0.001,0.001,NOMINAL,-1.48
87,58,125,123.61,5.83,114.03,133.2,0.001,0.001,NOMINAL,-1.39
87,59,125,123.34,6.58,112.51,134.16,0.001,0.001,NOMINAL,-1.66
87,60,125,123.61,5.76,114.13,133.09,0.001,0.001,NOMINAL,-1.39
87,61,125,123.52,5.76,114.04,133.0,0.001,0.001,NOMINAL,-1.48
87,62,125,123.61,5.76,114.13,133.09,0.001,0.001,NOMINAL,-1.39
87,63,125,123.61,4.06,116.93,130.3,0.001,0.001,NOMINAL,-1.39
87,64,125,123.52,6.25,113.24,133.79,0.001,0.001,NOMINAL,-1.48
87,65,125,123.52,6.25,113.24,133.79,0.001,0.001,NOMINAL,-1.48
87,66,125,123.52,6.25,113.24,133.79,0.001,0.001,NOMINAL,-1.48
87,67,125,123.97,5.76,114.49,133.45,0.001,0.001,NOMINAL,-1.03
87,68,125,124.07,2.77,119.52,128.62,0.001,0.001,NOMINAL,-0.93
87,69,125,124.07,5.68,114.74,133.41,0.001,0.001,NOMINAL,-0.93
87,70,125,123.97,2.77,119.42,128.53,0.001,0.001,NOMINAL,-1.03
87,71,125,123.97,6.15,113.85,134.09,0.001,0.001,NOMINAL,-1.03
87,72,125,124.07,2.81,119.45,128.69,0.001,0.001,NOMINAL,-0.93
87,73,125,124.07,2.77,119.52,128.62,0.001,0.001,NOMINAL,-0.93
87,74,125,124.07,2.77,119.52,128.62,0.001,0.001,NOMINAL,-0.93
87,75,125,124.07,2.77,119.52,128.62,0.001,0.001,NOMINAL,-0.93
87,76,125,124.07,2.77,119.52,128.62,0.001,0.001,NOMINAL,-0.93
87,77,125,124.07,2.77,119.52,128.62,0.001,0.001,NOMINAL,-0.93
87,78,125,124.07,2.77,119.52,128.62,0.001,0.001,NOMINAL,-0.93
87,79,125,123.97,2.77,119.42,128.53,0.001,0.001,NOMINAL,-1.03
87,80,125,124.07,2.77,119.52,128.62,0.001,0.001,NOMINAL,-0.93
87,81,125,124.07,2.77,119.52,128.62,0.001,0.001,NOMINAL,-0.93
87,82,125,124.07,2.77,119.52,128.62,0.001,0.001,NOMINAL,-0.93
87,83,125,124.07,2.77,119.52,128.62,0.001,0.001,NOMINAL,-0.93
87,84,125,124.07,2.77,119.52,128.62,0.001,0.001,NOMINAL,-0.93
87,85,125,123.97,2.77,119.42,128.53,0.001,0.001,NOMINAL,-1.03
87,86,125,123.97,6.15,113.85,134.09,0.001,0.001,NOMINAL,-1.03
87,87,125,123.48,6.45,112.87,134.1,0.001,0.001,NOMINAL,-1.52
87,88,125,123.72,6.45,113.1,134.33,0.001,0.001,NOMINAL,-1.28
87,89,125,123.78,6.45,113.16,134.4,0.001,0.001,NOMINAL,-1.22
87,90,125,123.97,6.25,113.7,134.25,0.001,0.001,NOMINAL,-1.03
87,91,125,123.97,6.15,113.85,134.09,0.001,0.001,NOMINAL,-1.03
87,92,125,123.97,6.15,113.85,134.09,0.001,0.001,NOMINAL,-1.03
87,93,125,123.97,6.15,113.85,134.09,0.001,0.001,NOMINAL,-1.03
87,94,125,123.84,6.25,113.56,134.11,0.001,0.001,NOMINAL,-1.16
87,95,125,122.93,7.37,110.81,135.06,0.001,0.001,NOMINAL,-2.07
87,96,125,123.97,6.32,113.58,134.37,0.001,0.001,NOMINAL,-1.03
87,97,125,123.97,6.25,113.7,134.25,0.001,0.001,NOMINAL,-1.03
87,98,125,122.63,7.39,110.47,134.79,0.001,0.001,NOMINAL,-2.37
87,99,125,122.44,7.42,110.24,134.64,0.001,0.001,NOMINAL,-2.56
87,100,125,122.44,7.46,110.17,134.71,0.001,0.001,NOMINAL,-2.56
87,101,125,119.39,9.05,104.51,134.28,0.001,0.001,NOMINAL,-5.61
87,102,125,122.9,7.42,110.7,135.1,0.001,0.001,NOMINAL,-2.1
87,103,125,123.61,7.37,111.49,135.74,0.001,0.001,NOMINAL,-1.39
87,104,125,118.56,9.42,103.06,134.06,0.001,0.001,NOMINAL,-6.44
87,105,125,118.88,10.42,101.74,136.02,0.001,0.001,NOMINAL,-6.12
87,106,125,119.49,9.45,103.94,135.03,0.001,0.001,NOMINAL,-5.51
87,107,125,116.61,11.1,98.34,134.87,0.001,0.001,NOMINAL,-8.39
87,108,125,121.63,8.13,108.26,135.01,0.001,0.001,NOMINAL,-3.37
87,109,125,119.83,9.45,104.29,135.37,0.001,0.001,NOMINAL,-5.17
87,110,125,117.84,11.1,99.58,136.11,0.001,0.001,NOMINAL,-7.16
87,111,125,115.16,11.1,96.9,133.43,0.001,0.001,NOMINAL,-9.84
87,112,125,116.37,11.1,98.1,134.63,0.001,0.001,NOMINAL,-8.63
87,113,125,115.4,11.1,97.14,133.66,0.001,0.001,NOMINAL,-9.6
87,114,125,112.88,11.1,94.61,131.14,0.001,0.001,NOMINAL,-12.12
87,115,125,115.5,11.1,97.23,133.76,0.001,0.001,NOMINAL,-9.5
87,116,125,111.83,11.1,93.56,130.09,0.001,0.001,NOMINAL,-13.17
87,117,125,114.08,11.1,95.82,132.35,0.001,0.001,NOMINAL,-10.92
87,118,125,113.85,11.1,95.58,132.11,0.001,0.001,NOMINAL,-11.15
87,119,125,116.37,11.1,98.1,134.63,0.001,0.001,NOMINAL,-8.63
87,120,125,120.36,9.39,104.92,135.81,0.001,0.001,NOMINAL,-4.64
87,121,125,121.63,8.13,108.26,135.01,0.001,0.001,NOMINAL,-3.37
87,122,125,120.55,9.45,105.01,136.09,0.001,0.001,NOMINAL,-4.45
87,123,125,118.37,11.15,100.04,136.71,0.001,0.001,NOMINAL,-6.63
87,124,125,120.44,9.44,104.91,135.96,0.001,0.001,NOMINAL,-4.56
87,125,125,123.97,7.16,112.2,135.75,0.001,0.001,NOMINAL,-1.03
87,126,125,123.52,7.16,111.74,135.29,0.001,0.001,NOMINAL,-1.48
87,127,125,123.97,6.25,113.7,134.25,0.001,0.001,NOMINAL,-1.03
87,128,125,123.97,7.05,112.39,135.56,0.001,0.001,NOMINAL,-1.03
87,129,125,123.97,4.0,117.39,130.56,0.001,0.001,NOMINAL,-1.03
87,130,125,123.97,4.0,117.39,130.56,0.001,0.001,NOMINAL,-1.03
87,131,125,124.07,2.77,119.52,128.62,0.001,0.001,NOMINAL,-0.93
87,132,125,123.78,6.36,113.33,134.24,0.001,0.001,NOMINAL,-1.22
87,133,125,123.97,6.25,113.7,134.25,0.001,0.001,NOMINAL,-1.03
87,134,125,123.97,6.15,113.85,134.09,0.001,0.001,NOMINAL,-1.03
87,135,125,123.97,4.34,116.84,131.11,0.001,0.001,NOMINAL,-1.03
87,136,125,123.97,4.34,116.84,131.11,0.001,0.001,NOMINAL,-1.03
87,137,125,123.97,2.77,119.42,128.53,0.001,0.001,NOMINAL,-1.03
87,138,125,123.97,3.0,119.04,128.91,0.001,0.001,NOMINAL,-1.03
87,139,125,123.97,3.0,119.04,128.91,0.001,0.001,NOMINAL,-1.03
87,140,125,123.78,6.36,113.33,134.24,0.001,0.001,NOMINAL,-1.22
87,141,125,123.97,6.15,113.85,134.09,0.001,0.001,NOMINAL,-1.03
87,142,125,123.97,6.15,113.85,134.09,0.001,0.001,NOMINAL,-1.03
87,143,125,123.97,6.15,113.85,134.09,0.001,0.001,NOMINAL,-1.03
87,144,125,123.38,6.45,112.76,134.0,0.001,0.001,NOMINAL,-1.62
87,145,125,123.09,7.42,110.89,135.29,0.001,0.001,NOMINAL,-1.91
87,146,125,122.9,9.36,107.5,138.3,0.001,0.001,NOMINAL,-2.1
87,147,125,123.76,6.66,112.79,134.72,0.001,0.001,NOMINAL,-1.24
87,148,125,124.12,6.15,114.0,134.24,0.001,0.001,NOMINAL,-0.88
87,149,125,124.12,6.15,114.0,134.24,0.001,0.001,NOMINAL,-0.88
87,150,125,124.12,6.15,114.0,134.24,0.001,0.001,NOMINAL,-0.88
87,151,125,124.12,6.15,114.0,134.24,0.001,0.001,NOMINAL,-0.88
87,152,125,124.12,6.15,114.0,134.24,0.001,0.001,NOMINAL,-0.88
87,153,125,124.12,4.0,117.53,130.7,0.001,0.001,NOMINAL,-0.88
87,154,125,124.37,2.77,119.82,128.93,0.001,0.001,NOMINAL,-0.63
87,155,125,124.37,3.0,119.44,129.31,0.001,0.001,NOMINAL,-0.63
87,156,125,124.37,3.12,119.24,129.51,0.001,0.001,NOMINAL,-0.63
87,157,125,124.37,2.77,119.82,128.93,0.001,0.001,NOMINAL,-0.63
87,158,125,124.37,3.12,119.24,129.51,0.001,0.001,NOMINAL,-0.63
87,159,125,124.37,3.0,119.44,129.31,0.001,0.001,NOMINAL,-0.63
87,160,125,124.37,2.77,119.82,128.93,0.001,0.001,NOMINAL,-0.63
87,161,125,124.37,3.0,119.44,129.31,0.001,0.001,NOMINAL,-0.63
87,162,124,124.37,6.15,114.25,134.49,0.001,0.001,NOMINAL,0.37
87,163,123,124.37,2.77,119.82,128.93,0.001,0.001,NOMINAL,1.37
87,164,122,124.37,5.68,115.04,133.71,0.001,0.001,NOMINAL,2.37
87,165,121,124.47,2.77,119.92,129.02,0.001,0.001,NOMINAL,3.47
87,166,120,124.24,6.15,114.12,134.36,0.001,0.001,NOMINAL,4.24
87,167,119,124.37,3.0,119.44,129.31,0.001,0.001,NOMINAL,5.37
87,168,118,124.37,4.34,117.24,131.51,0.001,0.001,NOMINAL,6.37
87,169,117,124.37,4.34,117.24,131.51,0.001,0.001,NOMINAL,7.37
87,170,116,124.37,2.77,119.82,128.93,0.001,0.001,NOMINAL,8.37
87,171,115,124.37,4.34,117.24,131.51,0.001,0.001,NOMINAL,9.37
87,172,114,123.78,7.17,111.99,135.57,0.001,0.001,NOMINAL,9.78
87,173,113,122.56,9.72,106.57,138.55,0.001,0.001,NOMINAL,9.56
87,174,112,121.93,9.36,106.53,137.32,0.001,0.001,NOMINAL,9.93
87,175,111,119.83,12.6,99.11,140.56,0.001,0.001,NOMINAL,8.83
87,176,110,120.77,10.76,103.06,138.47,0.001,0.001,NOMINAL,10.77
87,177,109,120.77,10.71,103.15,138.38,0.001,0.001,NOMINAL,11.77
87,178,108,119.93,9.42,104.43,135.43,0.001,0.001,NOMINAL,11.93
87,179,107,115.98,12.52,95.39,136.58,0.001,0.001,NOMINAL,8.98
87,180,106,112.67,12.43,92.23,133.11,0.001,0.001,NOMINAL,6.67
87,181,105,116.08,12.52,95.48,136.67,0.001,0.001,NOMINAL,11.08
87,182,104,119.78,9.41,104.3,135.26,0.001,0.001,NOMINAL,15.78
87,183,103,112.18,12.52,91.59,132.78,0.001,0.001,NOMINAL,9.18
87,184,102,113.46,11.1,95.2,131.73,0.001,0.001,NOMINAL,11.46
87,185,101,108.03,11.43,89.22,126.83,0.001,0.001,NOMINAL,7.03
87,186,100,111.39,12.21,91.3,131.47,0.001,0.001,NOMINAL,11.39
87,187,99,106.94,11.43,88.14,125.74,0.001,0.001,NOMINAL,7.94
87,188,98,103.21,11.43,84.41,122.01,0.001,0.0011,NOMINAL,5.21
87,189,97,103.12,11.43,84.32,121.92,0.001,0.0011,NOMINAL,6.12
87,190,96,98.53,11.43,79.73,117.33,0.001,0.0015,NOMINAL,2.53
87,191,95,92.97,10.65,75.46,110.48,0.001,0.0022,NOMINAL,-2.03
87,192,94,93.06,10.87,75.18,110.94,0.001,0.0027,NOMINAL,-0.94
87,193,93,92.47,10.87,74.58,110.35,0.001,0.0031,NOMINAL,-0.53
87,194,92,93.78,10.98,75.72,111.84,0.001,0.0025,NOMINAL,1.78
87,195,91,93.59,10.9,75.66,111.51,0.001,0.0024,NOMINAL,2.59
87,196,90,90.09,10.63,72.61,107.58,0.001,0.0046,NOMINAL,0.09
87,197,89,88.84,10.63,71.35,106.32,0.001,0.0067,NOMINAL,-0.16
87,198,88,85.82,10.56,68.45,103.19,0.001,0.0164,NOMINAL,-2.18
87,199,87,88.69,10.63,71.2,106.17,0.001,0.0071,NOMINAL,1.69
87,200,86,88.6,10.63,71.11,106.08,0.001,0.0073,NOMINAL,2.6
87,201,85,81.81,10.33,64.83,98.79,0.001,0.0253,NOMINAL,-3.19
87,202,84,81.46,10.33,64.48,98.44,0.001,0.0254,NOMINAL,-2.54
87,203,83,76.96,8.86,62.39,91.53,0.001,0.0254,NOMINAL,-6.04
87,204,82,81.21,9.99,64.78,97.65,0.001,0.0248,NOMINAL,-0.79
87,205,81,79.97,10.01,63.5,96.43,0.001,0.0256,NOMINAL,-1.03
87,206,80,79.61,9.75,63.57,95.65,0.001,0.0254,NOMINAL,-0.39
87,207,79,69.78,8.18,56.33,83.23,0.001,0.0342,NOMINAL,-9.22
87,208,78,67.98,8.18,54.53,81.43,0.001,0.0452,NOMINAL,-10.02
87,209,77,68.46,8.53,54.43,82.48,0.001,0.0472,NOMINAL,-8.54
87,210,76,68.58,7.99,55.43,81.73,0.001,0.0376,NOMINAL,-7.42
87,211,75,70.17,8.95,55.45,84.9,0.001,0.042,NOMINAL,-4.83
87,212,74,67.31,7.66,54.71,79.9,0.001,0.0416,NOMINAL,-6.69
87,213,73,65.88,7.6,53.39,78.38,0.001,0.0497,NOMINAL,-7.12
87,214,72,63.27,7.6,50.77,75.76,0.001,0.0697,NOMINAL,-8.73
87,215,71,65.03,7.6,52.54,77.53,0.001,0.0558,NOMINAL,-5.97
87,216,70,65.3,7.6,52.81,77.8,0.001,0.0541,NOMINAL,-4.7
87,217,69,68.88,7.6,56.39,81.38,0.001,0.0327,NOMINAL,-0.12
87,218,68,69.83,7.92,56.8,82.86,0.001,0.0324,NOMINAL,1.83
89,52,109,124.07,3.07,119.02,129.13,0.001,0.001,NOMINAL,15.07
89,53,108,124.07,3.07,119.02,129.13,0.001,0.001,NOMINAL,16.07
89,54,107,123.86,4.82,115.93,131.78,0.001,0.001,NOMINAL,16.86
89,55,106,124.07,4.44,116.76,131.38,0.001,0.001,NOMINAL,18.07
89,56,105,123.72,6.83,112.48,134.96,0.001,0.001,NOMINAL,18.72
89,57,104,123.72,7.65,111.14,136.3,0.001,0.001,NOMINAL,19.72
89,58,103,123.58,7.03,112.01,135.15,0.001,0.001,NOMINAL,20.58
89,59,102,123.72,7.8,110.89,136.55,0.001,0.001,NOMINAL,21.72
89,60,101,123.27,8.06,110.02,136.53,0.001,0.001,NOMINAL,22.27
89,61,100,117.48,9.05,102.6,132.36,0.001,0.001,NOMINAL,17.48
89,62,99,109.97,11.1,91.71,128.24,0.001,0.001,NOMINAL,10.97
89,63,98,105.15,11.53,86.18,124.11,0.001,0.001,NOMINAL,7.15
89,64,97,107.84,11.9,88.26,127.42,0.001,0.001,NOMINAL,10.84
89,65,96,101.79,10.92,83.82,119.76,0.001,0.0011,NOMINAL,5.79
89,66,95,98.57,10.52,81.27,115.87,0.001,0.0011,NOMINAL,3.57
89,67,94,102.36,11.9,82.78,121.95,0.001,0.0012,NOMINAL,8.36
89,68,93,98.16,11.71,78.89,117.42,0.001,0.0019,NOMINAL,5.16
89,69,92,90.85,10.48,73.61,108.09,0.001,0.0032,NOMINAL,-1.15
89,70,91,87.43,10.43,70.28,104.59,0.001,0.0083,NOMINAL,-3.57
89,71,90,85.86,10.15,69.16,102.57,0.001,0.0101,NOMINAL,-4.14
89,72,89,81.72,10.15,65.02,98.42,0.001,0.0248,NOMINAL,-7.28
89,73,88,88.52,11.27,69.99,107.06,0.001,0.015,NOMINAL,0.52
89,74,87,87.47,11.27,68.94,106.01,0.001,0.0206,NOMINAL,0.47
89,75,86,85.85,11.19,67.45,104.25,0.001,0.0239,NOMINAL,-0.15
89,76,85,85.11,9.95,68.75,101.47,0.001,0.0102,NOMINAL,0.11
89,77,84,85.27,10.56,67.9,102.64,0.001,0.0196,NOMINAL,1.27
89,78,83,83.96,10.13,67.29,100.63,0.001,0.0188,NOMINAL,0.96
89,79,82,85.35,10.2,68.57,102.12,0.001,0.0127,NOMINAL,3.35
89,80,81,81.44,9.06,66.54,96.35,0.001,0.0125,NOMINAL,0.44
89,81,80,82.01,9.08,67.08,96.93,0.001,0.0103,NOMINAL,2.01
89,82,79,81.91,9.06,67.0,96.81,0.001,0.0105,NOMINAL,2.91
89,83,78,81.81,9.06,66.91,96.72,0.001,0.0109,NOMINAL,3.81
89,84,77,79.15,9.06,64.24,94.05,0.001,0.0238,NOMINAL,2.15
89,85,76,78.99,8.96,64.25,93.73,0.001,0.0236,NOMINAL,2.99
89,86,75,78.73,9.34,63.37,94.1,0.001,0.0253,NOMINAL,3.73
89,87,74,80.87,9.34,65.51,96.24,0.001,0.022,NOMINAL,6.87
89,88,73,80.09,10.08,63.51,96.67,0.001,0.0257,NOMINAL,7.09
89,89,72,78.05,9.71,62.08,94.02,0.001,0.026,NOMINAL,6.05
89,90,71,76.02,9.52,60.36,91.67,0.001,0.0266,NOMINAL,5.02
89,91,70,75.96,9.06,61.05,90.86,0.001,0.0261,NOMINAL,5.96
89,92,69,76.24,9.06,61.33,91.14,0.001,0.026,NOMINAL,7.24
89,93,68,75.72,9.04,60.85,90.58,0.001,0.0261,NOMINAL,7.72
89,94,67,76.27,9.14,61.24,91.3,0.001,0.0261,NOMINAL,9.27
89,95,66,76.46,9.59,60.68,92.25,0.001,0.0263,NOMINAL,10.46
89,96,65,73.23,9.61,57.42,89.04,0.001,0.0343,NOMINAL,8.23
89,97,64,75.37,9.59,59.59,91.15,0.001,0.0296,NOMINAL,11.37
89,98,63,76.31,9.86,60.08,92.53,0.001,0.0288,NOMINAL,13.31
89,99,62,82.71,9.99,66.28,99.15,0.001,0.0233,NOMINAL,20.71
89,100,61,81.92,10.39,64.82,99.02,0.001,0.0253,NOMINAL,20.92
89,101,60,76.51,9.99,60.08,92.94,0.001,0.0294,NOMINAL,16.51
89,102,59,77.16,9.56,61.45,92.88,0.001,0.0261,NOMINAL,18.16
89,103,58,83.27,8.96,68.53,98.01,0.001,0.0056,NOMINAL,25.27
89,104,57,76.75,9.06,61.84,91.65,0.001,0.0258,NOMINAL,19.75
89,105,56,79.42,8.96,64.68,94.16,0.001,0.0232,NOMINAL,23.42
89,106,55,76.12,8.96,61.38,90.86,0.001,0.0259,NOMINAL,21.12
89,107,54,72.81,8.96,58.07,87.56,0.001,0.0313,NOMINAL,18.81
89,108,53,73.53,8.9,58.89,88.17,0.001,0.0296,NOMINAL,20.53
89,109,52,67.88,8.66,53.65,82.12,0.001,0.0505,NOMINAL,15.88
89,110,51,69.89,8.66,55.65,84.12,0.001,0.039,NOMINAL,18.89
89,111,50,64.32,8.24,50.76,77.88,0.001,0.0701,NOMINAL,14.32
89,112,49,60.64,8.34,46.93,74.35,0.001,0.1196,NOMINAL,11.64
89,113,48,60.14,8.43,46.26,74.01,0.0011,0.1302,NOMINAL,12.14
89,114,47,59.63,6.85,48.36,70.9,0.001,0.1025,NOMINAL,12.63
89,115,46,59.22,6.76,48.1,70.35,0.001,0.1072,NOMINAL,13.22
89,116,45,55.37,6.52,44.64,66.1,0.001,0.2241,NOMINAL,10.37
89,117,44,53.51,6.13,43.42,63.6,0.001,0.3279,NOMINAL,9.51
89,118,43,52.41,6.01,42.53,62.3,0.001,0.3975,NOMINAL,9.41
89,119,42,52.26,6.6,41.41,63.11,0.001,0.4185,NOMINAL,10.26
89,120,41,51.31,6.02,41.41,61.21,0.001,0.4632,NOMINAL,10.31
90,52,125,123.41,3.95,116.9,129.91,0.001,0.001,NOMINAL,-1.59
90,53,125,123.31,3.95,116.8,129.81,0.001,0.001,NOMINAL,-1.69
90,54,125,123.31,3.95,116.8,129.81,0.001,0.001,NOMINAL,-1.69
90,55,125,123.31,5.63,114.05,132.56,0.001,0.001,NOMINAL,-1.69
90,56,125,123.77,7.08,112.13,135.41,0.001,0.001,NOMINAL,-1.23
90,57,125,122.04,9.93,105.71,138.38,0.001,0.001,NOMINAL,-2.96
90,58,125,121.3,11.41,102.53,140.07,0.001,0.001,NOMINAL,-3.7
90,59,125,120.84,10.18,104.1,137.58,0.001,0.001,NOMINAL,-4.16
90,60,125,117.63,11.15,99.29,135.96,0.001,0.001,NOMINAL,-7.37
90,61,125,116.79,11.1,98.52,135.05,0.001,0.001,NOMINAL,-8.21
90,62,125,117.51,11.1,99.25,135.77,0.001,0.001,NOMINAL,-7.49
90,63,125,112.88,11.1,94.61,131.14,0.001,0.001,NOMINAL,-12.12
90,64,125,114.08,11.1,95.82,132.35,0.001,0.001,NOMINAL,-10.92
90,65,125,117.6,11.1,99.34,135.87,0.001,0.001,NOMINAL,-7.4
90,66,125,117.85,10.75,100.17,135.53,0.001,0.001,NOMINAL,-7.15
90,67,125,119.54,12.17,99.52,139.55,0.001,0.001,NOMINAL,-5.46
90,68,125,119.86,10.74,102.2,137.52,0.001,0.001,NOMINAL,-5.14
90,69,125,120.74,9.78,104.66,136.82,0.001,0.001,NOMINAL,-4.26
90,70,125,120.12,10.74,102.46,137.78,0.001,0.001,NOMINAL,-4.88
90,71,125,120.12,10.74,102.46,137.78,0.001,0.001,NOMINAL,-4.88
90,72,125,120.28,12.57,99.61,140.96,0.001,0.001,NOMINAL,-4.72
90,73,125,120.23,11.09,101.99,138.48,0.001,0.001,NOMINAL,-4.77
90,74,125,121.07,11.18,102.68,139.45,0.001,0.001,NOMINAL,-3.93
90,75,125,121.76,9.76,105.7,137.82,0.001,0.001,NOMINAL,-3.24
90,76,125,121.76,9.73,105.75,137.77,0.001,0.001,NOMINAL,-3.24
90,77,125,123.34,6.45,112.73,133.95,0.001,0.001,NOMINAL,-1.66
90,78,125,123.52,5.68,114.18,132.85,0.001,0.001,NOMINAL,-1.48
90,79,125,123.52,5.68,114.18,132.85,0.001,0.001,NOMINAL,-1.48
90,80,125,123.52,5.68,114.18,132.85,0.001,0.001,NOMINAL,-1.48
90,81,125,123.52,7.05,111.93,135.1,0.001,0.001,NOMINAL,-1.48
90,82,125,122.73,8.1,109.4,136.05,0.001,0.001,NOMINAL,-2.27
90,83,125,123.38,6.25,113.1,133.66,0.001,0.001,NOMINAL,-1.62
90,84,125,122.73,7.18,110.91,134.54,0.001,0.001,NOMINAL,-2.27
90,85,125,122.63,8.23,109.1,136.17,0.001,0.001,NOMINAL,-2.37
90,86,125,122.92,7.39,110.76,135.08,0.001,0.001,NOMINAL,-2.08
90,87,125,123.52,6.99,112.01,135.02,0.001,0.001,NOMINAL,-1.48
90,88,125,123.52,6.99,112.01,135.02,0.001,0.001,NOMINAL,-1.48
90,89,125,123.32,7.28,111.35,135.29,0.001,0.001,NOMINAL,-1.68
90,90,125,122.68,8.23,109.15,136.22,0.001,0.001,NOMINAL,-2.32
90,91,125,122.96,7.22,111.08,134.84,0.001,0.001,NOMINAL,-2.04
90,92,125,122.96,7.39,110.8,135.12,0.001,0.001,NOMINAL,-2.04
90,93,125,123.26,7.16,111.49,135.03,0.001,0.001,NOMINAL,-1.74
90,94,125,120.66,10.41,103.54,137.77,0.001,0.001,NOMINAL,-4.34
90,95,125,117.16,12.52,96.56,137.75,0.001,0.001,NOMINAL,-7.84
90,96,125,115.58,12.52,94.99,136.18,0.001,0.001,NOMINAL,-9.42
90,97,125,115.87,12.52,95.27,136.46,0.001,0.001,NOMINAL,-9.13
90,98,125,112.56,11.1,94.3,130.83,0.001,0.001,NOMINAL,-12.44
90,99,125,110.73,12.13,90.79,130.68,0.001,0.001,NOMINAL,-14.27
90,100,125,111.84,11.03,93.69,129.99,0.001,0.001,NOMINAL,-13.16
90,101,125,108.12,12.09,88.23,128.0,0.001,0.001,NOMINAL,-16.88
90,102,125,112.64,11.1,94.38,130.91,0.001,0.001,NOMINAL,-12.36
90,103,125,113.85,12.52,93.25,134.44,0.001,0.001,NOMINAL,-11.15
90,104,125,113.85,11.1,95.58,132.11,0.001,0.001,NOMINAL,-11.15
90,105,125,117.13,12.52,96.54,137.73,0.001,0.001,NOMINAL,-7.87
90,106,125,119.83,11.79,100.43,139.23,0.001,0.001,NOMINAL,-5.17
90,107,125,120.66,9.35,105.28,136.04,0.001,0.001,NOMINAL,-4.34
90,108,125,120.55,9.35,105.17,135.93,0.001,0.001,NOMINAL,-4.45
90,109,125,119.0,12.52,98.4,139.59,0.001,0.001,NOMINAL,-6.0
90,110,125,116.14,11.1,97.87,134.4,0.001,0.001,NOMINAL,-8.86
90,111,125,111.57,12.52,90.97,132.16,0.001,0.001,NOMINAL,-13.43
90,112,125,109.07,12.52,88.47,129.66,0.001,0.0011,NOMINAL,-15.93
90,113,125,109.18,11.49,90.28,128.07,0.001,0.001,NOMINAL,-15.82
90,114,125,102.76,11.49,83.87,121.66,0.001,0.0011,NOMINAL,-22.24
90,115,125,100.11,11.49,81.22,119.01,0.001,0.0013,NOMINAL,-24.89
90,116,125,105.18,10.46,87.98,122.39,0.001,0.001,NOMINAL,-19.82
90,117,125,110.32,12.52,89.73,130.92,0.001,0.001,NOMINAL,-14.68
90,118,125,111.78,11.1,93.52,130.05,0.001,0.001,NOMINAL,-13.22
90,119,125,112.97,12.52,92.38,133.57,0.001,0.001,NOMINAL,-12.03
90,120,125,112.77,12.52,92.17,133.36,0.001,0.001,NOMINAL,-12.23
90,121,125,113.17,12.52,92.58,133.77,0.001,0.001,NOMINAL,-11.83
90,122,125,112.09,11.1,93.82,130.35,0.001,0.001,NOMINAL,-12.91
90,123,125,109.46,12.52,88.87,130.06,0.001,0.0011,NOMINAL,-15.54
90,124,125,111.76,12.52,91.17,132.36,0.001,0.001,NOMINAL,-13.24
90,125,125,102.97,11.49,84.07,121.87,0.001,0.0011,NOMINAL,-22.03
90,126,125,104.03,11.49,85.14,122.93,0.001,0.0011,NOMINAL,-20.97
90,127,125,104.09,11.43,85.29,122.89,0.001,0.0011,NOMINAL,-20.91
90,128,125,101.02,11.43,82.22,119.83,0.001,0.0012,NOMINAL,-23.98
90,129,125,100.61,11.43,81.81,119.41,0.001,0.0012,NOMINAL,-24.39
90,130,125,101.07,11.43,82.27,119.88,0.001,0.0012,NOMINAL,-23.93
90,131,125,99.59,11.43,80.79,118.39,0.001,0.0013,NOMINAL,-25.41
90,132,125,98.13,11.43,79.33,116.93,0.001,0.0016,NOMINAL,-26.87
90,133,124,99.84,11.43,81.04,118.64,0.001,0.0013,NOMINAL,-24.16
90,134,123,98.43,11.43,79.63,117.23,0.001,0.0015,NOMINAL,-24.57
90,135,122,110.22,10.87,92.34,128.1,0.001,0.001,NOMINAL,-11.78
90,136,121,102.8,11.43,84.0,121.61,0.001,0.0011,NOMINAL,-18.2
90,137,120,102.98,11.43,84.18,121.78,0.001,0.0011,NOMINAL,-17.02
90,138,119,99.84,11.43,81.04,118.65,0.001,0.0013,NOMINAL,-19.16
90,139,118,103.13,11.49,84.23,122.02,0.001,0.0011,NOMINAL,-14.87
90,140,117,99.58,11.43,80.78,118.38,0.001,0.0013,NOMINAL,-17.42
90,141,116,100.38,11.43,81.58,119.18,0.001,0.0012,NOMINAL,-15.62
90,142,115,105.55,11.95,85.9,125.2,0.001,0.0011,NOMINAL,-9.45
90,143,114,103.49,11.65,84.33,122.64,0.001,0.0011,NOMINAL,-10.51
90,144,113,99.99,11.43,81.19,118.79,0.001,0.0013,NOMINAL,-13.01
90,145,112,98.55,11.43,79.75,117.35,0.001,0.0015,NOMINAL,-13.45
90,146,111,92.52,10.97,74.48,110.56,0.001,0.0034,NOMINAL,-18.48
90,147,110,92.02,10.89,74.11,109.92,0.001,0.0035,NOMINAL,-17.98
90,148,109,94.78,11.43,75.98,113.58,0.001,0.003,NOMINAL,-14.22
90,149,108,93.98,11.43,75.18,112.78,0.001,0.0036,NOMINAL,-14.02
90,150,107,102.56,11.43,83.75,121.36,0.001,0.0011,NOMINAL,-4.44
90,151,106,105.62,12.47,85.11,126.12,0.001,0.0012,NOMINAL,-0.38
90,152,105,111.48,12.52,90.88,132.07,0.001,0.001,NOMINAL,6.48
90,153,104,118.0,11.75,98.68,137.33,0.001,0.001,NOMINAL,14.0
90,154,103,118.17,10.56,100.8,135.54,0.001,0.001,NOMINAL,15.17
90,155,102,110.9,12.52,90.31,131.5,0.001,0.001,NOMINAL,8.9
90,156,101,112.61,12.52,92.01,133.2,0.001,0.001,NOMINAL,11.61
90,157,100,110.0,12.44,89.54,130.47,0.001,0.001,NOMINAL,10.0
90,158,99,106.87,11.6,87.78,125.95,0.001,0.001,NOMINAL,7.87
90,159,98,110.05,12.21,89.96,130.14,0.001,0.001,NOMINAL,12.05
90,160,97,107.47,11.87,87.95,127.0,0.001,0.001,NOMINAL,10.47
90,161,96,101.19,11.49,82.29,120.09,0.001,0.0012,NOMINAL,5.19
90,162,95,100.54,11.43,81.74,119.34,0.001,0.0012,NOMINAL,5.54
90,163,94,97.02,11.43,78.22,115.82,0.001,0.0019,NOMINAL,3.02
90,164,93,94.37,11.42,75.58,113.15,0.001,0.0033,NOMINAL,1.37
90,165,92,91.83,10.69,74.25,109.42,0.001,0.003,NOMINAL,-0.17
90,166,91,87.97,10.65,70.45,105.49,0.001,0.0091,NOMINAL,-3.03
90,167,90,83.83,10.51,66.55,101.11,0.001,0.0237,NOMINAL,-6.17
90,168,89,84.92,10.36,67.88,101.97,0.001,0.0176,NOMINAL,-4.08
90,169,88,84.78,10.31,67.82,101.75,0.001,0.0175,NOMINAL,-3.22
90,170,87,85.66,10.28,68.76,102.57,0.001,0.0125,NOMINAL,-1.34
90,171,86,85.12,10.28,68.22,102.02,0.001,0.015,NOMINAL,-0.88
90,172,85,85.88,10.42,68.74,103.01,0.001,0.0137,NOMINAL,0.88
90,173,84,82.98,10.35,65.95,100.01,0.001,0.0241,NOMINAL,-1.02
90,174,83,85.66,10.28,68.76,102.57,0.001,0.0125,NOMINAL,2.66
90,175,82,80.79,10.19,64.02,97.55,0.001,0.0255,NOMINAL,-1.21
90,176,81,81.77,10.19,65.01,98.54,0.001,0.0249,NOMINAL,0.77
90,177,80,76.33,8.94,61.62,91.04,0.001,0.0258,NOMINAL,-3.67
90,178,79,81.49,10.35,64.46,98.52,0.001,0.0254,NOMINAL,2.49
90,179,78,81.1,10.28,64.2,98.01,0.001,0.0255,NOMINAL,3.1
90,180,77,75.84,9.66,59.95,91.73,0.001,0.0285,NOMINAL,-1.16
90,181,76,77.1,9.98,60.68,93.52,0.001,0.0271,NOMINAL,1.1
90,182,75,80.07,9.98,63.64,96.49,0.001,0.0255,NOMINAL,5.07
90,183,74,73.04,8.81,58.54,87.53,0.001,0.03,NOMINAL,-0.96
90,184,73,71.3,8.27,57.69,84.91,0.001,0.0304,NOMINAL,-1.7
90,185,72,67.14,8.24,53.59,80.7,0.001,0.0501,NOMINAL,-4.86
90,186,71,67.5,8.51,53.5,81.5,0.001,0.0512,NOMINAL,-3.5
90,187,70,66.32,8.11,52.98,79.65,0.001,0.0542,NOMINAL,-3.68
90,188,69,66.2,7.59,53.71,78.69,0.001,0.0488,NOMINAL,-2.8
90,189,68,68.6,7.92,55.58,81.63,0.001,0.0364,NOMINAL,0.6
90,190,67,62.03,7.8,49.21,74.85,0.001,0.0927,NOMINAL,-4.97
90,191,66,61.07,7.94,48.01,74.13,0.001,0.1042,NOMINAL,-4.93
90,192,65,59.22,7.7,46.55,71.89,0.001,0.1303,NOMINAL,-5.78
90,193,64,55.0,7.81,42.15,67.85,0.0012,0.2982,NOMINAL,-9.0
90,194,63,51.26,6.4,40.74,61.78,0.001,0.4742,NOMINAL,-11.74
90,195,62,49.04,6.46,38.42,59.66,0.0012,0.6323,MONITOR,-12.96
90,196,61,46.27,6.46,35.65,56.89,0.0021,0.7616,WARNING,-14.73
90,197,60,46.27,6.42,35.72,56.82,0.0019,0.7626,WARNING,-13.73
90,198,59,46.6,6.41,36.06,57.14,0.0017,0.7495,MONITOR,-12.4
90,199,58,46.6,6.28,36.27,56.93,0.0015,0.7525,WARNING,-11.4
90,200,57,46.81,6.13,36.73,56.9,0.0013,0.7467,MONITOR,-10.19
90,201,56,46.6,6.26,36.31,56.89,0.0015,0.7531,WARNING,-9.4
90,202,55,46.77,6.22,36.55,57.0,0.0014,0.7466,MONITOR,-8.23
90,203,54,48.66,6.29,38.32,59.01,0.0011,0.6552,MONITOR,-5.34
90,204,53,49.56,6.49,38.88,60.23,0.0011,0.6052,MONITOR,-3.44
90,205,52,48.42,6.49,37.75,59.09,0.0013,0.6687,MONITOR,-3.58
90,206,51,48.26,6.73,37.2,59.33,0.0016,0.673,MONITOR,-2.74
91,52,85,116.42,11.49,97.52,135.31,0.001,0.001,NOMINAL,31.42
91,53,84,115.49,11.54,96.51,134.47,0.001,0.001,NOMINAL,31.49
91,54,83,112.33,12.52,91.74,132.92,0.001,0.001,NOMINAL,29.33
91,55,82,112.38,12.52,91.78,132.97,0.001,0.001,NOMINAL,30.38
91,56,81,112.61,12.52,92.02,133.21,0.001,0.001,NOMINAL,31.61
92,52,125,124.07,2.77,119.52,128.62,0.001,0.001,NOMINAL,-0.93
92,53,125,124.07,2.77,119.52,128.62,0.001,0.001,NOMINAL,-0.93
92,54,125,124.07,2.77,119.52,128.62,0.001,0.001,NOMINAL,-0.93
92,55,125,124.07,2.77,119.52,128.62,0.001,0.001,NOMINAL,-0.93
92,56,125,123.97,2.77,119.42,128.53,0.001,0.001,NOMINAL,-1.03
92,57,125,124.07,2.77,119.52,128.62,0.001,0.001,NOMINAL,-0.93
92,58,125,123.97,2.77,119.42,128.53,0.001,0.001,NOMINAL,-1.03
92,59,125,124.07,2.77,119.52,128.62,0.001,0.001,NOMINAL,-0.93
92,60,125,124.07,2.77,119.52,128.62,0.001,0.001,NOMINAL,-0.93
92,61,125,124.07,4.0,117.49,130.66,0.001,0.001,NOMINAL,-0.93
92,62,125,123.78,5.68,114.45,133.12,0.001,0.001,NOMINAL,-1.22
92,63,125,123.97,6.25,113.7,134.25,0.001,0.001,NOMINAL,-1.03
92,64,125,123.97,6.25,113.7,134.25,0.001,0.001,NOMINAL,-1.03
92,65,125,123.97,6.15,113.85,134.09,0.001,0.001,NOMINAL,-1.03
92,66,125,123.97,6.25,113.7,134.25,0.001,0.001,NOMINAL,-1.03
92,67,125,124.07,5.68,114.74,133.41,0.001,0.001,NOMINAL,-0.93
92,68,125,123.97,5.68,114.64,133.31,0.001,0.001,NOMINAL,-1.03
92,69,125,124.07,4.0,117.49,130.66,0.001,0.001,NOMINAL,-0.93
92,70,125,124.07,2.77,119.52,128.62,0.001,0.001,NOMINAL,-0.93
92,71,125,124.07,2.77,119.52,128.62,0.001,0.001,NOMINAL,-0.93
92,72,125,124.07,2.77,119.52,128.62,0.001,0.001,NOMINAL,-0.93
92,73,125,124.07,2.77,119.52,128.62,0.001,0.001,NOMINAL,-0.93
92,74,125,124.07,2.77,119.52,128.62,0.001,0.001,NOMINAL,-0.93
92,75,125,124.07,2.77,119.52,128.62,0.001,0.001,NOMINAL,-0.93
92,76,125,124.07,2.77,119.52,128.62,0.001,0.001,NOMINAL,-0.93
92,77,125,123.97,2.77,119.42,128.53,0.001,0.001,NOMINAL,-1.03
92,78,125,123.78,4.34,116.65,130.92,0.001,0.001,NOMINAL,-1.22
92,79,125,123.78,6.25,113.51,134.06,0.001,0.001,NOMINAL,-1.22
92,80,125,124.07,5.68,114.74,133.41,0.001,0.001,NOMINAL,-0.93
92,81,125,123.97,6.15,113.85,134.09,0.001,0.001,NOMINAL,-1.03
92,82,125,123.97,6.25,113.7,134.25,0.001,0.001,NOMINAL,-1.03
92,83,125,123.78,6.25,113.51,134.06,0.001,0.001,NOMINAL,-1.22
92,84,125,123.97,6.25,113.7,134.25,0.001,0.001,NOMINAL,-1.03
92,85,125,123.97,6.25,113.7,134.25,0.001,0.001,NOMINAL,-1.03
92,86,125,124.07,5.68,114.74,133.41,0.001,0.001,NOMINAL,-0.93
92,87,125,124.07,5.68,114.74,133.41,0.001,0.001,NOMINAL,-0.93
92,88,125,124.07,5.68,114.74,133.41,0.001,0.001,NOMINAL,-0.93
92,89,125,123.97,6.25,113.7,134.25,0.001,0.001,NOMINAL,-1.03
92,90,125,123.78,6.15,113.66,133.9,0.001,0.001,NOMINAL,-1.22
92,91,125,123.97,6.15,113.85,134.09,0.001,0.001,NOMINAL,-1.03
92,92,125,123.78,6.15,113.66,133.9,0.001,0.001,NOMINAL,-1.22
92,93,125,123.78,6.25,113.51,134.06,0.001,0.001,NOMINAL,-1.22
92,94,125,123.91,6.25,113.63,134.19,0.001,0.001,NOMINAL,-1.09
92,95,125,124.07,5.68,114.74,133.41,0.001,0.001,NOMINAL,-0.93
92,96,125,124.07,4.0,117.49,130.66,0.001,0.001,NOMINAL,-0.93
92,97,125,124.07,4.0,117.49,130.66,0.001,0.001,NOMINAL,-0.93
92,98,125,124.07,2.77,119.52,128.62,0.001,0.001,NOMINAL,-0.93
92,99,125,124.07,2.77,119.52,128.62,0.001,0.001,NOMINAL,-0.93
92,100,125,124.07,2.77,119.52,128.62,0.001,0.001,NOMINAL,-0.93
92,101,125,124.07,2.77,119.52,128.62,0.001,0.001,NOMINAL,-0.93
92,102,125,124.07,2.77,119.52,128.62,0.001,0.001,NOMINAL,-0.93
92,103,125,124.07,2.77,119.52,128.62,0.001,0.001,NOMINAL,-0.93
92,104,125,123.97,2.77,119.42,128.53,0.001,0.001,NOMINAL,-1.03
92,105,125,123.97,3.0,119.04,128.91,0.001,0.001,NOMINAL,-1.03
92,106,125,123.97,6.15,113.85,134.09,0.001,0.001,NOMINAL,-1.03
92,107,125,123.97,6.15,113.85,134.09,0.001,0.001,NOMINAL,-1.03
92,108,125,123.97,6.15,113.85,134.09,0.001,0.001,NOMINAL,-1.03
92,109,125,123.97,6.15,113.85,134.09,0.001,0.001,NOMINAL,-1.03
92,110,125,123.97,6.25,113.7,134.25,0.001,0.001,NOMINAL,-1.03
92,111,125,123.97,6.25,113.7,134.25,0.001,0.001,NOMINAL,-1.03
92,112,125,123.97,6.15,113.85,134.09,0.001,0.001,NOMINAL,-1.03
92,113,125,123.97,6.15,113.85,134.09,0.001,0.001,NOMINAL,-1.03
92,114,125,123.97,5.68,114.64,133.31,0.001,0.001,NOMINAL,-1.03
92,115,125,123.97,5.68,114.64,133.31,0.001,0.001,NOMINAL,-1.03
92,116,125,123.97,6.15,113.85,134.09,0.001,0.001,NOMINAL,-1.03
92,117,125,123.97,6.15,113.85,134.09,0.001,0.001,NOMINAL,-1.03
92,118,125,123.97,6.15,113.85,134.09,0.001,0.001,NOMINAL,-1.03
92,119,125,124.07,4.0,117.49,130.66,0.001,0.001,NOMINAL,-0.93
92,120,125,123.78,6.15,113.66,133.9,0.001,0.001,NOMINAL,-1.22
92,121,125,123.97,6.15,113.85,134.09,0.001,0.001,NOMINAL,-1.03
92,122,125,123.78,6.36,113.33,134.24,0.001,0.001,NOMINAL,-1.22
92,123,125,123.78,6.15,113.66,133.9,0.001,0.001,NOMINAL,-1.22
92,124,125,123.78,6.36,113.33,134.24,0.001,0.001,NOMINAL,-1.22
92,125,125,123.97,6.15,113.85,134.09,0.001,0.001,NOMINAL,-1.03
92,126,125,123.97,6.15,113.85,134.09,0.001,0.001,NOMINAL,-1.03
92,127,125,123.78,6.15,113.66,133.9,0.001,0.001,NOMINAL,-1.22
92,128,125,123.97,6.25,113.7,134.25,0.001,0.001,NOMINAL,-1.03
92,129,125,123.84,6.25,113.56,134.11,0.001,0.001,NOMINAL,-1.16
92,130,125,123.84,6.25,113.56,134.11,0.001,0.001,NOMINAL,-1.16
92,131,125,123.97,6.25,113.7,134.25,0.001,0.001,NOMINAL,-1.03
92,132,125,123.97,6.25,113.7,134.25,0.001,0.001,NOMINAL,-1.03
92,133,125,123.97,6.25,113.7,134.25,0.001,0.001,NOMINAL,-1.03
92,134,125,123.78,6.25,113.51,134.06,0.001,0.001,NOMINAL,-1.22
92,135,125,123.53,7.37,111.4,135.65,0.001,0.001,NOMINAL,-1.47
92,136,125,123.97,6.25,113.7,134.25,0.001,0.001,NOMINAL,-1.03
92,137,125,124.07,5.68,114.74,133.41,0.001,0.001,NOMINAL,-0.93
92,138,125,123.78,6.15,113.66,133.9,0.001,0.001,NOMINAL,-1.22
92,139,125,123.07,7.22,111.19,134.95,0.001,0.001,NOMINAL,-1.93
92,140,125,123.38,7.22,111.5,135.26,0.001,0.001,NOMINAL,-1.62
92,141,125,123.28,7.39,111.12,135.44,0.001,0.001,NOMINAL,-1.72
92,142,125,123.33,7.39,111.17,135.49,0.001,0.001,NOMINAL,-1.67
92,143,125,123.28,7.39,111.12,135.44,0.001,0.001,NOMINAL,-1.72
92,144,125,123.33,7.39,111.17,135.49,0.001,0.001,NOMINAL,-1.67
92,145,125,122.54,7.52,110.17,134.9,0.001,0.001,NOMINAL,-2.46
92,146,125,123.97,7.14,112.24,135.71,0.001,0.001,NOMINAL,-1.03
92,147,125,123.77,7.37,111.65,135.9,0.001,0.001,NOMINAL,-1.23
92,148,125,123.38,7.37,111.25,135.5,0.001,0.001,NOMINAL,-1.62
92,149,125,123.72,6.45,113.1,134.33,0.001,0.001,NOMINAL,-1.28
92,150,125,123.97,6.15,113.85,134.09,0.001,0.001,NOMINAL,-1.03
92,151,125,123.38,7.22,111.5,135.26,0.001,0.001,NOMINAL,-1.62
92,152,125,123.33,7.39,111.17,135.49,0.001,0.001,NOMINAL,-1.67
92,153,125,123.52,7.22,111.64,135.4,0.001,0.001,NOMINAL,-1.48
92,154,125,122.98,7.26,111.03,134.92,0.001,0.001,NOMINAL,-2.02
92,155,125,124.12,6.25,113.84,134.39,0.001,0.001,NOMINAL,-0.88
92,156,124,122.94,7.46,110.67,135.21,0.001,0.001,NOMINAL,-1.06
92,157,123,122.79,7.5,110.46,135.13,0.001,0.001,NOMINAL,-0.21
92,158,122,123.04,7.43,110.81,135.27,0.001,0.001,NOMINAL,1.04
92,159,121,123.97,6.43,113.39,134.55,0.001,0.001,NOMINAL,2.97
92,160,120,124.12,6.25,113.84,134.39,0.001,0.001,NOMINAL,4.12
92,161,119,123.61,7.22,111.73,135.5,0.001,0.001,NOMINAL,4.61
92,162,118,123.97,6.25,113.7,134.25,0.001,0.001,NOMINAL,5.97
92,163,117,123.78,7.24,111.86,135.69,0.001,0.001,NOMINAL,6.78
92,164,116,122.27,7.45,110.02,134.53,0.001,0.001,NOMINAL,6.27
92,165,115,124.12,6.45,113.5,134.73,0.001,0.001,NOMINAL,9.12
92,166,114,121.27,7.52,108.91,133.64,0.001,0.001,NOMINAL,7.27
92,167,113,121.83,7.52,109.46,134.19,0.001,0.001,NOMINAL,8.83
92,168,112,121.08,8.26,107.5,134.66,0.001,0.001,NOMINAL,9.08
92,169,111,120.88,9.5,105.26,136.5,0.001,0.001,NOMINAL,9.88
92,170,110,111.13,10.86,93.27,128.98,0.001,0.001,NOMINAL,1.13
92,171,109,113.16,9.47,97.57,128.74,0.001,0.001,NOMINAL,4.16
92,172,108,112.62,10.58,95.21,130.02,0.001,0.001,NOMINAL,4.62
92,173,107,105.59,11.43,86.79,124.39,0.001,0.001,NOMINAL,-1.41
92,174,106,101.27,10.98,83.22,119.33,0.001,0.0011,NOMINAL,-4.73
92,175,105,94.64,10.86,76.78,112.5,0.001,0.0019,NOMINAL,-10.36
92,176,104,94.7,10.46,77.49,111.91,0.001,0.0014,NOMINAL,-9.3
92,177,103,94.74,10.52,77.44,112.04,0.001,0.0015,NOMINAL,-8.26
92,178,102,92.99,10.83,75.19,110.8,0.001,0.0026,NOMINAL,-9.01
92,179,101,94.88,10.6,77.45,112.31,0.001,0.0015,NOMINAL,-6.12
92,180,100,92.22,10.5,74.95,109.49,0.001,0.0023,NOMINAL,-7.78
92,181,99,89.57,10.21,72.78,106.36,0.001,0.0034,NOMINAL,-9.43
92,182,98,87.81,10.56,70.44,105.18,0.001,0.0086,NOMINAL,-10.19
92,183,97,89.61,10.56,72.24,106.99,0.001,0.0049,NOMINAL,-7.39
92,184,96,89.38,10.56,72.01,106.76,0.001,0.0053,NOMINAL,-6.62
92,185,95,92.56,10.22,75.76,109.37,0.001,0.0017,NOMINAL,-2.44
92,186,94,89.56,10.14,72.88,106.25,0.001,0.0031,NOMINAL,-4.44
92,187,93,85.24,10.43,68.08,102.39,0.001,0.0171,NOMINAL,-7.76
92,188,92,85.24,10.43,68.08,102.39,0.001,0.0171,NOMINAL,-6.76
92,189,91,87.47,10.14,70.79,104.16,0.001,0.0059,NOMINAL,-3.53
92,190,90,84.37,10.3,67.42,101.31,0.001,0.0198,NOMINAL,-5.63
92,191,89,82.89,10.3,65.95,99.84,0.001,0.024,NOMINAL,-6.11
92,192,88,79.67,9.11,64.68,94.65,0.001,0.0234,NOMINAL,-8.33
92,193,87,75.4,7.61,62.87,87.92,0.001,0.0198,NOMINAL,-11.6
92,194,86,71.61,7.61,59.09,84.13,0.001,0.0261,NOMINAL,-14.39
92,195,85,64.83,7.61,52.3,77.35,0.001,0.0578,NOMINAL,-20.17
92,196,84,65.41,7.61,52.89,77.93,0.001,0.0539,NOMINAL,-18.59
92,197,83,65.14,7.7,52.48,77.8,0.001,0.0564,NOMINAL,-17.86
92,198,82,68.08,7.66,55.48,80.69,0.001,0.0361,NOMINAL,-13.92
92,199,81,61.65,7.47,49.37,73.94,0.001,0.0914,NOMINAL,-19.35
92,200,80,62.41,7.71,49.72,75.09,0.001,0.0876,NOMINAL,-17.59
92,201,79,59.83,6.26,49.53,70.12,0.001,0.0903,NOMINAL,-19.17
92,202,78,61.89,8.09,48.59,75.2,0.001,0.0974,NOMINAL,-16.11
92,203,77,59.65,7.85,46.74,72.56,0.001,0.1274,NOMINAL,-17.35
92,204,76,59.65,6.38,49.15,70.15,0.001,0.0952,NOMINAL,-16.35
92,205,75,59.65,7.85,46.74,72.56,0.001,0.1274,NOMINAL,-15.35
92,206,74,59.65,7.75,46.9,72.4,0.001,0.1249,NOMINAL,-14.35
92,207,73,58.94,6.38,48.44,69.44,0.001,0.1032,NOMINAL,-14.06
92,208,72,58.53,6.38,48.03,69.03,0.001,0.1114,NOMINAL,-13.47
92,209,71,59.21,7.72,46.52,71.9,0.001,0.1303,NOMINAL,-11.79
92,210,70,58.53,6.36,48.08,68.99,0.001,0.1111,NOMINAL,-11.47
92,211,69,58.42,6.38,47.92,68.92,0.001,0.1151,NOMINAL,-10.58
92,212,68,59.62,6.34,49.19,70.05,0.001,0.095,NOMINAL,-8.38
92,213,67,60.33,7.7,47.67,73.0,0.001,0.1111,NOMINAL,-6.67
92,214,66,56.71,6.34,46.28,67.15,0.001,0.16,NOMINAL,-9.29
92,215,65,56.66,6.13,46.57,66.75,0.001,0.1533,NOMINAL,-8.34
92,216,64,58.8,6.36,48.35,69.26,0.001,0.1049,NOMINAL,-5.2
92,217,63,57.93,6.43,47.34,68.51,0.001,0.1271,NOMINAL,-5.07
92,218,62,58.87,6.45,48.26,69.47,0.001,0.1058,NOMINAL,-3.13
92,219,61,54.98,6.54,44.23,65.74,0.001,0.2509,NOMINAL,-6.02
92,220,60,56.21,6.41,45.66,66.76,0.001,0.1813,NOMINAL,-3.79
92,221,59,50.78,6.44,40.19,61.38,0.001,0.5159,MONITOR,-8.22
92,222,58,49.08,6.28,38.76,59.4,0.0011,0.6314,MONITOR,-8.92
92,223,57,49.81,6.38,39.32,60.29,0.0011,0.589,MONITOR,-7.19
92,224,56,51.06,5.88,41.4,60.72,0.001,0.4848,NOMINAL,-4.94
92,225,55,49.73,6.08,39.72,59.73,0.001,0.5957,MONITOR,-5.27
92,226,54,51.06,6.2,40.87,61.25,0.001,0.4909,NOMINAL,-2.94
92,227,53,49.07,6.1,39.04,59.11,0.001,0.6332,MONITOR,-3.93
92,228,52,47.7,6.5,37.0,58.4,0.0015,0.702,MONITOR,-4.3
92,229,51,45.61,6.53,34.87,56.36,0.003,0.7827,WARNING,-5.39
92,230,50,44.13,6.44,33.54,54.72,0.005,0.842,WARNING,-5.87
92,231,49,45.07,6.44,34.48,55.66,0.0032,0.8068,WARNING,-3.93
92,232,48,44.13,6.62,33.24,55.02,0.0069,0.837,WARNING,-3.87
92,233,47,43.95,6.2,33.75,54.14,0.0035,0.853,WARNING,-3.05
92,234,46,44.58,6.48,33.92,55.24,0.0043,0.8253,WARNING,-1.42
92,235,45,41.8,5.71,32.4,51.19,0.004,0.9217,WARNING,-3.2
92,236,44,40.35,5.71,30.96,49.74,0.0091,0.9414,WARNING,-3.65
92,237,43,40.0,5.89,30.31,49.69,0.0163,0.9415,WARNING,-3.0
92,238,42,39.58,5.61,30.35,48.81,0.0117,0.9519,WARNING,-2.42
92,239,41,39.19,5.66,29.88,48.51,0.0165,0.9533,WARNING,-1.81
92,240,40,39.99,5.76,30.51,49.47,0.0125,0.9459,WARNING,-0.01
92,241,39,38.33,5.67,29.0,47.66,0.0236,0.9625,WARNING,-0.67
92,242,38,35.91,5.64,26.64,45.18,0.0262,0.9789,WARNING,-2.09
92,243,37,35.15,3.79,28.92,41.39,0.0024,0.9992,WARNING,-1.85
92,244,36,34.35,3.67,28.32,40.38,0.003,0.9997,WARNING,-1.65
92,245,35,34.42,3.67,28.39,40.45,0.0029,0.9997,WARNING,-0.58
92,246,34,33.03,3.71,26.92,39.14,0.011,0.9998,WARNING,-0.97
92,247,33,31.32,3.81,25.05,37.58,0.0257,0.9998,WARNING,-1.68
92,248,32,30.61,3.7,24.52,36.7,0.0261,0.9998,WARNING,-1.39
92,249,31,30.65,3.84,24.33,36.97,0.0263,0.9998,WARNING,-0.35
92,250,30,30.65,3.84,24.33,36.97,0.0263,0.9998,WARNING,0.65
92,251,29,30.61,3.7,24.52,36.7,0.0261,0.9998,WARNING,1.61
92,252,28,29.48,3.77,23.27,35.68,0.0323,0.9998,WARNING,1.48
92,253,27,29.17,3.79,22.94,35.4,0.0342,0.9998,WARNING,2.17
92,254,26,27.13,3.84,20.81,33.45,0.0632,0.9998,WARNING,1.13
92,255,25,25.49,3.86,19.14,31.83,0.1001,0.9998,WARNING,0.49
92,256,24,24.35,3.93,17.89,30.81,0.1467,0.9998,WARNING,0.35
92,257,23,22.66,3.92,16.21,29.1,0.2821,0.9998,WARNING,-0.34
92,258,22,22.86,3.96,16.35,29.37,0.2659,0.9998,WARNING,0.86
92,259,21,23.06,3.98,16.51,29.61,0.2451,0.9998,WARNING,2.06
92,260,20,23.26,3.98,16.72,29.8,0.2263,0.9998,WARNING,3.26
92,261,19,22.17,3.96,15.66,28.69,0.338,0.9998,WARNING,3.17
92,262,18,17.54,4.18,10.65,24.42,0.7642,0.9998,WARNING,-0.46
92,263,17,16.88,4.21,9.96,23.79,0.8013,0.9998,WARNING,-0.12
92,264,16,16.61,4.23,9.65,23.57,0.818,0.9998,WARNING,0.61
92,265,15,16.31,4.28,9.28,23.35,0.8313,0.9998,WARNING,1.31
92,266,14,14.35,4.46,7.02,21.68,0.9036,0.9998,CRITICAL,0.35
93,52,125,124.07,2.77,119.52,128.62,0.001,0.001,NOMINAL,-0.93
93,53,125,124.07,2.79,119.48,128.66,0.001,0.001,NOMINAL,-0.93
93,54,125,124.07,2.77,119.52,128.62,0.001,0.001,NOMINAL,-0.93
93,55,125,124.07,2.81,119.45,128.69,0.001,0.001,NOMINAL,-0.93
93,56,125,124.07,2.77,119.52,128.62,0.001,0.001,NOMINAL,-0.93
93,57,125,124.07,2.77,119.52,128.62,0.001,0.001,NOMINAL,-0.93
93,58,125,123.61,2.77,119.06,128.17,0.001,0.001,NOMINAL,-1.39
93,59,125,124.07,2.77,119.52,128.62,0.001,0.001,NOMINAL,-0.93
93,60,125,123.52,6.15,113.4,133.64,0.001,0.001,NOMINAL,-1.48
93,61,125,123.08,6.25,112.8,133.36,0.001,0.001,NOMINAL,-1.92
93,62,125,123.52,6.25,113.24,133.79,0.001,0.001,NOMINAL,-1.48
93,63,125,123.61,5.76,114.13,133.09,0.001,0.001,NOMINAL,-1.39
93,64,125,123.61,5.76,114.13,133.09,0.001,0.001,NOMINAL,-1.39
93,65,125,123.26,6.25,112.98,133.54,0.001,0.001,NOMINAL,-1.74
93,66,125,123.26,6.25,112.98,133.54,0.001,0.001,NOMINAL,-1.74
93,67,125,123.26,6.99,111.76,134.76,0.001,0.001,NOMINAL,-1.74
93,68,125,123.72,6.32,113.33,134.11,0.001,0.001,NOMINAL,-1.28
93,69,125,123.72,6.25,113.44,134.0,0.001,0.001,NOMINAL,-1.28
93,70,125,123.72,6.32,113.33,134.11,0.001,0.001,NOMINAL,-1.28
93,71,125,123.91,6.25,113.63,134.19,0.001,0.001,NOMINAL,-1.09
93,72,125,123.72,6.32,113.33,134.11,0.001,0.001,NOMINAL,-1.28
93,73,125,124.05,6.25,113.77,134.33,0.001,0.001,NOMINAL,-0.95
93,74,125,123.91,6.25,113.63,134.19,0.001,0.001,NOMINAL,-1.09
93,75,125,124.07,6.25,113.79,134.35,0.001,0.001,NOMINAL,-0.93
93,76,125,124.07,5.76,114.59,133.55,0.001,0.001,NOMINAL,-0.93
93,77,125,124.07,2.77,119.52,128.62,0.001,0.001,NOMINAL,-0.93
93,78,125,124.07,4.0,117.49,130.66,0.001,0.001,NOMINAL,-0.93
93,79,125,124.07,5.68,114.74,133.41,0.001,0.001,NOMINAL,-0.93
93,80,125,123.72,6.25,113.44,134.0,0.001,0.001,NOMINAL,-1.28
93,81,125,123.72,6.25,113.44,134.0,0.001,0.001,NOMINAL,-1.28
93,82,125,124.07,5.76,114.59,133.55,0.001,0.001,NOMINAL,-0.93
93,83,125,124.07,5.68,114.74,133.41,0.001,0.001,NOMINAL,-0.93
93,84,125,124.07,2.77,119.52,128.62,0.001,0.001,NOMINAL,-0.93
93,85,125,124.07,2.81,119.45,128.69,0.001,0.001,NOMINAL,-0.93
93,86,125,123.97,4.0,117.39,130.56,0.001,0.001,NOMINAL,-1.03
93,87,125,124.07,2.81,119.45,128.69,0.001,0.001,NOMINAL,-0.93
93,88,125,124.07,4.0,117.49,130.66,0.001,0.001,NOMINAL,-0.93
93,89,125,124.07,4.0,117.49,130.66,0.001,0.001,NOMINAL,-0.93
93,90,125,123.97,6.15,113.85,134.09,0.001,0.001,NOMINAL,-1.03
93,91,125,123.97,6.25,113.7,134.25,0.001,0.001,NOMINAL,-1.03
93,92,125,123.78,6.25,113.51,134.06,0.001,0.001,NOMINAL,-1.22
93,93,125,124.07,6.25,113.79,134.35,0.001,0.001,NOMINAL,-0.93
93,94,125,123.72,6.25,113.44,134.0,0.001,0.001,NOMINAL,-1.28
93,95,125,123.97,6.15,113.85,134.09,0.001,0.001,NOMINAL,-1.03
93,96,125,123.78,6.25,113.51,134.06,0.001,0.001,NOMINAL,-1.22
93,97,125,123.24,6.45,112.62,133.86,0.001,0.001,NOMINAL,-1.76
93,98,125,123.72,6.32,113.33,134.11,0.001,0.001,NOMINAL,-1.28
93,99,125,123.59,6.45,112.97,134.21,0.001,0.001,NOMINAL,-1.41
93,100,125,123.39,7.22,111.51,135.27,0.001,0.001,NOMINAL,-1.61
93,101,124,122.41,7.39,110.25,134.57,0.001,0.001,NOMINAL,-1.59
93,102,123,123.01,7.37,110.88,135.13,0.001,0.001,NOMINAL,0.01
93,103,122,123.97,6.32,113.58,134.37,0.001,0.001,NOMINAL,1.97
93,104,121,124.05,6.25,113.77,134.33,0.001,0.001,NOMINAL,3.05
93,105,120,123.24,6.53,112.51,133.98,0.001,0.001,NOMINAL,3.24
93,106,119,123.53,6.65,112.6,134.46,0.001,0.001,NOMINAL,4.53
93,107,118,123.24,6.53,112.51,133.98,0.001,0.001,NOMINAL,5.24
93,108,117,123.53,7.22,111.65,135.41,0.001,0.001,NOMINAL,6.53
93,109,116,122.93,7.22,111.05,134.81,0.001,0.001,NOMINAL,6.93
93,110,115,122.79,7.41,110.6,134.98,0.001,0.001,NOMINAL,7.79
93,111,114,122.88,7.37,110.76,135.01,0.001,0.001,NOMINAL,8.88
93,112,113,120.9,8.17,107.46,134.34,0.001,0.001,NOMINAL,7.9
93,113,112,120.9,8.17,107.46,134.34,0.001,0.001,NOMINAL,8.9
93,114,111,119.04,9.4,103.58,134.5,0.001,0.001,NOMINAL,8.04
93,115,110,123.13,7.16,111.35,134.9,0.001,0.001,NOMINAL,13.13
93,116,109,122.96,7.39,110.8,135.12,0.001,0.001,NOMINAL,13.96
93,117,108,119.5,9.4,104.03,134.96,0.001,0.001,NOMINAL,11.5
93,118,107,115.7,11.1,97.44,133.97,0.001,0.001,NOMINAL,8.7
93,119,106,116.24,10.42,99.1,133.37,0.001,0.001,NOMINAL,10.24
93,120,105,110.26,11.35,91.59,128.93,0.001,0.001,NOMINAL,5.26
93,121,104,104.89,11.03,86.74,123.03,0.001,0.001,NOMINAL,0.89
93,122,103,108.2,11.83,88.75,127.66,0.001,0.001,NOMINAL,5.2
93,123,102,110.98,11.1,92.71,129.24,0.001,0.001,NOMINAL,8.98
93,124,101,112.74,11.05,94.57,130.91,0.001,0.001,NOMINAL,11.74
93,125,100,110.85,11.1,92.59,129.11,0.001,0.001,NOMINAL,10.85
93,126,99,110.84,11.1,92.58,129.11,0.001,0.001,NOMINAL,11.84
93,127,98,111.4,11.1,93.14,129.67,0.001,0.001,NOMINAL,13.4
93,128,97,107.49,11.82,88.05,126.93,0.001,0.001,NOMINAL,10.49
93,129,96,106.37,11.03,88.22,124.51,0.001,0.001,NOMINAL,10.37
93,130,95,106.85,11.03,88.71,125.0,0.001,0.001,NOMINAL,11.85
93,131,94,109.7,11.9,90.12,129.29,0.001,0.001,NOMINAL,15.7
93,132,93,106.95,11.5,88.04,125.86,0.001,0.001,NOMINAL,13.95
93,133,92,106.9,11.53,87.93,125.86,0.001,0.001,NOMINAL,14.9
93,134,91,106.2,11.03,88.05,124.35,0.001,0.001,NOMINAL,15.2
93,135,90,100.33,11.03,82.18,118.48,0.001,0.0011,NOMINAL,10.33
93,136,89,99.45,10.52,82.15,116.75,0.001,0.0011,NOMINAL,10.45
93,137,88,91.61,10.17,74.87,108.34,0.001,0.002,NOMINAL,3.61
93,138,87,92.61,10.4,75.5,109.71,0.001,0.0019,NOMINAL,5.61
93,139,86,91.42,10.42,74.28,108.56,0.001,0.0026,NOMINAL,5.42
93,140,85,91.33,10.35,74.3,108.36,0.001,0.0025,NOMINAL,6.33
93,141,84,88.58,10.35,71.56,105.6,0.001,0.0053,NOMINAL,4.58
93,142,83,92.29,10.71,74.68,109.9,0.001,0.0027,NOMINAL,9.29
93,143,82,89.03,10.17,72.31,105.75,0.001,0.0037,NOMINAL,7.03
93,144,81,88.77,10.17,72.05,105.49,0.001,0.004,NOMINAL,7.77
93,145,80,87.58,10.17,70.86,104.3,0.001,0.0058,NOMINAL,7.58
93,146,79,85.24,10.17,68.52,101.96,0.001,0.0127,NOMINAL,6.24
93,147,78,83.44,9.9,67.15,99.72,0.001,0.0173,NOMINAL,5.44
93,148,77,82.63,10.31,65.67,99.59,0.001,0.0243,NOMINAL,5.63
93,149,76,82.63,9.9,66.34,98.92,0.001,0.0228,NOMINAL,6.63
93,150,75,84.0,9.9,67.71,100.29,0.001,0.0142,NOMINAL,9.0
93,151,74,82.36,8.94,67.66,97.07,0.001,0.0075,NOMINAL,8.36
93,152,73,81.77,9.18,66.68,96.87,0.001,0.0128,NOMINAL,8.77
93,153,72,82.33,9.08,67.39,97.26,0.001,0.0092,NOMINAL,10.33
93,154,71,67.02,7.63,54.47,79.57,0.001,0.0433,NOMINAL,-3.98
93,155,70,75.5,8.6,61.36,89.64,0.001,0.0257,NOMINAL,5.5
93,156,69,63.51,7.73,50.8,76.22,0.001,0.0697,NOMINAL,-5.49
93,157,68,64.46,8.34,50.75,78.17,0.001,0.0702,NOMINAL,-3.54
93,158,67,62.73,7.95,49.65,75.81,0.001,0.088,NOMINAL,-4.27
94,52,125,122.79,7.57,110.34,135.25,0.001,0.001,NOMINAL,-2.21
94,53,125,122.69,9.5,107.06,138.32,0.001,0.001,NOMINAL,-2.31
94,54,125,122.89,7.42,110.68,135.09,0.001,0.001,NOMINAL,-2.11
94,55,125,122.99,6.63,112.08,133.89,0.001,0.001,NOMINAL,-2.01
94,56,125,122.99,6.63,112.08,133.89,0.001,0.001,NOMINAL,-2.01
94,57,125,122.99,3.95,116.48,129.49,0.001,0.001,NOMINAL,-2.01
94,58,125,122.99,3.25,117.63,128.34,0.001,0.001,NOMINAL,-2.01
94,59,125,122.99,3.25,117.63,128.34,0.001,0.001,NOMINAL,-2.01
94,60,125,123.61,2.77,119.06,128.17,0.001,0.001,NOMINAL,-1.39
94,61,125,123.41,3.18,118.17,128.64,0.001,0.001,NOMINAL,-1.59
94,62,125,123.61,2.77,119.06,128.17,0.001,0.001,NOMINAL,-1.39
94,63,125,123.61,2.77,119.06,128.17,0.001,0.001,NOMINAL,-1.39
94,64,125,123.61,2.77,119.06,128.17,0.001,0.001,NOMINAL,-1.39
94,65,125,123.61,2.77,119.06,128.17,0.001,0.001,NOMINAL,-1.39
94,66,125,123.52,2.83,118.86,128.17,0.001,0.001,NOMINAL,-1.48
94,67,125,123.61,2.77,119.06,128.17,0.001,0.001,NOMINAL,-1.39
94,68,125,124.07,2.77,119.52,128.62,0.001,0.001,NOMINAL,-0.93
94,69,125,124.07,2.77,119.52,128.62,0.001,0.001,NOMINAL,-0.93
94,70,125,123.97,2.77,119.42,128.53,0.001,0.001,NOMINAL,-1.03
94,71,125,123.97,6.15,113.85,134.09,0.001,0.001,NOMINAL,-1.03
94,72,125,123.38,6.45,112.76,134.0,0.001,0.001,NOMINAL,-1.62
94,73,125,123.61,6.65,112.68,134.54,0.001,0.001,NOMINAL,-1.39
94,74,125,123.38,7.22,111.5,135.26,0.001,0.001,NOMINAL,-1.62
94,75,125,123.97,6.25,113.7,134.25,0.001,0.001,NOMINAL,-1.03
94,76,125,123.97,6.32,113.58,134.37,0.001,0.001,NOMINAL,-1.03
94,77,125,123.97,6.32,113.58,134.37,0.001,0.001,NOMINAL,-1.03
94,78,125,122.96,7.39,110.8,135.12,0.001,0.001,NOMINAL,-2.04
94,79,125,122.73,7.39,110.57,134.89,0.001,0.001,NOMINAL,-2.27
94,80,125,123.97,6.99,112.47,135.48,0.001,0.001,NOMINAL,-1.03
94,81,125,124.07,5.76,114.59,133.55,0.001,0.001,NOMINAL,-0.93
94,82,125,124.07,5.68,114.74,133.41,0.001,0.001,NOMINAL,-0.93
94,83,125,124.07,5.68,114.74,133.41,0.001,0.001,NOMINAL,-0.93
94,84,125,124.07,4.0,117.49,130.66,0.001,0.001,NOMINAL,-0.93
94,85,125,124.07,2.77,119.52,128.62,0.001,0.001,NOMINAL,-0.93
94,86,125,124.07,2.77,119.52,128.62,0.001,0.001,NOMINAL,-0.93
94,87,125,123.97,2.77,119.42,128.53,0.001,0.001,NOMINAL,-1.03
94,88,125,123.97,3.0,119.04,128.91,0.001,0.001,NOMINAL,-1.03
94,89,125,123.52,4.34,116.38,130.65,0.001,0.001,NOMINAL,-1.48
94,90,125,123.97,4.0,117.39,130.56,0.001,0.001,NOMINAL,-1.03
94,91,125,123.97,6.15,113.85,134.09,0.001,0.001,NOMINAL,-1.03
94,92,125,123.97,6.15,113.85,134.09,0.001,0.001,NOMINAL,-1.03
94,93,125,124.07,5.68,114.74,133.41,0.001,0.001,NOMINAL,-0.93
94,94,125,123.97,5.68,114.64,133.31,0.001,0.001,NOMINAL,-1.03
94,95,125,124.07,2.77,119.52,128.62,0.001,0.001,NOMINAL,-0.93
94,96,125,124.07,2.77,119.52,128.62,0.001,0.001,NOMINAL,-0.93
94,97,125,124.07,2.77,119.52,128.62,0.001,0.001,NOMINAL,-0.93
94,98,125,124.07,2.77,119.52,128.62,0.001,0.001,NOMINAL,-0.93
94,99,125,124.07,2.77,119.52,128.62,0.001,0.001,NOMINAL,-0.93
94,100,125,124.07,2.77,119.52,128.62,0.001,0.001,NOMINAL,-0.93
94,101,125,123.97,3.0,119.04,128.91,0.001,0.001,NOMINAL,-1.03
94,102,125,123.97,3.0,119.04,128.91,0.001,0.001,NOMINAL,-1.03
94,103,125,123.97,4.34,116.84,131.11,0.001,0.001,NOMINAL,-1.03
94,104,125,124.07,2.77,119.52,128.62,0.001,0.001,NOMINAL,-0.93
94,105,125,124.07,4.0,117.49,130.66,0.001,0.001,NOMINAL,-0.93
94,106,125,124.07,2.77,119.52,128.62,0.001,0.001,NOMINAL,-0.93
94,107,125,124.07,2.77,119.52,128.62,0.001,0.001,NOMINAL,-0.93
94,108,125,124.07,2.77,119.52,128.62,0.001,0.001,NOMINAL,-0.93
94,109,125,124.07,2.77,119.52,128.62,0.001,0.001,NOMINAL,-0.93
94,110,125,124.07,2.77,119.52,128.62,0.001,0.001,NOMINAL,-0.93
94,111,125,124.07,2.77,119.52,128.62,0.001,0.001,NOMINAL,-0.93
94,112,125,124.07,2.77,119.52,128.62,0.001,0.001,NOMINAL,-0.93
94,113,125,124.07,2.77,119.52,128.62,0.001,0.001,NOMINAL,-0.93
94,114,125,124.07,2.77,119.52,128.62,0.001,0.001,NOMINAL,-0.93
94,115,125,124.07,2.77,119.52,128.62,0.001,0.001,NOMINAL,-0.93
94,116,125,124.12,2.77,119.56,128.67,0.001,0.001,NOMINAL,-0.88
94,117,125,123.97,2.77,119.42,128.53,0.001,0.001,NOMINAL,-1.03
94,118,125,123.92,6.36,113.47,134.38,0.001,0.001,NOMINAL,-1.08
94,119,125,123.52,7.17,111.73,135.31,0.001,0.001,NOMINAL,-1.48
94,120,125,124.12,6.15,114.0,134.24,0.001,0.001,NOMINAL,-0.88
94,121,125,124.37,5.68,115.04,133.71,0.001,0.001,NOMINAL,-0.63
94,122,125,124.12,4.0,117.53,130.7,0.001,0.001,NOMINAL,-0.88
94,123,125,124.07,2.77,119.52,128.62,0.001,0.001,NOMINAL,-0.93
94,124,125,123.97,4.0,117.39,130.56,0.001,0.001,NOMINAL,-1.03
94,125,125,124.07,2.77,119.52,128.62,0.001,0.001,NOMINAL,-0.93
94,126,125,123.97,6.15,113.85,134.09,0.001,0.001,NOMINAL,-1.03
94,127,125,123.38,6.45,112.76,134.0,0.001,0.001,NOMINAL,-1.62
94,128,125,121.98,6.68,110.99,132.97,0.001,0.001,NOMINAL,-3.02
94,129,125,119.72,9.5,104.1,135.34,0.001,0.001,NOMINAL,-5.28
94,130,125,120.69,8.26,107.11,134.26,0.001,0.001,NOMINAL,-4.31
94,131,125,118.61,9.39,103.17,134.05,0.001,0.001,NOMINAL,-6.39
94,132,125,120.5,8.17,107.06,133.95,0.001,0.001,NOMINAL,-4.5
94,133,125,115.91,11.69,96.68,135.14,0.001,0.001,NOMINAL,-9.09
94,134,125,111.13,10.37,94.08,128.18,0.001,0.001,NOMINAL,-13.87
94,135,125,108.99,11.49,90.09,127.88,0.001,0.001,NOMINAL,-16.01
94,136,125,111.12,10.99,93.04,129.2,0.001,0.001,NOMINAL,-13.88
94,137,125,116.21,9.47,100.63,131.79,0.001,0.001,NOMINAL,-8.79
94,138,125,118.17,9.37,102.76,133.57,0.001,0.001,NOMINAL,-6.83
94,139,125,113.38,11.1,95.11,131.64,0.001,0.001,NOMINAL,-11.62
94,140,125,112.64,11.05,94.47,130.81,0.001,0.001,NOMINAL,-12.36
94,141,125,111.29,11.1,93.02,129.55,0.001,0.001,NOMINAL,-13.71
94,142,125,113.85,11.1,95.58,132.11,0.001,0.001,NOMINAL,-11.15
94,143,125,112.09,11.1,93.82,130.35,0.001,0.001,NOMINAL,-12.91
94,144,125,113.57,10.37,96.52,130.63,0.001,0.001,NOMINAL,-11.43
94,145,125,117.75,9.37,102.34,133.15,0.001,0.001,NOMINAL,-7.25
94,146,125,120.42,9.05,105.53,135.31,0.001,0.001,NOMINAL,-4.58
94,147,125,120.71,8.99,105.91,135.5,0.001,0.001,NOMINAL,-4.29
94,148,125,123.52,6.99,112.01,135.02,0.001,0.001,NOMINAL,-1.48
94,149,125,123.34,7.14,111.6,135.07,0.001,0.001,NOMINAL,-1.66
94,150,125,124.07,5.68,114.74,133.41,0.001,0.001,NOMINAL,-0.93
94,151,125,123.52,6.15,113.4,133.64,0.001,0.001,NOMINAL,-1.48
94,152,125,123.52,6.94,112.1,134.93,0.001,0.001,NOMINAL,-1.48
94,153,125,123.84,6.15,113.72,133.96,0.001,0.001,NOMINAL,-1.16
94,154,125,122.92,7.17,111.13,134.71,0.001,0.001,NOMINAL,-2.08
94,155,125,123.97,6.15,113.85,134.09,0.001,0.001,NOMINAL,-1.03
94,156,125,123.18,7.28,111.21,135.16,0.001,0.001,NOMINAL,-1.82
94,157,125,124.12,6.25,113.84,134.39,0.001,0.001,NOMINAL,-0.88
94,158,125,123.78,6.45,113.16,134.4,0.001,0.001,NOMINAL,-1.22
94,159,125,123.42,8.15,110.02,136.82,0.001,0.001,NOMINAL,-1.58
94,160,125,123.97,6.15,113.85,134.09,0.001,0.001,NOMINAL,-1.03
94,161,125,123.97,6.15,113.85,134.09,0.001,0.001,NOMINAL,-1.03
94,162,125,123.97,6.15,113.85,134.09,0.001,0.001,NOMINAL,-1.03
94,163,125,123.68,7.17,111.89,135.46,0.001,0.001,NOMINAL,-1.32
94,164,125,124.37,6.15,114.25,134.49,0.001,0.001,NOMINAL,-0.63
94,165,125,124.12,3.12,118.98,129.25,0.001,0.001,NOMINAL,-0.88
94,166,125,124.47,2.77,119.92,129.02,0.001,0.001,NOMINAL,-0.53
94,167,125,124.47,2.77,119.92,129.02,0.001,0.001,NOMINAL,-0.53
94,168,125,124.07,3.12,118.94,129.2,0.001,0.001,NOMINAL,-0.93
94,169,125,124.47,2.77,119.92,129.02,0.001,0.001,NOMINAL,-0.53
94,170,125,124.47,3.12,119.34,129.6,0.001,0.001,NOMINAL,-0.53
94,171,125,124.47,2.77,119.92,129.02,0.001,0.001,NOMINAL,-0.53
94,172,125,124.47,2.77,119.92,129.02,0.001,0.001,NOMINAL,-0.53
94,173,125,124.47,2.77,119.92,129.02,0.001,0.001,NOMINAL,-0.53
94,174,125,124.47,2.77,119.92,129.02,0.001,0.001,NOMINAL,-0.53
94,175,125,124.47,3.12,119.34,129.6,0.001,0.001,NOMINAL,-0.53
94,176,125,124.37,3.12,119.24,129.51,0.001,0.001,NOMINAL,-0.63
94,177,125,124.24,3.38,118.67,129.8,0.001,0.001,NOMINAL,-0.76
94,178,125,124.37,3.38,118.81,129.94,0.001,0.001,NOMINAL,-0.63
94,179,125,124.37,3.0,119.44,129.31,0.001,0.001,NOMINAL,-0.63
94,180,125,124.37,2.77,119.82,128.93,0.001,0.001,NOMINAL,-0.63
94,181,125,124.47,2.77,119.92,129.02,0.001,0.001,NOMINAL,-0.53
94,182,125,124.47,3.12,119.34,129.6,0.001,0.001,NOMINAL,-0.53
94,183,125,124.37,3.12,119.24,129.51,0.001,0.001,NOMINAL,-0.63
94,184,125,124.37,2.77,119.82,128.93,0.001,0.001,NOMINAL,-0.63
94,185,125,124.37,3.0,119.44,129.31,0.001,0.001,NOMINAL,-0.63
94,186,125,123.78,6.36,113.32,134.23,0.001,0.001,NOMINAL,-1.22
94,187,125,123.49,7.36,111.39,135.59,0.001,0.001,NOMINAL,-1.51
94,188,125,122.08,8.48,108.14,136.03,0.001,0.001,NOMINAL,-2.92
94,189,125,123.25,7.49,110.92,135.57,0.001,0.001,NOMINAL,-1.75
94,190,125,116.05,11.93,96.42,135.68,0.001,0.001,NOMINAL,-8.95
94,191,125,121.87,10.68,104.3,139.45,0.001,0.001,NOMINAL,-3.13
94,192,125,122.75,9.47,107.17,138.34,0.001,0.001,NOMINAL,-2.25
94,193,125,122.58,7.49,110.25,134.9,0.001,0.001,NOMINAL,-2.42
94,194,125,117.09,10.68,99.52,134.66,0.001,0.001,NOMINAL,-7.91
94,195,125,120.42,9.5,104.8,136.04,0.001,0.001,NOMINAL,-4.58
94,196,125,123.17,7.46,110.9,135.44,0.001,0.001,NOMINAL,-1.83
94,197,125,117.01,11.69,97.78,136.24,0.001,0.001,NOMINAL,-7.99
94,198,125,113.66,11.69,94.43,132.89,0.001,0.001,NOMINAL,-11.34
94,199,125,117.2,10.37,100.14,134.25,0.001,0.001,NOMINAL,-7.8
94,200,125,113.38,12.46,92.89,133.87,0.001,0.001,NOMINAL,-11.62
94,201,125,117.86,10.68,100.3,135.43,0.001,0.001,NOMINAL,-7.14
94,202,125,121.35,10.6,103.91,138.79,0.001,0.001,NOMINAL,-3.65
94,203,125,122.58,8.46,108.66,136.49,0.001,0.001,NOMINAL,-2.42
94,204,125,116.36,11.93,96.73,135.99,0.001,0.001,NOMINAL,-8.64
94,205,125,111.76,12.24,91.63,131.89,0.001,0.001,NOMINAL,-13.24
94,206,125,109.37,11.43,90.57,128.17,0.001,0.001,NOMINAL,-15.63
94,207,125,108.97,11.43,90.17,127.77,0.001,0.001,NOMINAL,-16.03
94,208,125,105.86,11.43,87.06,124.67,0.001,0.001,NOMINAL,-19.14
94,209,125,106.28,11.56,87.27,125.3,0.001,0.001,NOMINAL,-18.72
94,210,125,104.5,11.56,85.49,123.51,0.001,0.0011,NOMINAL,-20.5
94,211,125,99.72,11.43,80.92,118.52,0.001,0.0013,NOMINAL,-25.28
94,212,125,100.89,11.38,82.17,119.61,0.001,0.0012,NOMINAL,-24.11
94,213,125,107.29,11.56,88.28,126.3,0.001,0.001,NOMINAL,-17.71
94,214,125,104.59,11.51,85.66,123.51,0.001,0.0011,NOMINAL,-20.41
94,215,125,104.59,11.38,85.87,123.31,0.001,0.001,NOMINAL,-20.41
94,216,125,104.54,11.43,85.74,123.34,0.001,0.001,NOMINAL,-20.46
94,217,125,114.04,12.46,93.55,134.53,0.001,0.001,NOMINAL,-10.96
94,218,125,110.89,12.4,90.49,131.29,0.001,0.001,NOMINAL,-14.11
94,219,124,106.93,11.43,88.13,125.73,0.001,0.001,NOMINAL,-17.07
94,220,123,101.38,11.38,82.66,120.09,0.001,0.0011,NOMINAL,-21.62
94,221,122,99.0,11.42,80.21,117.78,0.001,0.0014,NOMINAL,-23.0
94,222,121,98.31,11.4,79.56,117.06,0.001,0.0015,NOMINAL,-22.69
94,223,120,106.51,12.03,86.72,126.3,0.001,0.0011,NOMINAL,-13.49
94,224,119,104.93,12.08,85.06,124.8,0.001,0.0011,NOMINAL,-14.07
94,225,118,111.43,12.46,90.94,131.92,0.001,0.001,NOMINAL,-6.57
94,226,117,107.37,11.67,88.17,126.57,0.001,0.001,NOMINAL,-9.63
94,227,116,106.49,11.43,87.68,125.29,0.001,0.001,NOMINAL,-9.51
94,228,115,103.65,11.38,84.94,122.37,0.001,0.0011,NOMINAL,-11.35
94,229,114,103.27,11.38,84.55,121.99,0.001,0.0011,NOMINAL,-10.73
94,230,113,101.55,11.38,82.83,120.27,0.001,0.0011,NOMINAL,-11.45
94,231,112,103.58,11.38,84.87,122.3,0.001,0.0011,NOMINAL,-8.42
94,232,111,100.53,11.4,81.78,119.28,0.001,0.0012,NOMINAL,-10.47
94,233,110,96.68,11.41,77.91,115.45,0.001,0.002,NOMINAL,-13.32
94,234,109,98.17,11.4,79.42,116.92,0.001,0.0015,NOMINAL,-10.83
94,235,108,96.44,11.32,77.83,115.05,0.001,0.0019,NOMINAL,-11.56
94,236,107,94.03,11.32,75.42,112.64,0.001,0.0032,NOMINAL,-12.97
94,237,106,94.61,11.32,76.0,113.22,0.001,0.0028,NOMINAL,-11.39
94,238,105,90.04,10.95,72.03,108.05,0.001,0.0067,NOMINAL,-14.96
94,239,104,89.97,10.68,72.41,107.54,0.001,0.005,NOMINAL,-14.03
94,240,103,89.24,10.61,71.79,106.7,0.001,0.0058,NOMINAL,-13.76
94,241,102,89.97,10.65,72.46,107.49,0.001,0.0049,NOMINAL,-12.03
94,242,101,89.24,10.58,71.85,106.64,0.001,0.0056,NOMINAL,-11.76
94,243,100,89.97,10.58,72.58,107.37,0.001,0.0045,NOMINAL,-10.03
94,244,99,88.45,10.58,71.05,105.84,0.001,0.0071,NOMINAL,-10.55
94,245,98,90.3,10.95,72.28,108.31,0.001,0.0062,NOMINAL,-7.7
94,246,97,90.44,11.05,72.26,108.61,0.001,0.0066,NOMINAL,-6.56
94,247,96,93.67,11.4,74.92,112.42,0.001,0.0038,NOMINAL,-2.33
94,248,95,92.34,11.19,73.92,110.75,0.001,0.0044,NOMINAL,-2.66
94,249,94,90.44,10.76,72.75,108.13,0.001,0.0048,NOMINAL,-3.56
94,250,93,89.46,10.66,71.93,107.0,0.001,0.0057,NOMINAL,-3.54
94,251,92,89.46,10.65,71.95,106.98,0.001,0.0057,NOMINAL,-2.54
94,252,91,89.97,10.57,72.59,107.36,0.001,0.0045,NOMINAL,-1.03
94,253,90,89.46,10.57,72.08,106.85,0.001,0.0052,NOMINAL,-0.54
94,254,89,91.21,11.32,72.6,109.82,0.001,0.007,NOMINAL,2.21
94,255,88,89.46,10.68,71.9,107.03,0.001,0.0059,NOMINAL,1.46
94,256,87,89.46,10.65,71.95,106.98,0.001,0.0057,NOMINAL,2.46
94,257,86,84.0,10.61,66.54,101.45,0.001,0.0239,NOMINAL,-2.0
94,258,85,81.25,10.61,63.8,98.71,0.001,0.0258,NOMINAL,-3.75
94,259,84,81.35,10.53,64.02,98.67,0.001,0.0257,NOMINAL,-2.65
94,260,83,77.17,10.05,60.64,93.7,0.001,0.0273,NOMINAL,-5.83
94,261,82,78.2,10.05,61.67,94.73,0.001,0.0262,NOMINAL,-3.8
94,262,81,72.93,9.18,57.83,88.03,0.001,0.0325,NOMINAL,-8.07
94,263,80,75.86,9.64,60.01,91.72,0.001,0.0281,NOMINAL,-4.14
94,264,79,78.37,10.06,61.82,94.92,0.001,0.0262,NOMINAL,-0.63
94,265,78,77.25,10.06,60.7,93.8,0.001,0.0272,NOMINAL,-0.75
94,266,77,73.58,9.11,58.6,88.55,0.001,0.0302,NOMINAL,-3.42
94,267,76,74.78,10.06,58.23,91.33,0.001,0.0334,NOMINAL,-1.22
94,268,75,75.88,9.62,60.06,91.7,0.001,0.0277,NOMINAL,0.88
94,269,74,76.33,9.18,61.23,91.43,0.001,0.0261,NOMINAL,2.33
94,270,73,70.16,8.27,56.55,83.77,0.001,0.0338,NOMINAL,-2.84
94,271,72,71.36,9.11,56.38,86.34,0.001,0.0366,NOMINAL,-0.64
94,272,71,71.36,9.11,56.38,86.34,0.001,0.0366,NOMINAL,0.36
94,273,70,70.42,8.58,56.31,84.53,0.001,0.0354,NOMINAL,0.42
94,274,69,67.24,8.27,53.63,80.85,0.001,0.0499,NOMINAL,-1.76
94,275,68,66.8,8.27,53.2,80.41,0.001,0.0532,NOMINAL,-1.2
94,276,67,65.57,8.27,51.96,79.17,0.001,0.0608,NOMINAL,-1.43
94,277,66,63.64,8.32,49.95,77.33,0.001,0.0835,NOMINAL,-2.36
94,278,65,61.59,8.21,48.08,75.1,0.001,0.1011,NOMINAL,-3.41
94,279,64,60.0,6.31,49.63,70.38,0.001,0.0894,NOMINAL,-4.0
94,280,63,59.29,5.74,49.85,68.74,0.001,0.0859,NOMINAL,-3.71
94,281,62,60.63,7.68,48.01,73.26,0.001,0.1049,NOMINAL,-1.37
94,282,61,60.62,8.13,47.24,73.99,0.001,0.1155,NOMINAL,-0.38
94,283,60,59.52,7.92,46.5,72.55,0.001,0.1302,NOMINAL,-0.48
94,284,59,59.52,8.57,45.43,73.62,0.0011,0.1463,NOMINAL,0.52
94,285,58,57.35,6.73,46.28,68.41,0.001,0.1508,NOMINAL,-0.65
94,286,57,56.3,6.73,45.23,67.37,0.001,0.1874,NOMINAL,-0.7
94,287,56,57.23,6.75,46.12,68.33,0.001,0.1563,NOMINAL,1.23
94,288,55,54.05,6.75,42.95,65.14,0.001,0.3184,NOMINAL,-0.95
94,289,54,56.65,6.73,45.59,67.72,0.001,0.1762,NOMINAL,2.65
94,290,53,51.56,6.76,40.44,62.68,0.0011,0.4605,NOMINAL,-1.44
94,291,52,51.62,6.52,40.9,62.35,0.001,0.4541,NOMINAL,-0.38
94,292,51,50.11,6.52,39.38,60.84,0.0011,0.568,MONITOR,-0.89
94,293,50,46.77,6.52,36.04,57.5,0.0019,0.7415,MONITOR,-3.23
94,294,49,46.43,6.52,35.7,57.15,0.0021,0.7541,WARNING,-2.57
94,295,48,43.19,4.52,35.77,50.62,0.001,0.9289,WARNING,-4.81
94,296,47,42.52,4.48,35.16,49.88,0.001,0.9402,WARNING,-4.48
94,297,46,40.07,4.66,32.41,47.72,0.0014,0.9657,WARNING,-5.93
94,298,45,38.36,4.5,30.95,45.76,0.002,0.9807,WARNING,-6.64
94,299,44,37.6,4.53,30.15,45.05,0.0033,0.9847,WARNING,-6.4
94,300,43,37.25,4.39,30.03,44.48,0.0029,0.9885,WARNING,-5.75
94,301,42,37.16,4.39,29.94,44.39,0.0031,0.9888,WARNING,-4.84
94,302,41,37.54,4.5,30.13,44.95,0.0032,0.9852,WARNING,-3.46
94,303,40,38.69,4.47,31.35,46.04,0.0016,0.9794,WARNING,-1.31
94,304,39,36.64,4.15,29.81,43.47,0.0024,0.9927,WARNING,-2.36
94,305,38,35.51,3.72,29.38,41.63,0.0017,0.9992,WARNING,-2.49
94,306,37,33.69,3.57,27.82,39.56,0.0038,0.9998,WARNING,-3.31
94,307,36,34.67,3.5,28.91,40.44,0.0016,0.9997,WARNING,-1.33
94,308,35,34.4,3.5,28.63,40.16,0.0019,0.9997,WARNING,-0.6
94,309,34,34.4,3.5,28.65,40.15,0.0019,0.9997,WARNING,0.4
94,310,33,33.02,3.58,27.14,38.9,0.007,0.9998,WARNING,0.02
94,311,32,32.17,3.58,26.29,38.06,0.0158,0.9998,WARNING,0.17
94,312,31,29.57,3.68,23.51,35.63,0.0301,0.9998,WARNING,-1.43
94,313,30,28.46,3.74,22.31,34.62,0.0415,0.9998,WARNING,-1.54
94,314,29,28.49,3.74,22.33,34.64,0.041,0.9998,WARNING,-0.51
94,315,28,27.56,3.77,21.36,33.76,0.0546,0.9998,WARNING,-0.44
94,316,27,25.46,3.82,19.17,31.75,0.0999,0.9998,WARNING,-1.54
94,317,26,22.92,3.89,16.52,29.32,0.2542,0.9998,WARNING,-3.08
94,318,25,22.79,3.92,16.35,29.23,0.2684,0.9998,WARNING,-2.21
94,319,24,22.56,3.92,16.12,29.0,0.2944,0.9998,WARNING,-1.44
94,320,23,20.7,3.94,14.22,27.18,0.4868,0.9998,WARNING,-2.3
94,321,22,19.93,4.0,13.35,26.51,0.5836,0.9998,WARNING,-2.07
94,322,21,18.49,4.08,11.77,25.2,0.7077,0.9998,WARNING,-2.51
94,323,20,16.99,4.2,10.08,23.9,0.7967,0.9998,WARNING,-3.01
94,324,19,14.67,4.4,7.44,21.9,0.8939,0.9998,WARNING,-4.33
94,325,18,15.53,4.32,8.42,22.64,0.8615,0.9998,WARNING,-2.47
94,326,17,13.65,4.5,6.26,21.05,0.9191,0.9998,CRITICAL,-3.35
94,327,16,13.65,4.51,6.24,21.06,0.9189,0.9998,CRITICAL,-2.35
94,328,15,13.21,4.57,5.68,20.73,0.9267,0.9998,CRITICAL,-1.79
94,329,14,12.09,4.67,4.41,19.78,0.9414,0.9998,CRITICAL,-1.91
94,330,13,10.43,4.8,2.54,18.32,0.9598,0.9998,CRITICAL,-2.57
94,331,12,9.14,4.89,1.1,17.18,0.9678,0.9998,CRITICAL,-2.86
94,332,11,6.95,5.01,-1.3,15.19,0.9811,0.9998,CRITICAL,-4.05
94,333,10,6.29,5.1,-2.1,14.67,0.9841,0.9998,CRITICAL,-3.71
95,52,125,123.43,2.77,118.88,127.99,0.001,0.001,NOMINAL,-1.57
95,53,125,123.61,5.68,114.28,132.95,0.001,0.001,NOMINAL,-1.39
95,54,125,123.52,5.68,114.18,132.85,0.001,0.001,NOMINAL,-1.48
95,55,125,123.61,2.77,119.06,128.17,0.001,0.001,NOMINAL,-1.39
95,56,125,123.61,2.77,119.06,128.17,0.001,0.001,NOMINAL,-1.39
95,57,125,123.61,2.77,119.06,128.17,0.001,0.001,NOMINAL,-1.39
95,58,125,124.07,2.77,119.52,128.62,0.001,0.001,NOMINAL,-0.93
95,59,125,124.07,2.77,119.52,128.62,0.001,0.001,NOMINAL,-0.93
95,60,125,124.07,4.0,117.49,130.66,0.001,0.001,NOMINAL,-0.93
95,61,125,124.07,4.0,117.49,130.66,0.001,0.001,NOMINAL,-0.93
95,62,125,124.07,4.0,117.49,130.66,0.001,0.001,NOMINAL,-0.93
95,63,125,123.86,6.25,113.58,134.13,0.001,0.001,NOMINAL,-1.14
95,64,125,123.52,6.32,113.12,133.91,0.001,0.001,NOMINAL,-1.48
95,65,125,123.97,6.25,113.7,134.25,0.001,0.001,NOMINAL,-1.03
95,66,125,123.97,6.25,113.7,134.25,0.001,0.001,NOMINAL,-1.03
95,67,125,123.97,6.25,113.7,134.25,0.001,0.001,NOMINAL,-1.03
95,68,125,123.97,6.99,112.47,135.48,0.001,0.001,NOMINAL,-1.03
95,69,125,123.78,7.22,111.9,135.66,0.001,0.001,NOMINAL,-1.22
95,70,125,123.97,6.25,113.7,134.25,0.001,0.001,NOMINAL,-1.03
95,71,125,123.78,6.15,113.66,133.9,0.001,0.001,NOMINAL,-1.22
95,72,125,124.07,5.76,114.59,133.55,0.001,0.001,NOMINAL,-0.93
95,73,125,124.07,5.68,114.74,133.41,0.001,0.001,NOMINAL,-0.93
95,74,125,124.07,5.68,114.74,133.41,0.001,0.001,NOMINAL,-0.93
95,75,125,124.07,4.0,117.49,130.66,0.001,0.001,NOMINAL,-0.93
95,76,125,124.07,2.77,119.52,128.62,0.001,0.001,NOMINAL,-0.93
95,77,125,124.07,2.77,119.52,128.62,0.001,0.001,NOMINAL,-0.93
95,78,125,124.07,2.77,119.52,128.62,0.001,0.001,NOMINAL,-0.93
95,79,125,124.07,2.77,119.52,128.62,0.001,0.001,NOMINAL,-0.93
95,80,125,123.97,4.0,117.39,130.56,0.001,0.001,NOMINAL,-1.03
95,81,125,123.97,5.68,114.64,133.31,0.001,0.001,NOMINAL,-1.03
95,82,125,123.97,6.15,113.85,134.09,0.001,0.001,NOMINAL,-1.03
95,83,125,123.97,6.25,113.7,134.25,0.001,0.001,NOMINAL,-1.03
95,84,125,123.97,6.15,113.85,134.09,0.001,0.001,NOMINAL,-1.03
95,85,125,124.07,5.68,114.74,133.41,0.001,0.001,NOMINAL,-0.93
95,86,125,124.07,4.0,117.49,130.66,0.001,0.001,NOMINAL,-0.93
95,87,125,124.07,2.77,119.52,128.62,0.001,0.001,NOMINAL,-0.93
95,88,125,124.07,2.77,119.52,128.62,0.001,0.001,NOMINAL,-0.93
95,89,125,124.07,2.77,119.52,128.62,0.001,0.001,NOMINAL,-0.93
95,90,125,124.07,2.77,119.52,128.62,0.001,0.001,NOMINAL,-0.93
95,91,125,123.97,2.77,119.42,128.53,0.001,0.001,NOMINAL,-1.03
95,92,125,124.07,2.77,119.52,128.62,0.001,0.001,NOMINAL,-0.93
95,93,125,123.97,2.77,119.42,128.53,0.001,0.001,NOMINAL,-1.03
95,94,125,123.97,3.0,119.04,128.91,0.001,0.001,NOMINAL,-1.03
95,95,125,124.07,2.77,119.52,128.62,0.001,0.001,NOMINAL,-0.93
95,96,125,123.97,5.68,114.64,133.31,0.001,0.001,NOMINAL,-1.03
95,97,125,123.97,6.25,113.7,134.25,0.001,0.001,NOMINAL,-1.03
95,98,125,124.07,4.0,117.49,130.66,0.001,0.001,NOMINAL,-0.93
95,99,125,124.07,4.0,117.49,130.66,0.001,0.001,NOMINAL,-0.93
95,100,125,124.07,4.0,117.49,130.66,0.001,0.001,NOMINAL,-0.93
95,101,125,124.07,2.77,119.52,128.62,0.001,0.001,NOMINAL,-0.93
95,102,125,124.07,2.77,119.52,128.62,0.001,0.001,NOMINAL,-0.93
95,103,125,124.07,2.77,119.52,128.62,0.001,0.001,NOMINAL,-0.93
95,104,125,124.07,2.77,119.52,128.62,0.001,0.001,NOMINAL,-0.93
95,105,125,124.07,2.77,119.52,128.62,0.001,0.001,NOMINAL,-0.93
95,106,125,124.07,2.77,119.52,128.62,0.001,0.001,NOMINAL,-0.93
95,107,125,124.07,2.77,119.52,128.62,0.001,0.001,NOMINAL,-0.93
95,108,125,124.07,2.77,119.52,128.62,0.001,0.001,NOMINAL,-0.93
95,109,125,124.07,2.77,119.52,128.62,0.001,0.001,NOMINAL,-0.93
95,110,125,123.97,3.0,119.04,128.91,0.001,0.001,NOMINAL,-1.03
95,111,125,123.97,4.34,116.84,131.11,0.001,0.001,NOMINAL,-1.03
95,112,125,123.97,6.25,113.7,134.25,0.001,0.001,NOMINAL,-1.03
95,113,125,123.97,5.68,114.64,133.31,0.001,0.001,NOMINAL,-1.03
95,114,125,124.07,2.77,119.52,128.62,0.001,0.001,NOMINAL,-0.93
95,115,125,124.07,2.77,119.52,128.62,0.001,0.001,NOMINAL,-0.93
95,116,125,124.07,2.77,119.52,128.62,0.001,0.001,NOMINAL,-0.93
95,117,125,124.07,2.77,119.52,128.62,0.001,0.001,NOMINAL,-0.93
95,118,125,124.07,2.77,119.52,128.62,0.001,0.001,NOMINAL,-0.93
95,119,125,124.07,2.77,119.52,128.62,0.001,0.001,NOMINAL,-0.93
95,120,125,124.07,2.77,119.52,128.62,0.001,0.001,NOMINAL,-0.93
95,121,125,124.07,2.77,119.52,128.62,0.001,0.001,NOMINAL,-0.93
95,122,125,124.07,2.77,119.52,128.62,0.001,0.001,NOMINAL,-0.93
95,123,125,124.07,2.77,119.52,128.62,0.001,0.001,NOMINAL,-0.93
95,124,125,124.07,2.77,119.52,128.62,0.001,0.001,NOMINAL,-0.93
95,125,125,124.07,2.77,119.52,128.62,0.001,0.001,NOMINAL,-0.93
95,126,125,124.07,2.77,119.52,128.62,0.001,0.001,NOMINAL,-0.93
95,127,125,124.07,2.77,119.52,128.62,0.001,0.001,NOMINAL,-0.93
95,128,125,124.07,2.77,119.52,128.62,0.001,0.001,NOMINAL,-0.93
95,129,125,124.07,2.77,119.52,128.62,0.001,0.001,NOMINAL,-0.93
95,130,125,124.07,2.77,119.52,128.62,0.001,0.001,NOMINAL,-0.93
95,131,125,124.07,2.77,119.52,128.62,0.001,0.001,NOMINAL,-0.93
95,132,125,124.07,2.77,119.52,128.62,0.001,0.001,NOMINAL,-0.93
95,133,125,123.97,2.77,119.42,128.53,0.001,0.001,NOMINAL,-1.03
95,134,125,124.07,2.77,119.52,128.62,0.001,0.001,NOMINAL,-0.93
95,135,125,124.07,2.77,119.52,128.62,0.001,0.001,NOMINAL,-0.93
95,136,125,124.07,2.77,119.52,128.62,0.001,0.001,NOMINAL,-0.93
95,137,125,124.07,2.77,119.52,128.62,0.001,0.001,NOMINAL,-0.93
95,138,125,124.07,2.77,119.52,128.62,0.001,0.001,NOMINAL,-0.93
95,139,125,124.21,2.77,119.66,128.77,0.001,0.001,NOMINAL,-0.79
95,140,125,124.47,2.77,119.92,129.02,0.001,0.001,NOMINAL,-0.53
95,141,125,124.47,2.77,119.92,129.02,0.001,0.001,NOMINAL,-0.53
95,142,125,124.47,2.77,119.92,129.02,0.001,0.001,NOMINAL,-0.53
95,143,125,124.07,2.77,119.52,128.62,0.001,0.001,NOMINAL,-0.93
95,144,125,124.21,2.77,119.66,128.77,0.001,0.001,NOMINAL,-0.79
95,145,125,124.21,2.77,119.66,128.77,0.001,0.001,NOMINAL,-0.79
95,146,125,124.21,2.77,119.66,128.77,0.001,0.001,NOMINAL,-0.79
95,147,125,124.07,2.77,119.52,128.62,0.001,0.001,NOMINAL,-0.93
95,148,125,124.21,2.77,119.66,128.77,0.001,0.001,NOMINAL,-0.79
95,149,125,124.21,2.77,119.66,128.77,0.001,0.001,NOMINAL,-0.79
95,150,125,124.47,2.77,119.92,129.02,0.001,0.001,NOMINAL,-0.53
95,151,125,124.21,2.77,119.66,128.77,0.001,0.001,NOMINAL,-0.79
95,152,125,124.07,2.77,119.52,128.62,0.001,0.001,NOMINAL,-0.93
95,153,125,124.21,2.77,119.66,128.77,0.001,0.001,NOMINAL,-0.79
95,154,125,124.37,2.77,119.82,128.93,0.001,0.001,NOMINAL,-0.63
95,155,125,124.47,2.77,119.92,129.02,0.001,0.001,NOMINAL,-0.53
95,156,125,124.47,2.77,119.92,129.02,0.001,0.001,NOMINAL,-0.53
95,157,125,124.47,2.77,119.92,129.02,0.001,0.001,NOMINAL,-0.53
95,158,125,124.37,2.77,119.82,128.93,0.001,0.001,NOMINAL,-0.63
95,159,125,124.37,3.0,119.44,129.31,0.001,0.001,NOMINAL,-0.63
95,160,125,123.92,6.36,113.47,134.38,0.001,0.001,NOMINAL,-1.08
95,161,125,124.37,6.15,114.25,134.49,0.001,0.001,NOMINAL,-0.63
95,162,125,124.12,6.15,114.0,134.24,0.001,0.001,NOMINAL,-0.88
95,163,125,124.12,6.15,114.0,134.24,0.001,0.001,NOMINAL,-0.88
95,164,125,124.07,5.68,114.74,133.41,0.001,0.001,NOMINAL,-0.93
95,165,125,124.21,2.77,119.66,128.77,0.001,0.001,NOMINAL,-0.79
95,166,125,124.47,2.77,119.92,129.02,0.001,0.001,NOMINAL,-0.53
95,167,125,124.07,2.77,119.52,128.62,0.001,0.001,NOMINAL,-0.93
95,168,125,123.97,2.77,119.42,128.53,0.001,0.001,NOMINAL,-1.03
95,169,125,123.97,4.34,116.84,131.11,0.001,0.001,NOMINAL,-1.03
95,170,125,123.97,4.34,116.84,131.11,0.001,0.001,NOMINAL,-1.03
95,171,125,124.12,4.34,116.98,131.25,0.001,0.001,NOMINAL,-0.88
95,172,125,124.21,2.77,119.66,128.77,0.001,0.001,NOMINAL,-0.79
95,173,125,124.21,2.77,119.66,128.77,0.001,0.001,NOMINAL,-0.79
95,174,125,124.37,2.77,119.82,128.93,0.001,0.001,NOMINAL,-0.63
95,175,125,124.37,2.77,119.82,128.93,0.001,0.001,NOMINAL,-0.63
95,176,125,124.47,2.77,119.92,129.02,0.001,0.001,NOMINAL,-0.53
95,177,125,124.47,2.77,119.92,129.02,0.001,0.001,NOMINAL,-0.53
95,178,125,124.47,2.77,119.92,129.02,0.001,0.001,NOMINAL,-0.53
95,179,125,124.37,3.0,119.44,129.31,0.001,0.001,NOMINAL,-0.63
95,180,125,124.37,3.0,119.44,129.31,0.001,0.001,NOMINAL,-0.63
95,181,125,124.37,3.0,119.44,129.31,0.001,0.001,NOMINAL,-0.63
95,182,125,124.37,3.0,119.44,129.31,0.001,0.001,NOMINAL,-0.63
95,183,125,124.37,6.15,114.25,134.49,0.001,0.001,NOMINAL,-0.63
95,184,125,124.37,6.15,114.25,134.49,0.001,0.001,NOMINAL,-0.63
95,185,125,124.47,4.0,117.89,131.05,0.001,0.001,NOMINAL,-0.53
95,186,125,124.37,6.15,114.25,134.49,0.001,0.001,NOMINAL,-0.63
95,187,125,124.37,6.15,114.25,134.49,0.001,0.001,NOMINAL,-0.63
95,188,125,124.37,6.15,114.25,134.49,0.001,0.001,NOMINAL,-0.63
95,189,125,124.37,6.15,114.25,134.49,0.001,0.001,NOMINAL,-0.63
95,190,125,124.37,6.15,114.25,134.49,0.001,0.001,NOMINAL,-0.63
95,191,125,124.37,4.34,117.24,131.51,0.001,0.001,NOMINAL,-0.63
95,192,125,123.78,6.36,113.32,134.23,0.001,0.001,NOMINAL,-1.22
95,193,125,123.78,6.45,113.16,134.39,0.001,0.001,NOMINAL,-1.22
95,194,125,123.78,6.45,113.16,134.39,0.001,0.001,NOMINAL,-1.22
95,195,125,123.78,7.22,111.9,135.66,0.001,0.001,NOMINAL,-1.22
95,196,125,123.44,7.43,111.21,135.67,0.001,0.001,NOMINAL,-1.56
95,197,125,122.08,7.52,109.72,134.45,0.001,0.001,NOMINAL,-2.92
95,198,125,120.12,9.58,104.36,135.88,0.001,0.001,NOMINAL,-4.88
95,199,125,120.63,9.55,104.93,136.33,0.001,0.001,NOMINAL,-4.37
95,200,125,111.94,10.86,94.08,129.79,0.001,0.001,NOMINAL,-13.06
95,201,125,109.48,11.43,90.68,128.28,0.001,0.001,NOMINAL,-15.52
95,202,125,111.94,11.0,93.85,130.03,0.001,0.001,NOMINAL,-13.06
95,203,125,111.31,12.4,90.91,131.71,0.001,0.001,NOMINAL,-13.69
95,204,125,113.45,9.47,97.87,129.03,0.001,0.001,NOMINAL,-11.55
95,205,125,111.25,11.05,93.08,129.42,0.001,0.001,NOMINAL,-13.75
95,206,125,110.1,11.05,91.93,128.28,0.001,0.001,NOMINAL,-14.9
95,207,125,113.67,9.47,98.09,129.25,0.001,0.001,NOMINAL,-11.33
95,208,125,111.52,11.05,93.35,129.7,0.001,0.001,NOMINAL,-13.48
95,209,125,109.8,11.55,90.8,128.8,0.001,0.001,NOMINAL,-15.2
95,210,125,111.52,11.0,93.43,129.61,0.001,0.001,NOMINAL,-13.48
95,211,125,105.34,10.98,87.29,123.4,0.001,0.001,NOMINAL,-19.66
95,212,125,102.28,10.98,84.22,120.33,0.001,0.0011,NOMINAL,-22.72
95,213,125,102.04,11.43,83.24,120.84,0.001,0.0011,NOMINAL,-22.96
96,52,125,116.5,11.23,98.02,134.97,0.001,0.001,NOMINAL,-8.5
96,53,125,117.0,11.35,98.33,135.67,0.001,0.001,NOMINAL,-8.0
96,54,125,120.6,9.38,105.17,136.02,0.001,0.001,NOMINAL,-4.4
96,55,125,116.83,11.35,98.16,135.5,0.001,0.001,NOMINAL,-8.17
96,56,125,116.87,11.41,98.1,135.63,0.001,0.001,NOMINAL,-8.13
96,57,125,115.96,11.48,97.08,134.83,0.001,0.001,NOMINAL,-9.04
96,58,125,117.94,11.48,99.07,136.82,0.001,0.001,NOMINAL,-7.06
96,59,125,116.92,11.58,97.87,135.98,0.001,0.001,NOMINAL,-8.08
96,60,125,113.11,12.52,92.52,133.71,0.001,0.001,NOMINAL,-11.89
96,61,125,119.44,12.6,98.71,140.17,0.001,0.001,NOMINAL,-5.56
96,62,125,118.87,12.57,98.2,139.55,0.001,0.001,NOMINAL,-6.13
96,63,125,119.87,12.45,99.4,140.34,0.001,0.001,NOMINAL,-5.13
96,64,125,114.53,12.52,93.94,135.13,0.001,0.001,NOMINAL,-10.47
96,65,125,117.85,12.52,97.25,138.44,0.001,0.001,NOMINAL,-7.15
96,66,125,118.24,12.62,97.49,139.0,0.001,0.001,NOMINAL,-6.76
96,67,125,119.18,11.33,100.55,137.81,0.001,0.001,NOMINAL,-5.82
96,68,125,119.18,11.21,100.73,137.62,0.001,0.001,NOMINAL,-5.82
96,69,125,120.18,11.21,101.73,138.62,0.001,0.001,NOMINAL,-4.82
96,70,125,119.37,11.17,100.99,137.75,0.001,0.001,NOMINAL,-5.63
96,71,125,120.01,11.48,101.13,138.88,0.001,0.001,NOMINAL,-4.99
96,72,125,115.84,12.62,95.09,136.6,0.001,0.001,NOMINAL,-9.16
96,73,125,119.36,11.53,100.4,138.31,0.001,0.001,NOMINAL,-5.64
96,74,125,118.09,12.67,97.26,138.92,0.001,0.001,NOMINAL,-6.91
96,75,125,115.92,12.52,95.32,136.51,0.001,0.001,NOMINAL,-9.08
96,76,125,114.95,12.52,94.36,135.55,0.001,0.001,NOMINAL,-10.05
96,77,125,114.74,12.52,94.15,135.33,0.001,0.001,NOMINAL,-10.26
96,78,125,114.69,12.52,94.09,135.28,0.001,0.001,NOMINAL,-10.31
96,79,125,115.14,12.52,94.55,135.74,0.001,0.001,NOMINAL,-9.86
96,80,125,114.32,12.52,93.72,134.91,0.001,0.001,NOMINAL,-10.68
96,81,125,115.48,12.57,94.81,136.16,0.001,0.001,NOMINAL,-9.52
96,82,125,118.84,10.44,101.67,136.02,0.001,0.001,NOMINAL,-6.16
96,83,125,118.93,9.55,103.22,134.63,0.001,0.001,NOMINAL,-6.07
96,84,125,121.19,9.21,106.05,136.33,0.001,0.001,NOMINAL,-3.81
96,85,125,121.59,7.17,109.79,133.39,0.001,0.001,NOMINAL,-3.41
96,86,125,121.38,8.25,107.81,134.95,0.001,0.001,NOMINAL,-3.62
96,87,125,122.68,4.37,115.49,129.86,0.001,0.001,NOMINAL,-2.32
96,88,125,121.38,8.25,107.81,134.95,0.001,0.001,NOMINAL,-3.62
96,89,125,122.05,7.29,110.05,134.05,0.001,0.001,NOMINAL,-2.95
96,90,125,121.84,11.1,103.59,140.1,0.001,0.001,NOMINAL,-3.16
96,91,125,122.05,9.47,106.47,137.63,0.001,0.001,NOMINAL,-2.95
96,92,125,123.97,3.88,117.6,130.35,0.001,0.001,NOMINAL,-1.03
96,93,125,122.05,7.16,110.27,133.83,0.001,0.001,NOMINAL,-2.95
96,94,125,123.33,3.88,116.95,129.71,0.001,0.001,NOMINAL,-1.67
96,95,125,123.32,3.88,116.94,129.69,0.001,0.001,NOMINAL,-1.68
96,96,125,123.52,3.88,117.15,129.9,0.001,0.001,NOMINAL,-1.48
96,97,125,123.97,3.19,118.73,129.22,0.001,0.001,NOMINAL,-1.03
96,98,125,123.97,3.19,118.73,129.22,0.001,0.001,NOMINAL,-1.03
96,99,125,123.97,3.19,118.73,129.22,0.001,0.001,NOMINAL,-1.03
96,100,125,123.97,3.19,118.73,129.22,0.001,0.001,NOMINAL,-1.03
96,101,125,123.97,3.19,118.73,129.22,0.001,0.001,NOMINAL,-1.03
96,102,125,124.07,2.77,119.52,128.62,0.001,0.001,NOMINAL,-0.93
96,103,125,124.07,3.12,118.94,129.2,0.001,0.001,NOMINAL,-0.93
96,104,125,124.21,3.12,119.08,129.35,0.001,0.001,NOMINAL,-0.79
96,105,125,123.97,3.12,118.84,129.11,0.001,0.001,NOMINAL,-1.03
96,106,125,124.21,3.12,119.08,129.35,0.001,0.001,NOMINAL,-0.79
96,107,125,124.12,3.12,118.98,129.25,0.001,0.001,NOMINAL,-0.88
96,108,125,124.07,3.12,118.94,129.2,0.001,0.001,NOMINAL,-0.93
96,109,125,124.12,3.12,118.98,129.25,0.001,0.001,NOMINAL,-0.88
96,110,125,124.12,3.12,118.98,129.25,0.001,0.001,NOMINAL,-0.88
96,111,125,124.12,3.12,118.98,129.25,0.001,0.001,NOMINAL,-0.88
96,112,125,124.37,3.12,119.24,129.51,0.001,0.001,NOMINAL,-0.63
96,113,125,124.47,3.12,119.34,129.6,0.001,0.001,NOMINAL,-0.53
96,114,125,124.37,3.12,119.24,129.51,0.001,0.001,NOMINAL,-0.63
96,115,125,124.47,3.12,119.34,129.6,0.001,0.001,NOMINAL,-0.53
96,116,125,124.47,3.12,119.34,129.6,0.001,0.001,NOMINAL,-0.53
96,117,125,124.47,3.12,119.34,129.6,0.001,0.001,NOMINAL,-0.53
96,118,125,124.47,3.12,119.34,129.6,0.001,0.001,NOMINAL,-0.53
96,119,125,124.37,3.12,119.24,129.51,0.001,0.001,NOMINAL,-0.63
96,120,125,124.37,3.12,119.24,129.51,0.001,0.001,NOMINAL,-0.63
96,121,125,124.37,3.12,119.24,129.51,0.001,0.001,NOMINAL,-0.63
96,122,125,124.37,3.12,119.24,129.51,0.001,0.001,NOMINAL,-0.63
96,123,125,124.37,3.12,119.24,129.51,0.001,0.001,NOMINAL,-0.63
96,124,125,124.37,3.12,119.24,129.51,0.001,0.001,NOMINAL,-0.63
96,125,125,124.47,3.12,119.34,129.6,0.001,0.001,NOMINAL,-0.53
96,126,125,124.37,3.12,119.24,129.51,0.001,0.001,NOMINAL,-0.63
96,127,125,124.18,3.49,118.43,129.93,0.001,0.001,NOMINAL,-0.82
96,128,125,124.37,3.38,118.81,129.94,0.001,0.001,NOMINAL,-0.63
96,129,125,124.37,3.38,118.81,129.94,0.001,0.001,NOMINAL,-0.63
96,130,125,124.37,3.38,118.81,129.94,0.001,0.001,NOMINAL,-0.63
96,131,125,124.37,4.89,116.33,132.42,0.001,0.001,NOMINAL,-0.63
96,132,125,124.37,3.12,119.24,129.51,0.001,0.001,NOMINAL,-0.63
96,133,125,124.37,3.38,118.81,129.94,0.001,0.001,NOMINAL,-0.63
96,134,125,124.37,3.12,119.24,129.51,0.001,0.001,NOMINAL,-0.63
96,135,125,124.37,3.38,118.81,129.94,0.001,0.001,NOMINAL,-0.63
96,136,125,124.37,3.38,118.81,129.94,0.001,0.001,NOMINAL,-0.63
96,137,125,124.37,3.38,118.81,129.94,0.001,0.001,NOMINAL,-0.63
96,138,125,124.37,3.12,119.24,129.51,0.001,0.001,NOMINAL,-0.63
96,139,125,124.37,3.12,119.24,129.51,0.001,0.001,NOMINAL,-0.63
96,140,125,124.37,3.12,119.24,129.51,0.001,0.001,NOMINAL,-0.63
96,141,125,124.37,3.12,119.24,129.51,0.001,0.001,NOMINAL,-0.63
96,142,125,124.37,3.12,119.24,129.51,0.001,0.001,NOMINAL,-0.63
96,143,125,124.37,2.77,119.82,128.93,0.001,0.001,NOMINAL,-0.63
96,144,125,124.37,3.12,119.24,129.51,0.001,0.001,NOMINAL,-0.63
96,145,125,124.37,3.12,119.24,129.51,0.001,0.001,NOMINAL,-0.63
96,146,125,124.37,3.12,119.24,129.51,0.001,0.001,NOMINAL,-0.63
96,147,125,124.37,3.12,119.24,129.51,0.001,0.001,NOMINAL,-0.63
96,148,125,124.08,3.49,118.33,129.82,0.001,0.001,NOMINAL,-0.92
96,149,125,124.08,3.49,118.33,129.82,0.001,0.001,NOMINAL,-0.92
96,150,125,123.54,5.05,115.23,131.85,0.001,0.001,NOMINAL,-1.46
96,151,125,124.37,4.89,116.33,132.42,0.001,0.001,NOMINAL,-0.63
96,152,125,123.54,7.3,111.53,135.54,0.001,0.001,NOMINAL,-1.46
96,153,125,123.58,7.3,111.58,135.59,0.001,0.001,NOMINAL,-1.42
96,154,125,124.37,6.94,112.96,135.78,0.001,0.001,NOMINAL,-0.63
96,155,125,124.24,7.17,112.45,136.02,0.001,0.001,NOMINAL,-0.76
96,156,125,123.14,7.51,110.78,135.5,0.001,0.001,NOMINAL,-1.86
96,157,125,124.37,6.94,112.96,135.78,0.001,0.001,NOMINAL,-0.63
96,158,125,124.37,3.12,119.24,129.51,0.001,0.001,NOMINAL,-0.63
96,159,125,124.47,3.12,119.34,129.6,0.001,0.001,NOMINAL,-0.53
96,160,125,124.47,3.12,119.34,129.6,0.001,0.001,NOMINAL,-0.53
96,161,125,124.37,3.38,118.81,129.94,0.001,0.001,NOMINAL,-0.63
96,162,125,124.18,3.38,118.62,129.74,0.001,0.001,NOMINAL,-0.82
96,163,125,124.37,3.38,118.81,129.94,0.001,0.001,NOMINAL,-0.63
96,164,125,124.37,3.12,119.24,129.51,0.001,0.001,NOMINAL,-0.63
96,165,125,124.37,3.38,118.81,129.94,0.001,0.001,NOMINAL,-0.63
96,166,125,124.37,3.38,118.81,129.94,0.001,0.001,NOMINAL,-0.63
96,167,125,124.37,3.38,118.81,129.94,0.001,0.001,NOMINAL,-0.63
96,168,125,124.37,3.38,118.81,129.94,0.001,0.001,NOMINAL,-0.63
96,169,125,124.37,3.12,119.24,129.51,0.001,0.001,NOMINAL,-0.63
96,170,125,124.37,3.12,119.24,129.51,0.001,0.001,NOMINAL,-0.63
96,171,125,124.37,3.12,119.24,129.51,0.001,0.001,NOMINAL,-0.63
96,172,125,124.37,3.12,119.24,129.51,0.001,0.001,NOMINAL,-0.63
96,173,125,124.37,3.12,119.24,129.51,0.001,0.001,NOMINAL,-0.63
96,174,125,124.37,3.12,119.24,129.51,0.001,0.001,NOMINAL,-0.63
96,175,125,124.37,3.12,119.24,129.51,0.001,0.001,NOMINAL,-0.63
96,176,125,124.37,3.12,119.24,129.51,0.001,0.001,NOMINAL,-0.63
96,177,125,124.47,3.12,119.34,129.6,0.001,0.001,NOMINAL,-0.53
96,178,125,124.47,3.12,119.34,129.6,0.001,0.001,NOMINAL,-0.53
96,179,125,124.47,3.12,119.34,129.6,0.001,0.001,NOMINAL,-0.53
96,180,125,124.47,3.12,119.34,129.6,0.001,0.001,NOMINAL,-0.53
96,181,125,124.47,3.12,119.34,129.6,0.001,0.001,NOMINAL,-0.53
96,182,125,124.47,3.12,119.34,129.6,0.001,0.001,NOMINAL,-0.53
96,183,125,124.47,3.12,119.34,129.6,0.001,0.001,NOMINAL,-0.53
96,184,125,124.47,3.12,119.34,129.6,0.001,0.001,NOMINAL,-0.53
96,185,125,124.47,3.12,119.34,129.6,0.001,0.001,NOMINAL,-0.53
96,186,125,124.47,3.12,119.34,129.6,0.001,0.001,NOMINAL,-0.53
96,187,125,124.47,3.12,119.34,129.6,0.001,0.001,NOMINAL,-0.53
96,188,125,124.47,3.12,119.34,129.6,0.001,0.001,NOMINAL,-0.53
96,189,125,124.47,3.12,119.34,129.6,0.001,0.001,NOMINAL,-0.53
96,190,125,124.47,3.12,119.34,129.6,0.001,0.001,NOMINAL,-0.53
96,191,125,124.47,2.77,119.92,129.02,0.001,0.001,NOMINAL,-0.53
96,192,125,124.47,3.12,119.34,129.6,0.001,0.001,NOMINAL,-0.53
96,193,125,124.47,3.12,119.34,129.6,0.001,0.001,NOMINAL,-0.53
96,194,125,124.47,3.12,119.34,129.6,0.001,0.001,NOMINAL,-0.53
96,195,125,124.47,3.12,119.34,129.6,0.001,0.001,NOMINAL,-0.53
96,196,125,124.47,3.12,119.34,129.6,0.001,0.001,NOMINAL,-0.53
96,197,125,124.47,3.12,119.34,129.6,0.001,0.001,NOMINAL,-0.53
96,198,125,124.37,3.12,119.24,129.51,0.001,0.001,NOMINAL,-0.63
96,199,125,124.37,3.12,119.24,129.51,0.001,0.001,NOMINAL,-0.63
96,200,125,123.39,5.32,114.63,132.14,0.001,0.001,NOMINAL,-1.61
96,201,125,124.37,3.12,119.24,129.51,0.001,0.001,NOMINAL,-0.63
96,202,125,124.47,3.12,119.34,129.6,0.001,0.001,NOMINAL,-0.53
96,203,125,124.47,3.12,119.34,129.6,0.001,0.001,NOMINAL,-0.53
96,204,125,124.47,3.12,119.34,129.6,0.001,0.001,NOMINAL,-0.53
96,205,125,124.37,3.12,119.24,129.51,0.001,0.001,NOMINAL,-0.63
96,206,125,123.83,3.12,118.69,128.96,0.001,0.001,NOMINAL,-1.17
96,207,125,123.55,3.38,117.98,129.11,0.001,0.001,NOMINAL,-1.45
96,208,125,123.53,3.49,117.78,129.28,0.001,0.001,NOMINAL,-1.47
96,209,125,124.37,3.38,118.81,129.94,0.001,0.001,NOMINAL,-0.63
96,210,125,124.4,3.38,118.84,129.97,0.001,0.001,NOMINAL,-0.6
96,211,125,122.9,4.62,115.29,130.5,0.001,0.001,NOMINAL,-2.1
96,212,125,123.91,3.49,118.16,129.66,0.001,0.001,NOMINAL,-1.09
96,213,125,122.99,7.19,111.17,134.81,0.001,0.001,NOMINAL,-2.01
96,214,125,123.58,7.3,111.57,135.59,0.001,0.001,NOMINAL,-1.42
96,215,125,123.27,7.17,111.48,135.06,0.001,0.001,NOMINAL,-1.73
96,216,125,122.15,8.41,108.31,135.99,0.001,0.001,NOMINAL,-2.85
96,217,125,123.68,7.3,111.67,135.68,0.001,0.001,NOMINAL,-1.32
96,218,125,122.87,8.24,109.31,136.42,0.001,0.001,NOMINAL,-2.13
96,219,125,124.37,6.94,112.96,135.78,0.001,0.001,NOMINAL,-0.63
96,220,125,123.92,6.94,112.51,135.33,0.001,0.001,NOMINAL,-1.08
96,221,125,122.31,7.3,110.3,134.31,0.001,0.001,NOMINAL,-2.69
96,222,125,123.97,6.94,112.56,135.38,0.001,0.001,NOMINAL,-1.03
96,223,125,123.66,4.89,115.61,131.7,0.001,0.001,NOMINAL,-1.34
96,224,125,124.11,4.89,116.06,132.16,0.001,0.001,NOMINAL,-0.89
96,225,125,124.37,3.12,119.24,129.51,0.001,0.001,NOMINAL,-0.63
96,226,125,124.37,3.12,119.24,129.51,0.001,0.001,NOMINAL,-0.63
96,227,125,124.47,3.12,119.34,129.6,0.001,0.001,NOMINAL,-0.53
96,228,125,123.97,3.12,118.84,129.11,0.001,0.001,NOMINAL,-1.03
96,229,125,124.31,3.12,119.17,129.44,0.001,0.001,NOMINAL,-0.69
96,230,125,123.66,3.12,118.52,128.79,0.001,0.001,NOMINAL,-1.34
96,231,125,124.37,3.12,119.24,129.51,0.001,0.001,NOMINAL,-0.63
96,232,125,123.32,3.12,118.19,128.45,0.001,0.001,NOMINAL,-1.68
96,233,125,123.66,3.12,118.52,128.79,0.001,0.001,NOMINAL,-1.34
96,234,125,123.55,3.12,118.42,128.68,0.001,0.001,NOMINAL,-1.45
96,235,125,123.66,3.12,118.52,128.79,0.001,0.001,NOMINAL,-1.34
96,236,125,123.32,3.12,118.19,128.45,0.001,0.001,NOMINAL,-1.68
96,237,125,123.69,3.12,118.55,128.82,0.001,0.001,NOMINAL,-1.31
96,238,125,123.35,3.52,117.56,129.14,0.001,0.001,NOMINAL,-1.65
96,239,125,124.14,3.12,119.01,129.27,0.001,0.001,NOMINAL,-0.86
96,240,125,124.5,3.12,119.37,129.63,0.001,0.001,NOMINAL,-0.5
96,241,125,123.69,3.12,118.55,128.82,0.001,0.001,NOMINAL,-1.31
96,242,125,123.35,3.45,117.68,129.02,0.001,0.001,NOMINAL,-1.65
96,243,125,123.35,3.12,118.22,128.48,0.001,0.001,NOMINAL,-1.65
96,244,125,124.4,3.12,119.27,129.54,0.001,0.001,NOMINAL,-0.6
96,245,125,124.4,3.12,119.27,129.54,0.001,0.001,NOMINAL,-0.6
96,246,125,124.47,3.12,119.34,129.6,0.001,0.001,NOMINAL,-0.53
96,247,125,124.47,3.12,119.34,129.6,0.001,0.001,NOMINAL,-0.53
96,248,125,124.5,3.12,119.37,129.63,0.001,0.001,NOMINAL,-0.5
96,249,125,124.5,3.12,119.37,129.63,0.001,0.001,NOMINAL,-0.5
96,250,125,124.5,3.12,119.37,129.63,0.001,0.001,NOMINAL,-0.5
96,251,125,124.5,3.12,119.37,129.63,0.001,0.001,NOMINAL,-0.5
96,252,125,124.5,3.12,119.37,129.63,0.001,0.001,NOMINAL,-0.5
96,253,125,124.5,3.12,119.37,129.63,0.001,0.001,NOMINAL,-0.5
96,254,125,124.5,3.12,119.37,129.63,0.001,0.001,NOMINAL,-0.5
96,255,125,124.5,3.12,119.37,129.63,0.001,0.001,NOMINAL,-0.5
96,256,125,124.5,3.12,119.37,129.63,0.001,0.001,NOMINAL,-0.5
96,257,125,124.5,3.12,119.37,129.63,0.001,0.001,NOMINAL,-0.5
96,258,125,124.5,3.12,119.37,129.63,0.001,0.001,NOMINAL,-0.5
96,259,125,124.5,3.12,119.37,129.63,0.001,0.001,NOMINAL,-0.5
96,260,125,124.5,3.12,119.37,129.63,0.001,0.001,NOMINAL,-0.5
96,261,125,124.21,3.12,119.08,129.34,0.001,0.001,NOMINAL,-0.79
96,262,125,124.21,3.12,119.08,129.34,0.001,0.001,NOMINAL,-0.79
96,263,125,124.21,3.12,119.08,129.34,0.001,0.001,NOMINAL,-0.79
96,264,125,124.21,3.12,119.08,129.34,0.001,0.001,NOMINAL,-0.79
96,265,125,123.83,3.12,118.69,128.96,0.001,0.001,NOMINAL,-1.17
96,266,125,124.5,3.12,119.37,129.63,0.001,0.001,NOMINAL,-0.5
96,267,125,123.83,3.12,118.69,128.96,0.001,0.001,NOMINAL,-1.17
96,268,125,124.21,3.12,119.08,129.34,0.001,0.001,NOMINAL,-0.79
96,269,125,123.69,3.12,118.55,128.82,0.001,0.001,NOMINAL,-1.31
96,270,125,123.69,3.12,118.55,128.82,0.001,0.001,NOMINAL,-1.31
96,271,125,123.57,3.38,118.01,129.13,0.001,0.001,NOMINAL,-1.43
96,272,125,123.91,3.12,118.77,129.04,0.001,0.001,NOMINAL,-1.09
96,273,125,123.83,3.12,118.69,128.96,0.001,0.001,NOMINAL,-1.17
96,274,125,123.83,3.12,118.69,128.96,0.001,0.001,NOMINAL,-1.17
96,275,125,123.69,3.12,118.55,128.82,0.001,0.001,NOMINAL,-1.31
96,276,125,123.5,4.57,115.98,131.02,0.001,0.001,NOMINAL,-1.5
96,277,125,123.69,3.12,118.55,128.82,0.001,0.001,NOMINAL,-1.31
96,278,125,123.5,4.57,115.98,131.02,0.001,0.001,NOMINAL,-1.5
96,279,125,122.02,9.64,106.16,137.87,0.001,0.001,NOMINAL,-2.98
96,280,125,122.02,9.64,106.16,137.87,0.001,0.001,NOMINAL,-2.98
96,281,125,122.02,8.68,107.74,136.29,0.001,0.001,NOMINAL,-2.98
96,282,125,122.93,6.92,111.55,134.31,0.001,0.001,NOMINAL,-2.07
96,283,125,123.57,3.38,118.01,129.13,0.001,0.001,NOMINAL,-1.43
96,284,125,124.21,3.12,119.08,129.34,0.001,0.001,NOMINAL,-0.79
96,285,125,123.8,3.12,118.67,128.94,0.001,0.001,NOMINAL,-1.2
96,286,125,123.91,3.12,118.77,129.04,0.001,0.001,NOMINAL,-1.09
96,287,125,123.35,6.92,111.97,134.73,0.001,0.001,NOMINAL,-1.65
96,288,125,123.57,4.47,116.21,130.93,0.001,0.001,NOMINAL,-1.43
96,289,125,123.31,8.53,109.28,137.33,0.001,0.001,NOMINAL,-1.69
96,290,125,122.47,8.76,108.06,136.89,0.001,0.001,NOMINAL,-2.53
96,291,125,119.64,9.75,103.61,135.68,0.001,0.001,NOMINAL,-5.36
96,292,125,120.89,9.75,104.85,136.93,0.001,0.001,NOMINAL,-4.11
96,293,125,121.12,9.86,104.9,137.34,0.001,0.001,NOMINAL,-3.88
96,294,125,120.65,10.8,102.88,138.42,0.001,0.001,NOMINAL,-4.35
96,295,125,121.41,9.68,105.5,137.33,0.001,0.001,NOMINAL,-3.59
96,296,125,121.28,9.68,105.37,137.2,0.001,0.001,NOMINAL,-3.72
96,297,125,121.36,9.68,105.45,137.27,0.001,0.001,NOMINAL,-3.64
96,298,125,121.5,9.68,105.58,137.41,0.001,0.001,NOMINAL,-3.5
96,299,125,121.57,9.68,105.66,137.48,0.001,0.001,NOMINAL,-3.43
96,300,125,121.05,9.71,105.08,137.02,0.001,0.001,NOMINAL,-3.95
96,301,125,120.01,9.75,103.97,136.05,0.001,0.001,NOMINAL,-4.99
96,302,125,120.01,10.94,102.01,138.0,0.001,0.001,NOMINAL,-4.99
96,303,125,121.28,9.68,105.37,137.2,0.001,0.001,NOMINAL,-3.72
96,304,125,121.62,9.68,105.71,137.53,0.001,0.001,NOMINAL,-3.38
96,305,125,121.57,9.68,105.66,137.48,0.001,0.001,NOMINAL,-3.43
96,306,125,119.46,9.96,103.07,135.84,0.001,0.001,NOMINAL,-5.54
96,307,125,114.39,12.4,93.99,134.79,0.001,0.001,NOMINAL,-10.61
96,308,125,118.77,10.68,101.2,136.34,0.001,0.001,NOMINAL,-6.23
96,309,125,117.54,10.63,100.05,135.03,0.001,0.001,NOMINAL,-7.46
96,310,125,120.15,10.66,102.62,137.68,0.001,0.001,NOMINAL,-4.85
96,311,125,121.17,9.72,105.19,137.16,0.001,0.001,NOMINAL,-3.83
96,312,125,121.91,9.68,105.99,137.82,0.001,0.001,NOMINAL,-3.09
96,313,125,121.55,9.68,105.63,137.46,0.001,0.001,NOMINAL,-3.45
96,314,125,121.46,9.68,105.55,137.38,0.001,0.001,NOMINAL,-3.54
96,315,125,121.62,9.68,105.71,137.53,0.001,0.001,NOMINAL,-3.38
96,316,125,122.04,9.62,106.22,137.87,0.001,0.001,NOMINAL,-2.96
96,317,125,121.81,8.4,108.0,135.62,0.001,0.001,NOMINAL,-3.19
96,318,125,122.49,7.04,110.9,134.07,0.001,0.001,NOMINAL,-2.51
96,319,125,122.21,8.1,108.88,135.53,0.001,0.001,NOMINAL,-2.79
96,320,125,121.81,8.4,108.0,135.62,0.001,0.001,NOMINAL,-3.19
96,321,125,121.62,8.42,107.76,135.48,0.001,0.001,NOMINAL,-3.38
96,322,125,120.25,9.71,104.28,136.22,0.001,0.001,NOMINAL,-4.75
96,323,125,121.62,9.62,105.8,137.44,0.001,0.001,NOMINAL,-3.38
96,324,125,121.41,9.68,105.5,137.33,0.001,0.001,NOMINAL,-3.59
96,325,125,121.85,9.62,106.03,137.68,0.001,0.001,NOMINAL,-3.15
96,326,125,121.62,9.43,106.11,137.13,0.001,0.001,NOMINAL,-3.38
96,327,125,121.46,9.68,105.55,137.38,0.001,0.001,NOMINAL,-3.54
96,328,125,121.55,9.68,105.63,137.46,0.001,0.001,NOMINAL,-3.45
96,329,125,121.62,9.43,106.11,137.13,0.001,0.001,NOMINAL,-3.38
96,330,125,122.09,8.24,108.53,135.65,0.001,0.001,NOMINAL,-2.91
96,331,125,122.04,8.24,108.49,135.6,0.001,0.001,NOMINAL,-2.96
96,332,125,122.21,11.09,103.97,140.44,0.001,0.001,NOMINAL,-2.79
96,333,125,121.81,11.09,103.57,140.05,0.001,0.001,NOMINAL,-3.19
96,334,125,122.21,11.09,103.97,140.44,0.001,0.001,NOMINAL,-2.79
96,335,125,122.64,10.9,104.72,140.56,0.001,0.001,NOMINAL,-2.36
96,336,125,121.81,11.09,103.57,140.05,0.001,0.001,NOMINAL,-3.19
96,337,125,119.75,9.57,104.01,135.49,0.001,0.001,NOMINAL,-5.25
96,338,125,120.3,9.71,104.33,136.27,0.001,0.001,NOMINAL,-4.7
96,339,125,120.92,9.71,104.95,136.88,0.001,0.001,NOMINAL,-4.08
96,340,125,119.32,10.01,102.86,135.77,0.001,0.001,NOMINAL,-5.68
96,341,125,121.17,9.69,105.24,137.1,0.001,0.001,NOMINAL,-3.83
96,342,125,120.01,9.87,103.77,136.25,0.001,0.001,NOMINAL,-4.99
96,343,125,121.41,9.68,105.5,137.33,0.001,0.001,NOMINAL,-3.59
96,344,125,121.7,9.68,105.78,137.61,0.001,0.001,NOMINAL,-3.3
96,345,125,120.86,9.68,104.94,136.77,0.001,0.001,NOMINAL,-4.14
96,346,125,121.41,9.68,105.5,137.33,0.001,0.001,NOMINAL,-3.59
96,347,124,121.3,9.68,105.39,137.21,0.001,0.001,NOMINAL,-2.7
96,348,123,120.75,9.82,104.6,136.91,0.001,0.001,NOMINAL,-2.25
96,349,122,121.17,9.68,105.26,137.09,0.001,0.001,NOMINAL,-0.83
96,350,121,121.22,9.68,105.31,137.14,0.001,0.001,NOMINAL,0.22
96,351,120,117.44,11.97,97.75,137.13,0.001,0.001,NOMINAL,-2.56
96,352,119,116.51,12.5,95.95,137.06,0.001,0.001,NOMINAL,-2.49
96,353,118,115.67,12.4,95.27,136.07,0.001,0.001,NOMINAL,-2.33
96,354,117,115.67,12.4,95.27,136.07,0.001,0.001,NOMINAL,-1.33
96,355,116,112.99,12.33,92.71,133.28,0.001,0.001,NOMINAL,-3.01
96,356,115,112.75,12.12,92.82,132.68,0.001,0.001,NOMINAL,-2.25
96,357,114,107.68,12.24,87.54,127.81,0.001,0.0011,NOMINAL,-6.32
96,358,113,104.59,12.25,84.44,124.75,0.001,0.0012,NOMINAL,-8.41
97,52,125,123.97,5.68,114.64,133.31,0.001,0.001,NOMINAL,-1.03
97,53,125,123.97,5.76,114.49,133.45,0.001,0.001,NOMINAL,-1.03
97,54,125,123.52,6.99,112.01,135.02,0.001,0.001,NOMINAL,-1.48
97,55,125,122.57,9.0,107.77,137.37,0.001,0.001,NOMINAL,-2.43
97,56,125,120.18,9.05,105.29,135.06,0.001,0.001,NOMINAL,-4.82
97,57,125,118.6,11.1,100.34,136.87,0.001,0.001,NOMINAL,-6.4
97,58,125,120.93,7.83,108.04,133.81,0.001,0.001,NOMINAL,-4.07
97,59,125,119.29,11.09,101.05,137.53,0.001,0.001,NOMINAL,-5.71
97,60,125,118.69,11.09,100.45,136.94,0.001,0.001,NOMINAL,-6.31
97,61,125,118.56,11.09,100.32,136.81,0.001,0.001,NOMINAL,-6.44
97,62,125,118.69,11.15,100.35,137.02,0.001,0.001,NOMINAL,-6.31
97,63,125,119.6,9.64,103.74,135.46,0.001,0.001,NOMINAL,-5.4
97,64,125,116.42,11.1,98.15,134.68,0.001,0.001,NOMINAL,-8.58
97,65,125,115.5,11.1,97.23,133.76,0.001,0.001,NOMINAL,-9.5
97,66,125,115.05,11.1,96.78,133.31,0.001,0.001,NOMINAL,-9.95
97,67,125,109.76,11.1,91.5,128.03,0.001,0.001,NOMINAL,-15.24
97,68,125,110.39,11.1,92.13,128.65,0.001,0.001,NOMINAL,-14.61
97,69,125,107.04,12.02,87.26,126.82,0.001,0.0011,NOMINAL,-17.96
97,70,125,107.88,12.02,88.1,127.66,0.001,0.001,NOMINAL,-17.12
97,71,125,106.61,12.02,86.83,126.39,0.001,0.0011,NOMINAL,-18.39
97,72,125,106.35,11.9,86.77,125.93,0.001,0.0011,NOMINAL,-18.65
97,73,125,103.46,11.03,85.31,121.61,0.001,0.001,NOMINAL,-21.54
97,74,125,98.22,11.03,80.07,116.37,0.001,0.0013,NOMINAL,-26.78
97,75,125,94.05,10.85,76.2,111.91,0.001,0.0021,NOMINAL,-30.95
97,76,125,99.34,11.9,79.76,118.92,0.001,0.0018,NOMINAL,-25.66
97,77,125,99.65,12.02,79.88,119.43,0.001,0.0018,NOMINAL,-25.35
97,78,125,101.93,12.02,82.16,121.71,0.001,0.0014,NOMINAL,-23.07
97,79,125,97.08,12.02,77.3,116.86,0.001,0.003,NOMINAL,-27.92
97,80,125,102.43,12.02,82.65,122.2,0.001,0.0013,NOMINAL,-22.57
97,81,125,110.14,12.02,90.37,129.92,0.001,0.001,NOMINAL,-14.86
97,82,125,114.4,11.1,96.14,132.67,0.001,0.001,NOMINAL,-10.6
97,83,125,114.4,11.1,96.14,132.67,0.001,0.001,NOMINAL,-10.6
97,84,125,116.92,11.1,98.66,135.19,0.001,0.001,NOMINAL,-8.08
97,85,125,117.66,11.1,99.39,135.92,0.001,0.001,NOMINAL,-7.34
97,86,125,117.82,11.1,99.55,136.08,0.001,0.001,NOMINAL,-7.18
97,87,125,118.4,11.1,100.14,136.67,0.001,0.001,NOMINAL,-6.6
97,88,125,117.37,11.1,99.11,135.63,0.001,0.001,NOMINAL,-7.63
97,89,125,119.0,11.1,100.73,137.26,0.001,0.001,NOMINAL,-6.0
97,90,125,119.82,11.15,101.49,138.16,0.001,0.001,NOMINAL,-5.18
97,91,125,119.82,10.74,102.16,137.48,0.001,0.001,NOMINAL,-5.18
97,92,125,122.25,8.49,108.29,136.21,0.001,0.001,NOMINAL,-2.75
97,93,125,123.52,7.14,111.78,135.25,0.001,0.001,NOMINAL,-1.48
97,94,124,123.52,6.43,112.94,134.1,0.001,0.001,NOMINAL,-0.48
97,95,123,123.97,6.25,113.7,134.25,0.001,0.001,NOMINAL,0.97
98,52,125,116.34,13.43,94.25,138.42,0.001,0.001,NOMINAL,-8.66
98,53,125,116.56,10.5,99.3,133.82,0.001,0.001,NOMINAL,-8.44
98,54,125,116.54,13.63,94.11,138.97,0.001,0.001,NOMINAL,-8.46
98,55,125,117.12,10.5,99.86,134.38,0.001,0.001,NOMINAL,-7.88
98,56,125,121.01,10.31,104.06,137.97,0.001,0.001,NOMINAL,-3.99
98,57,125,117.49,11.39,98.76,136.22,0.001,0.001,NOMINAL,-7.51
98,58,125,121.03,11.34,102.39,139.68,0.001,0.001,NOMINAL,-3.97
98,59,125,118.55,12.67,97.71,139.38,0.001,0.001,NOMINAL,-6.45
98,60,125,120.92,12.45,100.45,141.39,0.001,0.001,NOMINAL,-4.08
98,61,125,122.55,11.39,103.82,141.28,0.001,0.001,NOMINAL,-2.45
98,62,125,120.67,12.67,99.84,141.5,0.001,0.001,NOMINAL,-4.33
98,63,125,122.44,12.45,101.96,142.92,0.001,0.001,NOMINAL,-2.56
98,64,125,120.89,12.57,100.22,141.56,0.001,0.001,NOMINAL,-4.11
98,65,125,119.2,12.52,98.61,139.8,0.001,0.001,NOMINAL,-5.8
98,66,125,115.59,12.52,94.99,136.18,0.001,0.001,NOMINAL,-9.41
98,67,125,107.17,12.52,86.58,127.77,0.001,0.0011,NOMINAL,-17.83
98,68,125,108.85,12.52,88.26,129.45,0.001,0.0011,NOMINAL,-16.15
98,69,125,116.5,12.52,95.9,137.09,0.001,0.001,NOMINAL,-8.5
98,70,125,117.85,12.52,97.25,138.44,0.001,0.001,NOMINAL,-7.15
98,71,125,118.09,12.52,97.5,138.69,0.001,0.001,NOMINAL,-6.91
98,72,125,114.21,12.52,93.61,134.8,0.001,0.001,NOMINAL,-10.79
98,73,125,114.31,12.52,93.71,134.9,0.001,0.001,NOMINAL,-10.69
98,74,125,105.18,12.43,84.74,125.62,0.001,0.0012,NOMINAL,-19.82
98,75,124,104.9,12.52,84.31,125.5,0.001,0.0013,NOMINAL,-19.1
98,76,123,110.83,12.52,90.24,131.42,0.001,0.001,NOMINAL,-12.17
98,77,122,118.0,12.52,97.41,138.6,0.001,0.001,NOMINAL,-4.0
98,78,121,117.68,12.52,97.09,138.28,0.001,0.001,NOMINAL,-3.32
98,79,120,110.12,12.52,89.53,130.72,0.001,0.001,NOMINAL,-9.88
98,80,119,109.41,12.52,88.82,130.01,0.001,0.0011,NOMINAL,-9.59
98,81,118,110.21,12.52,89.61,130.8,0.001,0.001,NOMINAL,-7.79
98,82,117,111.79,12.52,91.19,132.38,0.001,0.001,NOMINAL,-5.21
98,83,116,114.36,12.52,93.77,134.96,0.001,0.001,NOMINAL,-1.64
98,84,115,108.04,12.52,87.45,128.63,0.001,0.0011,NOMINAL,-6.96
98,85,114,108.79,12.52,88.2,129.38,0.001,0.0011,NOMINAL,-5.21
98,86,113,108.42,12.52,87.83,129.02,0.001,0.0011,NOMINAL,-4.58
98,87,112,107.96,12.52,87.36,128.55,0.001,0.0011,NOMINAL,-4.04
98,88,111,101.27,12.3,81.03,121.5,0.001,0.0017,NOMINAL,-9.73
98,89,110,101.61,12.3,81.37,121.84,0.001,0.0016,NOMINAL,-8.39
98,90,109,109.14,12.52,88.54,129.73,0.001,0.0011,NOMINAL,0.14
98,91,108,109.55,12.52,88.95,130.14,0.001,0.0011,NOMINAL,1.55
98,92,107,113.13,12.52,92.53,133.72,0.001,0.001,NOMINAL,6.13
98,93,106,114.91,12.52,94.31,135.5,0.001,0.001,NOMINAL,8.91
98,94,105,114.44,12.52,93.85,135.04,0.001,0.001,NOMINAL,9.44
98,95,104,110.4,12.52,89.8,130.99,0.001,0.001,NOMINAL,6.4
98,96,103,115.0,12.52,94.4,135.59,0.001,0.001,NOMINAL,12.0
98,97,102,114.18,12.52,93.59,134.78,0.001,0.001,NOMINAL,12.18
98,98,101,110.95,12.52,90.35,131.54,0.001,0.001,NOMINAL,9.95
98,99,100,104.16,12.36,83.83,124.49,0.001,0.0013,NOMINAL,4.16
98,100,99,98.23,11.73,78.93,117.53,0.001,0.0019,NOMINAL,-0.77
98,101,98,90.66,11.43,71.86,109.46,0.001,0.0093,NOMINAL,-7.34
98,102,97,107.31,11.73,88.02,126.61,0.001,0.001,NOMINAL,10.31
98,103,96,102.63,11.6,83.55,121.72,0.001,0.0011,NOMINAL,6.63
98,104,95,105.21,11.6,86.13,124.3,0.001,0.0011,NOMINAL,10.21
98,105,94,89.23,11.48,70.34,108.11,0.001,0.015,NOMINAL,-4.77
98,106,93,92.15,11.42,73.37,110.94,0.001,0.006,NOMINAL,-0.85
98,107,92,95.4,11.46,76.55,114.25,0.001,0.0027,NOMINAL,3.4
98,108,91,97.1,11.49,78.2,116.0,0.001,0.0019,NOMINAL,6.1
98,109,90,103.19,12.24,83.06,123.32,0.001,0.0013,NOMINAL,13.19
98,110,89,101.15,12.31,80.91,121.39,0.001,0.0017,NOMINAL,12.15
98,111,88,100.6,11.62,81.49,119.71,0.001,0.0013,NOMINAL,12.6
98,112,87,93.89,11.48,75.01,112.78,0.001,0.0039,NOMINAL,6.89
98,113,86,93.57,11.41,74.81,112.34,0.001,0.004,NOMINAL,7.57
98,114,85,91.79,11.41,73.02,110.55,0.001,0.0065,NOMINAL,6.79
98,115,84,92.89,11.47,74.03,111.76,0.001,0.0051,NOMINAL,8.89
98,116,83,95.92,11.38,77.2,114.63,0.001,0.0022,NOMINAL,12.92
98,117,82,94.83,11.42,76.05,113.61,0.001,0.0029,NOMINAL,12.83
98,118,81,84.57,11.46,65.72,103.41,0.001,0.0255,NOMINAL,3.57
98,119,80,77.97,10.45,60.79,95.15,0.001,0.0283,NOMINAL,-2.03
98,120,79,84.19,11.32,65.57,102.8,0.001,0.0255,NOMINAL,5.19
98,121,78,76.46,10.97,58.42,94.51,0.001,0.0344,NOMINAL,-1.54
98,122,77,84.82,11.28,66.27,103.38,0.001,0.0252,NOMINAL,7.82
98,123,76,82.54,11.19,64.13,100.94,0.001,0.026,NOMINAL,6.54
98,124,75,90.0,11.44,71.18,108.82,0.001,0.0114,NOMINAL,15.0
98,125,74,89.81,11.47,70.94,108.68,0.001,0.0125,NOMINAL,15.81
98,126,73,79.03,11.11,60.76,97.3,0.001,0.03,NOMINAL,6.03
98,127,72,74.87,10.74,57.2,92.54,0.001,0.0383,NOMINAL,2.87
98,128,71,77.98,11.2,59.56,96.4,0.001,0.0325,NOMINAL,6.98
98,129,70,81.52,11.26,63.0,100.04,0.001,0.0262,NOMINAL,11.52
98,130,69,70.5,9.62,54.67,86.33,0.001,0.0489,NOMINAL,1.5
98,131,68,64.93,9.62,49.1,80.76,0.0011,0.0924,NOMINAL,-3.07
98,132,67,65.02,9.6,49.24,80.81,0.0011,0.0907,NOMINAL,-1.98
98,133,66,65.02,9.6,49.24,80.81,0.0011,0.0907,NOMINAL,-0.98
98,134,65,61.96,9.8,45.84,78.08,0.0014,0.1287,NOMINAL,-3.04
98,135,64,60.32,6.39,49.81,70.82,0.001,0.087,NOMINAL,-3.68
98,136,63,58.82,8.77,44.39,73.24,0.0012,0.1726,NOMINAL,-4.18
98,137,62,60.47,8.73,46.11,74.83,0.0011,0.1302,NOMINAL,-1.53
98,138,61,57.53,6.05,47.58,67.47,0.001,0.1249,NOMINAL,-3.47
98,139,60,52.64,6.09,42.62,62.65,0.001,0.3843,NOMINAL,-7.36
98,140,59,50.48,5.52,41.4,59.57,0.001,0.5367,MONITOR,-8.52
98,141,58,52.08,5.84,42.47,61.69,0.001,0.4131,NOMINAL,-5.92
98,142,57,49.88,5.88,40.21,59.55,0.001,0.5854,MONITOR,-7.12
98,143,56,49.71,5.47,40.72,58.7,0.001,0.5996,MONITOR,-6.29
98,144,55,48.67,5.66,39.35,57.98,0.001,0.6641,MONITOR,-6.33
98,145,54,47.09,5.93,37.33,56.84,0.0011,0.7397,MONITOR,-6.91
98,146,53,47.53,5.97,37.71,57.35,0.0011,0.7173,MONITOR,-5.47
98,147,52,48.13,6.02,38.23,58.03,0.0011,0.6894,MONITOR,-3.87
98,148,51,47.15,6.15,37.03,57.27,0.0012,0.7308,MONITOR,-3.85
98,149,50,47.93,5.98,38.09,57.76,0.0011,0.6992,MONITOR,-2.07
98,150,49,47.53,6.22,37.3,57.76,0.0012,0.7117,MONITOR,-1.47
98,151,48,45.55,4.84,37.59,53.51,0.001,0.8435,WARNING,-2.45
98,152,47,44.58,4.87,36.57,52.59,0.001,0.8749,WARNING,-2.42
98,153,46,42.02,4.41,34.77,49.26,0.001,0.9501,WARNING,-3.98
98,154,45,43.61,4.78,35.76,51.47,0.001,0.9122,WARNING,-1.39
98,155,44,42.28,4.6,34.71,49.84,0.001,0.941,WARNING,-1.72
98,156,43,40.56,4.49,33.18,47.94,0.0011,0.9652,WARNING,-2.44
98,157,42,35.82,4.11,29.06,42.58,0.0036,0.9962,WARNING,-6.18
98,158,41,35.55,3.98,29.01,42.09,0.0031,0.998,WARNING,-5.45
98,159,40,32.78,3.69,26.71,38.86,0.0129,0.9998,WARNING,-7.22
98,160,39,31.88,3.62,25.93,37.83,0.0232,0.9998,WARNING,-7.12
98,161,38,31.88,3.71,25.77,37.99,0.0239,0.9998,WARNING,-6.12
98,162,37,29.57,3.9,23.15,35.98,0.0336,0.9998,WARNING,-7.43
98,163,36,29.57,3.74,23.42,35.71,0.0308,0.9998,WARNING,-6.43
98,164,35,29.57,3.74,23.42,35.71,0.0308,0.9998,WARNING,-5.43
98,165,34,28.02,3.76,21.83,34.21,0.0489,0.9998,WARNING,-5.98
98,166,33,27.86,3.79,21.62,34.09,0.0504,0.9998,WARNING,-5.14
98,167,32,27.86,3.79,21.62,34.09,0.0504,0.9998,WARNING,-4.14
98,168,31,26.17,3.85,19.83,32.5,0.088,0.9998,WARNING,-4.83
98,169,30,27.61,3.79,21.38,33.85,0.0544,0.9998,WARNING,-2.39
98,170,29,25.83,3.85,19.5,32.17,0.0951,0.9998,WARNING,-3.17
98,171,28,25.41,3.85,19.07,31.74,0.1026,0.9998,WARNING,-2.59
98,172,27,25.41,3.85,19.07,31.74,0.1026,0.9998,WARNING,-1.59
98,173,26,25.41,3.85,19.07,31.74,0.1026,0.9998,WARNING,-0.59
98,174,25,24.08,3.9,17.66,30.49,0.1633,0.9998,WARNING,-0.92
98,175,24,24.08,3.9,17.66,30.49,0.1633,0.9998,WARNING,0.08
98,176,23,22.61,3.93,16.14,29.07,0.2906,0.9998,WARNING,-0.39
98,177,22,20.75,3.97,14.21,27.28,0.4804,0.9998,WARNING,-1.25
98,178,21,19.84,3.99,13.28,26.41,0.5942,0.9998,WARNING,-1.16
98,179,20,18.88,4.09,12.15,25.61,0.6783,0.9998,WARNING,-1.12
98,180,19,18.88,4.1,12.14,25.63,0.6783,0.9998,WARNING,-0.12
98,181,18,16.51,4.27,9.49,23.53,0.8198,0.9998,WARNING,-1.49
98,182,17,15.63,4.35,8.46,22.79,0.8578,0.9998,WARNING,-1.37
99,52,125,123.97,4.0,117.39,130.56,0.001,0.001,NOMINAL,-1.03
99,53,125,124.07,5.76,114.59,133.55,0.001,0.001,NOMINAL,-0.93
99,54,125,124.07,4.06,117.39,130.76,0.001,0.001,NOMINAL,-0.93
99,55,125,124.07,5.76,114.59,133.55,0.001,0.001,NOMINAL,-0.93
99,56,125,124.07,6.3,113.71,134.44,0.001,0.001,NOMINAL,-0.93
99,57,125,124.07,6.37,113.59,134.55,0.001,0.001,NOMINAL,-0.93
99,58,125,123.26,7.03,111.69,134.83,0.001,0.001,NOMINAL,-1.74
99,59,125,123.72,7.03,112.15,135.29,0.001,0.001,NOMINAL,-1.28
99,60,125,123.86,6.91,112.49,135.22,0.001,0.001,NOMINAL,-1.14
99,61,125,123.72,6.83,112.48,134.96,0.001,0.001,NOMINAL,-1.28
99,62,125,123.72,6.83,112.48,134.96,0.001,0.001,NOMINAL,-1.28
99,63,125,123.72,6.83,112.48,134.96,0.001,0.001,NOMINAL,-1.28
99,64,125,123.91,7.65,111.34,136.49,0.001,0.001,NOMINAL,-1.09
99,65,125,123.72,7.65,111.14,136.3,0.001,0.001,NOMINAL,-1.28
99,66,125,123.72,7.65,111.14,136.3,0.001,0.001,NOMINAL,-1.28
99,67,125,123.72,7.65,111.14,136.3,0.001,0.001,NOMINAL,-1.28
99,68,125,123.72,6.43,113.14,134.3,0.001,0.001,NOMINAL,-1.28
99,69,125,123.72,7.65,111.14,136.3,0.001,0.001,NOMINAL,-1.28
99,70,125,124.07,5.76,114.59,133.55,0.001,0.001,NOMINAL,-0.93
99,71,125,124.07,5.68,114.74,133.41,0.001,0.001,NOMINAL,-0.93
99,72,125,124.07,5.68,114.74,133.41,0.001,0.001,NOMINAL,-0.93
99,73,125,124.07,5.76,114.59,133.55,0.001,0.001,NOMINAL,-0.93
99,74,125,124.07,5.76,114.59,133.55,0.001,0.001,NOMINAL,-0.93
99,75,125,124.07,2.77,119.52,128.62,0.001,0.001,NOMINAL,-0.93
99,76,125,124.07,2.81,119.45,128.69,0.001,0.001,NOMINAL,-0.93
99,77,125,124.07,2.77,119.52,128.62,0.001,0.001,NOMINAL,-0.93
99,78,125,124.07,2.77,119.52,128.62,0.001,0.001,NOMINAL,-0.93
99,79,125,124.07,2.81,119.45,128.69,0.001,0.001,NOMINAL,-0.93
99,80,125,124.07,2.77,119.52,128.62,0.001,0.001,NOMINAL,-0.93
99,81,125,124.07,2.81,119.45,128.69,0.001,0.001,NOMINAL,-0.93
99,82,125,124.07,2.81,119.45,128.69,0.001,0.001,NOMINAL,-0.93
99,83,125,123.91,2.77,119.36,128.46,0.001,0.001,NOMINAL,-1.09
99,84,125,123.91,3.0,118.98,128.85,0.001,0.001,NOMINAL,-1.09
99,85,125,123.72,6.15,113.6,133.84,0.001,0.001,NOMINAL,-1.28
99,86,125,123.91,6.15,113.79,134.03,0.001,0.001,NOMINAL,-1.09
99,87,125,124.07,5.76,114.59,133.55,0.001,0.001,NOMINAL,-0.93
99,88,125,123.91,4.34,116.77,131.05,0.001,0.001,NOMINAL,-1.09
99,89,125,123.72,6.15,113.6,133.84,0.001,0.001,NOMINAL,-1.28
99,90,125,124.05,6.25,113.77,134.33,0.001,0.001,NOMINAL,-0.95
99,91,125,123.72,4.34,116.58,130.86,0.001,0.001,NOMINAL,-1.28
99,92,125,123.72,6.25,113.44,134.0,0.001,0.001,NOMINAL,-1.28
99,93,125,123.72,6.25,113.44,134.0,0.001,0.001,NOMINAL,-1.28
99,94,125,124.07,5.76,114.59,133.55,0.001,0.001,NOMINAL,-0.93
99,95,125,124.07,5.68,114.74,133.41,0.001,0.001,NOMINAL,-0.93
99,96,125,124.07,2.77,119.52,128.62,0.001,0.001,NOMINAL,-0.93
99,97,125,124.07,2.77,119.52,128.62,0.001,0.001,NOMINAL,-0.93
99,98,125,124.07,2.77,119.52,128.62,0.001,0.001,NOMINAL,-0.93
99,99,125,124.07,2.77,119.52,128.62,0.001,0.001,NOMINAL,-0.93
99,100,125,124.07,2.77,119.52,128.62,0.001,0.001,NOMINAL,-0.93
99,101,125,124.07,2.77,119.52,128.62,0.001,0.001,NOMINAL,-0.93
99,102,125,124.07,2.77,119.52,128.62,0.001,0.001,NOMINAL,-0.93
99,103,125,124.07,2.77,119.52,128.62,0.001,0.001,NOMINAL,-0.93
99,104,125,124.07,2.77,119.52,128.62,0.001,0.001,NOMINAL,-0.93
99,105,125,124.07,2.77,119.52,128.62,0.001,0.001,NOMINAL,-0.93
99,106,125,124.07,2.77,119.52,128.62,0.001,0.001,NOMINAL,-0.93
99,107,125,124.07,2.77,119.52,128.62,0.001,0.001,NOMINAL,-0.93
99,108,125,124.07,2.77,119.52,128.62,0.001,0.001,NOMINAL,-0.93
99,109,125,124.07,2.77,119.52,128.62,0.001,0.001,NOMINAL,-0.93
99,110,125,124.07,2.77,119.52,128.62,0.001,0.001,NOMINAL,-0.93
99,111,125,124.07,2.77,119.52,128.62,0.001,0.001,NOMINAL,-0.93
99,112,125,124.07,2.77,119.52,128.62,0.001,0.001,NOMINAL,-0.93
99,113,125,124.07,2.77,119.52,128.62,0.001,0.001,NOMINAL,-0.93
99,114,125,124.07,2.77,119.52,128.62,0.001,0.001,NOMINAL,-0.93
99,115,125,124.07,2.77,119.52,128.62,0.001,0.001,NOMINAL,-0.93
99,116,125,124.07,2.77,119.52,128.62,0.001,0.001,NOMINAL,-0.93
99,117,125,123.72,2.77,119.17,128.27,0.001,0.001,NOMINAL,-1.28
99,118,125,124.07,2.77,119.52,128.62,0.001,0.001,NOMINAL,-0.93
99,119,125,124.07,2.77,119.52,128.62,0.001,0.001,NOMINAL,-0.93
99,120,125,124.07,2.77,119.52,128.62,0.001,0.001,NOMINAL,-0.93
99,121,125,124.07,2.77,119.52,128.62,0.001,0.001,NOMINAL,-0.93
99,122,125,124.07,2.77,119.52,128.62,0.001,0.001,NOMINAL,-0.93
99,123,125,124.07,2.77,119.52,128.62,0.001,0.001,NOMINAL,-0.93
99,124,125,124.07,2.77,119.52,128.62,0.001,0.001,NOMINAL,-0.93
99,125,125,124.07,2.77,119.52,128.62,0.001,0.001,NOMINAL,-0.93
99,126,125,123.97,3.0,119.04,128.91,0.001,0.001,NOMINAL,-1.03
99,127,125,123.72,3.0,118.78,128.65,0.001,0.001,NOMINAL,-1.28
99,128,125,123.91,6.15,113.79,134.03,0.001,0.001,NOMINAL,-1.09
99,129,125,123.91,5.68,114.58,133.25,0.001,0.001,NOMINAL,-1.09
99,130,125,124.21,4.0,117.63,130.8,0.001,0.001,NOMINAL,-0.79
99,131,125,123.97,5.68,114.64,133.31,0.001,0.001,NOMINAL,-1.03
99,132,125,123.97,5.68,114.64,133.31,0.001,0.001,NOMINAL,-1.03
99,133,125,124.21,2.77,119.66,128.77,0.001,0.001,NOMINAL,-0.79
99,134,125,124.21,2.77,119.66,128.77,0.001,0.001,NOMINAL,-0.79
99,135,125,124.21,2.77,119.66,128.77,0.001,0.001,NOMINAL,-0.79
99,136,125,124.47,2.77,119.92,129.02,0.001,0.001,NOMINAL,-0.53
99,137,125,124.21,2.77,119.66,128.77,0.001,0.001,NOMINAL,-0.79
99,138,125,124.12,2.77,119.56,128.67,0.001,0.001,NOMINAL,-0.88
99,139,125,124.18,4.34,117.04,131.32,0.001,0.001,NOMINAL,-0.82
99,140,125,123.38,6.45,112.76,134.0,0.001,0.001,NOMINAL,-1.62
99,141,125,122.82,7.24,110.91,134.73,0.001,0.001,NOMINAL,-2.18
99,142,125,121.69,7.48,109.39,133.98,0.001,0.001,NOMINAL,-3.31
99,143,125,119.48,8.16,106.07,132.9,0.001,0.001,NOMINAL,-5.52
99,144,125,118.88,8.19,105.41,132.36,0.001,0.001,NOMINAL,-6.12
99,145,125,110.36,11.1,92.09,128.62,0.001,0.001,NOMINAL,-14.64
99,146,125,115.27,9.52,99.61,130.93,0.001,0.001,NOMINAL,-9.73
99,147,125,111.85,10.5,94.57,129.12,0.001,0.001,NOMINAL,-13.15
99,148,125,108.4,11.54,89.41,127.38,0.001,0.001,NOMINAL,-16.6
99,149,125,108.81,10.99,90.73,126.9,0.001,0.001,NOMINAL,-16.19
99,150,125,107.95,11.61,88.85,127.05,0.001,0.001,NOMINAL,-17.05
99,151,125,109.26,11.9,89.68,128.84,0.001,0.001,NOMINAL,-15.74
99,152,125,106.53,11.85,87.04,126.02,0.001,0.001,NOMINAL,-18.47
99,153,125,111.23,11.1,92.97,129.49,0.001,0.001,NOMINAL,-13.77
99,154,125,109.63,12.02,89.85,129.4,0.001,0.001,NOMINAL,-15.37
99,155,125,110.54,11.4,91.78,129.29,0.001,0.001,NOMINAL,-14.46
99,156,125,110.67,12.02,90.89,130.45,0.001,0.001,NOMINAL,-14.33
99,157,125,110.4,11.1,92.13,128.66,0.001,0.001,NOMINAL,-14.6
99,158,125,110.67,11.1,92.41,128.94,0.001,0.001,NOMINAL,-14.33
99,159,125,110.67,11.1,92.41,128.94,0.001,0.001,NOMINAL,-14.33
99,160,125,108.4,11.83,88.94,127.85,0.001,0.001,NOMINAL,-16.6
99,161,125,108.74,11.85,89.24,128.23,0.001,0.001,NOMINAL,-16.26
99,162,125,110.3,12.02,90.52,130.08,0.001,0.001,NOMINAL,-14.7
99,163,125,110.79,11.4,92.04,129.55,0.001,0.001,NOMINAL,-14.21
99,164,125,116.85,9.41,101.37,132.34,0.001,0.001,NOMINAL,-8.15
99,165,125,119.93,9.35,104.54,135.31,0.001,0.001,NOMINAL,-5.07
99,166,125,119.94,9.4,104.48,135.4,0.001,0.001,NOMINAL,-5.06
99,167,125,118.52,9.42,103.02,134.01,0.001,0.001,NOMINAL,-6.48
99,168,125,118.06,9.43,102.54,133.58,0.001,0.001,NOMINAL,-6.94
99,169,125,119.6,9.4,104.13,135.06,0.001,0.001,NOMINAL,-5.4
99,170,125,119.39,8.19,105.92,132.87,0.001,0.001,NOMINAL,-5.61
99,171,125,122.73,7.49,110.41,135.05,0.001,0.001,NOMINAL,-2.27
99,172,125,116.66,9.47,101.08,132.24,0.001,0.001,NOMINAL,-8.34
99,173,124,116.66,9.52,101.0,132.32,0.001,0.001,NOMINAL,-7.34
99,174,123,110.8,11.05,92.62,128.99,0.001,0.001,NOMINAL,-12.2
99,175,122,109.26,11.01,91.15,127.37,0.001,0.001,NOMINAL,-12.74
99,176,121,109.15,11.01,91.04,127.26,0.001,0.001,NOMINAL,-11.85
99,177,120,104.05,11.03,85.9,122.2,0.001,0.001,NOMINAL,-15.95
99,178,119,104.5,11.03,86.35,122.65,0.001,0.001,NOMINAL,-14.5
99,179,118,105.88,11.03,87.73,124.03,0.001,0.001,NOMINAL,-12.12
99,180,117,108.54,11.03,90.39,126.69,0.001,0.001,NOMINAL,-8.46
99,181,116,111.42,11.1,93.16,129.69,0.001,0.001,NOMINAL,-4.58
99,182,115,112.74,11.1,94.47,131.0,0.001,0.001,NOMINAL,-2.26
99,183,114,117.3,9.37,101.9,132.7,0.001,0.001,NOMINAL,3.3
99,184,113,119.35,9.41,103.86,134.83,0.001,0.001,NOMINAL,6.35
99,185,112,121.27,8.14,107.88,134.66,0.001,0.001,NOMINAL,9.27
99,186,111,119.83,9.42,104.33,135.33,0.001,0.001,NOMINAL,8.83
99,187,110,119.06,9.24,103.87,134.25,0.001,0.001,NOMINAL,9.06
99,188,109,121.25,7.55,108.83,133.67,0.001,0.001,NOMINAL,12.25
99,189,108,112.88,9.47,97.3,128.46,0.001,0.001,NOMINAL,4.88
99,190,107,108.9,11.43,90.1,127.7,0.001,0.001,NOMINAL,1.9
99,191,106,111.06,10.3,94.12,128.01,0.001,0.001,NOMINAL,5.06
99,192,105,108.17,10.14,91.5,124.85,0.001,0.001,NOMINAL,3.17
99,193,104,109.35,10.61,91.91,126.8,0.001,0.001,NOMINAL,5.35
99,194,103,106.47,11.43,87.67,125.27,0.001,0.001,NOMINAL,3.47
99,195,102,101.27,10.98,83.22,119.33,0.001,0.0011,NOMINAL,-0.73
99,196,101,101.49,10.98,83.43,119.55,0.001,0.0011,NOMINAL,0.49
99,197,100,98.75,11.25,80.25,117.24,0.001,0.0013,NOMINAL,-1.25
99,198,99,99.81,10.98,81.76,117.87,0.001,0.0011,NOMINAL,0.81
99,199,98,93.01,10.95,74.99,111.02,0.001,0.0029,NOMINAL,-4.99
99,200,97,92.52,10.4,75.42,109.62,0.001,0.002,NOMINAL,-4.48
99,201,96,97.38,10.98,79.32,115.43,0.001,0.0014,NOMINAL,1.38
99,202,95,95.62,10.64,78.11,113.12,0.001,0.0014,NOMINAL,0.62
99,203,94,98.99,11.03,80.85,117.14,0.001,0.0012,NOMINAL,4.99
99,204,93,105.39,11.53,86.42,124.35,0.001,0.001,NOMINAL,12.39
99,205,92,96.22,10.54,78.88,113.56,0.001,0.0013,NOMINAL,4.22
99,206,91,94.87,10.54,77.53,112.21,0.001,0.0015,NOMINAL,3.87
99,207,90,89.1,10.93,71.13,107.08,0.001,0.0086,NOMINAL,-0.9
99,208,89,92.85,10.9,74.92,110.77,0.001,0.0029,NOMINAL,3.85
99,209,88,92.76,10.88,74.87,110.66,0.001,0.0029,NOMINAL,4.76
99,210,87,93.05,10.41,75.92,110.17,0.001,0.0018,NOMINAL,6.05
99,211,86,92.52,10.17,75.8,109.25,0.001,0.0016,NOMINAL,6.52
99,212,85,92.52,10.57,75.13,109.9,0.001,0.0023,NOMINAL,7.52
99,213,84,92.93,10.46,75.72,110.14,0.001,0.0019,NOMINAL,8.93
99,214,83,90.83,10.82,73.04,108.63,0.001,0.0045,NOMINAL,7.83
99,215,82,87.86,10.59,70.45,105.28,0.001,0.0087,NOMINAL,5.86
99,216,81,83.62,10.33,66.63,100.6,0.001,0.0234,NOMINAL,2.62
99,217,80,84.92,10.29,68.0,101.85,0.001,0.0162,NOMINAL,4.92
99,218,79,83.62,10.29,66.69,100.54,0.001,0.0233,NOMINAL,4.62
99,219,78,84.17,10.31,67.21,101.14,0.001,0.0214,NOMINAL,6.17
99,220,77,80.93,9.16,65.86,95.99,0.001,0.0172,NOMINAL,3.93
99,221,76,79.41,8.61,65.25,93.57,0.001,0.015,NOMINAL,3.41
99,222,75,79.19,8.52,65.17,93.21,0.001,0.0147,NOMINAL,4.19
99,223,74,77.65,7.87,64.7,90.59,0.001,0.0108,NOMINAL,3.65
99,224,73,76.94,9.08,62.01,91.87,0.001,0.0257,NOMINAL,3.94
99,225,72,67.64,7.6,55.13,80.15,0.001,0.038,NOMINAL,-4.36
99,226,71,70.79,7.6,58.28,83.3,0.001,0.0266,NOMINAL,-0.21
99,227,70,65.32,7.6,52.83,77.82,0.001,0.0541,NOMINAL,-4.68
99,228,69,68.08,7.6,55.57,80.59,0.001,0.0355,NOMINAL,-0.92
99,229,68,66.94,5.68,57.6,76.29,0.001,0.0257,NOMINAL,-1.06
99,230,67,68.33,6.99,56.84,79.82,0.001,0.0299,NOMINAL,1.33
99,231,66,68.69,7.6,56.19,81.18,0.001,0.0335,NOMINAL,2.69
99,232,65,69.68,7.6,57.17,82.19,0.001,0.0302,NOMINAL,4.68
99,233,64,68.93,7.6,56.42,81.44,0.001,0.0327,NOMINAL,4.93
99,234,63,64.86,7.34,52.78,76.93,0.001,0.0539,NOMINAL,1.86
99,235,62,62.69,5.93,52.94,72.44,0.001,0.0485,NOMINAL,0.69
99,236,61,57.65,5.96,47.86,67.45,0.001,0.1187,NOMINAL,-3.35
99,237,60,53.97,6.07,43.99,63.95,0.001,0.2945,NOMINAL,-6.03
99,238,59,55.56,6.0,45.69,65.43,0.001,0.1895,NOMINAL,-3.44
99,239,58,53.55,6.11,43.51,63.6,0.001,0.3239,NOMINAL,-4.45
99,240,57,53.63,6.11,43.58,63.67,0.001,0.3205,NOMINAL,-3.37
99,241,56,50.48,6.11,40.43,60.52,0.001,0.5395,MONITOR,-5.52
99,242,55,49.01,6.13,38.93,59.09,0.0011,0.6381,MONITOR,-5.99
99,243,54,48.67,6.06,38.71,58.63,0.0011,0.6585,MONITOR,-5.33
99,244,53,47.17,6.1,37.14,57.21,0.0012,0.7308,MONITOR,-5.83
99,245,52,48.09,6.06,38.13,58.05,0.0011,0.6899,MONITOR,-3.91
99,246,51,48.21,6.06,38.25,58.17,0.0011,0.6845,MONITOR,-2.79
99,247,50,47.85,6.06,37.88,57.82,0.0011,0.7021,MONITOR,-2.15
99,248,49,46.25,5.71,36.86,55.65,0.0011,0.7789,WARNING,-2.75
99,249,48,43.36,5.38,34.5,52.21,0.0013,0.8969,WARNING,-4.64
99,250,47,42.27,5.24,33.65,50.9,0.0015,0.925,WARNING,-4.73
99,251,46,40.42,5.32,31.67,49.17,0.0037,0.95,WARNING,-5.58
99,252,45,40.42,5.32,31.67,49.17,0.0037,0.95,WARNING,-4.58
99,253,44,40.42,5.32,31.67,49.17,0.0037,0.95,WARNING,-3.58
99,254,43,38.32,5.38,29.47,47.18,0.0158,0.9663,WARNING,-4.68
99,255,42,38.8,5.38,29.94,47.66,0.0116,0.9633,WARNING,-3.2
99,256,41,35.18,3.67,29.15,41.21,0.0018,0.9995,WARNING,-5.82
99,257,40,34.91,3.67,28.86,40.95,0.0021,0.9995,WARNING,-5.09
99,258,39,33.33,3.68,27.27,39.39,0.0075,0.9998,WARNING,-5.67
99,259,38,34.97,3.67,28.94,41.0,0.002,0.9995,WARNING,-3.03
99,260,37,34.11,3.67,28.06,40.15,0.0037,0.9997,WARNING,-2.89
99,261,36,33.27,3.68,27.21,39.33,0.008,0.9998,WARNING,-2.73
99,262,35,33.63,3.68,27.57,39.69,0.0058,0.9997,WARNING,-1.37
99,263,34,33.46,3.68,27.4,39.52,0.0067,0.9998,WARNING,-0.54
99,264,33,32.99,3.71,26.88,39.1,0.0114,0.9998,WARNING,-0.01
99,265,32,32.87,3.72,26.74,38.99,0.0132,0.9998,WARNING,0.87
99,266,31,31.59,3.81,25.33,37.86,0.0254,0.9998,WARNING,0.59
99,267,30,29.45,3.77,23.25,35.66,0.0324,0.9998,WARNING,-0.55
99,268,29,28.88,3.8,22.63,35.13,0.0371,0.9998,WARNING,-0.12
99,269,28,28.97,3.8,22.72,35.22,0.0361,0.9998,WARNING,0.97
99,270,27,28.32,3.82,22.03,34.6,0.0462,0.9998,WARNING,1.32
99,271,26,28.29,3.83,22.0,34.59,0.0471,0.9998,WARNING,2.29
99,272,25,25.4,3.9,18.98,31.82,0.105,0.9998,WARNING,0.4
99,273,24,24.85,3.9,18.43,31.26,0.125,0.9998,WARNING,0.85
99,274,23,24.85,3.9,18.44,31.26,0.1249,0.9998,WARNING,1.85
99,275,22,23.04,3.99,16.47,29.6,0.2515,0.9998,WARNING,1.04
99,276,21,22.3,4.0,15.73,28.88,0.3267,0.9998,WARNING,1.3
99,277,20,21.5,4.0,14.92,28.09,0.4062,0.9998,WARNING,1.5
99,278,19,19.25,4.08,12.53,25.96,0.6459,0.9998,WARNING,0.25
99,279,18,21.06,4.02,14.44,27.67,0.4478,0.9998,WARNING,3.06
99,280,17,18.17,4.18,11.29,25.05,0.7242,0.9998,WARNING,1.17
99,281,16,18.0,4.19,11.11,24.89,0.7356,0.9998,WARNING,2.0
99,282,15,15.53,4.32,8.42,22.64,0.8615,0.9998,WARNING,0.53
99,283,14,15.27,4.4,8.02,22.51,0.8682,0.9998,WARNING,1.27
99,284,13,15.16,4.4,7.91,22.4,0.8719,0.9998,WARNING,2.16
99,285,12,15.16,4.4,7.92,22.39,0.8721,0.9998,WARNING,3.16
99,286,11,14.31,4.44,7.01,21.61,0.9056,0.9998,CRITICAL,3.31
99,287,10,13.2,4.56,5.69,20.7,0.9272,0.9998,CRITICAL,3.2
99,288,9,11.13,4.73,3.35,18.92,0.952,0.9998,CRITICAL,2.13
99,289,8,9.88,4.88,1.85,17.91,0.9631,0.9998,CRITICAL,1.88
100,52,125,124.47,2.61,120.18,128.76,0.001,0.001,NOMINAL,-0.53
100,53,125,124.47,2.61,120.18,128.76,0.001,0.001,NOMINAL,-0.53
100,54,125,124.47,2.61,120.18,128.76,0.001,0.001,NOMINAL,-0.53
100,55,125,124.47,2.61,120.18,128.76,0.001,0.001,NOMINAL,-0.53
100,56,125,124.47,2.63,120.15,128.79,0.001,0.001,NOMINAL,-0.53
100,57,125,124.47,2.61,120.18,128.76,0.001,0.001,NOMINAL,-0.53
100,58,125,124.47,2.61,120.18,128.76,0.001,0.001,NOMINAL,-0.53
100,59,125,124.47,2.61,120.18,128.76,0.001,0.001,NOMINAL,-0.53
100,60,125,124.47,2.63,120.15,128.79,0.001,0.001,NOMINAL,-0.53
100,61,125,124.47,2.61,120.18,128.76,0.001,0.001,NOMINAL,-0.53
100,62,125,124.47,2.61,120.18,128.76,0.001,0.001,NOMINAL,-0.53
100,63,125,124.47,2.61,120.18,128.76,0.001,0.001,NOMINAL,-0.53
100,64,125,124.47,2.61,120.18,128.76,0.001,0.001,NOMINAL,-0.53
100,65,125,124.47,2.61,120.18,128.76,0.001,0.001,NOMINAL,-0.53
100,66,125,124.47,2.61,120.18,128.76,0.001,0.001,NOMINAL,-0.53
100,67,125,124.47,2.61,120.18,128.76,0.001,0.001,NOMINAL,-0.53
100,68,125,124.47,2.61,120.18,128.76,0.001,0.001,NOMINAL,-0.53
100,69,125,124.45,2.85,119.76,129.14,0.001,0.001,NOMINAL,-0.55
100,70,125,124.47,2.61,120.18,128.76,0.001,0.001,NOMINAL,-0.53
100,71,125,124.12,2.61,119.83,128.4,0.001,0.001,NOMINAL,-0.88
100,72,125,124.47,2.85,119.78,129.16,0.001,0.001,NOMINAL,-0.53
100,73,125,124.47,2.83,119.81,129.13,0.001,0.001,NOMINAL,-0.53
100,74,125,124.45,6.42,113.89,135.0,0.001,0.001,NOMINAL,-0.55
100,75,125,124.12,5.9,114.41,133.83,0.001,0.001,NOMINAL,-0.88
100,76,125,124.12,5.9,114.41,133.83,0.001,0.001,NOMINAL,-0.88
100,77,125,124.47,3.8,118.22,130.73,0.001,0.001,NOMINAL,-0.53
100,78,125,124.47,2.61,120.18,128.76,0.001,0.001,NOMINAL,-0.53
100,79,125,124.47,2.61,120.18,128.76,0.001,0.001,NOMINAL,-0.53
100,80,125,124.47,2.61,120.18,128.76,0.001,0.001,NOMINAL,-0.53
100,81,125,124.47,2.61,120.18,128.76,0.001,0.001,NOMINAL,-0.53
100,82,125,124.47,2.61,120.18,128.76,0.001,0.001,NOMINAL,-0.53
100,83,125,124.47,2.61,120.18,128.76,0.001,0.001,NOMINAL,-0.53
100,84,125,124.47,2.61,120.18,128.76,0.001,0.001,NOMINAL,-0.53
100,85,125,124.47,2.61,120.18,128.76,0.001,0.001,NOMINAL,-0.53
100,86,125,124.47,2.61,120.18,128.76,0.001,0.001,NOMINAL,-0.53
100,87,125,124.47,2.61,120.18,128.76,0.001,0.001,NOMINAL,-0.53
100,88,125,124.47,2.61,120.18,128.76,0.001,0.001,NOMINAL,-0.53
100,89,125,124.47,2.61,120.18,128.76,0.001,0.001,NOMINAL,-0.53
100,90,125,124.25,4.16,117.41,131.1,0.001,0.001,NOMINAL,-0.75
100,91,125,124.45,5.9,114.74,134.16,0.001,0.001,NOMINAL,-0.55
100,92,125,124.12,5.9,114.41,133.83,0.001,0.001,NOMINAL,-0.88
100,93,125,124.12,5.9,114.41,133.83,0.001,0.001,NOMINAL,-0.88
100,94,125,124.47,4.16,117.62,131.32,0.001,0.001,NOMINAL,-0.53
100,95,125,124.45,4.16,117.6,131.29,0.001,0.001,NOMINAL,-0.55
100,96,125,124.47,5.39,115.6,133.34,0.001,0.001,NOMINAL,-0.53
100,97,125,124.47,5.39,115.6,133.34,0.001,0.001,NOMINAL,-0.53
100,98,125,124.12,2.85,119.43,128.81,0.001,0.001,NOMINAL,-0.88
100,99,125,124.47,2.61,120.18,128.76,0.001,0.001,NOMINAL,-0.53
100,100,125,124.47,2.61,120.18,128.76,0.001,0.001,NOMINAL,-0.53
100,101,125,124.12,2.61,119.83,128.4,0.001,0.001,NOMINAL,-0.88
100,102,125,124.47,2.61,120.18,128.76,0.001,0.001,NOMINAL,-0.53
100,103,125,124.25,4.16,117.41,131.1,0.001,0.001,NOMINAL,-0.75
100,104,125,124.12,6.42,113.56,134.67,0.001,0.001,NOMINAL,-0.88
100,105,125,124.12,6.42,113.56,134.67,0.001,0.001,NOMINAL,-0.88
100,106,125,124.12,5.9,114.41,133.83,0.001,0.001,NOMINAL,-0.88
100,107,125,123.08,6.72,112.03,134.13,0.001,0.001,NOMINAL,-1.92
100,108,125,122.56,6.73,111.48,133.63,0.001,0.001,NOMINAL,-2.44
100,109,125,123.67,6.72,112.62,134.72,0.001,0.001,NOMINAL,-1.33
100,110,125,124.12,6.42,113.56,134.67,0.001,0.001,NOMINAL,-0.88
100,111,125,123.39,6.72,112.34,134.43,0.001,0.001,NOMINAL,-1.61
100,112,125,124.47,3.8,118.22,130.73,0.001,0.001,NOMINAL,-0.53
100,113,125,124.47,2.61,120.18,128.76,0.001,0.001,NOMINAL,-0.53
100,114,125,124.47,3.8,118.22,130.73,0.001,0.001,NOMINAL,-0.53
100,115,125,124.47,2.61,120.18,128.76,0.001,0.001,NOMINAL,-0.53
100,116,125,124.47,2.61,120.18,128.76,0.001,0.001,NOMINAL,-0.53
100,117,125,124.12,5.9,114.41,133.83,0.001,0.001,NOMINAL,-0.88
100,118,125,124.47,5.39,115.6,133.34,0.001,0.001,NOMINAL,-0.53
100,119,125,124.47,5.39,115.6,133.34,0.001,0.001,NOMINAL,-0.53
100,120,125,124.47,2.61,120.18,128.76,0.001,0.001,NOMINAL,-0.53
100,121,125,124.12,5.9,114.41,133.83,0.001,0.001,NOMINAL,-0.88
100,122,125,124.12,5.9,114.41,133.83,0.001,0.001,NOMINAL,-0.88
100,123,125,124.12,5.9,114.41,133.83,0.001,0.001,NOMINAL,-0.88
100,124,125,124.12,6.42,113.56,134.67,0.001,0.001,NOMINAL,-0.88
100,125,125,121.84,6.67,110.87,132.8,0.001,0.001,NOMINAL,-3.16
100,126,125,120.37,6.7,109.35,131.39,0.001,0.001,NOMINAL,-4.63
100,127,125,123.39,6.72,112.34,134.43,0.001,0.001,NOMINAL,-1.61
100,128,125,124.12,6.42,113.56,134.67,0.001,0.001,NOMINAL,-0.88
100,129,125,122.52,6.73,111.44,133.59,0.001,0.001,NOMINAL,-2.48
100,130,125,123.13,6.63,112.22,134.03,0.001,0.001,NOMINAL,-1.87
100,131,125,124.12,5.9,114.41,133.83,0.001,0.001,NOMINAL,-0.88
100,132,125,123.98,6.63,113.08,134.88,0.001,0.001,NOMINAL,-1.02
100,133,125,124.25,5.9,114.54,133.96,0.001,0.001,NOMINAL,-0.75
100,134,125,124.12,5.9,114.41,133.83,0.001,0.001,NOMINAL,-0.88
100,135,125,123.39,6.1,113.35,133.42,0.001,0.001,NOMINAL,-1.61
100,136,125,123.39,6.63,112.48,134.29,0.001,0.001,NOMINAL,-1.61
100,137,125,122.82,6.72,111.77,133.87,0.001,0.001,NOMINAL,-2.18
100,138,125,120.94,6.74,109.85,132.02,0.001,0.001,NOMINAL,-4.06
100,139,125,120.94,6.74,109.85,132.02,0.001,0.001,NOMINAL,-4.06
100,140,125,120.48,6.74,109.4,131.56,0.001,0.001,NOMINAL,-4.52
100,141,125,122.52,6.74,111.43,133.6,0.001,0.001,NOMINAL,-2.48
100,142,125,118.39,6.81,107.2,129.59,0.001,0.001,NOMINAL,-6.61
100,143,125,117.89,6.82,106.68,129.11,0.001,0.001,NOMINAL,-7.11
100,144,125,106.56,12.13,86.61,126.51,0.001,0.0011,NOMINAL,-18.44
100,145,125,107.87,12.13,87.92,127.82,0.001,0.001,NOMINAL,-17.13
100,146,125,122.93,6.72,111.88,133.98,0.001,0.001,NOMINAL,-2.07
100,147,125,106.11,11.9,86.53,125.69,0.001,0.0011,NOMINAL,-18.89
100,148,125,107.49,11.9,87.91,127.07,0.001,0.001,NOMINAL,-17.51
100,149,125,117.68,9.65,101.8,133.55,0.001,0.001,NOMINAL,-7.32
100,150,125,123.93,6.1,113.89,133.96,0.001,0.001,NOMINAL,-1.07
100,151,124,109.68,11.4,90.93,128.44,0.001,0.001,NOMINAL,-14.32
100,152,123,117.27,9.6,101.48,133.06,0.001,0.001,NOMINAL,-5.73
100,153,122,110.68,9.52,95.02,126.34,0.001,0.001,NOMINAL,-11.32
100,154,121,107.7,11.83,88.24,127.15,0.001,0.001,NOMINAL,-13.3
100,155,120,106.5,11.17,88.12,124.87,0.001,0.001,NOMINAL,-13.5
100,156,119,106.85,11.61,87.75,125.95,0.001,0.001,NOMINAL,-12.15
100,157,118,98.76,10.65,81.24,116.28,0.001,0.0011,NOMINAL,-19.24
100,158,117,99.17,11.15,80.83,117.51,0.001,0.0012,NOMINAL,-17.83
100,159,116,106.27,11.9,86.69,125.85,0.001,0.0011,NOMINAL,-9.73
100,160,115,103.08,11.9,83.5,122.66,0.001,0.0012,NOMINAL,-11.92
100,161,114,107.37,12.02,87.59,127.15,0.001,0.001,NOMINAL,-6.63
100,162,113,112.89,11.1,94.63,131.16,0.001,0.001,NOMINAL,-0.11
100,163,112,111.64,11.1,93.37,129.9,0.001,0.001,NOMINAL,-0.36
100,164,111,110.61,11.1,92.35,128.88,0.001,0.001,NOMINAL,-0.39
100,165,110,112.97,10.42,95.83,130.11,0.001,0.001,NOMINAL,2.97
100,166,109,111.08,11.1,92.82,129.35,0.001,0.001,NOMINAL,2.08
100,167,108,108.26,12.02,88.48,128.03,0.001,0.001,NOMINAL,0.26
100,168,107,110.69,11.1,92.43,128.96,0.001,0.001,NOMINAL,3.69
100,169,106,120.03,8.17,106.59,133.47,0.001,0.001,NOMINAL,14.03
100,170,105,118.63,8.19,105.16,132.11,0.001,0.001,NOMINAL,13.63
100,171,104,122.17,7.39,110.01,134.33,0.001,0.001,NOMINAL,18.17
100,172,103,118.18,8.19,104.7,131.65,0.001,0.001,NOMINAL,15.18
100,173,102,119.22,8.19,105.74,132.69,0.001,0.001,NOMINAL,17.22
100,174,101,114.3,9.52,98.64,129.96,0.001,0.001,NOMINAL,13.3
100,175,100,113.67,9.47,98.09,129.25,0.001,0.001,NOMINAL,13.67
100,176,99,114.76,9.47,99.18,130.35,0.001,0.001,NOMINAL,15.76
100,177,98,114.29,9.52,98.63,129.95,0.001,0.001,NOMINAL,16.29
100,178,97,104.34,11.03,86.2,122.49,0.001,0.001,NOMINAL,7.34
100,179,96,100.31,10.6,82.89,117.74,0.001,0.0011,NOMINAL,4.31
100,180,95,101.86,10.85,84.01,119.72,0.001,0.001,NOMINAL,6.86
100,181,94,99.01,10.52,81.71,116.31,0.001,0.0011,NOMINAL,5.01
100,182,93,98.75,10.6,81.32,116.18,0.001,0.0011,NOMINAL,5.75
100,183,92,93.28,10.48,76.04,110.52,0.001,0.0018,NOMINAL,1.28
100,184,91,92.59,10.48,75.35,109.83,0.001,0.0021,NOMINAL,1.59
100,185,90,86.99,10.17,70.27,103.71,0.001,0.0071,NOMINAL,-3.01
100,186,89,84.92,10.15,68.22,101.62,0.001,0.0139,NOMINAL,-4.08
100,187,88,84.15,9.87,67.93,100.38,0.001,0.0129,NOMINAL,-3.85
100,188,87,81.23,9.08,66.3,96.17,0.001,0.0139,NOMINAL,-5.77
100,189,86,83.74,9.14,68.7,98.77,0.001,0.006,NOMINAL,-2.26
100,190,85,81.23,9.08,66.3,96.17,0.001,0.0139,NOMINAL,-3.77
100,191,84,82.28,9.08,67.34,97.21,0.001,0.0094,NOMINAL,-1.72
100,192,83,81.46,9.08,66.53,96.4,0.001,0.0127,NOMINAL,-1.54
100,193,82,76.29,8.24,62.73,89.85,0.001,0.024,NOMINAL,-5.71
100,194,81,77.16,8.46,63.25,91.08,0.001,0.0238,NOMINAL,-3.84
100,195,80,74.98,8.24,61.42,88.54,0.001,0.0255,NOMINAL,-5.02
100,196,79,76.63,8.46,62.71,90.55,0.001,0.0245,NOMINAL,-2.37
100,197,78,73.22,8.24,59.66,86.78,0.001,0.0262,NOMINAL,-4.78
100,198,77,75.14,8.6,61.0,89.27,0.001,0.0259,NOMINAL,-1.86
100,199,76,69.73,8.24,56.17,83.29,0.001,0.0349,NOMINAL,-6.27
100,200,75,69.18,8.34,55.46,82.89,0.001,0.0389,NOMINAL,-5.82
100,201,74,68.06,7.68,55.43,80.69,0.001,0.0364,NOMINAL,-5.94
100,202,73,67.56,8.34,53.85,81.27,0.001,0.0493,NOMINAL,-5.44
100,203,72,66.38,7.86,53.45,79.3,0.001,0.0499,NOMINAL,-5.62
100,204,71,62.93,6.51,52.22,73.64,0.001,0.0553,NOMINAL,-8.07
100,205,70,58.55,6.87,47.25,69.84,0.001,0.1249,NOMINAL,-11.45
100,206,69,59.77,6.87,48.48,71.07,0.001,0.1,NOMINAL,-9.23
100,207,68,59.22,6.87,47.92,70.52,0.001,0.1111,NOMINAL,-8.78
100,208,67,58.0,6.87,46.7,69.3,0.001,0.133,NOMINAL,-9.0
100,209,66,59.28,6.9,47.94,70.63,0.001,0.1108,NOMINAL,-6.72
100,210,65,57.25,6.87,45.95,68.55,0.001,0.161,NOMINAL,-7.75
100,211,64,52.76,6.06,42.79,62.73,0.001,0.378,NOMINAL,-11.24
100,212,63,50.99,6.55,40.22,61.76,0.0011,0.5039,MONITOR,-12.01
100,213,62,49.63,5.52,40.56,58.71,0.001,0.6044,MONITOR,-12.37
100,214,61,49.63,5.78,40.13,59.13,0.001,0.6029,MONITOR,-11.37
100,215,60,49.11,5.19,40.57,57.64,0.001,0.6419,MONITOR,-10.89
100,216,59,49.36,6.06,39.39,59.33,0.001,0.618,MONITOR,-9.64
100,217,58,49.9,6.08,39.89,59.9,0.001,0.5834,MONITOR,-8.1
100,218,57,48.85,5.96,39.04,58.65,0.001,0.6492,MONITOR,-8.15
100,219,56,49.63,5.36,40.82,58.45,0.001,0.6053,MONITOR,-6.37
100,220,55,49.87,6.55,39.09,60.64,0.0011,0.5852,MONITOR,-5.13
100,221,54,49.87,6.06,39.9,59.84,0.001,0.5858,MONITOR,-4.13
100,222,53,50.73,6.1,40.7,60.76,0.001,0.5166,MONITOR,-2.27
100,223,52,48.38,5.12,39.97,56.8,0.001,0.6899,MONITOR,-3.62
100,224,51,45.57,5.04,37.28,53.85,0.001,0.8354,WARNING,-5.43
100,225,50,44.18,5.02,35.92,52.43,0.001,0.8817,WARNING,-5.82
100,226,49,41.1,5.32,32.35,49.85,0.0026,0.9403,WARNING,-7.9
100,227,48,40.24,5.33,31.48,49.01,0.0042,0.9514,WARNING,-7.76
100,228,47,40.23,5.3,31.51,48.94,0.004,0.9517,WARNING,-6.77
100,229,46,40.01,5.33,31.25,48.78,0.0048,0.952,WARNING,-5.99
100,230,45,39.53,5.24,30.91,48.15,0.0053,0.96,WARNING,-5.47
100,231,44,38.86,5.25,30.23,47.5,0.0082,0.9657,WARNING,-5.14
100,232,43,39.6,5.06,31.27,47.94,0.0034,0.9623,WARNING,-3.4
100,233,42,35.68,5.22,27.1,44.26,0.0256,0.9847,WARNING,-6.32
100,234,41,36.37,5.06,28.04,44.7,0.0236,0.9842,WARNING,-4.63
100,235,40,35.0,5.27,26.33,43.67,0.0261,0.9873,WARNING,-5.0
100,236,39,34.97,5.18,26.45,43.5,0.026,0.9885,WARNING,-4.03
100,237,38,32.57,5.54,23.47,41.68,0.0407,0.9919,WARNING,-5.43
100,238,37,34.69,5.15,26.21,43.16,0.0261,0.9896,WARNING,-2.31
100,239,36,30.7,5.69,21.34,40.05,0.061,0.9954,WARNING,-5.3
100,240,35,30.24,3.81,23.97,36.5,0.0278,0.9998,WARNING,-4.76
100,241,34,27.61,3.96,21.09,34.13,0.0589,0.9998,WARNING,-6.39
100,242,33,27.47,4.02,20.86,34.08,0.063,0.9998,WARNING,-5.53
100,243,32,24.88,4.08,18.16,31.59,0.1303,0.9998,WARNING,-7.12
100,244,31,22.87,4.09,16.14,29.61,0.2721,0.9998,WARNING,-8.13
100,245,30,22.65,4.12,15.88,29.43,0.2975,0.9998,WARNING,-7.35
100,246,29,22.9,4.12,16.12,29.68,0.2715,0.9998,WARNING,-6.1
100,247,28,23.15,4.12,16.37,29.93,0.2487,0.9998,WARNING,-4.85
