unit_number,cycle,true_rul,kl_div,js_div,wasserstein,recon_error,drift_flag,op_cluster,latent_mu_norm
3,52,125,3.9e-05,1e-05,5e-06,0.148046,True,0,22.7458
3,53,125,2.9e-05,7e-06,3e-06,0.146327,True,0,22.7459
3,54,125,9e-06,2e-06,1e-06,0.14486,False,0,22.7471
3,55,125,3e-06,1e-06,0.0,0.143633,False,0,22.748
3,56,125,1e-05,2e-06,1e-06,0.14257,False,0,22.7486
3,57,125,1.3e-05,3e-06,2e-06,0.141671,False,0,22.7487
3,58,125,2.1e-05,5e-06,2e-06,0.140882,False,0,22.7488
3,59,125,7e-06,2e-06,1e-06,0.140234,False,0,22.7484
3,60,125,1.1e-05,3e-06,1e-06,0.139623,False,0,22.7482
3,61,125,2.4e-05,6e-06,2e-06,0.139067,False,0,22.7467
3,62,125,1.5e-05,4e-06,1e-06,0.138502,False,0,22.7469
3,63,125,1.1e-05,3e-06,1e-06,0.138028,False,0,22.7474
3,64,125,4.4e-05,1.1e-05,5e-06,0.137612,False,0,22.7467
3,65,125,3.4e-05,8e-06,3e-06,0.137249,False,0,22.7463
3,66,125,1.3e-05,3e-06,2e-06,0.136892,False,0,22.7467
3,67,125,1.2e-05,3e-06,1e-06,0.136541,False,0,22.7467
3,68,125,8e-06,2e-06,1e-06,0.136278,False,0,22.747
3,69,125,7e-06,2e-06,1e-06,0.136017,False,0,22.7472
3,70,125,8e-06,2e-06,1e-06,0.135797,False,0,22.7474
3,71,124,2.2e-05,5e-06,2e-06,0.135556,False,0,22.7462
3,72,123,1.1e-05,3e-06,1e-06,0.135384,False,0,22.7471
3,73,122,5.3e-05,1.3e-05,5e-06,0.135236,False,0,22.7482
3,74,121,1.4e-05,3e-06,2e-06,0.135113,False,0,22.7478
3,75,120,5.1e-05,1.3e-05,6e-06,0.134943,False,0,22.75
3,76,119,7e-06,2e-06,1e-06,0.134845,False,0,22.7484
3,77,118,4e-06,1e-06,0.0,0.134757,False,0,22.7473
3,78,117,8e-06,2e-06,1e-06,0.134689,False,0,22.7471
3,79,116,6e-06,2e-06,1e-06,0.134594,False,0,22.7483
3,80,115,5.7e-05,1.4e-05,8e-06,0.134499,False,0,22.7496
3,81,114,1e-05,2e-06,1e-06,0.134409,False,0,22.7484
3,82,113,1.2e-05,3e-06,1e-06,0.134332,False,0,22.7482
3,83,112,3.3e-05,8e-06,3e-06,0.134212,False,0,22.7467
3,84,111,3.1e-05,8e-06,3e-06,0.134115,False,0,22.7493
3,85,110,4.3e-05,1.1e-05,5e-06,0.134023,False,0,22.7498
3,86,109,3.6e-05,9e-06,5e-06,0.134022,False,0,22.7492
3,87,108,4.5e-05,1.1e-05,5e-06,0.1341,False,0,22.7499
3,88,107,1.8e-05,5e-06,2e-06,0.134164,False,0,22.7489
3,89,106,3.3e-05,8e-06,4e-06,0.134249,False,0,22.7494
3,90,105,1.8e-05,5e-06,2e-06,0.134294,False,0,22.7488
3,91,104,1.9e-05,5e-06,3e-06,0.134338,False,0,22.7489
3,92,103,4.3e-05,1.1e-05,4e-06,0.134382,False,0,22.7497
3,93,102,3.9e-05,1e-05,5e-06,0.134406,False,0,22.7492
3,94,101,3.2e-05,8e-06,3e-06,0.134465,False,0,22.7495
3,95,100,2.2e-05,6e-06,3e-06,0.134509,False,0,22.7489
3,96,99,5.7e-05,1.5e-05,6e-06,0.13458,False,0,22.7501
3,97,98,2e-05,5e-06,2e-06,0.134651,False,0,22.7491
3,98,97,3.4e-05,8e-06,4e-06,0.134733,False,0,22.7495
3,99,96,4.8e-05,1.2e-05,6e-06,0.134802,False,0,22.7499
3,100,95,9.3e-05,2.3e-05,1.2e-05,0.13487,False,0,22.7507
3,101,94,2.7e-05,7e-06,3e-06,0.134984,False,0,22.7494
3,102,93,2e-06,1e-06,0.0,0.135119,False,0,22.7479
3,103,92,6e-06,1e-06,1e-06,0.13529,False,0,22.7484
3,104,91,6e-05,1.5e-05,7e-06,0.135488,False,0,22.7502
3,105,90,0.000107,2.7e-05,1.2e-05,0.135661,False,0,22.7511
3,106,89,9e-05,2.3e-05,1e-05,0.135808,False,0,22.7507
3,107,88,8e-06,2e-06,1e-06,0.135932,False,0,22.7485
3,108,87,4.6e-05,1.2e-05,6e-06,0.136006,False,0,22.7493
3,109,86,3.2e-05,8e-06,4e-06,0.136045,False,0,22.7495
3,110,85,9.4e-05,2.4e-05,1e-05,0.136134,False,0,22.7507
3,111,84,0.00011,2.8e-05,1.2e-05,0.136283,False,0,22.7511
3,112,83,0.000152,3.8e-05,1.8e-05,0.136463,False,0,22.7517
3,113,82,0.000206,5.2e-05,2.5e-05,0.136643,False,0,22.7524
3,114,81,0.000179,4.5e-05,2.2e-05,0.136814,False,0,22.752
3,115,80,0.000238,5.9e-05,2.7e-05,0.136922,False,0,22.7528
3,116,79,0.000187,4.7e-05,2.3e-05,0.13706,False,0,22.7522
3,117,78,0.000225,5.6e-05,2.6e-05,0.137245,False,0,22.7527
3,118,77,0.000155,3.9e-05,1.9e-05,0.137399,False,0,22.7517
3,119,76,0.00012,3e-05,1.5e-05,0.137556,False,0,22.7512
3,120,75,0.000107,2.6e-05,1.3e-05,0.137782,False,0,22.7509
3,121,74,0.000113,2.8e-05,1.3e-05,0.138073,False,0,22.7512
3,122,73,0.000136,3.4e-05,1.7e-05,0.138363,False,0,22.7515
3,123,72,0.000137,3.4e-05,1.7e-05,0.138618,False,0,22.7515
3,124,71,0.000128,3.2e-05,1.4e-05,0.13889,False,0,22.7514
3,125,70,7.9e-05,2e-05,1e-05,0.139142,False,0,22.7506
3,126,69,9.6e-05,2.4e-05,1.1e-05,0.139418,False,0,22.7509
4,52,125,2.6e-05,6e-06,3e-06,0.146904,True,0,22.7462
4,53,125,3.2e-05,8e-06,3e-06,0.14525,False,0,22.7461
4,54,125,7.3e-05,1.8e-05,9e-06,0.143795,False,0,22.7453
4,55,125,5.8e-05,1.4e-05,6e-06,0.142563,False,0,22.7452
4,56,125,2.1e-05,5e-06,2e-06,0.141499,False,0,22.7466
4,57,125,2e-06,1e-06,0.0,0.140579,False,0,22.7473
4,58,125,6e-06,1e-06,1e-06,0.139747,False,0,22.7471
4,59,125,1e-05,3e-06,1e-06,0.139011,False,0,22.7468
4,60,125,4e-06,1e-06,0.0,0.138293,False,0,22.7473
4,61,125,1.1e-05,3e-06,1e-06,0.137696,False,0,22.747
4,62,125,7e-06,2e-06,1e-06,0.137089,False,0,22.7469
4,63,125,4e-06,1e-06,0.0,0.136546,False,0,22.7472
4,64,124,1.8e-05,4e-06,2e-06,0.13605,False,0,22.7463
4,65,123,1.9e-05,5e-06,2e-06,0.135674,False,0,22.7481
4,66,122,1.3e-05,3e-06,1e-06,0.135302,False,0,22.748
4,67,121,1e-05,3e-06,1e-06,0.134917,False,0,22.7486
4,68,120,4e-06,1e-06,0.0,0.1346,False,0,22.7475
4,69,119,3.2e-05,8e-06,4e-06,0.134346,False,0,22.7462
4,70,118,6e-06,1e-06,1e-06,0.134154,False,0,22.7469
4,71,117,2.9e-05,7e-06,3e-06,0.133952,False,0,22.7477
4,72,116,2.5e-05,6e-06,2e-06,0.133788,False,0,22.7488
4,73,115,2e-06,0.0,0.0,0.133588,False,0,22.7474
4,74,114,3e-06,0.0,0.0,0.133405,False,0,22.7479
4,75,113,1.2e-05,3e-06,1e-06,0.133288,False,0,22.748
4,76,112,3e-06,1e-06,0.0,0.133126,False,0,22.748
4,77,111,2e-06,1e-06,0.0,0.133051,False,0,22.7479
4,78,110,2e-05,5e-06,3e-06,0.132991,False,0,22.749
4,79,109,1.2e-05,3e-06,1e-06,0.132914,False,0,22.7488
4,80,108,1.4e-05,3e-06,2e-06,0.132825,False,0,22.7488
4,81,107,4e-06,1e-06,0.0,0.132703,False,0,22.7482
4,82,106,1.1e-05,3e-06,1e-06,0.132637,False,0,22.7487
4,83,105,1.3e-05,3e-06,1e-06,0.132561,False,0,22.7485
4,84,104,1.5e-05,4e-06,2e-06,0.132555,False,0,22.7489
4,85,103,3.1e-05,8e-06,4e-06,0.132532,False,0,22.7492
4,86,102,2.6e-05,6e-06,3e-06,0.132499,False,0,22.7493
4,87,101,2.5e-05,6e-06,3e-06,0.132479,False,0,22.7489
4,88,100,2.5e-05,6e-06,3e-06,0.132454,False,0,22.7491
4,89,99,2.1e-05,5e-06,2e-06,0.132419,False,0,22.7491
4,90,98,4e-05,1e-05,4e-06,0.132399,False,0,22.7497
4,91,97,2.5e-05,6e-06,3e-06,0.132399,False,0,22.7493
4,92,96,2.3e-05,6e-06,3e-06,0.132453,False,0,22.7492
4,93,95,3.9e-05,1e-05,5e-06,0.132523,False,0,22.7495
4,94,94,3.3e-05,8e-06,4e-06,0.132615,False,0,22.7495
4,95,93,2.6e-05,6e-06,3e-06,0.132719,False,0,22.7493
4,96,92,2.3e-05,6e-06,3e-06,0.132802,False,0,22.7492
4,97,91,7.2e-05,1.8e-05,9e-06,0.132856,False,0,22.7503
4,98,90,8.3e-05,2.1e-05,9e-06,0.132894,False,0,22.7507
4,99,89,7.3e-05,1.8e-05,9e-06,0.132979,False,0,22.7504
4,100,88,4.6e-05,1.1e-05,6e-06,0.133088,False,0,22.7499
4,101,87,6e-05,1.5e-05,8e-06,0.133141,False,0,22.7501
4,102,86,4.8e-05,1.2e-05,5e-06,0.13323,False,0,22.7498
4,103,85,6.2e-05,1.6e-05,8e-06,0.133325,False,0,22.7499
4,104,84,6.7e-05,1.7e-05,8e-06,0.133438,False,0,22.7504
4,105,83,0.00012,3e-05,1.5e-05,0.133605,False,0,22.7512
4,106,82,8.2e-05,2.1e-05,1e-05,0.133766,False,0,22.7507
5,52,125,1e-05,3e-06,1e-06,0.147039,True,0,22.747
5,53,125,3.1e-05,8e-06,3e-06,0.14535,False,0,22.7459
5,54,125,6.8e-05,1.7e-05,8e-06,0.14392,False,0,22.745
5,55,125,1e-05,3e-06,1e-06,0.142717,False,0,22.7467
5,56,125,3.7e-05,9e-06,4e-06,0.141663,False,0,22.7469
5,57,125,1.6e-05,4e-06,2e-06,0.140722,False,0,22.7464
5,58,125,2.1e-05,5e-06,2e-06,0.139866,False,0,22.7462
5,59,125,7e-06,2e-06,1e-06,0.13914,False,0,22.747
5,60,125,2.5e-05,6e-06,2e-06,0.138426,False,0,22.748
5,61,125,1.8e-05,4e-06,2e-06,0.137728,False,0,22.7465
5,62,125,2.8e-05,7e-06,3e-06,0.137159,False,0,22.7468
5,63,125,1.6e-05,4e-06,2e-06,0.136654,False,0,22.7475
5,64,125,2.7e-05,7e-06,3e-06,0.136198,False,0,22.7477
5,65,124,5e-06,1e-06,1e-06,0.13575,False,0,22.7473
5,66,123,7e-06,2e-06,1e-06,0.135392,False,0,22.7469
5,67,122,4e-06,1e-06,0.0,0.135068,False,0,22.7477
5,68,121,1.3e-05,3e-06,1e-06,0.134809,False,0,22.7488
5,69,120,3e-06,1e-06,0.0,0.134557,False,0,22.7481
5,70,119,9e-06,2e-06,1e-06,0.134339,False,0,22.7483
5,71,118,1e-05,2e-06,1e-06,0.134145,False,0,22.7478
5,72,117,2.7e-05,7e-06,3e-06,0.13398,False,0,22.7474
5,73,116,3e-05,7e-06,3e-06,0.133802,False,0,22.7463
5,74,115,3e-06,1e-06,0.0,0.133665,False,0,22.7481
5,75,114,2.7e-05,7e-06,2e-06,0.133539,False,0,22.749
5,76,113,1.5e-05,4e-06,2e-06,0.133462,False,0,22.7488
5,77,112,8e-06,2e-06,1e-06,0.133349,False,0,22.7485
5,78,111,4e-06,1e-06,1e-06,0.133226,False,0,22.747
5,79,110,9e-06,2e-06,1e-06,0.133103,False,0,22.7486
5,80,109,2.7e-05,7e-06,3e-06,0.133012,False,0,22.747
5,81,108,2e-06,0.0,0.0,0.132996,False,0,22.7476
5,82,107,1e-06,0.0,0.0,0.132969,False,0,22.7476
5,83,106,1e-05,3e-06,1e-06,0.132938,False,0,22.7472
5,84,105,8e-06,2e-06,1e-06,0.132916,False,0,22.7484
5,85,104,1.4e-05,3e-06,2e-06,0.132879,False,0,22.7488
5,86,103,4.7e-05,1.2e-05,5e-06,0.13285,False,0,22.7482
5,87,102,9.6e-05,2.4e-05,1.1e-05,0.132859,False,0,22.7509
5,88,101,4.6e-05,1.1e-05,4e-06,0.132884,False,0,22.7495
5,89,100,1.1e-05,3e-06,1e-06,0.132948,False,0,22.7487
5,90,99,3e-06,1e-06,0.0,0.132973,False,0,22.7482
5,91,98,5e-06,1e-06,1e-06,0.133012,False,0,22.7479
5,92,97,1.2e-05,3e-06,1e-06,0.133003,False,0,22.7487
5,93,96,2.1e-05,5e-06,2e-06,0.133016,False,0,22.749
5,94,95,1.3e-05,3e-06,2e-06,0.133026,False,0,22.7487
5,95,94,4.6e-05,1.1e-05,5e-06,0.133075,False,0,22.7497
5,96,93,1.5e-05,4e-06,2e-06,0.133153,False,0,22.7488
5,97,92,1.7e-05,4e-06,2e-06,0.133283,False,0,22.7488
5,98,91,3.9e-05,1e-05,5e-06,0.133388,False,0,22.7497
6,52,125,9e-06,2e-06,1e-06,0.146646,True,0,22.747
6,53,125,2.7e-05,7e-06,3e-06,0.144956,False,0,22.7463
6,54,125,5e-06,1e-06,1e-06,0.14352,False,0,22.7471
6,55,125,5e-06,1e-06,1e-06,0.142224,False,0,22.7471
6,56,125,2.4e-05,6e-06,2e-06,0.141142,False,0,22.7483
6,57,125,5e-06,1e-06,1e-06,0.140193,False,0,22.7472
6,58,125,2.7e-05,6e-06,3e-06,0.13937,False,0,22.7461
6,59,125,5.1e-05,1.3e-05,6e-06,0.138631,False,0,22.7454
6,60,125,3.2e-05,8e-06,4e-06,0.137987,False,0,22.7459
6,61,125,8e-06,2e-06,1e-06,0.137335,False,0,22.7468
6,62,125,1e-05,2e-06,1e-06,0.136773,False,0,22.7468
6,63,125,1e-05,3e-06,1e-06,0.136235,False,0,22.7468
6,64,125,3e-06,1e-06,0.0,0.13577,False,0,22.7472
6,65,125,1.1e-05,3e-06,1e-06,0.135363,False,0,22.7468
6,66,125,1.3e-05,3e-06,1e-06,0.134992,False,0,22.7471
6,67,125,1.5e-05,4e-06,1e-06,0.134647,False,0,22.747
6,68,125,1.5e-05,4e-06,1e-06,0.134331,False,0,22.7487
6,69,125,9e-06,2e-06,1e-06,0.13405,False,0,22.7468
6,70,125,1.5e-05,3e-06,2e-06,0.133779,False,0,22.7468
6,71,125,1.3e-05,3e-06,1e-06,0.133541,False,0,22.748
6,72,125,3e-06,1e-06,0.0,0.13336,False,0,22.7481
6,73,125,2.4e-05,6e-06,3e-06,0.133176,False,0,22.7489
6,74,124,1e-05,3e-06,1e-06,0.132978,False,0,22.7485
6,75,123,3e-06,1e-06,0.0,0.132777,False,0,22.748
6,76,122,6e-06,2e-06,1e-06,0.132631,False,0,22.7482
6,77,121,2e-06,0.0,0.0,0.132482,False,0,22.7479
6,78,120,3e-06,1e-06,0.0,0.132388,False,0,22.748
6,79,119,5e-06,1e-06,1e-06,0.132271,False,0,22.7471
6,80,118,5e-06,1e-06,1e-06,0.132193,False,0,22.7483
6,81,117,3e-05,7e-06,2e-06,0.132139,False,0,22.7484
6,82,116,2e-05,5e-06,3e-06,0.132034,False,0,22.7484
6,83,115,1.5e-05,4e-06,2e-06,0.131937,False,0,22.7489
6,84,114,1.1e-05,3e-06,1e-06,0.131862,False,0,22.7478
6,85,113,7e-06,2e-06,1e-06,0.13181,False,0,22.7472
6,86,112,2e-06,0.0,0.0,0.131805,False,0,22.7476
6,87,111,4.2e-05,1.1e-05,4e-06,0.131751,False,0,22.7495
6,88,110,3.5e-05,9e-06,5e-06,0.131739,False,0,22.7495
6,89,109,4.5e-05,1.1e-05,5e-06,0.131724,False,0,22.7499
6,90,108,1.2e-05,3e-06,1e-06,0.131725,False,0,22.7487
6,91,107,2e-06,0.0,0.0,0.131739,False,0,22.748
6,92,106,2.4e-05,6e-06,2e-06,0.131775,False,0,22.7473
6,93,105,1e-05,3e-06,1e-06,0.131773,False,0,22.7487
6,94,104,3e-06,1e-06,0.0,0.131755,False,0,22.7481
6,95,103,1.9e-05,5e-06,3e-06,0.131775,False,0,22.749
6,96,102,5e-06,1e-06,1e-06,0.131825,False,0,22.7483
6,97,101,1.7e-05,4e-06,1e-06,0.131958,False,0,22.7478
6,98,100,3.7e-05,9e-06,4e-06,0.132044,False,0,22.7482
6,99,99,2.9e-05,7e-06,3e-06,0.132088,False,0,22.7491
6,100,98,1.3e-05,3e-06,1e-06,0.132153,False,0,22.7488
6,101,97,1e-05,3e-06,1e-06,0.132278,False,0,22.7483
6,102,96,1e-05,2e-06,1e-06,0.132345,False,0,22.7483
6,103,95,3e-06,1e-06,0.0,0.132442,False,0,22.7474
6,104,94,7e-06,2e-06,1e-06,0.132557,False,0,22.7471
6,105,93,6e-06,1e-06,1e-06,0.132666,False,0,22.7479
7,52,125,0.00015,3.7e-05,1.7e-05,0.149727,True,0,22.7436
7,53,125,0.000124,3.1e-05,1.5e-05,0.148019,True,0,22.7441
7,54,125,0.000247,6.2e-05,3e-05,0.146548,True,0,22.7426
7,55,125,0.000355,8.9e-05,4e-05,0.145301,False,0,22.7415
7,56,125,0.000438,0.00011,4.7e-05,0.14422,False,0,22.7409
7,57,125,0.00032,8e-05,3.9e-05,0.143248,False,0,22.7419
7,58,125,0.00025,6.3e-05,2.9e-05,0.14236,False,0,22.7424
7,59,125,0.000169,4.2e-05,2e-05,0.141567,False,0,22.7433
7,60,125,0.000251,6.3e-05,2.9e-05,0.140877,False,0,22.7424
7,61,125,0.000247,6.2e-05,3e-05,0.140251,False,0,22.7425
7,62,125,0.00026,6.5e-05,3e-05,0.139571,False,0,22.7423
7,63,125,0.000203,5.1e-05,2.5e-05,0.138964,False,0,22.743
7,64,125,0.000259,6.5e-05,3.1e-05,0.138427,False,0,22.7423
7,65,125,0.000342,8.5e-05,4e-05,0.137938,False,0,22.7415
7,66,125,0.000335,8.4e-05,4e-05,0.137519,False,0,22.7416
7,67,125,0.000257,6.4e-05,3.1e-05,0.13716,False,0,22.7425
7,68,125,0.000194,4.9e-05,2.2e-05,0.136797,False,0,22.7431
7,69,125,0.000143,3.6e-05,1.6e-05,0.136461,False,0,22.7437
7,70,125,0.000275,6.9e-05,3.1e-05,0.136101,False,0,22.7421
7,71,125,0.000253,6.3e-05,2.9e-05,0.13581,False,0,22.7424
7,72,125,0.000357,8.9e-05,4.2e-05,0.135491,False,0,22.7414
7,73,125,0.000144,3.6e-05,1.5e-05,0.135162,False,0,22.7438
7,74,125,8.1e-05,2e-05,1e-05,0.13492,False,0,22.745
7,75,125,4.2e-05,1e-05,5e-06,0.134704,False,0,22.7455
7,76,125,4.7e-05,1.2e-05,6e-06,0.134492,False,0,22.7454
7,77,125,0.000102,2.5e-05,1.1e-05,0.13423,False,0,22.7444
7,78,125,0.0003,7.5e-05,3.6e-05,0.134002,False,0,22.7419
7,79,125,0.000242,6e-05,2.8e-05,0.133863,False,0,22.7425
7,80,125,0.000434,0.000109,5.1e-05,0.133736,False,0,22.7407
7,81,125,0.000268,6.7e-05,3e-05,0.133607,False,0,22.7423
7,82,125,0.000279,7e-05,3.2e-05,0.133466,False,0,22.7421
7,83,125,0.000181,4.5e-05,2.1e-05,0.133304,False,0,22.7432
7,84,125,0.000132,3.3e-05,1.6e-05,0.13313,False,0,22.7439
7,85,125,0.000149,3.8e-05,1.6e-05,0.132985,False,0,22.7437
7,86,125,0.000115,2.9e-05,1.4e-05,0.132923,False,0,22.7443
7,87,125,0.000156,3.9e-05,1.7e-05,0.132908,False,0,22.7435
7,88,125,8.9e-05,2.2e-05,1.1e-05,0.132938,False,0,22.7446
7,89,125,2.5e-05,6e-06,3e-06,0.13293,False,0,22.7469
7,90,125,1e-06,0.0,0.0,0.13289,False,0,22.7474
7,91,125,1e-05,2e-06,1e-06,0.132884,False,0,22.748
7,92,125,1.6e-05,4e-06,2e-06,0.132912,False,0,22.7466
7,93,125,1.5e-05,4e-06,2e-06,0.132896,False,0,22.7464
7,94,125,2.9e-05,7e-06,4e-06,0.132887,False,0,22.746
7,95,125,3.7e-05,9e-06,4e-06,0.132896,False,0,22.7456
7,96,125,5.4e-05,1.3e-05,6e-06,0.132889,False,0,22.7453
7,97,125,2.8e-05,7e-06,3e-06,0.132918,False,0,22.7459
7,98,125,8.1e-05,2e-05,1e-05,0.132913,False,0,22.7448
7,99,125,3.4e-05,8e-06,4e-06,0.132944,False,0,22.7458
7,100,125,4.1e-05,1e-05,5e-06,0.132918,False,0,22.7457
7,101,125,2.9e-05,7e-06,3e-06,0.132897,False,0,22.7459
7,102,125,0.000115,2.9e-05,1.3e-05,0.1329,False,0,22.7441
7,103,125,4.7e-05,1.2e-05,6e-06,0.132866,False,0,22.7455
7,104,125,5.6e-05,1.4e-05,7e-06,0.132858,False,0,22.7454
7,105,125,4.7e-05,1.2e-05,5e-06,0.132814,False,0,22.7455
7,106,125,6.3e-05,1.6e-05,8e-06,0.13286,False,0,22.7451
7,107,125,0.000107,2.7e-05,1.3e-05,0.132859,False,0,22.7442
7,108,125,4.6e-05,1.1e-05,5e-06,0.132934,False,0,22.7454
7,109,125,4.3e-05,1e-05,5e-06,0.132969,False,0,22.7456
7,110,125,3.6e-05,9e-06,4e-06,0.133039,False,0,22.7457
7,111,125,5.8e-05,1.4e-05,6e-06,0.133082,False,0,22.7452
7,112,125,1.9e-05,5e-06,2e-06,0.133127,False,0,22.7462
7,113,125,1.5e-05,4e-06,2e-06,0.133118,False,0,22.7466
7,114,125,7e-05,1.7e-05,9e-06,0.133103,False,0,22.745
7,115,125,0.000152,3.8e-05,1.6e-05,0.133122,False,0,22.7437
7,116,125,1e-04,2.5e-05,1.2e-05,0.133195,False,0,22.7444
7,117,125,9.1e-05,2.3e-05,1e-05,0.133225,False,0,22.7445
7,118,125,9e-05,2.3e-05,1.1e-05,0.133217,False,0,22.7445
7,119,125,7.9e-05,1.9e-05,1e-05,0.133201,False,0,22.7447
7,120,125,5.1e-05,1.3e-05,6e-06,0.1332,False,0,22.7455
7,121,125,0.000111,2.7e-05,1.3e-05,0.133238,False,0,22.7442
7,122,125,5.9e-05,1.5e-05,6e-06,0.133253,False,0,22.7454
7,123,125,9.2e-05,2.3e-05,1.1e-05,0.133322,False,0,22.7445
7,124,125,4.9e-05,1.2e-05,5e-06,0.133374,False,0,22.7454
7,125,125,3.8e-05,9e-06,4e-06,0.133423,False,0,22.7457
7,126,125,5e-05,1.3e-05,6e-06,0.133425,False,0,22.7453
7,127,124,7.1e-05,1.8e-05,8e-06,0.133453,False,0,22.7449
7,128,123,2.2e-05,5e-06,3e-06,0.133499,False,0,22.7462
7,129,122,4e-05,1e-05,5e-06,0.133559,False,0,22.7457
7,130,121,1.5e-05,4e-06,2e-06,0.13364,False,0,22.7466
7,131,120,3.6e-05,9e-06,4e-06,0.133702,False,0,22.7458
7,132,119,2.3e-05,5e-06,2e-06,0.133781,False,0,22.7468
7,133,118,1.1e-05,3e-06,1e-06,0.133884,False,0,22.7467
7,134,117,3.8e-05,1e-05,4e-06,0.133984,False,0,22.7457
7,135,116,3.1e-05,8e-06,3e-06,0.134088,False,0,22.746
7,136,115,1.2e-05,3e-06,1e-06,0.134157,False,0,22.747
7,137,114,1e-06,0.0,0.0,0.134264,False,0,22.7476
7,138,113,6e-06,2e-06,1e-06,0.134358,False,0,22.747
7,139,112,1.3e-05,3e-06,1e-06,0.134497,False,0,22.7467
7,140,111,3.4e-05,8e-06,4e-06,0.134592,False,0,22.7458
7,141,110,2e-06,0.0,0.0,0.134654,False,0,22.7475
7,142,109,2e-06,1e-06,0.0,0.134706,False,0,22.748
7,143,108,1.4e-05,4e-06,1e-06,0.134761,False,0,22.7487
7,144,107,1.1e-05,3e-06,1e-06,0.134806,False,0,22.7485
7,145,106,2e-06,0.0,0.0,0.134834,False,0,22.7474
7,146,105,6e-06,1e-06,1e-06,0.134886,False,0,22.747
7,147,104,9e-06,2e-06,1e-06,0.134942,False,0,22.7472
7,148,103,8e-06,2e-06,1e-06,0.135014,False,0,22.7479
7,149,102,2.4e-05,6e-06,2e-06,0.13507,False,0,22.7464
7,150,101,2e-06,1e-06,0.0,0.135177,False,0,22.7473
7,151,100,8e-06,2e-06,1e-06,0.135256,False,0,22.7468
7,152,99,2e-06,0.0,0.0,0.135398,False,0,22.7475
7,153,98,8e-06,2e-06,1e-06,0.135525,False,0,22.7468
7,154,97,2e-06,1e-06,0.0,0.135637,False,0,22.7473
7,155,96,5e-06,1e-06,0.0,0.135724,False,0,22.7471
7,156,95,3e-06,1e-06,0.0,0.135798,False,0,22.7477
7,157,94,7e-06,2e-06,1e-06,0.135869,False,0,22.7469
7,158,93,1e-05,3e-06,1e-06,0.13591,False,0,22.7484
7,159,92,3.2e-05,8e-06,4e-06,0.135956,False,0,22.7495
7,160,91,5.5e-05,1.4e-05,7e-06,0.13603,False,0,22.7501
8,52,125,1.9e-05,5e-06,2e-06,0.146048,True,0,22.7463
8,53,125,6.7e-05,1.7e-05,8e-06,0.144367,False,0,22.745
8,54,125,6.3e-05,1.6e-05,8e-06,0.142952,False,0,22.7456
8,55,125,0.000169,4.2e-05,1.9e-05,0.141719,False,0,22.7434
8,56,125,3.1e-05,8e-06,4e-06,0.140568,False,0,22.7459
8,57,125,4.1e-05,1e-05,5e-06,0.139627,False,0,22.7456
8,58,125,1.4e-05,3e-06,2e-06,0.138772,False,0,22.7465
8,59,125,1e-05,2e-06,1e-06,0.138028,False,0,22.7467
8,60,125,2.8e-05,7e-06,3e-06,0.137303,False,0,22.746
8,61,125,2.3e-05,6e-06,3e-06,0.136679,False,0,22.7463
8,62,125,4.3e-05,1.1e-05,5e-06,0.136107,False,0,22.7455
8,63,125,1.4e-05,3e-06,2e-06,0.135608,False,0,22.7465
8,64,125,1.2e-05,3e-06,1e-06,0.135114,False,0,22.7467
8,65,125,4e-06,1e-06,0.0,0.134672,False,0,22.747
8,66,125,1.4e-05,4e-06,1e-06,0.134265,False,0,22.7469
8,67,125,6e-06,1e-06,1e-06,0.133908,False,0,22.7483
8,68,125,3.6e-05,9e-06,4e-06,0.133611,False,0,22.7463
8,69,125,4.6e-05,1.1e-05,6e-06,0.133297,False,0,22.7455
8,70,125,0.000108,2.7e-05,1.2e-05,0.133015,False,0,22.7443
8,71,125,2.4e-05,6e-06,3e-06,0.132772,False,0,22.7461
8,72,125,4.5e-05,1.1e-05,5e-06,0.132588,False,0,22.7455
8,73,125,1e-05,2e-06,1e-06,0.132374,False,0,22.747
8,74,125,3.2e-05,8e-06,4e-06,0.13216,False,0,22.7458
8,75,125,1.5e-05,4e-06,2e-06,0.131977,False,0,22.7464
8,76,125,1.5e-05,4e-06,2e-06,0.131869,False,0,22.7464
8,77,125,3.2e-05,8e-06,4e-06,0.13174,False,0,22.7459
8,78,125,7.7e-05,1.9e-05,8e-06,0.131648,False,0,22.7451
8,79,125,5.3e-05,1.3e-05,6e-06,0.131508,False,0,22.7454
8,80,125,3.5e-05,8e-06,4e-06,0.13143,False,0,22.7457
8,81,125,1.4e-05,4e-06,1e-06,0.131279,False,0,22.7466
8,82,125,2e-05,5e-06,3e-06,0.131175,False,0,22.7464
8,83,125,3e-06,1e-06,0.0,0.131066,False,0,22.7476
8,84,125,2.3e-05,6e-06,2e-06,0.131042,False,0,22.747
8,85,125,2.5e-05,6e-06,2e-06,0.13103,False,0,22.7489
8,86,125,5e-06,1e-06,1e-06,0.130977,False,0,22.7483
8,87,125,2.2e-05,6e-06,3e-06,0.130937,False,0,22.7492
8,88,125,3.2e-05,8e-06,3e-06,0.130895,False,0,22.7495
8,89,125,9e-06,2e-06,1e-06,0.130862,False,0,22.7476
8,90,125,3.1e-05,8e-06,4e-06,0.130892,False,0,22.7491
8,91,125,2.7e-05,7e-06,2e-06,0.130862,False,0,22.7486
8,92,125,2.7e-05,7e-06,3e-06,0.130886,False,0,22.7484
8,93,125,4e-06,1e-06,0.0,0.130867,False,0,22.7474
8,94,125,4e-05,1e-05,3e-06,0.130891,False,0,22.7482
8,95,125,5e-06,1e-06,1e-06,0.130936,False,0,22.7473
8,96,125,5e-06,1e-06,1e-06,0.130985,False,0,22.7483
8,97,125,1.9e-05,5e-06,2e-06,0.131053,False,0,22.7467
8,98,125,6e-06,1e-06,1e-06,0.131095,False,0,22.7471
8,99,125,3.3e-05,8e-06,3e-06,0.131134,False,0,22.7463
8,100,125,1.2e-05,3e-06,1e-06,0.131114,False,0,22.7467
8,101,125,1.2e-05,3e-06,1e-06,0.131115,False,0,22.7488
8,102,125,4.6e-05,1.2e-05,5e-06,0.131111,False,0,22.7499
8,103,125,2.4e-05,6e-06,3e-06,0.131185,False,0,22.7487
8,104,125,1.2e-05,3e-06,2e-06,0.131229,False,0,22.7487
8,105,125,7e-06,2e-06,1e-06,0.131318,False,0,22.7469
8,106,125,2e-06,0.0,0.0,0.131415,False,0,22.7476
8,107,125,1.5e-05,4e-06,2e-06,0.131497,False,0,22.7474
8,108,125,1.3e-05,3e-06,2e-06,0.131571,False,0,22.7482
8,109,125,8e-06,2e-06,1e-06,0.131647,False,0,22.7485
8,110,125,8e-06,2e-06,1e-06,0.131743,False,0,22.7468
8,111,125,1.4e-05,3e-06,2e-06,0.13188,False,0,22.7486
8,112,125,5.5e-05,1.4e-05,6e-06,0.131979,False,0,22.7501
8,113,125,5.8e-05,1.5e-05,6e-06,0.132098,False,0,22.7501
8,114,125,5e-06,1e-06,1e-06,0.132223,False,0,22.7481
8,115,125,1e-06,0.0,0.0,0.132393,False,0,22.7475
8,116,125,2e-06,0.0,0.0,0.132563,False,0,22.7478
8,117,125,3e-06,1e-06,0.0,0.132656,False,0,22.748
8,118,125,4.6e-05,1.2e-05,4e-06,0.132759,False,0,22.7461
8,119,125,6e-06,2e-06,1e-06,0.132855,False,0,22.7475
8,120,125,1.5e-05,4e-06,2e-06,0.132967,False,0,22.7464
8,121,125,4e-06,1e-06,0.0,0.133049,False,0,22.7471
8,122,125,3.4e-05,8e-06,3e-06,0.133155,False,0,22.747
8,123,125,8e-06,2e-06,1e-06,0.133246,False,0,22.7483
8,124,125,5e-06,1e-06,1e-06,0.13339,False,0,22.7484
8,125,125,1e-05,2e-06,1e-06,0.133551,False,0,22.7487
8,126,125,6.3e-05,1.6e-05,7e-06,0.133668,False,0,22.7484
8,127,125,1.4e-05,3e-06,1e-06,0.133821,False,0,22.7486
8,128,125,9e-06,2e-06,1e-06,0.133944,False,0,22.7484
8,129,125,2.6e-05,7e-06,3e-06,0.134102,False,0,22.7492
8,130,125,1.9e-05,5e-06,2e-06,0.134243,False,0,22.7491
8,131,125,5e-06,1e-06,1e-06,0.134371,False,0,22.748
8,132,125,4e-06,1e-06,0.0,0.134543,False,0,22.7473
8,133,125,1.9e-05,5e-06,2e-06,0.13465,False,0,22.748
8,134,125,3.5e-05,9e-06,4e-06,0.134748,False,0,22.7496
8,135,125,2.1e-05,5e-06,3e-06,0.134839,False,0,22.7487
8,136,125,8.6e-05,2.2e-05,1.1e-05,0.135001,False,0,22.7507
8,137,124,4.4e-05,1.1e-05,5e-06,0.135146,False,0,22.7498
8,138,123,6.2e-05,1.5e-05,7e-06,0.135284,False,0,22.7502
8,139,122,3e-05,8e-06,4e-06,0.135445,False,0,22.7494
8,140,121,3.2e-05,8e-06,4e-06,0.135536,False,0,22.7494
8,141,120,1.7e-05,4e-06,2e-06,0.135658,False,0,22.749
8,142,119,1.4e-05,4e-06,2e-06,0.135786,False,0,22.7487
8,143,118,4.8e-05,1.2e-05,6e-06,0.135979,False,0,22.7481
8,144,117,2.4e-05,6e-06,3e-06,0.136112,False,0,22.7493
8,145,116,1.9e-05,4e-06,2e-06,0.136265,False,0,22.749
8,146,115,6e-06,2e-06,1e-06,0.136416,False,0,22.7482
8,147,114,4.6e-05,1.2e-05,6e-06,0.136556,False,0,22.7486
8,148,113,4.2e-05,1.1e-05,5e-06,0.136649,False,0,22.7495
8,149,112,4.4e-05,1.1e-05,5e-06,0.136792,False,0,22.7499
8,150,111,9.4e-05,2.4e-05,1.2e-05,0.137006,False,0,22.7506
8,151,110,0.000106,2.6e-05,1.4e-05,0.137209,False,0,22.7509
8,152,109,8.2e-05,2.1e-05,1e-05,0.137374,False,0,22.7505
8,153,108,1e-05,3e-06,1e-06,0.137515,False,0,22.7485
8,154,107,1.8e-05,4e-06,2e-06,0.137652,False,0,22.7479
8,155,106,1.2e-05,3e-06,1e-06,0.137821,False,0,22.7485
8,156,105,4.1e-05,1e-05,5e-06,0.137981,False,0,22.7482
8,157,104,5e-05,1.2e-05,7e-06,0.138209,False,0,22.7497
8,158,103,3.1e-05,7e-06,3e-06,0.138392,False,0,22.7494
8,159,102,1.8e-05,5e-06,2e-06,0.138596,False,0,22.749
8,160,101,2.4e-05,6e-06,3e-06,0.138815,False,0,22.7492
8,161,100,4.4e-05,1.1e-05,5e-06,0.138991,False,0,22.7498
8,162,99,9.5e-05,2.3e-05,1.2e-05,0.139152,False,0,22.7505
8,163,98,8.6e-05,2.2e-05,9e-06,0.139251,False,0,22.7507
8,164,97,7.2e-05,1.8e-05,9e-06,0.139391,False,0,22.75
8,165,96,7.8e-05,1.9e-05,1e-05,0.139519,False,0,22.7505
8,166,95,7.2e-05,1.8e-05,8e-06,0.13969,False,0,22.7505
9,52,114,5e-06,1e-06,1e-06,0.148791,True,0,22.7477
9,53,113,3.6e-05,9e-06,3e-06,0.147084,True,0,22.7494
9,54,112,2.1e-05,5e-06,2e-06,0.145625,False,0,22.7475
9,55,111,1.7e-05,4e-06,2e-06,0.144361,False,0,22.7468
10,52,125,9.9e-05,2.5e-05,1.2e-05,0.149514,True,0,22.7445
10,53,125,0.000115,2.9e-05,1.4e-05,0.147703,True,0,22.7443
10,54,125,0.000186,4.6e-05,2.2e-05,0.146149,True,0,22.7432
10,55,125,9.6e-05,2.4e-05,1.1e-05,0.144884,False,0,22.7444
10,56,125,0.000182,4.6e-05,2.3e-05,0.143854,False,0,22.7436
10,57,125,8.4e-05,2.1e-05,9e-06,0.142906,False,0,22.7446
10,58,125,0.000142,3.6e-05,1.8e-05,0.142022,False,0,22.7442
10,59,125,0.000117,2.9e-05,1.4e-05,0.141198,False,0,22.7442
10,60,125,7.4e-05,1.8e-05,9e-06,0.140421,False,0,22.7448
10,61,125,9.7e-05,2.4e-05,1.2e-05,0.139733,False,0,22.7445
10,62,125,9.9e-05,2.5e-05,1.2e-05,0.13907,False,0,22.7444
10,63,125,0.000163,4.1e-05,2e-05,0.138542,False,0,22.7435
10,64,125,0.000131,3.3e-05,1.6e-05,0.138081,False,0,22.7439
10,65,125,0.000113,2.9e-05,1.3e-05,0.137695,False,0,22.7441
10,66,125,0.000123,3.1e-05,1.5e-05,0.137349,False,0,22.7445
10,67,125,9.8e-05,2.4e-05,1.1e-05,0.137013,False,0,22.7444
10,68,125,4.9e-05,1.2e-05,6e-06,0.136684,False,0,22.7454
10,69,125,9.4e-05,2.3e-05,1.2e-05,0.136293,False,0,22.7447
10,70,125,2.1e-05,5e-06,3e-06,0.135876,False,0,22.7462
10,71,125,4.4e-05,1.1e-05,5e-06,0.13553,False,0,22.7455
10,72,125,7.8e-05,1.9e-05,9e-06,0.135257,False,0,22.7447
10,73,125,0.000106,2.7e-05,1.3e-05,0.135008,False,0,22.7443
10,74,125,0.000111,2.7e-05,1.4e-05,0.134734,False,0,22.7443
10,75,125,0.000102,2.6e-05,1.1e-05,0.134527,False,0,22.7444
10,76,125,9.6e-05,2.4e-05,1.2e-05,0.134323,False,0,22.7446
10,77,125,0.000135,3.4e-05,1.6e-05,0.134152,False,0,22.7438
10,78,125,0.000109,2.7e-05,1.3e-05,0.133995,False,0,22.7443
10,79,125,0.000152,3.8e-05,1.8e-05,0.133881,False,0,22.7436
10,80,125,9.3e-05,2.3e-05,1.2e-05,0.133775,False,0,22.7446
10,81,125,0.000109,2.7e-05,1.3e-05,0.133695,False,0,22.7442
10,82,125,2.8e-05,7e-06,3e-06,0.133651,False,0,22.7463
10,83,125,5.5e-05,1.4e-05,7e-06,0.133601,False,0,22.7452
10,84,125,7.2e-05,1.8e-05,8e-06,0.13352,False,0,22.7449
10,85,125,6e-05,1.5e-05,7e-06,0.133463,False,0,22.7452
10,86,125,0.00011,2.8e-05,1.3e-05,0.133424,False,0,22.7442
10,87,125,0.000121,3e-05,1.4e-05,0.13338,False,0,22.744
10,88,125,0.000137,3.4e-05,1.7e-05,0.133237,False,0,22.7441
10,89,125,0.000111,2.8e-05,1.2e-05,0.133125,False,0,22.7442
10,90,125,4.6e-05,1.2e-05,6e-06,0.133085,False,0,22.7456
10,91,125,6e-05,1.5e-05,7e-06,0.133041,False,0,22.7451
10,92,125,2.2e-05,5e-06,3e-06,0.132935,False,0,22.7463
10,93,125,2.2e-05,6e-06,3e-06,0.132846,False,0,22.7461
10,94,125,1.9e-05,5e-06,2e-06,0.132804,False,0,22.7466
10,95,125,5e-05,1.2e-05,6e-06,0.132763,False,0,22.7453
10,96,125,1.5e-05,4e-06,2e-06,0.132731,False,0,22.7465
10,97,125,6.2e-05,1.5e-05,7e-06,0.132719,False,0,22.745
10,98,125,3e-06,1e-06,0.0,0.132748,False,0,22.7473
10,99,125,1.8e-05,4e-06,2e-06,0.132764,False,0,22.7469
10,100,125,3.7e-05,9e-06,4e-06,0.132801,False,0,22.7457
10,101,125,4.3e-05,1.1e-05,5e-06,0.132835,False,0,22.7455
10,102,125,0.000133,3.3e-05,1.6e-05,0.132891,False,0,22.7438
10,103,125,4.6e-05,1.1e-05,6e-06,0.132955,False,0,22.7456
10,104,125,1.2e-05,3e-06,1e-06,0.133,False,0,22.7468
10,105,125,5e-06,1e-06,0.0,0.132995,False,0,22.7475
10,106,125,9e-06,2e-06,1e-06,0.132954,False,0,22.7473
10,107,125,6.7e-05,1.7e-05,8e-06,0.132939,False,0,22.745
10,108,125,1e-04,2.5e-05,1.1e-05,0.13297,False,0,22.7445
10,109,125,8.2e-05,2e-05,9e-06,0.133036,False,0,22.7447
10,110,125,4.4e-05,1.1e-05,5e-06,0.133084,False,0,22.7458
10,111,125,1.8e-05,4e-06,2e-06,0.133109,False,0,22.7464
10,112,125,7e-06,2e-06,1e-06,0.133124,False,0,22.7473
10,113,125,3e-06,1e-06,0.0,0.133112,False,0,22.7481
10,114,125,2e-06,1e-06,0.0,0.133125,False,0,22.7479
10,115,125,4.2e-05,1.1e-05,5e-06,0.13315,False,0,22.7466
10,116,125,4.9e-05,1.2e-05,5e-06,0.133148,False,0,22.7457
10,117,125,4.8e-05,1.2e-05,6e-06,0.13318,False,0,22.7454
10,118,125,7.7e-05,1.9e-05,9e-06,0.133261,False,0,22.7448
10,119,125,7.1e-05,1.7e-05,9e-06,0.133301,False,0,22.7449
10,120,125,4.9e-05,1.2e-05,5e-06,0.133355,False,0,22.7454
10,121,125,3.1e-05,8e-06,4e-06,0.133436,False,0,22.7461
10,122,125,4.2e-05,1.1e-05,5e-06,0.133548,False,0,22.7456
10,123,125,7e-05,1.8e-05,9e-06,0.133649,False,0,22.745
10,124,125,9.5e-05,2.4e-05,9e-06,0.133743,False,0,22.7451
10,125,125,9e-06,2e-06,1e-06,0.133792,False,0,22.747
10,126,125,5e-06,1e-06,1e-06,0.133852,False,0,22.7473
10,127,125,4e-06,1e-06,1e-06,0.133909,False,0,22.7477
10,128,125,3e-05,7e-06,4e-06,0.13398,False,0,22.7459
10,129,125,9e-06,2e-06,1e-06,0.134035,False,0,22.7477
10,130,125,5e-06,1e-06,0.0,0.134115,False,0,22.7481
10,131,125,1.8e-05,5e-06,2e-06,0.134192,False,0,22.7485
10,132,125,5e-06,1e-06,0.0,0.134199,False,0,22.7475
10,133,125,1e-06,0.0,0.0,0.134205,False,0,22.7475
10,134,125,9e-06,2e-06,1e-06,0.134252,False,0,22.7485
10,135,125,5e-06,1e-06,1e-06,0.134285,False,0,22.7484
10,136,125,2.1e-05,5e-06,2e-06,0.134293,False,0,22.749
10,137,125,2e-06,0.0,0.0,0.134345,False,0,22.7479
10,138,125,3e-06,1e-06,0.0,0.134355,False,0,22.7479
10,139,125,4e-06,1e-06,1e-06,0.134402,False,0,22.7482
10,140,125,3e-06,1e-06,0.0,0.134459,False,0,22.7478
10,141,125,2.3e-05,6e-06,2e-06,0.134589,False,0,22.749
10,142,125,1.5e-05,4e-06,2e-06,0.134682,False,0,22.7471
10,143,125,4e-06,1e-06,0.0,0.134809,False,0,22.7474
10,144,125,2.1e-05,5e-06,2e-06,0.134873,False,0,22.7468
10,145,125,8e-06,2e-06,1e-06,0.134971,False,0,22.7469
10,146,125,1.3e-05,3e-06,1e-06,0.13502,False,0,22.7474
10,147,125,4e-06,1e-06,1e-06,0.135115,False,0,22.7479
10,148,125,1.4e-05,3e-06,1e-06,0.135191,False,0,22.7486
10,149,125,1e-06,1e-06,0.0,0.135276,False,0,22.7476
10,150,125,3e-05,7e-06,4e-06,0.135363,False,0,22.7491
10,151,125,5e-06,1e-06,1e-06,0.135436,False,0,22.748
10,152,125,3.2e-05,8e-06,4e-06,0.135563,False,0,22.7487
10,153,125,2e-06,1e-06,0.0,0.135675,False,0,22.7479
10,154,125,1e-06,0.0,0.0,0.135754,False,0,22.7477
10,155,125,9e-06,2e-06,1e-06,0.135801,False,0,22.7485
10,156,125,3e-06,1e-06,0.0,0.135844,False,0,22.7481
10,157,125,1.2e-05,3e-06,2e-06,0.13594,False,0,22.7486
10,158,125,3e-06,1e-06,0.0,0.136038,False,0,22.7477
10,159,125,2e-06,1e-06,0.0,0.136121,False,0,22.7478
10,160,125,1.5e-05,3e-06,2e-06,0.136222,False,0,22.7489
10,161,125,1.9e-05,5e-06,2e-06,0.136288,False,0,22.749
10,162,125,5.1e-05,1.3e-05,6e-06,0.136383,False,0,22.75
10,163,125,1.4e-05,4e-06,2e-06,0.136403,False,0,22.7489
10,164,124,1.4e-05,4e-06,1e-06,0.136434,False,0,22.7487
10,165,123,1.3e-05,3e-06,2e-06,0.136456,False,0,22.7484
10,166,122,3.2e-05,8e-06,4e-06,0.136515,False,0,22.7493
10,167,121,5e-05,1.3e-05,6e-06,0.136564,False,0,22.75
10,168,120,2.6e-05,7e-06,3e-06,0.136679,False,0,22.7492
10,169,119,2e-05,5e-06,2e-06,0.136805,False,0,22.7491
10,170,118,1e-06,0.0,0.0,0.136941,False,0,22.7477
10,171,117,7e-06,2e-06,1e-06,0.136996,False,0,22.7485
10,172,116,5e-06,1e-06,1e-06,0.137033,False,0,22.7478
10,173,115,2.8e-05,7e-06,3e-06,0.137097,False,0,22.7494
10,174,114,4e-05,1e-05,5e-06,0.137182,False,0,22.7497
10,175,113,7.3e-05,1.8e-05,9e-06,0.137292,False,0,22.7505
10,176,112,2.7e-05,7e-06,3e-06,0.137419,False,0,22.7492
10,177,111,2.2e-05,6e-06,3e-06,0.137534,False,0,22.7492
10,178,110,5e-06,1e-06,1e-06,0.137673,False,0,22.7472
10,179,109,3.9e-05,1e-05,4e-06,0.137801,False,0,22.7465
10,180,108,6e-06,1e-06,1e-06,0.13791,False,0,22.7471
10,181,107,2e-06,1e-06,0.0,0.137989,False,0,22.748
10,182,106,1.3e-05,3e-06,1e-06,0.138082,False,0,22.7488
10,183,105,4.1e-05,1e-05,5e-06,0.13826,False,0,22.7498
10,184,104,8.9e-05,2.2e-05,1.1e-05,0.138399,False,0,22.7507
10,185,103,9.9e-05,2.5e-05,1.2e-05,0.13859,False,0,22.7508
10,186,102,6.4e-05,1.6e-05,8e-06,0.138713,False,0,22.7503
10,187,101,5.6e-05,1.4e-05,6e-06,0.138863,False,0,22.7501
10,188,100,8.4e-05,2.1e-05,9e-06,0.139013,False,0,22.7505
10,189,99,8.6e-05,2.1e-05,1.1e-05,0.139226,False,0,22.7501
10,190,98,7.2e-05,1.8e-05,7e-06,0.139427,False,0,22.7502
10,191,97,5e-05,1.3e-05,6e-06,0.139546,False,0,22.7489
10,192,96,3.3e-05,8e-06,4e-06,0.139667,False,0,22.7495
11,52,125,1.5e-05,4e-06,2e-06,0.151831,True,0,22.7471
11,53,125,4e-06,1e-06,0.0,0.150128,True,0,22.7473
11,54,125,1.5e-05,4e-06,2e-06,0.148728,True,0,22.7478
11,55,125,8e-06,2e-06,1e-06,0.147516,True,0,22.7469
11,56,124,3.4e-05,8e-06,4e-06,0.146459,True,0,22.746
11,57,123,1.6e-05,4e-06,2e-06,0.145557,False,0,22.7478
11,58,122,4e-06,1e-06,0.0,0.144735,False,0,22.7479
11,59,121,4.6e-05,1.1e-05,6e-06,0.143965,False,0,22.7487
11,60,120,2e-05,5e-06,2e-06,0.14328,False,0,22.7491
11,61,119,2.8e-05,7e-06,3e-06,0.142661,False,0,22.7494
11,62,118,2.5e-05,6e-06,3e-06,0.142147,False,0,22.7493
11,63,117,1.2e-05,3e-06,1e-06,0.141657,False,0,22.7479
11,64,116,3e-06,1e-06,0.0,0.141205,False,0,22.7476
11,65,115,1e-05,2e-06,1e-06,0.1408,False,0,22.7473
11,66,114,2.2e-05,5e-06,3e-06,0.140427,False,0,22.7478
11,67,113,6e-06,2e-06,1e-06,0.140088,False,0,22.7482
11,68,112,2.3e-05,6e-06,3e-06,0.139753,False,0,22.7486
11,69,111,7e-06,2e-06,1e-06,0.139458,False,0,22.7485
11,70,110,4.3e-05,1.1e-05,5e-06,0.13925,False,0,22.7498
11,71,109,5e-06,1e-06,0.0,0.139054,False,0,22.748
11,72,108,5.6e-05,1.4e-05,6e-06,0.138804,False,0,22.7475
11,73,107,8e-06,2e-06,1e-06,0.138544,False,0,22.7481
11,74,106,1.7e-05,4e-06,2e-06,0.138341,False,0,22.7489
11,75,105,4.1e-05,1e-05,5e-06,0.138234,False,0,22.7498
11,76,104,3.6e-05,9e-06,5e-06,0.138132,False,0,22.749
11,77,103,2e-05,5e-06,3e-06,0.138033,False,0,22.7491
11,78,102,2.8e-05,7e-06,4e-06,0.137947,False,0,22.7493
11,79,101,2e-06,0.0,0.0,0.137888,False,0,22.748
11,80,100,2e-05,5e-06,2e-06,0.137863,False,0,22.7478
11,81,99,1e-06,0.0,0.0,0.137864,False,0,22.7477
11,82,98,0.000121,3e-05,1.4e-05,0.137889,False,0,22.7489
11,83,97,5.3e-05,1.3e-05,5e-06,0.137888,False,0,22.7499
12,52,125,0.000221,5.5e-05,2.7e-05,0.149851,True,0,22.7431
12,53,125,0.000308,7.7e-05,3.5e-05,0.148141,True,0,22.7419
12,54,125,0.000399,1e-04,4.7e-05,0.146697,True,0,22.7411
12,55,125,0.000587,0.000147,6.8e-05,0.145542,False,0,22.7396
12,56,125,0.000291,7.3e-05,3.4e-05,0.14449,False,0,22.742
12,57,125,0.000352,8.8e-05,4.3e-05,0.143554,False,0,22.7416
12,58,125,0.000457,0.000114,5.5e-05,0.142746,False,0,22.7407
12,59,125,0.000641,0.00016,7.3e-05,0.142017,False,0,22.7392
12,60,125,0.00036,9e-05,4.2e-05,0.141363,False,0,22.7414
12,61,125,0.00019,4.7e-05,2.1e-05,0.140724,False,0,22.7431
12,62,125,6.5e-05,1.6e-05,8e-06,0.140124,False,0,22.7453
12,63,125,0.000138,3.4e-05,1.6e-05,0.139554,False,0,22.7438
12,64,125,0.000183,4.6e-05,2.2e-05,0.139019,False,0,22.7432
12,65,125,0.000239,6e-05,3e-05,0.138563,False,0,22.7429
12,66,125,0.000237,5.9e-05,2.7e-05,0.138167,False,0,22.7426
12,67,125,0.000114,2.9e-05,1.4e-05,0.137716,False,0,22.7441
12,68,125,5e-05,1.2e-05,6e-06,0.137308,False,0,22.7454
12,69,125,0.000103,2.6e-05,1.2e-05,0.136942,False,0,22.7443
12,70,125,6.9e-05,1.7e-05,8e-06,0.136643,False,0,22.7449
12,71,125,0.000102,2.5e-05,1.2e-05,0.136344,False,0,22.7445
12,72,125,1e-04,2.5e-05,1.2e-05,0.136071,False,0,22.7444
12,73,125,9.9e-05,2.5e-05,1.2e-05,0.13582,False,0,22.7444
12,74,125,0.000284,7.1e-05,3.3e-05,0.135595,False,0,22.7421
12,75,125,0.000148,3.7e-05,1.7e-05,0.135387,False,0,22.7436
12,76,125,7.4e-05,1.9e-05,9e-06,0.135241,False,0,22.7452
12,77,125,3.8e-05,9e-06,4e-06,0.135097,False,0,22.7457
12,78,125,5.5e-05,1.4e-05,7e-06,0.134936,False,0,22.7452
12,79,125,7.8e-05,1.9e-05,9e-06,0.134701,False,0,22.7448
12,80,125,0.000107,2.7e-05,1.3e-05,0.134487,False,0,22.7443
12,81,125,0.000119,3e-05,1.4e-05,0.134304,False,0,22.7441
12,82,125,0.000284,7.1e-05,3.2e-05,0.134253,False,0,22.7421
12,83,125,0.000204,5.1e-05,2.5e-05,0.13418,False,0,22.743
12,84,125,0.000178,4.4e-05,2.1e-05,0.134034,False,0,22.7433
12,85,125,2.8e-05,7e-06,3e-06,0.133899,False,0,22.746
12,86,125,4.6e-05,1.1e-05,6e-06,0.133756,False,0,22.7456
12,87,125,5e-05,1.2e-05,5e-06,0.133698,False,0,22.7458
12,88,125,8.1e-05,2e-05,1e-05,0.133546,False,0,22.7447
12,89,125,0.000119,3e-05,1.4e-05,0.133478,False,0,22.744
12,90,125,0.000246,6.2e-05,3e-05,0.133394,False,0,22.7425
12,91,125,0.000236,5.9e-05,2.7e-05,0.133332,False,0,22.7426
12,92,125,0.000205,5.1e-05,2.5e-05,0.133193,False,0,22.7429
12,93,125,0.000157,3.9e-05,1.8e-05,0.133104,False,0,22.7435
12,94,125,0.000189,4.7e-05,2.2e-05,0.133049,False,0,22.7431
12,95,125,9.5e-05,2.4e-05,1.2e-05,0.133002,False,0,22.7445
12,96,125,3.4e-05,8e-06,4e-06,0.132979,False,0,22.7458
12,97,125,5e-05,1.3e-05,6e-06,0.132952,False,0,22.7454
12,98,125,1.5e-05,4e-06,2e-06,0.132971,False,0,22.7466
12,99,125,4.1e-05,1e-05,5e-06,0.132986,False,0,22.7462
12,100,125,3.1e-05,8e-06,4e-06,0.132945,False,0,22.7458
12,101,125,9.4e-05,2.4e-05,1.1e-05,0.13294,False,0,22.7445
12,102,125,0.00013,3.2e-05,1.4e-05,0.132951,False,0,22.7441
12,103,125,0.000139,3.5e-05,1.7e-05,0.13298,False,0,22.7438
12,104,125,0.000159,4e-05,1.7e-05,0.133015,False,0,22.7436
12,105,125,4.2e-05,1.1e-05,5e-06,0.132994,False,0,22.7456
12,106,125,2.6e-05,7e-06,3e-06,0.132932,False,0,22.7463
12,107,125,6.5e-05,1.6e-05,7e-06,0.13292,False,0,22.7451
12,108,125,0.000108,2.7e-05,1.4e-05,0.132932,False,0,22.7445
12,109,125,0.000126,3.2e-05,1.4e-05,0.132968,False,0,22.744
12,110,125,4.6e-05,1.1e-05,6e-06,0.13299,False,0,22.7456
12,111,125,4.6e-05,1.2e-05,5e-06,0.133022,False,0,22.7457
12,112,125,3.5e-05,9e-06,4e-06,0.133045,False,0,22.7459
12,113,125,8.1e-05,2e-05,9e-06,0.133066,False,0,22.7448
12,114,125,5.1e-05,1.3e-05,6e-06,0.133122,False,0,22.7453
12,115,125,4.8e-05,1.2e-05,5e-06,0.13319,False,0,22.7455
12,116,125,3.9e-05,1e-05,5e-06,0.133272,False,0,22.7465
12,117,125,6.2e-05,1.6e-05,7e-06,0.133323,False,0,22.7452
12,118,125,8.8e-05,2.2e-05,9e-06,0.13338,False,0,22.7447
12,119,125,6.2e-05,1.5e-05,7e-06,0.133417,False,0,22.7451
12,120,125,5.9e-05,1.5e-05,7e-06,0.133469,False,0,22.7452
12,121,125,8.7e-05,2.2e-05,9e-06,0.133565,False,0,22.7449
12,122,125,7e-06,2e-06,1e-06,0.133646,False,0,22.7469
12,123,125,1.6e-05,4e-06,2e-06,0.133716,False,0,22.7465
12,124,125,3.7e-05,9e-06,4e-06,0.133774,False,0,22.7457
12,125,125,3.1e-05,8e-06,4e-06,0.133817,False,0,22.7458
12,126,125,0.000108,2.7e-05,1.3e-05,0.133877,False,0,22.7443
12,127,125,0.000136,3.4e-05,1.6e-05,0.133983,False,0,22.7438
12,128,125,0.000205,5.1e-05,2.4e-05,0.134107,False,0,22.7429
12,129,125,7.9e-05,2e-05,9e-06,0.134222,False,0,22.7447
12,130,125,1.2e-05,3e-06,1e-06,0.134298,False,0,22.7467
12,131,125,7e-06,2e-06,1e-06,0.134364,False,0,22.7471
12,132,125,8e-06,2e-06,1e-06,0.134425,False,0,22.7468
12,133,125,4.3e-05,1.1e-05,5e-06,0.134501,False,0,22.7455
12,134,125,8.8e-05,2.2e-05,1e-05,0.13462,False,0,22.7446
12,135,125,0.000113,2.8e-05,1.2e-05,0.134699,False,0,22.7445
12,136,125,3e-05,7e-06,4e-06,0.134784,False,0,22.746
12,137,125,2e-05,5e-06,2e-06,0.134817,False,0,22.7462
12,138,125,1.9e-05,5e-06,2e-06,0.134866,False,0,22.7474
12,139,125,1e-06,0.0,0.0,0.134871,False,0,22.7475
12,140,125,1.4e-05,4e-06,1e-06,0.134966,False,0,22.7466
12,141,125,2.2e-05,5e-06,3e-06,0.135054,False,0,22.7461
12,142,125,4.9e-05,1.2e-05,6e-06,0.135206,False,0,22.7454
12,143,125,3.3e-05,8e-06,3e-06,0.135342,False,0,22.7468
12,144,125,1.3e-05,3e-06,1e-06,0.135461,False,0,22.7466
12,145,125,3e-06,1e-06,0.0,0.135584,False,0,22.7473
12,146,125,1.7e-05,4e-06,2e-06,0.135676,False,0,22.7464
12,147,125,5e-06,1e-06,1e-06,0.135755,False,0,22.7472
12,148,125,1.5e-05,4e-06,2e-06,0.135768,False,0,22.7465
12,149,125,1.2e-05,3e-06,1e-06,0.135776,False,0,22.7468
12,150,125,4.3e-05,1.1e-05,5e-06,0.135815,False,0,22.7455
12,151,125,3.8e-05,9e-06,4e-06,0.135886,False,0,22.7459
12,152,125,2e-05,5e-06,2e-06,0.135974,False,0,22.7462
12,153,125,2e-06,0.0,0.0,0.136057,False,0,22.7474
12,154,125,6e-06,2e-06,1e-06,0.136163,False,0,22.7484
12,155,125,1.6e-05,4e-06,2e-06,0.13625,False,0,22.7489
12,156,125,1.7e-05,4e-06,2e-06,0.136331,False,0,22.749
12,157,125,5e-05,1.3e-05,6e-06,0.13643,False,0,22.7498
12,158,125,1e-04,2.5e-05,1e-05,0.13654,False,0,22.7508
12,159,125,4e-06,1e-06,0.0,0.136706,False,0,22.7482
12,160,125,4e-06,1e-06,0.0,0.136807,False,0,22.7471
12,161,125,2.2e-05,5e-06,2e-06,0.136928,False,0,22.7476
12,162,125,2.1e-05,5e-06,2e-06,0.137019,False,0,22.7469
12,163,125,5e-06,1e-06,1e-06,0.137123,False,0,22.7472
12,164,125,3.9e-05,1e-05,4e-06,0.137276,False,0,22.746
12,165,125,2.5e-05,7e-06,2e-06,0.137417,False,0,22.7491
12,166,125,1.9e-05,5e-06,2e-06,0.137474,False,0,22.749
12,167,125,6e-06,2e-06,1e-06,0.137589,False,0,22.7484
12,168,125,2e-06,1e-06,0.0,0.137677,False,0,22.7477
12,169,125,4e-06,1e-06,0.0,0.137772,False,0,22.7483
12,170,125,2e-06,0.0,0.0,0.13785,False,0,22.7479
12,171,125,2.9e-05,7e-06,3e-06,0.137955,False,0,22.7493
12,172,125,3e-06,1e-06,0.0,0.138047,False,0,22.7478
12,173,125,4e-06,1e-06,0.0,0.138124,False,0,22.7475
12,174,125,7e-06,2e-06,1e-06,0.138231,False,0,22.7475
12,175,125,2e-06,1e-06,0.0,0.13831,False,0,22.7473
12,176,125,2.3e-05,6e-06,3e-06,0.138394,False,0,22.7486
12,177,125,1.5e-05,4e-06,2e-06,0.138536,False,0,22.7488
12,178,125,9e-06,2e-06,1e-06,0.138699,False,0,22.7483
12,179,125,8e-06,2e-06,1e-06,0.138872,False,0,22.748
12,180,125,3.1e-05,8e-06,3e-06,0.139065,False,0,22.7486
12,181,125,1.4e-05,3e-06,2e-06,0.139221,False,0,22.7481
12,182,125,2.7e-05,7e-06,2e-06,0.13932,False,0,22.7492
12,183,125,3.4e-05,9e-06,3e-06,0.139405,False,0,22.7494
12,184,125,5e-05,1.2e-05,5e-06,0.139497,False,0,22.7499
12,185,125,2.7e-05,7e-06,3e-06,0.139581,False,0,22.7493
12,186,125,4.1e-05,1e-05,4e-06,0.139712,False,0,22.7494
12,187,125,1.7e-05,4e-06,2e-06,0.139847,False,0,22.7467
12,188,125,2.1e-05,5e-06,3e-06,0.139955,False,0,22.7483
12,189,125,5e-06,1e-06,0.0,0.140069,False,0,22.7479
12,190,125,4e-05,1e-05,5e-06,0.140118,False,0,22.7497
12,191,125,2.4e-05,6e-06,3e-06,0.140243,False,0,22.7492
12,192,125,5.6e-05,1.4e-05,7e-06,0.140356,False,0,22.7501
12,193,125,2.8e-05,7e-06,3e-06,0.140447,False,0,22.7493
12,194,125,4.4e-05,1.1e-05,5e-06,0.140564,False,0,22.7499
12,195,125,6.2e-05,1.6e-05,6e-06,0.140652,False,0,22.7499
12,196,125,5.8e-05,1.4e-05,7e-06,0.140764,False,0,22.7501
12,197,125,7.7e-05,1.9e-05,8e-06,0.140917,False,0,22.7504
12,198,125,2.8e-05,7e-06,3e-06,0.14107,False,0,22.7494
12,199,125,3.7e-05,9e-06,5e-06,0.141165,False,0,22.7496
12,200,125,4.1e-05,1e-05,5e-06,0.141281,False,0,22.7497
12,201,125,2.9e-05,7e-06,3e-06,0.141399,False,0,22.7491
12,202,125,3.7e-05,9e-06,5e-06,0.141571,False,0,22.7495
12,203,125,5e-06,1e-06,1e-06,0.141759,False,0,22.7479
12,204,125,4.6e-05,1.1e-05,5e-06,0.141885,False,0,22.7499
12,205,125,3.7e-05,9e-06,4e-06,0.141993,False,0,22.7496
12,206,125,2e-05,5e-06,2e-06,0.142099,False,0,22.7491
12,207,125,4e-05,1e-05,4e-06,0.142145,False,0,22.7497
12,208,125,1.2e-05,3e-06,1e-06,0.142169,False,0,22.7483
12,209,125,4e-05,1e-05,4e-06,0.14223,False,0,22.7495
12,210,125,1.8e-05,5e-06,2e-06,0.142329,False,0,22.749
12,211,125,5.2e-05,1.3e-05,6e-06,0.142445,False,0,22.75
12,212,125,5.5e-05,1.4e-05,7e-06,0.142578,False,0,22.75
12,213,125,8.6e-05,2.2e-05,9e-06,0.142687,False,0,22.7505
12,214,125,2.1e-05,5e-06,3e-06,0.142762,False,0,22.7489
12,215,125,4.6e-05,1.1e-05,5e-06,0.142801,False,0,22.7499
12,216,125,4.4e-05,1.1e-05,5e-06,0.14292,False,0,22.7498
12,217,124,5.9e-05,1.5e-05,7e-06,0.143043,False,0,22.7501
13,52,125,0.000202,5.1e-05,2.4e-05,0.14942,True,0,22.7431
13,53,125,0.000293,7.3e-05,3.5e-05,0.147768,True,0,22.742
13,54,125,0.000287,7.2e-05,3.4e-05,0.146319,True,0,22.7421
13,55,125,0.000209,5.2e-05,2.5e-05,0.145088,False,0,22.7429
13,56,125,0.000254,6.4e-05,3.1e-05,0.143942,False,0,22.7425
13,57,125,0.000391,9.8e-05,4.7e-05,0.14291,False,0,22.7412
13,58,125,0.000253,6.3e-05,2.9e-05,0.142015,False,0,22.7424
13,59,125,0.00026,6.5e-05,3.2e-05,0.141239,False,0,22.7424
13,60,125,0.000231,5.8e-05,2.7e-05,0.140523,False,0,22.7426
13,61,125,0.000182,4.6e-05,2.2e-05,0.139875,False,0,22.7433
13,62,125,0.000197,4.9e-05,2.2e-05,0.139363,False,0,22.7431
13,63,125,0.000143,3.6e-05,1.8e-05,0.138902,False,0,22.7446
13,64,125,0.000336,8.4e-05,3.9e-05,0.138467,False,0,22.7416
13,65,125,0.000153,3.8e-05,1.7e-05,0.137975,False,0,22.7436
13,66,125,0.000222,5.5e-05,2.7e-05,0.137531,False,0,22.7429
13,67,125,0.000279,7e-05,3.3e-05,0.137069,False,0,22.7421
13,68,125,0.000253,6.3e-05,2.9e-05,0.136718,False,0,22.7424
13,69,125,8.6e-05,2.1e-05,9e-06,0.13631,False,0,22.7446
13,70,125,0.000116,2.9e-05,1.4e-05,0.135973,False,0,22.7442
13,71,125,0.000106,2.7e-05,1.2e-05,0.135611,False,0,22.7443
13,72,125,0.000115,2.9e-05,1.4e-05,0.135311,False,0,22.7441
13,73,125,0.000107,2.7e-05,1.3e-05,0.135099,False,0,22.7443
13,74,125,2.8e-05,7e-06,4e-06,0.134913,False,0,22.746
13,75,125,0.000135,3.4e-05,1.7e-05,0.134751,False,0,22.7439
13,76,125,9.4e-05,2.3e-05,1.1e-05,0.134561,False,0,22.7445
13,77,125,0.000241,6e-05,2.8e-05,0.134401,False,0,22.7425
13,78,125,0.000136,3.4e-05,1.6e-05,0.134244,False,0,22.7438
13,79,125,0.000125,3.1e-05,1.5e-05,0.134046,False,0,22.7442
13,80,125,5.3e-05,1.3e-05,6e-06,0.133804,False,0,22.7453
13,81,125,9.9e-05,2.5e-05,1.2e-05,0.133583,False,0,22.7444
13,82,125,0.000149,3.7e-05,1.8e-05,0.133471,False,0,22.7437
13,83,125,0.000131,3.3e-05,1.5e-05,0.13337,False,0,22.7439
13,84,125,6.7e-05,1.7e-05,8e-06,0.133252,False,0,22.745
13,85,125,1.5e-05,4e-06,2e-06,0.133155,False,0,22.7467
13,86,125,5e-05,1.2e-05,6e-06,0.133021,False,0,22.7458
13,87,125,5.5e-05,1.4e-05,7e-06,0.13295,False,0,22.7453
13,88,125,5.7e-05,1.4e-05,6e-06,0.13283,False,0,22.7452
13,89,125,9.5e-05,2.3e-05,1.2e-05,0.132672,False,0,22.7446
13,90,125,0.000101,2.5e-05,1.1e-05,0.132579,False,0,22.7444
13,91,125,6e-05,1.5e-05,7e-06,0.13256,False,0,22.7457
13,92,125,2.6e-05,7e-06,3e-06,0.132519,False,0,22.746
13,93,125,1.5e-05,4e-06,2e-06,0.132458,False,0,22.7465
13,94,125,6.7e-05,1.7e-05,8e-06,0.132399,False,0,22.7453
13,95,125,2.1e-05,5e-06,2e-06,0.132412,False,0,22.7462
13,96,125,7.8e-05,2e-05,9e-06,0.13245,False,0,22.7447
13,97,125,1.7e-05,4e-06,2e-06,0.132473,False,0,22.7464
13,98,125,4.7e-05,1.2e-05,6e-06,0.132473,False,0,22.7455
13,99,125,4.3e-05,1.1e-05,4e-06,0.132504,False,0,22.746
13,100,125,3.3e-05,8e-06,4e-06,0.1326,False,0,22.746
13,101,125,1.6e-05,4e-06,2e-06,0.132652,False,0,22.7464
13,102,125,1.2e-05,3e-06,1e-06,0.132667,False,0,22.7466
13,103,125,1.2e-05,3e-06,1e-06,0.13269,False,0,22.7466
13,104,125,5.2e-05,1.3e-05,6e-06,0.132668,False,0,22.7453
13,105,125,5.8e-05,1.4e-05,6e-06,0.132642,False,0,22.7453
13,106,125,3.1e-05,8e-06,4e-06,0.132613,False,0,22.746
13,107,125,6e-06,1e-06,1e-06,0.13262,False,0,22.7471
13,108,125,1.2e-05,3e-06,1e-06,0.132643,False,0,22.7477
13,109,125,1.2e-05,3e-06,1e-06,0.132681,False,0,22.7465
13,110,125,6e-05,1.5e-05,8e-06,0.132738,False,0,22.7455
13,111,125,8e-05,2e-05,9e-06,0.13275,False,0,22.7447
13,112,125,0.000134,3.3e-05,1.5e-05,0.13277,False,0,22.7438
13,113,125,6.8e-05,1.7e-05,8e-06,0.132745,False,0,22.7449
13,114,125,0.000102,2.6e-05,1.2e-05,0.132752,False,0,22.7444
13,115,125,2.3e-05,6e-06,3e-06,0.132744,False,0,22.7461
13,116,125,3.1e-05,8e-06,4e-06,0.132801,False,0,22.7459
13,117,125,1.8e-05,4e-06,2e-06,0.132903,False,0,22.7465
13,118,125,4.9e-05,1.2e-05,6e-06,0.132974,False,0,22.7453
13,119,125,1.5e-05,4e-06,2e-06,0.133038,False,0,22.7464
13,120,125,2.6e-05,7e-06,3e-06,0.133087,False,0,22.746
13,121,125,2.5e-05,6e-06,3e-06,0.133152,False,0,22.7462
13,122,125,2.3e-05,6e-06,3e-06,0.133184,False,0,22.7461
13,123,125,6e-06,2e-06,1e-06,0.133218,False,0,22.7471
13,124,125,7e-06,2e-06,1e-06,0.133245,False,0,22.7472
13,125,125,5e-06,1e-06,1e-06,0.133263,False,0,22.747
13,126,125,3.5e-05,9e-06,4e-06,0.133287,False,0,22.7457
13,127,125,3.2e-05,8e-06,4e-06,0.133345,False,0,22.7458
13,128,125,5.2e-05,1.3e-05,6e-06,0.133416,False,0,22.7454
13,129,125,3.3e-05,8e-06,3e-06,0.133476,False,0,22.746
13,130,125,3e-06,1e-06,0.0,0.133584,False,0,22.7471
13,131,125,9e-06,2e-06,1e-06,0.13372,False,0,22.7472
13,132,125,1.2e-05,3e-06,1e-06,0.133833,False,0,22.7467
13,133,125,6.4e-05,1.6e-05,8e-06,0.133912,False,0,22.7451
13,134,125,6e-05,1.5e-05,6e-06,0.134,False,0,22.7458
13,135,125,2.9e-05,7e-06,4e-06,0.13409,False,0,22.7463
13,136,125,2.6e-05,6e-06,2e-06,0.134196,False,0,22.7465
13,137,125,1.2e-05,3e-06,1e-06,0.134236,False,0,22.7466
13,138,125,5e-06,1e-06,0.0,0.134284,False,0,22.7478
13,139,125,6e-06,1e-06,0.0,0.134375,False,0,22.7482
13,140,125,3e-06,1e-06,0.0,0.134467,False,0,22.7476
13,141,125,6e-06,1e-06,1e-06,0.134557,False,0,22.748
13,142,125,5e-06,1e-06,0.0,0.13463,False,0,22.7477
13,143,125,8e-06,2e-06,1e-06,0.134716,False,0,22.7481
13,144,125,1.5e-05,4e-06,2e-06,0.134824,False,0,22.7485
13,145,125,1.1e-05,3e-06,1e-06,0.134898,False,0,22.7484
13,146,125,5e-06,1e-06,1e-06,0.134989,False,0,22.7475
13,147,125,2e-06,0.0,0.0,0.135074,False,0,22.7475
13,148,125,1.9e-05,5e-06,2e-06,0.13514,False,0,22.7466
13,149,125,2.8e-05,7e-06,3e-06,0.135163,False,0,22.7465
13,150,125,1.9e-05,5e-06,2e-06,0.135156,False,0,22.7466
13,151,125,1.3e-05,3e-06,2e-06,0.135193,False,0,22.7467
13,152,125,1e-06,0.0,0.0,0.135272,False,0,22.7474
13,153,125,1.5e-05,4e-06,2e-06,0.1353,False,0,22.7487
13,154,125,4.1e-05,1e-05,5e-06,0.135395,False,0,22.7498
13,155,125,1.7e-05,4e-06,2e-06,0.135481,False,0,22.7488
13,156,125,2e-06,0.0,0.0,0.135604,False,0,22.7475
13,157,125,1e-06,0.0,0.0,0.135682,False,0,22.7475
13,158,125,2e-06,1e-06,0.0,0.135703,False,0,22.748
13,159,125,2.2e-05,6e-06,3e-06,0.13575,False,0,22.7486
13,160,125,6.3e-05,1.6e-05,7e-06,0.135883,False,0,22.7503
13,161,125,4.1e-05,1e-05,5e-06,0.13602,False,0,22.7497
13,162,125,3.5e-05,9e-06,4e-06,0.136091,False,0,22.7496
13,163,125,5e-06,1e-06,1e-06,0.13618,False,0,22.7473
13,164,125,1.3e-05,3e-06,1e-06,0.136318,False,0,22.7467
13,165,125,3.4e-05,9e-06,3e-06,0.136453,False,0,22.7473
13,166,124,6.5e-05,1.6e-05,7e-06,0.136545,False,0,22.7503
13,167,123,4.1e-05,1e-05,4e-06,0.136634,False,0,22.7497
13,168,122,6.4e-05,1.6e-05,7e-06,0.136755,False,0,22.7503
13,169,121,2e-05,5e-06,2e-06,0.13684,False,0,22.7491
13,170,120,3.2e-05,8e-06,4e-06,0.136938,False,0,22.7493
13,171,119,2.8e-05,7e-06,3e-06,0.137067,False,0,22.7494
13,172,118,2.5e-05,6e-06,3e-06,0.137211,False,0,22.7491
13,173,117,7.2e-05,1.8e-05,8e-06,0.13733,False,0,22.7504
13,174,116,4.7e-05,1.2e-05,5e-06,0.137411,False,0,22.7499
13,175,115,3.5e-05,9e-06,4e-06,0.137507,False,0,22.7492
13,176,114,1.8e-05,4e-06,2e-06,0.137611,False,0,22.7486
13,177,113,3e-06,1e-06,0.0,0.137705,False,0,22.7481
13,178,112,2.2e-05,6e-06,3e-06,0.137822,False,0,22.7492
13,179,111,1.7e-05,4e-06,2e-06,0.137928,False,0,22.7487
13,180,110,2.7e-05,7e-06,3e-06,0.13803,False,0,22.7493
13,181,109,8e-06,2e-06,1e-06,0.138096,False,0,22.7484
13,182,108,1e-05,2e-06,1e-06,0.138182,False,0,22.7486
13,183,107,7e-06,2e-06,1e-06,0.138291,False,0,22.7481
13,184,106,4e-05,1e-05,5e-06,0.138396,False,0,22.7497
13,185,105,3.8e-05,1e-05,4e-06,0.138478,False,0,22.7497
13,186,104,6.4e-05,1.6e-05,8e-06,0.138559,False,0,22.7503
13,187,103,4e-05,1e-05,5e-06,0.13868,False,0,22.7493
13,188,102,8.1e-05,2e-05,9e-06,0.138849,False,0,22.7506
13,189,101,0.000121,3e-05,1.3e-05,0.139001,False,0,22.7513
13,190,100,9.9e-05,2.5e-05,1.2e-05,0.139165,False,0,22.751
13,191,99,8.3e-05,2.1e-05,1.1e-05,0.139303,False,0,22.7504
13,192,98,5.1e-05,1.3e-05,6e-06,0.13944,False,0,22.7499
13,193,97,8.5e-05,2.1e-05,9e-06,0.139531,False,0,22.7507
13,194,96,8.5e-05,2.1e-05,1e-05,0.139666,False,0,22.7507
13,195,95,9.1e-05,2.3e-05,1.1e-05,0.139779,False,0,22.7508
15,52,107,0.000157,3.9e-05,1.9e-05,0.147543,True,0,22.7437
15,53,106,0.000169,4.2e-05,1.9e-05,0.145813,False,0,22.7433
15,54,105,8.8e-05,2.2e-05,1e-05,0.144329,False,0,22.7446
15,55,104,4.4e-05,1.1e-05,5e-06,0.14303,False,0,22.7458
15,56,103,0.000134,3.3e-05,1.6e-05,0.141926,False,0,22.744
15,57,102,0.000213,5.3e-05,2.6e-05,0.140918,False,0,22.7428
15,58,101,0.000245,6.1e-05,2.8e-05,0.140071,False,0,22.7425
15,59,100,0.000196,4.9e-05,2.4e-05,0.139227,False,0,22.7432
15,60,99,7.1e-05,1.8e-05,8e-06,0.138449,False,0,22.7449
15,61,98,4e-05,1e-05,5e-06,0.137802,False,0,22.7457
15,62,97,8e-06,2e-06,1e-06,0.137267,False,0,22.7469
15,63,96,3.3e-05,8e-06,4e-06,0.136721,False,0,22.7463
15,64,95,5.3e-05,1.3e-05,7e-06,0.136194,False,0,22.7458
15,65,94,7.5e-05,1.9e-05,8e-06,0.135688,False,0,22.745
15,66,93,2.2e-05,6e-06,2e-06,0.135281,False,0,22.747
15,67,92,4.4e-05,1.1e-05,5e-06,0.134906,False,0,22.7455
15,68,91,4.1e-05,1e-05,5e-06,0.134559,False,0,22.7459
15,69,90,9.9e-05,2.5e-05,1.1e-05,0.134229,False,0,22.7444
15,70,89,2.7e-05,7e-06,3e-06,0.13398,False,0,22.746
15,71,88,4.1e-05,1e-05,5e-06,0.133746,False,0,22.7458
15,72,87,1.8e-05,4e-06,2e-06,0.133493,False,0,22.7463
15,73,86,2.8e-05,7e-06,3e-06,0.133247,False,0,22.7471
15,74,85,1.7e-05,4e-06,2e-06,0.133024,False,0,22.7471
15,75,84,3e-06,1e-06,0.0,0.132741,False,0,22.7478
15,76,83,7e-06,2e-06,1e-06,0.13249,False,0,22.7475
16,52,125,0.0002,5e-05,2.4e-05,0.147878,True,0,22.743
16,53,125,0.000137,3.4e-05,1.6e-05,0.146119,True,0,22.7438
16,54,125,0.000119,3e-05,1.3e-05,0.144688,False,0,22.7441
16,55,125,0.000174,4.4e-05,2e-05,0.14346,False,0,22.7433
16,56,125,9.8e-05,2.5e-05,1.1e-05,0.142377,False,0,22.7444
16,57,125,0.000137,3.4e-05,1.7e-05,0.141394,False,0,22.7439
16,58,125,0.000147,3.7e-05,1.7e-05,0.140493,False,0,22.7436
16,59,125,0.000166,4.2e-05,2e-05,0.139687,False,0,22.7434
16,60,125,0.000178,4.5e-05,2.1e-05,0.138917,False,0,22.7432
16,61,125,0.000203,5.1e-05,2.4e-05,0.138282,False,0,22.7429
16,62,125,0.000185,4.6e-05,2.2e-05,0.137716,False,0,22.7432
16,63,125,0.000284,7.1e-05,3.2e-05,0.137217,False,0,22.7421
16,64,125,0.000139,3.5e-05,1.6e-05,0.136718,False,0,22.7438
16,65,125,0.000127,3.2e-05,1.6e-05,0.136233,False,0,22.7441
16,66,125,0.000165,4.1e-05,1.9e-05,0.13575,False,0,22.7434
16,67,125,0.000244,6.1e-05,2.7e-05,0.135324,False,0,22.7425
16,68,125,0.000119,3e-05,1.3e-05,0.134926,False,0,22.7441
16,69,125,6.9e-05,1.7e-05,8e-06,0.134583,False,0,22.7449
16,70,125,1.6e-05,4e-06,2e-06,0.134231,False,0,22.7464
16,71,125,1.7e-05,4e-06,2e-06,0.133948,False,0,22.7463
16,72,125,1e-05,2e-06,1e-06,0.133643,False,0,22.7469
16,73,124,2.3e-05,6e-06,3e-06,0.133432,False,0,22.7461
16,74,123,4.5e-05,1.1e-05,5e-06,0.13325,False,0,22.7456
16,75,122,4.6e-05,1.2e-05,6e-06,0.133035,False,0,22.7455
16,76,121,7.1e-05,1.8e-05,9e-06,0.132819,False,0,22.745
16,77,120,3.3e-05,8e-06,4e-06,0.132633,False,0,22.7458
16,78,119,5.5e-05,1.4e-05,6e-06,0.132481,False,0,22.7452
16,79,118,4.3e-05,1.1e-05,5e-06,0.132345,False,0,22.7457
16,80,117,3e-05,8e-06,4e-06,0.132129,False,0,22.746
16,81,116,5e-06,1e-06,1e-06,0.131969,False,0,22.7471
16,82,115,2.1e-05,5e-06,3e-06,0.131858,False,0,22.7462
16,83,114,8e-06,2e-06,1e-06,0.131764,False,0,22.7468
16,84,113,7e-05,1.8e-05,8e-06,0.13166,False,0,22.7449
16,85,112,3e-05,7e-06,4e-06,0.131631,False,0,22.7459
16,86,111,0.000113,2.8e-05,1.2e-05,0.131613,False,0,22.7443
16,87,110,0.000108,2.7e-05,1.2e-05,0.131599,False,0,22.7443
16,88,109,0.000122,3.1e-05,1.4e-05,0.131439,False,0,22.744
16,89,108,2.7e-05,7e-06,3e-06,0.131322,False,0,22.746
16,90,107,2.5e-05,6e-06,3e-06,0.131211,False,0,22.7461
16,91,106,1.5e-05,4e-06,2e-06,0.131218,False,0,22.7466
16,92,105,0.000131,3.3e-05,1.4e-05,0.131215,False,0,22.7439
16,93,104,4.1e-05,1e-05,5e-06,0.131182,False,0,22.7457
16,94,103,3.1e-05,8e-06,3e-06,0.131117,False,0,22.7459
16,95,102,2.2e-05,5e-06,3e-06,0.131132,False,0,22.7463
16,96,101,2.6e-05,7e-06,3e-06,0.131161,False,0,22.7461
16,97,100,1.9e-05,5e-06,2e-06,0.131147,False,0,22.7462
16,98,99,2.9e-05,7e-06,3e-06,0.131094,False,0,22.7459
16,99,98,4.7e-05,1.2e-05,5e-06,0.131058,False,0,22.7454
16,100,97,2.2e-05,5e-06,3e-06,0.131105,False,0,22.7462
16,101,96,3.5e-05,9e-06,4e-06,0.131181,False,0,22.7457
16,102,95,1.8e-05,4e-06,2e-06,0.131269,False,0,22.747
16,103,94,1.9e-05,5e-06,2e-06,0.131302,False,0,22.7463
16,104,93,5e-06,1e-06,1e-06,0.131267,False,0,22.747
16,105,92,9e-06,2e-06,1e-06,0.131218,False,0,22.7467
16,106,91,3e-06,1e-06,0.0,0.131234,False,0,22.7475
16,107,90,1.2e-05,3e-06,1e-06,0.131267,False,0,22.7468
16,108,89,2.2e-05,5e-06,2e-06,0.131256,False,0,22.7473
16,109,88,2.3e-05,5e-06,2e-06,0.131254,False,0,22.7471
16,110,87,1.3e-05,3e-06,2e-06,0.131262,False,0,22.7466
16,111,86,3.4e-05,8e-06,4e-06,0.131274,False,0,22.7458
16,112,85,2.7e-05,7e-06,3e-06,0.131282,False,0,22.746
16,113,84,9e-06,2e-06,1e-06,0.131324,False,0,22.7468
17,52,125,6.6e-05,1.6e-05,8e-06,0.148982,True,0,22.7451
17,53,125,0.000141,3.5e-05,1.8e-05,0.147272,True,0,22.7441
17,54,125,0.000167,4.2e-05,2e-05,0.145804,False,0,22.7436
17,55,125,0.00023,5.8e-05,2.8e-05,0.144566,False,0,22.7428
17,56,125,0.000172,4.3e-05,2e-05,0.143465,False,0,22.7433
17,57,125,0.000113,2.8e-05,1.4e-05,0.14244,False,0,22.7444
17,58,125,8.8e-05,2.2e-05,1.1e-05,0.141505,False,0,22.7446
17,59,125,4.7e-05,1.2e-05,6e-06,0.140671,False,0,22.7456
17,60,125,6.9e-05,1.7e-05,9e-06,0.139911,False,0,22.745
17,61,125,4.7e-05,1.1e-05,6e-06,0.139211,False,0,22.7459
17,62,125,4.7e-05,1.2e-05,6e-06,0.138598,False,0,22.7454
17,63,125,4.6e-05,1.1e-05,5e-06,0.138082,False,0,22.7454
17,64,125,0.000114,2.8e-05,1.4e-05,0.137563,False,0,22.7445
17,65,125,0.000173,4.3e-05,2.1e-05,0.137075,False,0,22.7433
17,66,125,8.4e-05,2.1e-05,1.1e-05,0.136602,False,0,22.7452
17,67,125,1e-04,2.5e-05,1.1e-05,0.136207,False,0,22.7443
17,68,125,0.000131,3.3e-05,1.6e-05,0.135851,False,0,22.7443
17,69,125,8.5e-05,2.1e-05,1e-05,0.135557,False,0,22.7446
17,70,125,5e-05,1.2e-05,6e-06,0.135262,False,0,22.7456
17,71,125,4.6e-05,1.2e-05,6e-06,0.134934,False,0,22.7459
17,72,125,5e-05,1.2e-05,6e-06,0.134651,False,0,22.7455
17,73,125,8.8e-05,2.2e-05,1e-05,0.134407,False,0,22.7446
17,74,125,6.2e-05,1.6e-05,8e-06,0.134249,False,0,22.746
17,75,125,9.2e-05,2.3e-05,1.1e-05,0.134028,False,0,22.7445
17,76,125,2.8e-05,7e-06,4e-06,0.133822,False,0,22.7462
17,77,125,9.6e-05,2.4e-05,1.2e-05,0.133628,False,0,22.7447
17,78,125,5.3e-05,1.3e-05,6e-06,0.133412,False,0,22.7453
17,79,125,3.3e-05,8e-06,4e-06,0.133171,False,0,22.7461
17,80,125,3.4e-05,8e-06,4e-06,0.132996,False,0,22.746
17,81,125,1.8e-05,4e-06,2e-06,0.132885,False,0,22.7463
17,82,125,1.7e-05,4e-06,2e-06,0.132768,False,0,22.7463
17,83,125,4.9e-05,1.2e-05,6e-06,0.132692,False,0,22.7455
17,84,125,4.9e-05,1.2e-05,6e-06,0.132602,False,0,22.7453
17,85,125,0.000118,2.9e-05,1.5e-05,0.132529,False,0,22.7445
17,86,125,0.000115,2.9e-05,1.3e-05,0.132434,False,0,22.7442
17,87,125,6.2e-05,1.5e-05,8e-06,0.132302,False,0,22.7451
17,88,125,2e-05,5e-06,2e-06,0.132189,False,0,22.7462
17,89,125,5.1e-05,1.3e-05,5e-06,0.132143,False,0,22.7469
17,90,125,3.2e-05,8e-06,4e-06,0.132177,False,0,22.7458
17,91,124,3e-06,1e-06,0.0,0.132199,False,0,22.7476
17,92,123,2e-05,5e-06,2e-06,0.132196,False,0,22.7462
17,93,122,6e-06,2e-06,1e-06,0.132092,False,0,22.7469
17,94,121,8e-06,2e-06,1e-06,0.132035,False,0,22.7478
17,95,120,3e-06,1e-06,0.0,0.131984,False,0,22.748
17,96,119,2.7e-05,7e-06,2e-06,0.132009,False,0,22.7491
17,97,118,1.1e-05,3e-06,1e-06,0.132016,False,0,22.7487
17,98,117,3.8e-05,9e-06,3e-06,0.13204,False,0,22.749
17,99,116,3.6e-05,9e-06,3e-06,0.132076,False,0,22.7489
17,100,115,9e-06,2e-06,1e-06,0.132093,False,0,22.7485
17,101,114,3.2e-05,8e-06,3e-06,0.132104,False,0,22.7481
17,102,113,1.6e-05,4e-06,1e-06,0.132111,False,0,22.7484
17,103,112,5e-06,1e-06,1e-06,0.132125,False,0,22.7474
17,104,111,1.4e-05,4e-06,1e-06,0.132168,False,0,22.7486
17,105,110,1.9e-05,5e-06,2e-06,0.132188,False,0,22.7467
17,106,109,1.3e-05,3e-06,1e-06,0.132213,False,0,22.7472
17,107,108,6e-06,2e-06,1e-06,0.132237,False,0,22.7473
17,108,107,2.6e-05,6e-06,2e-06,0.132251,False,0,22.7485
17,109,106,1.6e-05,4e-06,1e-06,0.132267,False,0,22.7485
17,110,105,3.5e-05,9e-06,4e-06,0.132318,False,0,22.7496
17,111,104,3.6e-05,9e-06,3e-06,0.132363,False,0,22.7494
17,112,103,1.1e-05,3e-06,1e-06,0.132394,False,0,22.7487
17,113,102,1.6e-05,4e-06,1e-06,0.132416,False,0,22.7484
17,114,101,3.2e-05,8e-06,3e-06,0.132476,False,0,22.7494
17,115,100,1e-06,0.0,0.0,0.132598,False,0,22.7475
17,116,99,2.6e-05,6e-06,2e-06,0.132693,False,0,22.749
17,117,98,6.2e-05,1.6e-05,5e-06,0.132756,False,0,22.7491
17,118,97,1.9e-05,5e-06,2e-06,0.132811,False,0,22.749
17,119,96,0.000121,3e-05,1.2e-05,0.132871,False,0,22.751
17,120,95,4.3e-05,1.1e-05,4e-06,0.132928,False,0,22.7497
17,121,94,5.5e-05,1.4e-05,6e-06,0.133,False,0,22.7499
17,122,93,4.1e-05,1e-05,4e-06,0.13307,False,0,22.7497
17,123,92,4.1e-05,1e-05,4e-06,0.13316,False,0,22.7496
17,124,91,2.4e-05,6e-06,2e-06,0.133179,False,0,22.7492
17,125,90,2.9e-05,7e-06,2e-06,0.133262,False,0,22.749
17,126,89,5.5e-05,1.4e-05,6e-06,0.133302,False,0,22.75
17,127,88,9e-05,2.2e-05,9e-06,0.133352,False,0,22.7503
17,128,87,3.7e-05,1e-05,4e-06,0.133445,False,0,22.7496
17,129,86,3.5e-05,9e-06,4e-06,0.13352,False,0,22.7495
17,130,85,7.3e-05,1.8e-05,8e-06,0.133587,False,0,22.7504
17,131,84,0.000103,2.6e-05,1.1e-05,0.133618,False,0,22.751
17,132,83,0.00014,3.5e-05,1.4e-05,0.133663,False,0,22.7513
17,133,82,0.000147,3.7e-05,1.6e-05,0.133687,False,0,22.7516
17,134,81,6.1e-05,1.5e-05,6e-06,0.133784,False,0,22.7501
17,135,80,8.1e-05,2e-05,8e-06,0.133891,False,0,22.7504
17,136,79,2.1e-05,5e-06,2e-06,0.134003,False,0,22.7491
17,137,78,7e-05,1.8e-05,6e-06,0.134126,False,0,22.7495
17,138,77,3.5e-05,9e-06,4e-06,0.134239,False,0,22.7496
17,139,76,0.00012,3e-05,1.3e-05,0.13438,False,0,22.7512
17,140,75,6.9e-05,1.7e-05,7e-06,0.134455,False,0,22.7502
17,141,74,8.2e-05,2.1e-05,8e-06,0.134518,False,0,22.7504
17,142,73,5.2e-05,1.3e-05,5e-06,0.134556,False,0,22.7498
17,143,72,9.2e-05,2.3e-05,1.1e-05,0.134684,False,0,22.7509
17,144,71,9.8e-05,2.5e-05,1e-05,0.134794,False,0,22.7507
17,145,70,4.4e-05,1.1e-05,4e-06,0.134918,False,0,22.7494
17,146,69,4.7e-05,1.2e-05,5e-06,0.135029,False,0,22.7499
17,147,68,1.8e-05,4e-06,2e-06,0.135171,False,0,22.749
17,148,67,4.8e-05,1.2e-05,5e-06,0.135295,False,0,22.7499
17,149,66,8.6e-05,2.1e-05,8e-06,0.135431,False,0,22.7499
17,150,65,6.9e-05,1.7e-05,8e-06,0.135552,False,0,22.7504
17,151,64,0.000188,4.7e-05,2e-05,0.135693,False,0,22.7521
17,152,63,0.000291,7.3e-05,3.3e-05,0.135839,False,0,22.7533
17,153,62,0.000327,8.2e-05,3.3e-05,0.135983,False,0,22.7532
17,154,61,0.000148,3.7e-05,1.7e-05,0.1361,False,0,22.7517
17,155,60,0.000197,4.9e-05,2.1e-05,0.136275,False,0,22.7522
17,156,59,0.000165,4.1e-05,1.7e-05,0.136435,False,0,22.7516
17,157,58,0.000239,6e-05,2.8e-05,0.136632,False,0,22.7528
17,158,57,0.000264,6.6e-05,2.9e-05,0.136859,False,0,22.753
17,159,56,0.00025,6.3e-05,2.7e-05,0.137068,False,0,22.7528
17,160,55,0.000209,5.2e-05,2.2e-05,0.13725,False,0,22.7523
17,161,54,0.0002,5e-05,2.2e-05,0.137419,False,0,22.7523
17,162,53,0.000169,4.2e-05,1.9e-05,0.137592,False,0,22.752
17,163,52,0.000418,0.000105,4.5e-05,0.137834,False,0,22.7543
17,164,51,0.000288,7.2e-05,2.9e-05,0.138029,False,0,22.7529
17,165,50,0.000301,7.5e-05,3.6e-05,0.13829,False,0,22.7534
18,52,109,0.000156,3.9e-05,1.9e-05,0.148481,True,0,22.7436
18,53,108,0.000204,5.1e-05,2.4e-05,0.146733,True,0,22.7429
18,54,107,0.000187,4.7e-05,2.3e-05,0.145234,False,0,22.7434
18,55,106,0.000181,4.5e-05,2.1e-05,0.143972,False,0,22.7432
18,56,105,0.000104,2.6e-05,1.3e-05,0.142881,False,0,22.7444
18,57,104,0.000101,2.5e-05,1.2e-05,0.141931,False,0,22.7446
18,58,103,7.8e-05,1.9e-05,1e-05,0.141085,False,0,22.7448
18,59,102,7.1e-05,1.8e-05,9e-06,0.140333,False,0,22.7455
18,60,101,4.5e-05,1.1e-05,6e-06,0.139574,False,0,22.7455
18,61,100,4.7e-05,1.2e-05,6e-06,0.138875,False,0,22.7454
18,62,99,0.000117,2.9e-05,1.4e-05,0.13825,False,0,22.7442
18,63,98,9.8e-05,2.4e-05,1.2e-05,0.137592,False,0,22.7446
18,64,97,0.000112,2.8e-05,1.4e-05,0.13698,False,0,22.7443
18,65,96,3.2e-05,8e-06,4e-06,0.136415,False,0,22.7462
18,66,95,3.1e-05,8e-06,4e-06,0.135978,False,0,22.7461
18,67,94,4.8e-05,1.2e-05,5e-06,0.135599,False,0,22.7455
18,68,93,3.2e-05,8e-06,4e-06,0.135264,False,0,22.7464
18,69,92,0.00013,3.2e-05,1.6e-05,0.134955,False,0,22.7441
18,70,91,0.000138,3.4e-05,1.6e-05,0.13464,False,0,22.7438
18,71,90,0.000201,5e-05,2.4e-05,0.134374,False,0,22.7431
18,72,89,0.000213,5.3e-05,2.4e-05,0.134163,False,0,22.7428
18,73,88,4e-05,1e-05,4e-06,0.133966,False,0,22.7459
18,74,87,2.7e-05,7e-06,3e-06,0.133739,False,0,22.7469
18,75,86,3e-06,1e-06,0.0,0.133497,False,0,22.7471
18,76,85,4e-06,1e-06,0.0,0.133254,False,0,22.7476
18,77,84,2.7e-05,7e-06,3e-06,0.133029,False,0,22.7462
18,78,83,0.000112,2.8e-05,1.3e-05,0.132821,False,0,22.7442
18,79,82,5.8e-05,1.4e-05,7e-06,0.132645,False,0,22.7451
18,80,81,3.8e-05,1e-05,5e-06,0.132455,False,0,22.7459
18,81,80,1.1e-05,3e-06,1e-06,0.132271,False,0,22.7484
18,82,79,7e-06,2e-06,1e-06,0.132066,False,0,22.7472
18,83,78,2e-06,0.0,0.0,0.131871,False,0,22.7474
18,84,77,1e-05,3e-06,1e-06,0.131702,False,0,22.7468
18,85,76,1e-05,3e-06,1e-06,0.131582,False,0,22.747
18,86,75,1.9e-05,5e-06,2e-06,0.131487,False,0,22.7463
18,87,74,2e-05,5e-06,2e-06,0.131417,False,0,22.7463
18,88,73,1.1e-05,3e-06,1e-06,0.131316,False,0,22.7478
18,89,72,7e-06,2e-06,1e-06,0.131248,False,0,22.7477
18,90,71,1e-06,0.0,0.0,0.131137,False,0,22.7474
18,91,70,7e-06,2e-06,1e-06,0.131118,False,0,22.7477
18,92,69,2.8e-05,7e-06,3e-06,0.131133,False,0,22.7466
18,93,68,1e-06,0.0,0.0,0.131157,False,0,22.7476
18,94,67,1e-05,3e-06,1e-06,0.131105,False,0,22.7476
18,95,66,2e-06,0.0,0.0,0.131036,False,0,22.748
18,96,65,6e-06,1e-06,1e-06,0.130937,False,0,22.7478
18,97,64,1.9e-05,5e-06,2e-06,0.130891,False,0,22.7472
18,98,63,1e-05,2e-06,1e-06,0.130838,False,0,22.7467
18,99,62,9e-06,2e-06,1e-06,0.130775,False,0,22.7469
18,100,61,3e-06,1e-06,0.0,0.130748,False,0,22.7481
18,101,60,2e-06,0.0,0.0,0.130801,False,0,22.7476
18,102,59,8e-06,2e-06,1e-06,0.130836,False,0,22.747
18,103,58,4e-06,1e-06,0.0,0.130877,False,0,22.7473
18,104,57,8e-06,2e-06,1e-06,0.130912,False,0,22.7485
18,105,56,1.9e-05,5e-06,2e-06,0.130912,False,0,22.7489
18,106,55,1.2e-05,3e-06,1e-06,0.130942,False,0,22.7482
18,107,54,1.1e-05,3e-06,1e-06,0.130962,False,0,22.7471
18,108,53,1.2e-05,3e-06,1e-06,0.131006,False,0,22.7477
18,109,52,2e-06,1e-06,0.0,0.131053,False,0,22.7477
18,110,51,1.2e-05,3e-06,1e-06,0.131132,False,0,22.7473
18,111,50,1.4e-05,3e-06,2e-06,0.131207,False,0,22.7465
18,112,49,1.9e-05,5e-06,3e-06,0.131321,False,0,22.7488
18,113,48,0.000108,2.7e-05,1.1e-05,0.131467,False,0,22.7509
18,114,47,8.7e-05,2.2e-05,8e-06,0.131642,False,0,22.7503
18,115,46,3.7e-05,9e-06,5e-06,0.131808,False,0,22.7495
18,116,45,3.4e-05,9e-06,4e-06,0.131894,False,0,22.7496
18,117,44,7.7e-05,1.9e-05,9e-06,0.131934,False,0,22.7506
18,118,43,8.4e-05,2.1e-05,9e-06,0.13195,False,0,22.7506
18,119,42,0.000103,2.6e-05,1.2e-05,0.132018,False,0,22.751
18,120,41,7e-05,1.8e-05,9e-06,0.132146,False,0,22.7503
18,121,40,0.000132,3.3e-05,1.6e-05,0.132313,False,0,22.7515
18,122,39,7.7e-05,1.9e-05,7e-06,0.132503,False,0,22.7501
18,123,38,1e-05,2e-06,1e-06,0.132626,False,0,22.7486
18,124,37,1e-05,2e-06,1e-06,0.132774,False,0,22.7487
18,125,36,2e-05,5e-06,2e-06,0.132941,False,0,22.7491
18,126,35,2.5e-05,6e-06,3e-06,0.133167,False,0,22.7492
18,127,34,8e-05,2e-05,8e-06,0.13338,False,0,22.7503
18,128,33,5.5e-05,1.4e-05,7e-06,0.133678,False,0,22.7497
18,129,32,0.00014,3.5e-05,1.7e-05,0.133943,False,0,22.7515
18,130,31,0.000138,3.4e-05,1.5e-05,0.134211,False,0,22.7515
18,131,30,0.000135,3.4e-05,1.7e-05,0.134467,False,0,22.7514
18,132,29,8.4e-05,2.1e-05,1e-05,0.134727,False,0,22.7506
18,133,28,0.000237,6e-05,2.8e-05,0.135016,False,0,22.7528
19,52,125,0.000244,6.1e-05,2.8e-05,0.148796,True,0,22.7425
19,53,125,0.00021,5.3e-05,2.5e-05,0.147116,True,0,22.7429
19,54,125,7.4e-05,1.8e-05,9e-06,0.145687,False,0,22.7448
19,55,125,0.000138,3.4e-05,1.7e-05,0.144371,False,0,22.7438
19,56,125,0.00023,5.8e-05,2.6e-05,0.14323,False,0,22.7426
19,57,125,0.00029,7.3e-05,3.4e-05,0.142189,False,0,22.742
19,58,125,0.000144,3.6e-05,1.7e-05,0.141237,False,0,22.7437
19,59,125,0.000247,6.2e-05,3.1e-05,0.140455,False,0,22.7428
19,60,125,0.00018,4.5e-05,2e-05,0.139712,False,0,22.7432
19,61,125,0.00013,3.3e-05,1.6e-05,0.139003,False,0,22.744
19,62,125,0.000158,4e-05,1.9e-05,0.138335,False,0,22.7436
19,63,125,0.000155,3.9e-05,1.8e-05,0.137726,False,0,22.7435
19,64,125,0.000105,2.6e-05,1.3e-05,0.137138,False,0,22.7444
19,65,125,0.000127,3.2e-05,1.5e-05,0.136627,False,0,22.7439
19,66,125,0.000118,2.9e-05,1.4e-05,0.136266,False,0,22.7442
19,67,125,0.000219,5.5e-05,2.5e-05,0.135906,False,0,22.7428
19,68,125,0.000273,6.8e-05,3.3e-05,0.135584,False,0,22.7422
19,69,125,0.000212,5.3e-05,2.6e-05,0.135256,False,0,22.743
19,70,125,0.000141,3.5e-05,1.6e-05,0.134889,False,0,22.7437
19,71,125,8.9e-05,2.2e-05,1.1e-05,0.134544,False,0,22.7447
19,72,125,0.000176,4.4e-05,2e-05,0.134248,False,0,22.7433
19,73,125,0.000141,3.5e-05,1.6e-05,0.134038,False,0,22.7437
19,74,125,2.8e-05,7e-06,3e-06,0.13385,False,0,22.746
19,75,125,5.2e-05,1.3e-05,6e-06,0.133735,False,0,22.7454
19,76,125,2.9e-05,7e-06,4e-06,0.13355,False,0,22.746
19,77,125,7e-05,1.8e-05,8e-06,0.133349,False,0,22.7449
19,78,125,2e-05,5e-06,2e-06,0.133203,False,0,22.7464
19,79,125,9.9e-05,2.5e-05,1.1e-05,0.133122,False,0,22.7445
19,80,125,5.4e-05,1.3e-05,6e-06,0.13294,False,0,22.7452
19,81,125,0.000136,3.4e-05,1.7e-05,0.132743,False,0,22.7439
19,82,125,5.7e-05,1.4e-05,6e-06,0.132611,False,0,22.7453
19,83,125,3.6e-05,9e-06,4e-06,0.132546,False,0,22.7467
19,84,125,3.2e-05,8e-06,4e-06,0.132484,False,0,22.7458
19,85,125,0.000105,2.6e-05,1.3e-05,0.132424,False,0,22.7444
19,86,125,7.1e-05,1.8e-05,8e-06,0.132368,False,0,22.7449
19,87,125,6.4e-05,1.6e-05,7e-06,0.132315,False,0,22.7451
19,88,125,4.7e-05,1.2e-05,5e-06,0.132248,False,0,22.7454
19,89,125,0.000129,3.2e-05,1.6e-05,0.132173,False,0,22.744
19,90,125,0.00027,6.8e-05,3.1e-05,0.132115,False,0,22.7422
19,91,125,0.000324,8.1e-05,3.8e-05,0.132082,False,0,22.7417
19,92,125,0.000126,3.1e-05,1.4e-05,0.132043,False,0,22.744
19,93,125,7.3e-05,1.8e-05,9e-06,0.131989,False,0,22.745
19,94,125,4.1e-05,1e-05,5e-06,0.131902,False,0,22.7456
19,95,125,2.7e-05,7e-06,3e-06,0.131877,False,0,22.746
19,96,125,5e-06,1e-06,1e-06,0.131858,False,0,22.7471
19,97,125,1.6e-05,4e-06,2e-06,0.131879,False,0,22.7467
19,98,124,2.8e-05,7e-06,3e-06,0.131881,False,0,22.7459
19,99,123,2.5e-05,6e-06,3e-06,0.131889,False,0,22.7462
19,100,122,3.2e-05,8e-06,4e-06,0.131883,False,0,22.7458
19,101,121,3.8e-05,9e-06,4e-06,0.131865,False,0,22.7457
19,102,120,0.000118,3e-05,1.4e-05,0.131884,False,0,22.7441
19,103,119,4.3e-05,1.1e-05,4e-06,0.131907,False,0,22.7459
19,104,118,4.6e-05,1.1e-05,6e-06,0.131931,False,0,22.7457
19,105,117,7.3e-05,1.8e-05,9e-06,0.131975,False,0,22.7448
19,106,116,6.5e-05,1.6e-05,8e-06,0.131995,False,0,22.745
19,107,115,3.2e-05,8e-06,4e-06,0.132037,False,0,22.7459
19,108,114,4.6e-05,1.1e-05,6e-06,0.132048,False,0,22.7455
19,109,113,3e-06,1e-06,0.0,0.1321,False,0,22.7472
19,110,112,3e-06,1e-06,0.0,0.132149,False,0,22.7474
19,111,111,1e-06,0.0,0.0,0.13222,False,0,22.7476
19,112,110,7.8e-05,1.9e-05,9e-06,0.132318,False,0,22.7447
19,113,109,0.000131,3.3e-05,1.3e-05,0.132408,False,0,22.7443
19,114,108,4.8e-05,1.2e-05,6e-06,0.132471,False,0,22.7456
19,115,107,3e-06,1e-06,0.0,0.132508,False,0,22.7475
19,116,106,1e-06,0.0,0.0,0.132519,False,0,22.7478
19,117,105,4e-06,1e-06,0.0,0.132529,False,0,22.7472
19,118,104,1.9e-05,5e-06,2e-06,0.132534,False,0,22.7464
19,119,103,3e-06,1e-06,0.0,0.132557,False,0,22.748
19,120,102,6e-06,2e-06,0.0,0.132607,False,0,22.748
19,121,101,1.4e-05,3e-06,1e-06,0.132669,False,0,22.7465
19,122,100,6.2e-05,1.6e-05,7e-06,0.132779,False,0,22.7451
19,123,99,6.9e-05,1.7e-05,8e-06,0.132836,False,0,22.7449
19,124,98,2.2e-05,5e-06,2e-06,0.132912,False,0,22.7467
19,125,97,2.1e-05,5e-06,3e-06,0.13292,False,0,22.749
19,126,96,2.4e-05,6e-06,2e-06,0.132931,False,0,22.749
19,127,95,2e-06,0.0,0.0,0.132982,False,0,22.7475
19,128,94,7e-06,2e-06,1e-06,0.133012,False,0,22.7468
19,129,93,1.4e-05,3e-06,1e-06,0.133028,False,0,22.7481
19,130,92,3e-06,1e-06,0.0,0.133076,False,0,22.7472
19,131,91,9e-06,2e-06,1e-06,0.133199,False,0,22.7467
19,132,90,1.5e-05,4e-06,2e-06,0.133249,False,0,22.7465
19,133,89,1.7e-05,4e-06,2e-06,0.133258,False,0,22.748
19,134,88,1.3e-05,3e-06,1e-06,0.133243,False,0,22.7488
19,135,87,2.8e-05,7e-06,3e-06,0.133311,False,0,22.7494
20,52,125,8.1e-05,2e-05,1e-05,0.145846,False,0,22.7449
20,53,125,5e-05,1.2e-05,6e-06,0.144175,False,0,22.746
20,54,125,5.7e-05,1.4e-05,7e-06,0.142789,False,0,22.7453
20,55,125,5.3e-05,1.3e-05,7e-06,0.141552,False,0,22.7455
20,56,125,7.6e-05,1.9e-05,9e-06,0.140459,False,0,22.7448
20,57,125,0.000124,3.1e-05,1.5e-05,0.139434,False,0,22.7442
20,58,125,0.000116,2.9e-05,1.4e-05,0.138557,False,0,22.7441
20,59,125,4.2e-05,1e-05,5e-06,0.137805,False,0,22.7455
20,60,125,3.1e-05,8e-06,4e-06,0.137126,False,0,22.7466
20,61,125,2.4e-05,6e-06,3e-06,0.136471,False,0,22.746
20,62,125,1.3e-05,4e-06,2e-06,0.135909,False,0,22.7467
20,63,125,3.5e-05,9e-06,4e-06,0.135404,False,0,22.7468
20,64,125,1.1e-05,3e-06,1e-06,0.134924,False,0,22.7471
20,65,125,1.5e-05,4e-06,2e-06,0.134472,False,0,22.747
20,66,125,6e-06,1e-06,1e-06,0.134031,False,0,22.747
20,67,125,1.4e-05,4e-06,1e-06,0.133649,False,0,22.7473
20,68,125,1.2e-05,3e-06,1e-06,0.133323,False,0,22.7466
20,69,125,3.2e-05,8e-06,4e-06,0.133037,False,0,22.746
20,70,125,5e-05,1.3e-05,6e-06,0.132752,False,0,22.7453
20,71,125,7.7e-05,1.9e-05,9e-06,0.132507,False,0,22.7448
20,72,125,1.2e-05,3e-06,1e-06,0.132297,False,0,22.7468
20,73,125,3e-06,1e-06,0.0,0.132106,False,0,22.7472
20,74,125,2.2e-05,6e-06,2e-06,0.131936,False,0,22.7482
20,75,125,1.8e-05,4e-06,2e-06,0.131759,False,0,22.7463
20,76,124,3.1e-05,8e-06,4e-06,0.13156,False,0,22.746
20,77,123,9e-06,2e-06,1e-06,0.131361,False,0,22.7467
20,78,122,6e-06,2e-06,1e-06,0.131203,False,0,22.7484
20,79,121,1.3e-05,3e-06,1e-06,0.131128,False,0,22.748
20,80,120,9e-06,2e-06,1e-06,0.131035,False,0,22.7487
20,81,119,2.1e-05,5e-06,2e-06,0.130957,False,0,22.7489
20,82,118,1.3e-05,3e-06,1e-06,0.130909,False,0,22.7474
20,83,117,4.9e-05,1.2e-05,5e-06,0.130821,False,0,22.7459
20,84,116,2.9e-05,7e-06,3e-06,0.130727,False,0,22.7463
20,85,115,3.6e-05,9e-06,4e-06,0.130657,False,0,22.7458
20,86,114,2.4e-05,6e-06,3e-06,0.130597,False,0,22.7464
20,87,113,5e-06,1e-06,1e-06,0.130508,False,0,22.747
20,88,112,2.4e-05,6e-06,3e-06,0.130443,False,0,22.7461
20,89,111,2e-06,0.0,0.0,0.130438,False,0,22.7476
20,90,110,2.1e-05,5e-06,2e-06,0.130441,False,0,22.7476
20,91,109,7e-06,2e-06,1e-06,0.130419,False,0,22.7472
20,92,108,0.0,0.0,0.0,0.130384,False,0,22.7476
20,93,107,2.1e-05,5e-06,2e-06,0.13034,False,0,22.7471
20,94,106,2e-06,0.0,0.0,0.130369,False,0,22.7477
20,95,105,2e-05,5e-06,2e-06,0.130365,False,0,22.7479
20,96,104,1e-06,0.0,0.0,0.130368,False,0,22.7477
20,97,103,2.4e-05,6e-06,2e-06,0.130383,False,0,22.7491
20,98,102,9e-06,2e-06,1e-06,0.130353,False,0,22.7485
20,99,101,1.2e-05,3e-06,2e-06,0.130366,False,0,22.7487
20,100,100,9e-06,2e-06,1e-06,0.130365,False,0,22.748
20,101,99,1e-06,0.0,0.0,0.130416,False,0,22.7476
20,102,98,9e-06,2e-06,1e-06,0.130482,False,0,22.7474
20,103,97,4e-06,1e-06,1e-06,0.13054,False,0,22.747
20,104,96,8e-06,2e-06,1e-06,0.130568,False,0,22.7473
20,105,95,2.4e-05,6e-06,2e-06,0.130601,False,0,22.7475
20,106,94,6e-06,2e-06,1e-06,0.130652,False,0,22.7477
20,107,93,4e-06,1e-06,0.0,0.130656,False,0,22.748
20,108,92,1.3e-05,3e-06,1e-06,0.130674,False,0,22.7484
20,109,91,6e-06,1e-06,1e-06,0.130731,False,0,22.7478
20,110,90,2.1e-05,5e-06,2e-06,0.130793,False,0,22.749
20,111,89,6e-06,2e-06,1e-06,0.130848,False,0,22.7469
20,112,88,2e-06,0.0,0.0,0.130932,False,0,22.7478
20,113,87,1e-06,0.0,0.0,0.131027,False,0,22.7474
20,114,86,2.3e-05,6e-06,3e-06,0.131161,False,0,22.7492
20,115,85,4.7e-05,1.2e-05,4e-06,0.131228,False,0,22.7494
20,116,84,6e-06,1e-06,1e-06,0.131324,False,0,22.7482
20,117,83,2e-06,0.0,0.0,0.131412,False,0,22.7473
20,118,82,8e-06,2e-06,1e-06,0.131493,False,0,22.7482
20,119,81,1.8e-05,4e-06,1e-06,0.131592,False,0,22.7486
20,120,80,4.1e-05,1e-05,5e-06,0.131688,False,0,22.7491
20,121,79,5.9e-05,1.5e-05,6e-06,0.131806,False,0,22.7501
20,122,78,1.6e-05,4e-06,1e-06,0.131859,False,0,22.7487
20,123,77,8e-06,2e-06,1e-06,0.131914,False,0,22.7482
20,124,76,4e-06,1e-06,0.0,0.131943,False,0,22.7483
20,125,75,2e-06,0.0,0.0,0.132063,False,0,22.7479
20,126,74,5.2e-05,1.3e-05,6e-06,0.132283,False,0,22.75
20,127,73,4.3e-05,1.1e-05,4e-06,0.132439,False,0,22.7496
20,128,72,0.000121,3e-05,1.4e-05,0.132592,False,0,22.7513
20,129,71,8.9e-05,2.2e-05,9e-06,0.132716,False,0,22.7506
20,130,70,6.2e-05,1.5e-05,7e-06,0.132886,False,0,22.7502
20,131,69,1.1e-05,3e-06,1e-06,0.13302,False,0,22.7484
20,132,68,7e-06,2e-06,1e-06,0.133177,False,0,22.7485
20,133,67,2.1e-05,5e-06,2e-06,0.133345,False,0,22.7492
20,134,66,7.5e-05,1.9e-05,8e-06,0.133538,False,0,22.7505
20,135,65,4.9e-05,1.2e-05,6e-06,0.133751,False,0,22.7492
20,136,64,5.3e-05,1.3e-05,5e-06,0.133958,False,0,22.7499
20,137,63,2.1e-05,5e-06,3e-06,0.134148,False,0,22.7491
20,138,62,3.6e-05,9e-06,5e-06,0.1343,False,0,22.7496
20,139,61,5.7e-05,1.4e-05,7e-06,0.134499,False,0,22.7501
20,140,60,0.000114,2.8e-05,1.3e-05,0.134702,False,0,22.7512
20,141,59,3.3e-05,9e-06,4e-06,0.134882,False,0,22.7494
20,142,58,5.1e-05,1.3e-05,7e-06,0.135087,False,0,22.7499
20,143,57,6.2e-05,1.5e-05,7e-06,0.135289,False,0,22.7503
20,144,56,0.000129,3.2e-05,1.5e-05,0.135504,False,0,22.7514
20,145,55,9.9e-05,2.5e-05,1.2e-05,0.135718,False,0,22.7509
20,146,54,4.5e-05,1.1e-05,5e-06,0.135937,False,0,22.7498
20,147,53,6.5e-05,1.6e-05,8e-06,0.136142,False,0,22.7502
20,148,52,0.000101,2.5e-05,1.1e-05,0.136372,False,0,22.751
20,149,51,0.000134,3.3e-05,1.6e-05,0.136598,False,0,22.7515
20,150,50,0.000158,4e-05,1.7e-05,0.136858,False,0,22.7517
20,151,49,9.3e-05,2.3e-05,1e-05,0.137121,False,0,22.7508
20,152,48,0.000192,4.8e-05,2.4e-05,0.137398,False,0,22.752
20,153,47,0.000265,6.6e-05,3e-05,0.137664,False,0,22.753
20,154,46,0.000284,7.1e-05,3.3e-05,0.138005,False,0,22.7533
20,155,45,0.00026,6.5e-05,3.1e-05,0.138343,False,0,22.753
20,156,44,0.000301,7.5e-05,3.4e-05,0.138705,False,0,22.7534
20,157,43,0.000245,6.1e-05,2.7e-05,0.139102,False,0,22.7528
20,158,42,0.000167,4.2e-05,2.1e-05,0.139468,False,0,22.7517
20,159,41,0.000163,4.1e-05,1.8e-05,0.139784,False,0,22.7518
20,160,40,0.000188,4.7e-05,2.4e-05,0.140104,False,0,22.7519
20,161,39,0.000245,6.1e-05,2.8e-05,0.140493,False,0,22.7529
20,162,38,0.00018,4.5e-05,2.1e-05,0.140901,False,0,22.7521
20,163,37,0.000137,3.4e-05,1.5e-05,0.141336,False,0,22.7515
20,164,36,0.000232,5.8e-05,2.7e-05,0.141738,False,0,22.7527
20,165,35,0.000344,8.6e-05,4.1e-05,0.142079,False,0,22.7538
20,166,34,0.000389,9.7e-05,4.5e-05,0.142423,False,0,22.7542
20,167,33,0.000307,7.7e-05,3.7e-05,0.14283,False,0,22.7535
20,168,32,0.000333,8.3e-05,4e-05,0.14332,False,0,22.7537
20,169,31,0.000365,9.1e-05,3.8e-05,0.14392,False,0,22.7537
20,170,30,0.000303,7.6e-05,3.6e-05,0.144448,False,0,22.7535
20,171,29,0.000377,9.4e-05,4.6e-05,0.144945,False,0,22.7541
20,172,28,0.000425,0.000106,5.1e-05,0.145457,False,0,22.7545
20,173,27,0.000459,0.000115,5.6e-05,0.146087,True,0,22.7547
20,174,26,0.000436,0.000109,4.9e-05,0.146721,True,0,22.7546
20,175,25,0.000438,0.00011,5e-05,0.147327,True,0,22.7546
20,176,24,0.000407,0.000102,4.8e-05,0.14782,True,0,22.7544
20,177,23,0.00043,0.000108,4.7e-05,0.148368,True,0,22.7545
20,178,22,0.000298,7.5e-05,3.4e-05,0.148891,True,0,22.7534
20,179,21,0.000448,0.000112,5.4e-05,0.149467,True,0,22.7546
20,180,20,0.000558,0.00014,6.3e-05,0.150128,True,0,22.7555
20,181,19,0.000705,0.000176,8.4e-05,0.15092,True,0,22.7565
20,182,18,0.000695,0.000174,8e-05,0.1517,True,0,22.7564
20,183,17,0.000783,0.000196,9.1e-05,0.152606,True,0,22.757
20,184,16,0.000564,0.000141,6.7e-05,0.153555,True,0,22.7556
21,52,125,0.000184,4.6e-05,2.2e-05,0.148183,True,0,22.7433
21,53,125,0.000379,9.5e-05,4.1e-05,0.146497,True,0,22.7413
21,54,125,0.000221,5.5e-05,2.5e-05,0.145037,False,0,22.7428
21,55,125,0.000291,7.3e-05,3.4e-05,0.143779,False,0,22.742
21,56,125,0.000119,3e-05,1.4e-05,0.142667,False,0,22.7441
21,57,125,0.000295,7.4e-05,3.4e-05,0.141677,False,0,22.7419
21,58,125,0.000297,7.4e-05,3.3e-05,0.14075,False,0,22.742
21,59,125,0.000387,9.7e-05,4.6e-05,0.139896,False,0,22.7411
21,60,125,0.000294,7.4e-05,3.3e-05,0.139184,False,0,22.742
21,61,125,0.000399,1e-04,4.5e-05,0.138541,False,0,22.7411
21,62,125,0.000186,4.6e-05,2.2e-05,0.138002,False,0,22.7432
21,63,125,0.000326,8.2e-05,3.7e-05,0.137535,False,0,22.7417
21,64,125,0.000113,2.8e-05,1.4e-05,0.137018,False,0,22.7443
21,65,125,0.00021,5.3e-05,2.5e-05,0.136558,False,0,22.7429
21,66,125,0.000229,5.7e-05,2.5e-05,0.136134,False,0,22.7428
21,67,125,0.000127,3.2e-05,1.5e-05,0.135774,False,0,22.7439
21,68,125,0.000206,5.2e-05,2.5e-05,0.135372,False,0,22.743
21,69,125,0.000157,3.9e-05,1.9e-05,0.134972,False,0,22.7435
21,70,125,0.000249,6.2e-05,2.7e-05,0.134655,False,0,22.7425
21,71,125,8.5e-05,2.1e-05,1e-05,0.134432,False,0,22.7446
21,72,125,8e-05,2e-05,9e-06,0.134224,False,0,22.7447
21,73,125,0.000134,3.3e-05,1.5e-05,0.134022,False,0,22.7438
21,74,125,0.000136,3.4e-05,1.6e-05,0.133817,False,0,22.7438
21,75,125,0.000139,3.5e-05,1.5e-05,0.133651,False,0,22.7438
21,76,125,6.4e-05,1.6e-05,8e-06,0.133512,False,0,22.745
21,77,125,0.000141,3.5e-05,1.6e-05,0.133352,False,0,22.7437
21,78,125,0.000186,4.7e-05,2.1e-05,0.133177,False,0,22.7431
21,79,125,0.000128,3.2e-05,1.5e-05,0.13303,False,0,22.744
21,80,125,0.000202,5e-05,2.3e-05,0.132932,False,0,22.743
21,81,124,0.00012,3e-05,1.4e-05,0.132864,False,0,22.744
21,82,123,9.3e-05,2.3e-05,1.1e-05,0.13279,False,0,22.7445
21,83,122,6.4e-05,1.6e-05,7e-06,0.132724,False,0,22.7451
21,84,121,2.2e-05,5e-06,2e-06,0.132626,False,0,22.7468
21,85,120,4.1e-05,1e-05,5e-06,0.132588,False,0,22.7456
21,86,119,0.000108,2.7e-05,1.2e-05,0.132495,False,0,22.7443
21,87,118,0.000116,2.9e-05,1.3e-05,0.132497,False,0,22.7441
21,88,117,0.000104,2.6e-05,1.2e-05,0.132471,False,0,22.7443
21,89,116,0.000225,5.6e-05,2.5e-05,0.132485,False,0,22.7427
21,90,115,0.000179,4.5e-05,2.2e-05,0.132465,False,0,22.7433
21,91,114,0.000163,4.1e-05,1.9e-05,0.132392,False,0,22.7434
21,92,113,5.4e-05,1.3e-05,6e-06,0.132339,False,0,22.7453
21,93,112,6.5e-05,1.6e-05,8e-06,0.132271,False,0,22.745
21,94,111,0.000116,2.9e-05,1.3e-05,0.132249,False,0,22.7441
21,95,110,0.000105,2.6e-05,1.2e-05,0.132215,False,0,22.7443
21,96,109,5.1e-05,1.3e-05,6e-06,0.132191,False,0,22.7453
21,97,108,4.7e-05,1.2e-05,6e-06,0.132176,False,0,22.7454
21,98,107,3.4e-05,9e-06,4e-06,0.13218,False,0,22.7457
21,99,106,8.6e-05,2.1e-05,1e-05,0.132216,False,0,22.7446
21,100,105,9.1e-05,2.3e-05,1.1e-05,0.132251,False,0,22.7445
21,101,104,4.7e-05,1.2e-05,6e-06,0.13223,False,0,22.7456
21,102,103,4.4e-05,1.1e-05,5e-06,0.132199,False,0,22.7455
21,103,102,4.1e-05,1e-05,5e-06,0.1322,False,0,22.7455
21,104,101,9.4e-05,2.4e-05,1.1e-05,0.132212,False,0,22.7444
21,105,100,0.000162,4e-05,1.9e-05,0.13232,False,0,22.7434
21,106,99,5.5e-05,1.4e-05,6e-06,0.132387,False,0,22.7452
21,107,98,6.4e-05,1.6e-05,7e-06,0.132459,False,0,22.745
21,108,97,1.1e-05,3e-06,1e-06,0.132488,False,0,22.7468
21,109,96,6e-06,2e-06,1e-06,0.132554,False,0,22.747
21,110,95,3.7e-05,9e-06,4e-06,0.13262,False,0,22.7457
21,111,94,3.1e-05,8e-06,4e-06,0.132706,False,0,22.7461
21,112,93,7.4e-05,1.8e-05,9e-06,0.132731,False,0,22.7448
21,113,92,4.7e-05,1.2e-05,6e-06,0.132796,False,0,22.7457
21,114,91,3.5e-05,9e-06,4e-06,0.132816,False,0,22.7459
21,115,90,5.7e-05,1.4e-05,7e-06,0.132826,False,0,22.7452
21,116,89,2.4e-05,6e-06,3e-06,0.132875,False,0,22.7462
21,117,88,1e-04,2.5e-05,1.2e-05,0.132928,False,0,22.7444
21,118,87,6e-06,1e-06,1e-06,0.133015,False,0,22.7471
21,119,86,5.5e-05,1.4e-05,7e-06,0.133125,False,0,22.7461
21,120,85,8e-06,2e-06,1e-06,0.133195,False,0,22.7468
21,121,84,3.8e-05,9e-06,4e-06,0.13323,False,0,22.7456
21,122,83,8e-06,2e-06,1e-06,0.133247,False,0,22.7467
21,123,82,1.7e-05,4e-06,2e-06,0.133281,False,0,22.7468
21,124,81,2e-06,0.0,0.0,0.1333,False,0,22.7479
21,125,80,1.5e-05,4e-06,2e-06,0.133325,False,0,22.7488
21,126,79,4e-06,1e-06,0.0,0.133346,False,0,22.7482
21,127,78,1.9e-05,5e-06,2e-06,0.133405,False,0,22.7487
21,128,77,3.4e-05,9e-06,3e-06,0.133516,False,0,22.7489
21,129,76,1.1e-05,3e-06,1e-06,0.133568,False,0,22.7487
21,130,75,4e-06,1e-06,1e-06,0.133606,False,0,22.7482
21,131,74,1e-06,0.0,0.0,0.133681,False,0,22.7475
21,132,73,3e-06,1e-06,0.0,0.133788,False,0,22.7479
21,133,72,4.5e-05,1.1e-05,4e-06,0.133909,False,0,22.7479
21,134,71,9e-06,2e-06,1e-06,0.134008,False,0,22.7473
21,135,70,6e-06,1e-06,1e-06,0.134086,False,0,22.7469
21,136,69,9e-06,2e-06,1e-06,0.134148,False,0,22.7469
21,137,68,2.4e-05,6e-06,2e-06,0.134176,False,0,22.7476
21,138,67,1.9e-05,5e-06,2e-06,0.13422,False,0,22.7468
21,139,66,1.1e-05,3e-06,1e-06,0.134307,False,0,22.7477
21,140,65,1.3e-05,3e-06,1e-06,0.134401,False,0,22.747
21,141,64,8e-06,2e-06,1e-06,0.134515,False,0,22.7474
21,142,63,2.6e-05,6e-06,3e-06,0.134646,False,0,22.7491
21,143,62,5.1e-05,1.3e-05,5e-06,0.134751,False,0,22.7498
21,144,61,5.7e-05,1.4e-05,7e-06,0.134908,False,0,22.7501
21,145,60,4.2e-05,1.1e-05,5e-06,0.135063,False,0,22.7498
21,146,59,9.9e-05,2.5e-05,1e-05,0.135211,False,0,22.7507
21,147,58,5.5e-05,1.4e-05,6e-06,0.135337,False,0,22.75
21,148,57,0.000134,3.4e-05,1.5e-05,0.135448,False,0,22.7515
23,52,125,0.000392,9.8e-05,4.4e-05,0.150904,True,0,22.7411
23,53,125,0.00049,0.000123,5.5e-05,0.149191,True,0,22.7403
23,54,125,0.000447,0.000112,5.4e-05,0.147771,True,0,22.7407
23,55,125,0.000495,0.000124,5.6e-05,0.146554,True,0,22.7403
23,56,125,0.000275,6.9e-05,3.3e-05,0.145425,False,0,22.7422
23,57,125,0.000255,6.4e-05,3e-05,0.144442,False,0,22.7423
23,58,125,0.000305,7.6e-05,3.5e-05,0.143624,False,0,22.7419
23,59,125,0.000245,6.1e-05,2.8e-05,0.142864,False,0,22.7425
23,60,125,0.000314,7.9e-05,3.6e-05,0.142177,False,0,22.7418
23,61,125,8.6e-05,2.1e-05,1e-05,0.14149,False,0,22.7446
23,62,125,0.00022,5.5e-05,2.7e-05,0.140859,False,0,22.7428
23,63,125,0.000227,5.7e-05,2.6e-05,0.140197,False,0,22.7427
23,64,125,0.000316,7.9e-05,3.7e-05,0.139629,False,0,22.7418
23,65,125,0.000292,7.3e-05,3.5e-05,0.139102,False,0,22.742
23,66,125,0.000193,4.8e-05,2.3e-05,0.138689,False,0,22.743
23,67,125,0.000215,5.4e-05,2.6e-05,0.138334,False,0,22.7429
23,68,125,0.000186,4.6e-05,2e-05,0.137985,False,0,22.7433
23,69,125,0.000162,4e-05,2e-05,0.137644,False,0,22.7437
23,70,125,0.000254,6.4e-05,2.8e-05,0.137314,False,0,22.7424
23,71,125,0.000141,3.5e-05,1.6e-05,0.137014,False,0,22.7437
23,72,125,0.000223,5.6e-05,2.7e-05,0.136731,False,0,22.7428
23,73,125,0.000179,4.5e-05,2.1e-05,0.136469,False,0,22.7432
23,74,125,0.000187,4.7e-05,2.2e-05,0.13623,False,0,22.7431
23,75,125,0.000107,2.7e-05,1.3e-05,0.136002,False,0,22.7443
23,76,125,0.000248,6.2e-05,2.8e-05,0.13579,False,0,22.7424
23,77,125,0.00013,3.2e-05,1.5e-05,0.135563,False,0,22.7439
23,78,125,0.000231,5.8e-05,2.7e-05,0.135339,False,0,22.7426
23,79,125,0.000253,6.3e-05,2.9e-05,0.13515,False,0,22.7424
23,80,125,0.000184,4.6e-05,2.1e-05,0.134984,False,0,22.7432
23,81,125,0.000305,7.6e-05,3.6e-05,0.134842,False,0,22.7419
23,82,125,0.000187,4.7e-05,2.1e-05,0.134701,False,0,22.7431
23,83,125,9.3e-05,2.3e-05,1.1e-05,0.134548,False,0,22.7445
23,84,125,8.6e-05,2.1e-05,1e-05,0.134446,False,0,22.7446
23,85,125,0.000173,4.3e-05,1.9e-05,0.134322,False,0,22.7433
23,86,125,0.000208,5.2e-05,2.4e-05,0.134211,False,0,22.7429
23,87,125,0.000207,5.2e-05,2.2e-05,0.134124,False,0,22.743
23,88,125,0.000119,3e-05,1.5e-05,0.134052,False,0,22.7443
23,89,125,0.000223,5.6e-05,2.5e-05,0.133946,False,0,22.7427
23,90,125,0.000189,4.7e-05,2.1e-05,0.133801,False,0,22.7432
23,91,125,0.000447,0.000111,5.2e-05,0.133771,False,0,22.7407
23,92,125,0.000371,9.3e-05,3.9e-05,0.133703,False,0,22.7415
23,93,125,0.000167,4.2e-05,2e-05,0.133645,False,0,22.7434
23,94,125,0.000226,5.7e-05,2.4e-05,0.133588,False,0,22.7429
23,95,125,0.000122,3.1e-05,1.5e-05,0.133585,False,0,22.7441
23,96,125,0.000155,3.9e-05,1.8e-05,0.133559,False,0,22.7435
23,97,125,0.0002,5e-05,2.2e-05,0.133517,False,0,22.743
23,98,125,0.000126,3.2e-05,1.5e-05,0.13343,False,0,22.7439
23,99,125,8.3e-05,2.1e-05,1e-05,0.13338,False,0,22.7446
23,100,125,0.000148,3.7e-05,1.6e-05,0.133343,False,0,22.7437
23,101,125,0.00017,4.3e-05,1.9e-05,0.133271,False,0,22.7433
23,102,125,0.000235,5.9e-05,2.6e-05,0.133217,False,0,22.7427
23,103,125,0.000158,4e-05,1.8e-05,0.133143,False,0,22.7435
23,104,125,7.2e-05,1.8e-05,8e-06,0.133111,False,0,22.7449
23,105,125,1e-04,2.5e-05,1.1e-05,0.133118,False,0,22.7444
23,106,125,5.8e-05,1.5e-05,6e-06,0.13316,False,0,22.7453
23,107,125,3.2e-05,8e-06,4e-06,0.133114,False,0,22.7458
23,108,125,4.9e-05,1.2e-05,6e-06,0.133066,False,0,22.7454
23,109,125,8.3e-05,2.1e-05,9e-06,0.133071,False,0,22.7447
23,110,125,0.000101,2.5e-05,1.2e-05,0.133095,False,0,22.7444
23,111,125,0.000115,2.9e-05,1.2e-05,0.133094,False,0,22.7443
23,112,125,4.9e-05,1.2e-05,6e-06,0.133127,False,0,22.7456
23,113,125,0.000101,2.5e-05,1e-05,0.133199,False,0,22.7451
23,114,125,5.6e-05,1.4e-05,6e-06,0.13325,False,0,22.7452
23,115,125,3.9e-05,1e-05,4e-06,0.13326,False,0,22.7459
23,116,125,4.6e-05,1.1e-05,5e-06,0.133228,False,0,22.7454
23,117,125,6.3e-05,1.6e-05,8e-06,0.133232,False,0,22.7451
23,118,125,0.00014,3.5e-05,1.5e-05,0.133235,False,0,22.7439
23,119,124,0.000151,3.8e-05,1.8e-05,0.13326,False,0,22.7436
23,120,123,0.000117,3e-05,1.4e-05,0.133316,False,0,22.7441
23,121,122,0.000126,3.1e-05,1.4e-05,0.133337,False,0,22.744
23,122,121,7.8e-05,2e-05,9e-06,0.133372,False,0,22.7448
23,123,120,0.00011,2.8e-05,1.3e-05,0.133431,False,0,22.7442
23,124,119,0.000158,4e-05,1.8e-05,0.13349,False,0,22.7435
23,125,118,5.5e-05,1.4e-05,6e-06,0.133504,False,0,22.7454
23,126,117,0.000104,2.6e-05,1.2e-05,0.133553,False,0,22.7443
23,127,116,3.1e-05,8e-06,3e-06,0.133599,False,0,22.7465
23,128,115,5.7e-05,1.4e-05,7e-06,0.133667,False,0,22.7452
23,129,114,3.5e-05,8e-06,4e-06,0.133718,False,0,22.7458
23,130,113,7.1e-05,1.8e-05,8e-06,0.133772,False,0,22.7449
24,52,125,0.000125,3.1e-05,1.4e-05,0.151406,True,0,22.744
24,53,125,0.000139,3.5e-05,1.7e-05,0.149721,True,0,22.7443
24,54,125,0.000233,5.8e-05,2.8e-05,0.148206,True,0,22.7426
24,55,125,0.000302,7.6e-05,3.6e-05,0.146865,True,0,22.7419
24,56,125,0.000235,5.9e-05,2.8e-05,0.145698,False,0,22.7426
24,57,125,0.000211,5.3e-05,2.5e-05,0.144658,False,0,22.7429
24,58,125,0.000152,3.8e-05,1.9e-05,0.143769,False,0,22.7438
24,59,125,0.000172,4.3e-05,2.1e-05,0.142989,False,0,22.7434
24,60,125,0.000169,4.2e-05,2.1e-05,0.142306,False,0,22.7434
24,61,125,0.000179,4.5e-05,2.2e-05,0.141645,False,0,22.7432
24,62,125,0.000168,4.2e-05,2e-05,0.141007,False,0,22.7434
24,63,125,0.000127,3.2e-05,1.6e-05,0.140424,False,0,22.7443
24,64,125,0.00022,5.5e-05,2.7e-05,0.139909,False,0,22.743
24,65,125,0.000177,4.4e-05,2.1e-05,0.139434,False,0,22.7433
24,66,125,0.000266,6.7e-05,3.2e-05,0.139009,False,0,22.7423
24,67,125,0.000236,5.9e-05,2.7e-05,0.138632,False,0,22.7426
24,68,125,0.000215,5.4e-05,2.6e-05,0.13833,False,0,22.7429
24,69,125,9.2e-05,2.3e-05,1.1e-05,0.138003,False,0,22.7446
24,70,125,5.3e-05,1.3e-05,6e-06,0.137705,False,0,22.7454
24,71,125,5e-05,1.2e-05,6e-06,0.137356,False,0,22.7453
24,72,125,8.3e-05,2.1e-05,1e-05,0.137058,False,0,22.7451
24,73,125,0.000161,4e-05,1.9e-05,0.136724,False,0,22.7434
24,74,125,6.2e-05,1.6e-05,7e-06,0.136475,False,0,22.7451
24,75,125,9.7e-05,2.4e-05,1.1e-05,0.13627,False,0,22.7444
24,76,125,0.00015,3.7e-05,1.9e-05,0.136139,False,0,22.7439
24,77,125,0.000186,4.6e-05,2.2e-05,0.135991,False,0,22.7432
24,78,125,0.000196,4.9e-05,2.3e-05,0.135836,False,0,22.743
24,79,125,0.000169,4.2e-05,2e-05,0.135614,False,0,22.7434
24,80,125,5e-05,1.2e-05,6e-06,0.135432,False,0,22.7453
24,81,125,6.6e-05,1.6e-05,8e-06,0.135298,False,0,22.7452
24,82,124,8.8e-05,2.2e-05,1e-05,0.135151,False,0,22.7446
24,83,123,0.000238,6e-05,2.9e-05,0.135078,False,0,22.7426
24,84,122,8e-05,2e-05,9e-06,0.135057,False,0,22.7448
24,85,121,3.5e-05,9e-06,4e-06,0.135055,False,0,22.7458
24,86,120,2.6e-05,6e-06,3e-06,0.134999,False,0,22.7469
24,87,119,1.8e-05,4e-06,2e-06,0.134902,False,0,22.7463
24,88,118,1e-05,2e-06,1e-06,0.1348,False,0,22.7472
24,89,117,7e-06,2e-06,1e-06,0.134723,False,0,22.7468
24,90,116,5.2e-05,1.3e-05,6e-06,0.134666,False,0,22.7463
24,91,115,9.3e-05,2.3e-05,1.1e-05,0.134565,False,0,22.7445
24,92,114,4.4e-05,1.1e-05,5e-06,0.134494,False,0,22.7458
24,93,113,9.4e-05,2.4e-05,1.2e-05,0.13441,False,0,22.7446
24,94,112,3.6e-05,9e-06,4e-06,0.134343,False,0,22.7457
24,95,111,5.6e-05,1.4e-05,7e-06,0.134304,False,0,22.7452
24,96,110,5.7e-05,1.4e-05,7e-06,0.134317,False,0,22.7455
24,97,109,0.000135,3.4e-05,1.6e-05,0.13431,False,0,22.7438
24,98,108,9.3e-05,2.3e-05,1.1e-05,0.134298,False,0,22.7445
24,99,107,8.7e-05,2.2e-05,1.1e-05,0.134221,False,0,22.7448
24,100,106,3.1e-05,8e-06,4e-06,0.134202,False,0,22.7461
24,101,105,3.2e-05,8e-06,4e-06,0.134209,False,0,22.7458
24,102,104,8.5e-05,2.1e-05,1e-05,0.134233,False,0,22.7446
24,103,103,3.4e-05,9e-06,4e-06,0.134284,False,0,22.7458
24,104,102,2.1e-05,5e-06,2e-06,0.134349,False,0,22.747
24,105,101,1.6e-05,4e-06,2e-06,0.134344,False,0,22.7471
24,106,100,2.1e-05,5e-06,3e-06,0.134356,False,0,22.7464
24,107,99,7e-05,1.7e-05,8e-06,0.134357,False,0,22.7449
24,108,98,7.5e-05,1.9e-05,9e-06,0.134339,False,0,22.745
24,109,97,4.7e-05,1.2e-05,6e-06,0.13428,False,0,22.7455
24,110,96,5e-06,1e-06,1e-06,0.1343,False,0,22.7472
24,111,95,1.1e-05,3e-06,1e-06,0.134357,False,0,22.7471
24,112,94,2e-06,0.0,0.0,0.134423,False,0,22.7475
24,113,93,2.7e-05,7e-06,3e-06,0.13443,False,0,22.7466
24,114,92,1.8e-05,5e-06,2e-06,0.134433,False,0,22.7463
24,115,91,3e-06,1e-06,0.0,0.134422,False,0,22.7472
24,116,90,6e-06,2e-06,1e-06,0.134426,False,0,22.7476
24,117,89,2e-05,5e-06,2e-06,0.134415,False,0,22.7489
24,118,88,5.3e-05,1.3e-05,5e-06,0.134478,False,0,22.7488
24,119,87,3e-06,1e-06,0.0,0.13449,False,0,22.7472
24,120,86,2.3e-05,6e-06,2e-06,0.134509,False,0,22.7487
24,121,85,3.3e-05,8e-06,3e-06,0.134553,False,0,22.7492
24,122,84,2.9e-05,7e-06,3e-06,0.13462,False,0,22.749
24,123,83,5e-06,1e-06,0.0,0.134684,False,0,22.7477
24,124,82,3e-06,1e-06,0.0,0.134742,False,0,22.7476
24,125,81,1.2e-05,3e-06,1e-06,0.13476,False,0,22.748
24,126,80,1e-05,3e-06,1e-06,0.134744,False,0,22.7485
24,127,79,6.9e-05,1.7e-05,7e-06,0.13477,False,0,22.75
24,128,78,5.8e-05,1.4e-05,5e-06,0.134867,False,0,22.7496
24,129,77,3.3e-05,8e-06,4e-06,0.135,False,0,22.7495
24,130,76,5.3e-05,1.3e-05,5e-06,0.135062,False,0,22.7498
24,131,75,0.000108,2.7e-05,1.1e-05,0.135137,False,0,22.7508
24,132,74,6.4e-05,1.6e-05,7e-06,0.135238,False,0,22.7503
24,133,73,9.3e-05,2.3e-05,1.1e-05,0.135315,False,0,22.7509
24,134,72,0.000105,2.6e-05,1.1e-05,0.13532,False,0,22.751
24,135,71,0.000135,3.4e-05,1.3e-05,0.135387,False,0,22.751
24,136,70,0.000116,2.9e-05,1.4e-05,0.135456,False,0,22.7511
24,137,69,0.000206,5.2e-05,2e-05,0.135598,False,0,22.7517
24,138,68,0.000112,2.8e-05,1.3e-05,0.135679,False,0,22.7511
24,139,67,0.000121,3e-05,1.3e-05,0.135775,False,0,22.7511
24,140,66,7.7e-05,1.9e-05,7e-06,0.135829,False,0,22.7502
24,141,65,2.8e-05,7e-06,3e-06,0.135918,False,0,22.7493
24,142,64,6e-05,1.5e-05,5e-06,0.135998,False,0,22.7495
24,143,63,5.4e-05,1.4e-05,5e-06,0.136124,False,0,22.7493
24,144,62,9.3e-05,2.3e-05,1e-05,0.136193,False,0,22.7508
24,145,61,0.000234,5.9e-05,2.4e-05,0.136272,False,0,22.7525
24,146,60,0.000227,5.7e-05,2.4e-05,0.136287,False,0,22.7524
24,147,59,0.000147,3.7e-05,1.5e-05,0.136346,False,0,22.7515
24,148,58,9.3e-05,2.3e-05,1e-05,0.136417,False,0,22.7507
24,149,57,1e-04,2.5e-05,1.1e-05,0.136563,False,0,22.7509
24,150,56,0.000213,5.4e-05,2.2e-05,0.136711,False,0,22.7522
24,151,55,0.000243,6e-05,2.6e-05,0.136791,False,0,22.7528
24,152,54,0.000256,6.4e-05,2.8e-05,0.136867,False,0,22.7529
24,153,53,0.000256,6.4e-05,2.9e-05,0.136933,False,0,22.7529
24,154,52,0.00038,9.5e-05,4.1e-05,0.137028,False,0,22.754
24,155,51,0.000399,1e-04,4.3e-05,0.137169,False,0,22.7541
24,156,50,0.000397,9.9e-05,4.3e-05,0.13727,False,0,22.7541
24,157,49,0.00039,9.8e-05,4.3e-05,0.137428,False,0,22.7542
24,158,48,0.00049,0.000123,5.2e-05,0.137562,False,0,22.7548
24,159,47,0.000426,0.000107,4.5e-05,0.137751,False,0,22.7543
24,160,46,0.000373,9.3e-05,4.2e-05,0.137874,False,0,22.754
24,161,45,0.000436,0.000109,4.4e-05,0.138008,False,0,22.7542
24,162,44,0.000338,8.5e-05,3.7e-05,0.13816,False,0,22.7537
24,163,43,0.000371,9.3e-05,3.8e-05,0.138374,False,0,22.7537
24,164,42,0.000308,7.7e-05,3.3e-05,0.138607,False,0,22.7534
24,165,41,0.000404,0.000101,4.1e-05,0.138818,False,0,22.7539
24,166,40,0.000248,6.2e-05,2.8e-05,0.139034,False,0,22.7529
24,167,39,0.000322,8e-05,3.4e-05,0.139255,False,0,22.7534
24,168,38,0.000304,7.6e-05,3.1e-05,0.139461,False,0,22.7531
24,169,37,0.000406,0.000102,4.3e-05,0.139774,False,0,22.7542
24,170,36,0.000544,0.000136,5.7e-05,0.140088,False,0,22.7551
24,171,35,0.00065,0.000163,7e-05,0.14039,False,0,22.7559
24,172,34,0.000634,0.000158,6.8e-05,0.140673,False,0,22.7558
24,173,33,0.0007,0.000175,7.6e-05,0.14093,False,0,22.7563
24,174,32,0.000779,0.000195,8.5e-05,0.141327,False,0,22.7568
24,175,31,0.000612,0.000153,6.6e-05,0.141737,False,0,22.7557
24,176,30,0.000715,0.000179,7.3e-05,0.142146,False,0,22.756
24,177,29,0.000517,0.000129,5.8e-05,0.1425,False,0,22.7552
24,178,28,0.000744,0.000186,8.2e-05,0.14284,False,0,22.7566
24,179,27,0.000871,0.000218,9.3e-05,0.143248,False,0,22.7572
24,180,26,0.000985,0.000247,0.000113,0.143692,False,0,22.7581
24,181,25,0.001189,0.000297,0.000126,0.144127,False,0,22.7587
24,182,24,0.001068,0.000267,0.000116,0.144579,False,0,22.7583
24,183,23,0.00098,0.000245,0.000104,0.145028,False,0,22.7578
24,184,22,0.001044,0.000261,0.00011,0.145522,False,0,22.758
24,185,21,0.001108,0.000277,0.000121,0.146063,True,0,22.7586
24,186,20,0.001316,0.000329,0.000138,0.146635,True,0,22.7592
26,52,125,0.000178,4.5e-05,2.1e-05,0.146987,True,0,22.7432
26,53,125,0.000256,6.4e-05,3.1e-05,0.145246,False,0,22.7424
26,54,125,0.000261,6.5e-05,3.2e-05,0.143843,False,0,22.7424
26,55,125,0.000154,3.9e-05,1.9e-05,0.142548,False,0,22.7436
26,56,125,0.000166,4.1e-05,2e-05,0.141462,False,0,22.7435
26,57,125,7.9e-05,2e-05,1e-05,0.140461,False,0,22.7448
26,58,125,8.9e-05,2.2e-05,1.1e-05,0.139611,False,0,22.7451
26,59,125,2.6e-05,6e-06,3e-06,0.138874,False,0,22.7469
26,60,125,4.8e-05,1.2e-05,5e-06,0.138238,False,0,22.7454
26,61,125,2.4e-05,6e-06,3e-06,0.137648,False,0,22.7467
26,62,125,7.4e-05,1.9e-05,9e-06,0.137078,False,0,22.7448
26,63,125,4.5e-05,1.1e-05,5e-06,0.136509,False,0,22.7455
26,64,125,9.8e-05,2.5e-05,1.2e-05,0.136001,False,0,22.7454
26,65,125,7.5e-05,1.9e-05,9e-06,0.13556,False,0,22.7448
26,66,125,6.8e-05,1.7e-05,8e-06,0.135124,False,0,22.7451
26,67,125,5.6e-05,1.4e-05,7e-06,0.134752,False,0,22.7456
26,68,125,3.9e-05,1e-05,4e-06,0.13441,False,0,22.7465
26,69,125,2.6e-05,6e-06,3e-06,0.134133,False,0,22.7461
26,70,125,2.9e-05,7e-06,3e-06,0.133867,False,0,22.7459
26,71,124,1.6e-05,4e-06,2e-06,0.133658,False,0,22.7467
26,72,123,2.3e-05,6e-06,3e-06,0.133415,False,0,22.7461
26,73,122,3.9e-05,1e-05,5e-06,0.133205,False,0,22.7456
26,74,121,4.1e-05,1e-05,5e-06,0.132951,False,0,22.7456
26,75,120,6.2e-05,1.5e-05,8e-06,0.132738,False,0,22.7455
26,76,119,5.5e-05,1.4e-05,7e-06,0.132518,False,0,22.7455
27,52,125,0.000448,0.000112,5.1e-05,0.149148,True,0,22.7407
27,53,125,0.000242,6e-05,2.9e-05,0.147471,True,0,22.7425
27,54,125,0.000233,5.8e-05,2.9e-05,0.146055,True,0,22.7427
27,55,125,0.000288,7.2e-05,3.3e-05,0.144738,False,0,22.742
27,56,125,0.000206,5.2e-05,2.5e-05,0.143567,False,0,22.7429
27,57,125,0.000243,6.1e-05,2.9e-05,0.142579,False,0,22.7425
27,58,125,0.000231,5.8e-05,2.7e-05,0.14172,False,0,22.7426
27,59,125,0.000179,4.5e-05,2.2e-05,0.140958,False,0,22.7433
27,60,125,0.00011,2.7e-05,1.3e-05,0.140221,False,0,22.7442
27,61,125,0.000126,3.2e-05,1.4e-05,0.139586,False,0,22.744
27,62,125,0.000175,4.4e-05,2e-05,0.139052,False,0,22.7433
27,63,125,0.00014,3.5e-05,1.6e-05,0.138566,False,0,22.7438
27,64,125,0.000117,2.9e-05,1.3e-05,0.138066,False,0,22.7441
27,65,125,5.2e-05,1.3e-05,6e-06,0.137608,False,0,22.7453
27,66,125,0.000113,2.8e-05,1.4e-05,0.137136,False,0,22.7441
27,67,125,0.000163,4.1e-05,2e-05,0.136731,False,0,22.7435
27,68,125,0.000313,7.8e-05,3.6e-05,0.13632,False,0,22.7418
27,69,125,0.000153,3.8e-05,1.7e-05,0.135978,False,0,22.7436
27,70,125,9.8e-05,2.4e-05,1.2e-05,0.135654,False,0,22.7444
27,71,125,9.3e-05,2.3e-05,1.1e-05,0.135284,False,0,22.7445
27,72,125,0.000213,5.3e-05,2.5e-05,0.134932,False,0,22.7428
27,73,125,0.000399,1e-04,4.6e-05,0.134625,False,0,22.741
27,74,125,0.000452,0.000113,5.1e-05,0.134414,False,0,22.7406
27,75,125,0.000248,6.2e-05,2.8e-05,0.13417,False,0,22.7425
27,76,125,0.000192,4.8e-05,2.3e-05,0.133919,False,0,22.7431
27,77,125,0.000152,3.8e-05,1.7e-05,0.133626,False,0,22.7436
27,78,125,0.000132,3.3e-05,1.5e-05,0.133477,False,0,22.7439
27,79,125,8.9e-05,2.2e-05,1e-05,0.133312,False,0,22.7446
27,80,125,7.7e-05,1.9e-05,9e-06,0.133151,False,0,22.7448
27,81,125,1e-04,2.5e-05,1.1e-05,0.132994,False,0,22.7444
27,82,124,4.5e-05,1.1e-05,5e-06,0.132849,False,0,22.7456
27,83,123,7.2e-05,1.8e-05,8e-06,0.132682,False,0,22.7449
27,84,122,5.6e-05,1.4e-05,7e-06,0.132542,False,0,22.7453
27,85,121,7.7e-05,1.9e-05,9e-06,0.132418,False,0,22.7448
27,86,120,3.5e-05,9e-06,4e-06,0.13233,False,0,22.7458
27,87,119,3.6e-05,9e-06,4e-06,0.132233,False,0,22.7457
27,88,118,9.3e-05,2.3e-05,1e-05,0.132147,False,0,22.7446
27,89,117,0.000109,2.7e-05,1.3e-05,0.132059,False,0,22.7442
27,90,116,0.000168,4.2e-05,1.8e-05,0.13195,False,0,22.7434
27,91,115,0.000221,5.5e-05,2.4e-05,0.131884,False,0,22.7428
27,92,114,0.00014,3.5e-05,1.7e-05,0.13188,False,0,22.7438
27,93,113,0.000114,2.8e-05,1.3e-05,0.131792,False,0,22.7442
27,94,112,7.5e-05,1.9e-05,9e-06,0.131653,False,0,22.7448
27,95,111,5.3e-05,1.3e-05,6e-06,0.131524,False,0,22.7453
27,96,110,7.9e-05,2e-05,9e-06,0.131482,False,0,22.7448
27,97,109,0.00016,4e-05,1.8e-05,0.131466,False,0,22.7435
27,98,108,0.000125,3.1e-05,1.4e-05,0.131512,False,0,22.744
27,99,107,5.1e-05,1.3e-05,6e-06,0.131513,False,0,22.7454
27,100,106,5.3e-05,1.3e-05,6e-06,0.131499,False,0,22.7453
27,101,105,0.000191,4.8e-05,2.1e-05,0.131512,False,0,22.7432
27,102,104,0.000117,2.9e-05,1.2e-05,0.131524,False,0,22.7444
27,103,103,9.3e-05,2.3e-05,1.1e-05,0.131515,False,0,22.7445
27,104,102,4.9e-05,1.2e-05,6e-06,0.131519,False,0,22.7453
27,105,101,8.2e-05,2e-05,1e-05,0.131518,False,0,22.7447
27,106,100,0.000123,3.1e-05,1.4e-05,0.13152,False,0,22.744
27,107,99,5.9e-05,1.5e-05,7e-06,0.131555,False,0,22.7451
27,108,98,6.2e-05,1.5e-05,7e-06,0.1316,False,0,22.7451
27,109,97,5.5e-05,1.4e-05,6e-06,0.131623,False,0,22.7453
27,110,96,6.2e-05,1.6e-05,7e-06,0.131643,False,0,22.7451
27,111,95,3.2e-05,8e-06,3e-06,0.13162,False,0,22.7466
27,112,94,5e-06,1e-06,1e-06,0.131638,False,0,22.7471
27,113,93,2e-06,1e-06,0.0,0.131601,False,0,22.7473
27,114,92,5.9e-05,1.5e-05,5e-06,0.131596,False,0,22.7462
27,115,91,1.3e-05,3e-06,1e-06,0.131599,False,0,22.7469
27,116,90,8e-06,2e-06,1e-06,0.131606,False,0,22.747
27,117,89,1.3e-05,3e-06,1e-06,0.131623,False,0,22.7469
27,118,88,1.7e-05,4e-06,2e-06,0.131698,False,0,22.7469
27,119,87,3.5e-05,9e-06,4e-06,0.131783,False,0,22.7458
27,120,86,3.9e-05,1e-05,4e-06,0.131867,False,0,22.7463
27,121,85,2.4e-05,6e-06,3e-06,0.131941,False,0,22.7463
27,122,84,2e-06,0.0,0.0,0.13199,False,0,22.7477
27,123,83,1.7e-05,4e-06,2e-06,0.132029,False,0,22.7466
27,124,82,4e-06,1e-06,0.0,0.132055,False,0,22.7471
27,125,81,1.5e-05,4e-06,1e-06,0.132109,False,0,22.7467
27,126,80,7e-06,2e-06,1e-06,0.132201,False,0,22.747
27,127,79,2e-06,0.0,0.0,0.132363,False,0,22.7474
27,128,78,3e-06,1e-06,0.0,0.132465,False,0,22.7473
27,129,77,1.7e-05,4e-06,2e-06,0.132602,False,0,22.748
27,130,76,6e-06,1e-06,1e-06,0.13269,False,0,22.7482
27,131,75,1.4e-05,3e-06,2e-06,0.132754,False,0,22.7478
27,132,74,9e-06,2e-06,1e-06,0.132836,False,0,22.7467
27,133,73,2e-06,1e-06,0.0,0.132921,False,0,22.7475
27,134,72,6e-06,1e-06,1e-06,0.133002,False,0,22.7473
27,135,71,6e-06,2e-06,1e-06,0.133095,False,0,22.7477
27,136,70,7e-06,2e-06,1e-06,0.133215,False,0,22.7478
27,137,69,2e-06,0.0,0.0,0.133318,False,0,22.7474
27,138,68,3e-05,8e-06,3e-06,0.133385,False,0,22.7477
27,139,67,3e-06,1e-06,0.0,0.133433,False,0,22.7476
27,140,66,1.8e-05,4e-06,2e-06,0.133491,False,0,22.7463
28,52,125,5.3e-05,1.3e-05,6e-06,0.146228,True,0,22.7457
28,53,125,0.000125,3.1e-05,1.5e-05,0.14456,False,0,22.7441
28,54,125,0.000115,2.9e-05,1.3e-05,0.143163,False,0,22.7441
28,55,125,0.000134,3.3e-05,1.3e-05,0.141982,False,0,22.7444
28,56,125,2.5e-05,6e-06,3e-06,0.140879,False,0,22.7462
28,57,125,2.4e-05,6e-06,3e-06,0.139876,False,0,22.7462
28,58,125,7.2e-05,1.8e-05,8e-06,0.138973,False,0,22.7449
28,59,125,5.3e-05,1.3e-05,6e-06,0.138219,False,0,22.7453
28,60,125,7.2e-05,1.8e-05,9e-06,0.137549,False,0,22.7449
28,61,125,2.4e-05,6e-06,3e-06,0.13696,False,0,22.7461
28,62,125,4.4e-05,1.1e-05,5e-06,0.136416,False,0,22.7456
28,63,125,6e-06,1e-06,1e-06,0.135877,False,0,22.7474
28,64,125,3.2e-05,8e-06,3e-06,0.135425,False,0,22.7459
28,65,125,2.1e-05,5e-06,2e-06,0.135034,False,0,22.7462
28,66,125,6.9e-05,1.7e-05,8e-06,0.134629,False,0,22.745
28,67,125,2.4e-05,6e-06,3e-06,0.134272,False,0,22.7461
28,68,125,3e-05,7e-06,4e-06,0.133944,False,0,22.7462
28,69,125,1.7e-05,4e-06,2e-06,0.133665,False,0,22.7469
28,70,125,2.7e-05,7e-06,3e-06,0.133341,False,0,22.746
28,71,125,6.2e-05,1.5e-05,7e-06,0.133063,False,0,22.7452
28,72,125,2.8e-05,7e-06,3e-06,0.132792,False,0,22.746
28,73,125,7e-06,2e-06,1e-06,0.132564,False,0,22.7469
28,74,125,4.1e-05,1e-05,4e-06,0.132393,False,0,22.7457
28,75,125,1.8e-05,4e-06,2e-06,0.132256,False,0,22.7463
28,76,125,4e-05,1e-05,4e-06,0.132094,False,0,22.746
28,77,125,6e-06,1e-06,1e-06,0.131936,False,0,22.7484
28,78,125,1e-05,3e-06,1e-06,0.131707,False,0,22.7468
28,79,125,5e-05,1.2e-05,5e-06,0.131539,False,0,22.7455
28,80,125,6.5e-05,1.6e-05,8e-06,0.131367,False,0,22.7451
28,81,125,6.3e-05,1.6e-05,6e-06,0.131251,False,0,22.7457
28,82,125,1.5e-05,4e-06,2e-06,0.131157,False,0,22.7465
28,83,125,1e-06,0.0,0.0,0.131062,False,0,22.7476
28,84,125,2e-06,0.0,0.0,0.131045,False,0,22.7475
28,85,125,2e-06,1e-06,0.0,0.131,False,0,22.7475
28,86,125,4e-06,1e-06,0.0,0.130961,False,0,22.7473
28,87,125,2e-05,5e-06,2e-06,0.130917,False,0,22.7462
28,88,125,5.3e-05,1.3e-05,5e-06,0.13088,False,0,22.7454
28,89,125,7.2e-05,1.8e-05,8e-06,0.130841,False,0,22.7449
28,90,125,6.8e-05,1.7e-05,7e-06,0.130859,False,0,22.7452
28,91,125,2.1e-05,5e-06,2e-06,0.130884,False,0,22.7462
28,92,125,2e-06,0.0,0.0,0.130902,False,0,22.7476
28,93,125,1.8e-05,4e-06,2e-06,0.130936,False,0,22.7487
28,94,125,4e-06,1e-06,1e-06,0.130985,False,0,22.7481
28,95,125,1e-06,0.0,0.0,0.131055,False,0,22.7475
28,96,125,1.1e-05,3e-06,1e-06,0.131146,False,0,22.747
28,97,125,8e-06,2e-06,1e-06,0.131204,False,0,22.7478
28,98,125,7e-06,2e-06,1e-06,0.131218,False,0,22.7472
28,99,125,1.2e-05,3e-06,1e-06,0.131259,False,0,22.7467
28,100,125,1e-05,2e-06,1e-06,0.131298,False,0,22.7487
28,101,125,1e-05,2e-06,1e-06,0.131333,False,0,22.7478
28,102,125,1.7e-05,4e-06,2e-06,0.131319,False,0,22.7488
28,103,125,5e-06,1e-06,1e-06,0.131382,False,0,22.7472
28,104,125,2e-06,0.0,0.0,0.131447,False,0,22.7479
28,105,125,1e-06,0.0,0.0,0.131497,False,0,22.7476
28,106,125,2.1e-05,5e-06,3e-06,0.131557,False,0,22.7489
28,107,125,5e-06,1e-06,1e-06,0.131615,False,0,22.7481
28,108,125,3e-05,7e-06,3e-06,0.131722,False,0,22.7494
28,109,125,2.5e-05,6e-06,3e-06,0.131835,False,0,22.7489
28,110,125,9.3e-05,2.3e-05,1e-05,0.131962,False,0,22.7507
28,111,125,3.8e-05,1e-05,5e-06,0.13205,False,0,22.7497
28,112,125,1.1e-05,3e-06,1e-06,0.132161,False,0,22.7487
28,113,125,3e-06,1e-06,1e-06,0.132227,False,0,22.748
28,114,125,1.1e-05,3e-06,1e-06,0.132238,False,0,22.7485
28,115,125,1.2e-05,3e-06,2e-06,0.132264,False,0,22.7487
28,116,125,2.2e-05,5e-06,2e-06,0.132343,False,0,22.7492
28,117,125,7e-06,2e-06,1e-06,0.132445,False,0,22.7485
28,118,125,1.8e-05,4e-06,2e-06,0.13253,False,0,22.7483
28,119,125,3e-05,8e-06,4e-06,0.132666,False,0,22.7491
28,120,125,2e-06,0.0,0.0,0.132844,False,0,22.7476
28,121,125,9e-06,2e-06,1e-06,0.132949,False,0,22.7479
28,122,125,2e-06,0.0,0.0,0.133057,False,0,22.748
28,123,125,1.3e-05,3e-06,1e-06,0.133134,False,0,22.7471
28,124,125,2.9e-05,7e-06,4e-06,0.133274,False,0,22.7494
28,125,125,1.4e-05,4e-06,1e-06,0.133399,False,0,22.7488
28,126,125,3.9e-05,1e-05,5e-06,0.133568,False,0,22.7496
28,127,125,4e-05,1e-05,5e-06,0.133681,False,0,22.7496
28,128,125,4.5e-05,1.1e-05,6e-06,0.133819,False,0,22.7497
28,129,125,4.1e-05,1e-05,4e-06,0.133986,False,0,22.7496
28,130,125,1.1e-05,3e-06,1e-06,0.134161,False,0,22.7484
28,131,124,2.9e-05,7e-06,3e-06,0.134268,False,0,22.7494
28,132,123,2.5e-05,6e-06,3e-06,0.134374,False,0,22.7487
28,133,122,3e-05,7e-06,3e-06,0.134498,False,0,22.7492
28,134,121,6e-06,2e-06,1e-06,0.134617,False,0,22.7479
28,135,120,2.7e-05,7e-06,4e-06,0.13476,False,0,22.7493
28,136,119,2.7e-05,7e-06,3e-06,0.134902,False,0,22.7493
28,137,118,7e-06,2e-06,1e-06,0.135034,False,0,22.7485
28,138,117,2.9e-05,7e-06,3e-06,0.13518,False,0,22.7478
28,139,116,2e-06,1e-06,0.0,0.135316,False,0,22.7477
28,140,115,4.2e-05,1e-05,5e-06,0.135458,False,0,22.7498
28,141,114,7.4e-05,1.8e-05,9e-06,0.135629,False,0,22.7501
28,142,113,7.1e-05,1.8e-05,8e-06,0.135789,False,0,22.7504
28,143,112,8.5e-05,2.1e-05,9e-06,0.135949,False,0,22.7506
28,144,111,3.9e-05,1e-05,5e-06,0.136011,False,0,22.7497
28,145,110,5e-05,1.2e-05,6e-06,0.136071,False,0,22.7499
28,146,109,5.9e-05,1.5e-05,7e-06,0.136134,False,0,22.7502
28,147,108,4.1e-05,1e-05,5e-06,0.13618,False,0,22.7497
28,148,107,7.6e-05,1.9e-05,9e-06,0.13633,False,0,22.7504
28,149,106,8.6e-05,2.1e-05,1e-05,0.13649,False,0,22.7507
28,150,105,0.000161,4e-05,2e-05,0.136663,False,0,22.7516
28,151,104,0.000123,3.1e-05,1.2e-05,0.136908,False,0,22.7511
28,152,103,7e-05,1.8e-05,9e-06,0.137087,False,0,22.75
28,153,102,5.6e-05,1.4e-05,6e-06,0.137322,False,0,22.7501
28,154,101,8.6e-05,2.2e-05,1.1e-05,0.137488,False,0,22.7504
28,155,100,7.2e-05,1.8e-05,9e-06,0.137625,False,0,22.7503
28,156,99,0.000112,2.8e-05,1.3e-05,0.137724,False,0,22.7512
28,157,98,0.000123,3.1e-05,1.5e-05,0.137874,False,0,22.7512
28,158,97,0.000155,3.9e-05,1.7e-05,0.137977,False,0,22.7518
29,52,125,8.9e-05,2.2e-05,1e-05,0.147041,True,0,22.7446
29,53,125,6.7e-05,1.7e-05,8e-06,0.145324,False,0,22.7452
29,54,125,0.000121,3e-05,1.4e-05,0.143825,False,0,22.7441
29,55,125,6.8e-05,1.7e-05,8e-06,0.142516,False,0,22.7453
29,56,125,9.1e-05,2.2e-05,1.1e-05,0.141394,False,0,22.7446
29,57,125,5.2e-05,1.3e-05,6e-06,0.140438,False,0,22.7454
29,58,125,8.3e-05,2.1e-05,1e-05,0.139519,False,0,22.7453
29,59,125,8.2e-05,2e-05,1e-05,0.138737,False,0,22.7447
29,60,125,0.000166,4.2e-05,2.1e-05,0.138018,False,0,22.744
29,61,125,0.000143,3.6e-05,1.6e-05,0.137408,False,0,22.7437
29,62,125,5.8e-05,1.4e-05,7e-06,0.136804,False,0,22.7452
29,63,125,8.3e-05,2.1e-05,1e-05,0.136251,False,0,22.7447
29,64,125,1e-04,2.5e-05,1.2e-05,0.135818,False,0,22.7446
29,65,125,0.000139,3.5e-05,1.6e-05,0.135408,False,0,22.7437
29,66,125,7.9e-05,2e-05,9e-06,0.135027,False,0,22.7447
29,67,125,4.7e-05,1.2e-05,5e-06,0.134642,False,0,22.7464
29,68,125,8.4e-05,2.1e-05,1e-05,0.134315,False,0,22.7447
29,69,125,0.000134,3.3e-05,1.5e-05,0.133967,False,0,22.7439
29,70,125,0.000244,6.1e-05,2.8e-05,0.133692,False,0,22.7425
29,71,125,0.000104,2.6e-05,1.2e-05,0.133439,False,0,22.7443
29,72,125,8.6e-05,2.2e-05,1e-05,0.133141,False,0,22.7446
29,73,125,0.000127,3.2e-05,1.4e-05,0.132839,False,0,22.744
29,74,125,7.8e-05,1.9e-05,9e-06,0.132571,False,0,22.7448
29,75,125,7.1e-05,1.8e-05,8e-06,0.132394,False,0,22.7449
29,76,125,3.8e-05,9e-06,5e-06,0.132242,False,0,22.7457
29,77,125,6.7e-05,1.7e-05,8e-06,0.132171,False,0,22.7449
29,78,125,1.3e-05,3e-06,2e-06,0.132028,False,0,22.7465
29,79,125,1.8e-05,5e-06,2e-06,0.13185,False,0,22.7469
29,80,125,5e-06,1e-06,1e-06,0.131681,False,0,22.747
29,81,125,1.7e-05,4e-06,2e-06,0.131505,False,0,22.7471
29,82,125,1.8e-05,5e-06,2e-06,0.131328,False,0,22.7466
29,83,125,7e-05,1.8e-05,8e-06,0.131181,False,0,22.7449
29,84,125,9.6e-05,2.4e-05,1.1e-05,0.131128,False,0,22.7444
29,85,125,1.5e-05,4e-06,2e-06,0.131104,False,0,22.7464
29,86,125,1.1e-05,3e-06,1e-06,0.131006,False,0,22.7467
29,87,125,7e-06,1e-06,1e-06,0.130904,False,0,22.7469
29,88,125,2.1e-05,5e-06,3e-06,0.130826,False,0,22.7463
29,89,125,5.3e-05,1.3e-05,6e-06,0.130767,False,0,22.7454
29,90,125,3.7e-05,9e-06,4e-06,0.130679,False,0,22.7459
29,91,125,2e-05,5e-06,2e-06,0.13063,False,0,22.7463
29,92,125,1.2e-05,3e-06,1e-06,0.130616,False,0,22.7468
29,93,125,2.4e-05,6e-06,3e-06,0.130583,False,0,22.746
29,94,125,5.3e-05,1.3e-05,6e-06,0.130552,False,0,22.7453
29,95,125,4.9e-05,1.2e-05,6e-06,0.130528,False,0,22.7454
29,96,125,2.5e-05,6e-06,3e-06,0.130517,False,0,22.7461
29,97,125,1.5e-05,4e-06,1e-06,0.130519,False,0,22.748
29,98,125,4e-06,1e-06,0.0,0.130536,False,0,22.7473
29,99,125,2.6e-05,7e-06,3e-06,0.130583,False,0,22.7461
29,100,125,1.4e-05,4e-06,2e-06,0.130628,False,0,22.7465
29,101,125,1.1e-05,3e-06,1e-06,0.130668,False,0,22.7466
29,102,125,8e-06,2e-06,1e-06,0.13066,False,0,22.7484
29,103,125,2e-06,0.0,0.0,0.130679,False,0,22.7473
29,104,125,8e-06,2e-06,1e-06,0.130754,False,0,22.7469
29,105,125,4.8e-05,1.2e-05,6e-06,0.130823,False,0,22.7454
29,106,125,1.9e-05,5e-06,2e-06,0.130851,False,0,22.7463
29,107,125,4.2e-05,1.1e-05,5e-06,0.130875,False,0,22.7456
29,108,125,2.6e-05,7e-06,3e-06,0.130912,False,0,22.746
29,109,125,1.4e-05,3e-06,2e-06,0.130984,False,0,22.7466
29,110,125,1.1e-05,3e-06,1e-06,0.131066,False,0,22.747
29,111,125,2.2e-05,6e-06,3e-06,0.131136,False,0,22.7481
29,112,125,1.6e-05,4e-06,1e-06,0.131194,False,0,22.7484
29,113,125,1.5e-05,4e-06,2e-06,0.131227,False,0,22.7465
29,114,125,1.2e-05,3e-06,1e-06,0.131272,False,0,22.7466
29,115,125,8e-06,2e-06,1e-06,0.131328,False,0,22.7468
29,116,125,1e-05,2e-06,1e-06,0.131397,False,0,22.748
29,117,125,1e-06,0.0,0.0,0.131409,False,0,22.7476
29,118,125,1.2e-05,3e-06,1e-06,0.131412,False,0,22.7469
29,119,125,2e-06,0.0,0.0,0.131411,False,0,22.7481
29,120,125,1.4e-05,3e-06,1e-06,0.131518,False,0,22.7484
29,121,125,4e-06,1e-06,0.0,0.131593,False,0,22.7483
29,122,125,7e-06,2e-06,1e-06,0.131652,False,0,22.7472
29,123,125,2e-06,1e-06,0.0,0.131684,False,0,22.7473
29,124,125,1e-05,2e-06,1e-06,0.131727,False,0,22.7467
29,125,125,4e-06,1e-06,0.0,0.131784,False,0,22.7471
29,126,125,2.9e-05,7e-06,3e-06,0.131864,False,0,22.7464
29,127,125,5e-06,1e-06,1e-06,0.131872,False,0,22.7477
29,128,125,4e-06,1e-06,0.0,0.131911,False,0,22.7481
29,129,125,8e-06,2e-06,1e-06,0.132027,False,0,22.7483
29,130,125,1e-05,2e-06,1e-06,0.132139,False,0,22.7483
29,131,125,2.9e-05,7e-06,3e-06,0.132226,False,0,22.7493
29,132,125,4e-06,1e-06,0.0,0.132302,False,0,22.7482
29,133,125,4.3e-05,1.1e-05,5e-06,0.132433,False,0,22.7498
29,134,125,2.2e-05,5e-06,2e-06,0.132551,False,0,22.7492
29,135,125,2.9e-05,7e-06,4e-06,0.132631,False,0,22.7494
29,136,125,2e-05,5e-06,2e-06,0.132713,False,0,22.7491
29,137,124,2.3e-05,6e-06,2e-06,0.132813,False,0,22.7487
29,138,123,2.1e-05,5e-06,3e-06,0.132916,False,0,22.7491
29,139,122,1.4e-05,3e-06,1e-06,0.133049,False,0,22.7481
29,140,121,5e-06,1e-06,0.0,0.133151,False,0,22.7482
29,141,120,1.5e-05,4e-06,2e-06,0.133252,False,0,22.7489
29,142,119,3.7e-05,9e-06,3e-06,0.133365,False,0,22.7493
29,143,118,1e-06,0.0,0.0,0.133473,False,0,22.7475
29,144,117,4e-06,1e-06,0.0,0.133601,False,0,22.7471
29,145,116,4e-06,1e-06,0.0,0.133761,False,0,22.7472
29,146,115,6e-06,1e-06,1e-06,0.1339,False,0,22.7474
29,147,114,1.9e-05,5e-06,2e-06,0.133984,False,0,22.7488
29,148,113,2.6e-05,6e-06,3e-06,0.134015,False,0,22.7493
29,149,112,1.7e-05,4e-06,2e-06,0.134078,False,0,22.7488
29,150,111,7e-06,2e-06,1e-06,0.134166,False,0,22.7484
29,151,110,1.6e-05,4e-06,2e-06,0.134315,False,0,22.7489
29,152,109,7.8e-05,1.9e-05,9e-06,0.134426,False,0,22.7506
29,153,108,6e-05,1.5e-05,6e-06,0.134578,False,0,22.7499
29,154,107,8.9e-05,2.2e-05,1.1e-05,0.13471,False,0,22.7499
29,155,106,0.000124,3.1e-05,1.1e-05,0.134839,False,0,22.7504
29,156,105,3.3e-05,8e-06,4e-06,0.134964,False,0,22.7495
29,157,104,5.8e-05,1.5e-05,6e-06,0.135149,False,0,22.7502
29,158,103,5.3e-05,1.3e-05,6e-06,0.13534,False,0,22.75
29,159,102,7.5e-05,1.9e-05,8e-06,0.135468,False,0,22.7504
29,160,101,3.2e-05,8e-06,4e-06,0.135566,False,0,22.7495
29,161,100,5.8e-05,1.5e-05,7e-06,0.135634,False,0,22.7502
29,162,99,7.5e-05,1.9e-05,8e-06,0.13573,False,0,22.7505
29,163,98,7.6e-05,1.9e-05,7e-06,0.135867,False,0,22.75
29,164,97,4.3e-05,1.1e-05,5e-06,0.136,False,0,22.7498
29,165,96,2.5e-05,6e-06,2e-06,0.136133,False,0,22.7491
29,166,95,2.4e-05,6e-06,3e-06,0.136236,False,0,22.7492
29,167,94,5.5e-05,1.4e-05,7e-06,0.136366,False,0,22.7499
29,168,93,7.8e-05,1.9e-05,8e-06,0.136522,False,0,22.7505
29,169,92,5.8e-05,1.4e-05,6e-06,0.136711,False,0,22.7501
29,170,91,5.9e-05,1.5e-05,6e-06,0.136882,False,0,22.7501
29,171,90,6e-06,2e-06,1e-06,0.137072,False,0,22.7482
30,52,125,3.7e-05,9e-06,4e-06,0.147809,True,0,22.7459
30,53,125,2.3e-05,6e-06,3e-06,0.146234,True,0,22.7462
30,54,125,1.7e-05,4e-06,2e-06,0.144858,False,0,22.7467
30,55,125,5e-06,1e-06,1e-06,0.143667,False,0,22.7471
30,56,125,3e-06,1e-06,0.0,0.142619,False,0,22.7473
30,57,125,1.8e-05,5e-06,2e-06,0.141702,False,0,22.7463
30,58,125,4.3e-05,1.1e-05,5e-06,0.140815,False,0,22.7462
30,59,125,1.6e-05,4e-06,2e-06,0.139986,False,0,22.7465
30,60,125,7e-06,2e-06,1e-06,0.139303,False,0,22.7484
30,61,125,3e-06,1e-06,0.0,0.138742,False,0,22.7477
30,62,125,1e-05,3e-06,1e-06,0.138254,False,0,22.7477
30,63,125,3.1e-05,8e-06,3e-06,0.137774,False,0,22.746
30,64,125,4.1e-05,1e-05,5e-06,0.137239,False,0,22.7456
30,65,125,1.7e-05,4e-06,2e-06,0.13676,False,0,22.7465
30,66,125,7e-06,2e-06,1e-06,0.136349,False,0,22.7469
30,67,125,1e-05,2e-06,1e-06,0.135966,False,0,22.7481
30,68,125,3e-06,1e-06,0.0,0.135598,False,0,22.7476
30,69,125,1.4e-05,3e-06,1e-06,0.135245,False,0,22.7467
30,70,125,6e-06,1e-06,1e-06,0.134903,False,0,22.7471
30,71,125,1.4e-05,3e-06,2e-06,0.134563,False,0,22.7465
30,72,125,9e-06,2e-06,1e-06,0.134291,False,0,22.7469
30,73,125,5e-05,1.2e-05,6e-06,0.13407,False,0,22.7454
30,74,125,4.1e-05,1e-05,4e-06,0.133856,False,0,22.7463
30,75,125,1e-06,0.0,0.0,0.13367,False,0,22.7476
30,76,125,1.6e-05,4e-06,2e-06,0.133426,False,0,22.7465
30,77,125,1.8e-05,5e-06,2e-06,0.133257,False,0,22.7463
30,78,125,4.1e-05,1e-05,5e-06,0.133104,False,0,22.7456
30,79,125,1.9e-05,5e-06,2e-06,0.133013,False,0,22.7465
30,80,125,1.5e-05,4e-06,2e-06,0.132904,False,0,22.7467
30,81,125,2.2e-05,6e-06,2e-06,0.132811,False,0,22.7492
30,82,125,3e-05,8e-06,4e-06,0.132777,False,0,22.7493
30,83,125,5.2e-05,1.3e-05,5e-06,0.13276,False,0,22.7498
30,84,125,8.6e-05,2.2e-05,1e-05,0.132724,False,0,22.749
30,85,125,4.5e-05,1.1e-05,4e-06,0.132706,False,0,22.749
30,86,125,1e-06,0.0,0.0,0.132684,False,0,22.7478
30,87,125,1e-05,2e-06,1e-06,0.132641,False,0,22.7476
30,88,125,3e-06,1e-06,0.0,0.132625,False,0,22.7472
30,89,125,2e-06,0.0,0.0,0.132585,False,0,22.7478
30,90,125,9e-06,2e-06,1e-06,0.132569,False,0,22.7476
30,91,125,5e-06,1e-06,1e-06,0.132527,False,0,22.7472
30,92,125,1.1e-05,3e-06,1e-06,0.132522,False,0,22.7467
30,93,125,1.2e-05,3e-06,1e-06,0.132572,False,0,22.7473
30,94,125,2.3e-05,6e-06,3e-06,0.132622,False,0,22.7477
30,95,125,1.3e-05,3e-06,1e-06,0.132691,False,0,22.7483
30,96,125,2.1e-05,5e-06,3e-06,0.132681,False,0,22.7484
30,97,125,8e-06,2e-06,1e-06,0.132657,False,0,22.7486
30,98,125,2e-06,0.0,0.0,0.132686,False,0,22.7473
30,99,125,8e-06,2e-06,1e-06,0.132793,False,0,22.7483
30,100,125,5e-06,1e-06,0.0,0.132866,False,0,22.748
30,101,125,8e-06,2e-06,1e-06,0.132897,False,0,22.7482
30,102,125,7e-06,2e-06,1e-06,0.132921,False,0,22.7478
30,103,125,4e-06,1e-06,0.0,0.132882,False,0,22.7472
30,104,125,4.3e-05,1.1e-05,4e-06,0.132915,False,0,22.746
30,105,125,5e-06,1e-06,1e-06,0.132951,False,0,22.7482
30,106,125,1e-05,2e-06,1e-06,0.133029,False,0,22.7483
30,107,125,1.1e-05,3e-06,1e-06,0.133116,False,0,22.7487
30,108,125,9e-06,2e-06,1e-06,0.133197,False,0,22.7487
30,109,125,4.7e-05,1.2e-05,6e-06,0.133306,False,0,22.7497
30,110,125,0.00011,2.7e-05,1.3e-05,0.133401,False,0,22.7511
30,111,125,4.6e-05,1.2e-05,4e-06,0.133446,False,0,22.7497
30,112,125,1.3e-05,3e-06,2e-06,0.133516,False,0,22.7487
30,113,125,6e-06,2e-06,1e-06,0.133653,False,0,22.7484
30,114,125,4.2e-05,1e-05,5e-06,0.133814,False,0,22.7497
30,115,125,2e-05,5e-06,2e-06,0.133959,False,0,22.748
30,116,125,1.3e-05,3e-06,2e-06,0.134089,False,0,22.7484
30,117,125,2.2e-05,5e-06,2e-06,0.134256,False,0,22.749
30,118,125,2e-06,1e-06,0.0,0.134456,False,0,22.7478
30,119,125,2e-05,5e-06,2e-06,0.13468,False,0,22.7491
30,120,125,5.9e-05,1.5e-05,8e-06,0.134862,False,0,22.75
30,121,125,0.000108,2.7e-05,1.3e-05,0.135071,False,0,22.7511
30,122,125,6.6e-05,1.6e-05,8e-06,0.135256,False,0,22.7503
30,123,125,8.6e-05,2.2e-05,1.1e-05,0.135489,False,0,22.7505
30,124,125,0.000117,2.9e-05,1.4e-05,0.135668,False,0,22.7512
30,125,125,0.000125,3.1e-05,1.5e-05,0.135819,False,0,22.7514
30,126,125,9.6e-05,2.4e-05,1e-05,0.135984,False,0,22.7508
30,127,125,7.5e-05,1.9e-05,1e-05,0.136204,False,0,22.7495
30,128,125,0.000135,3.4e-05,1.6e-05,0.136508,False,0,22.7515
30,129,125,0.000122,3.1e-05,1.5e-05,0.136718,False,0,22.7513
30,130,125,9.2e-05,2.3e-05,1.1e-05,0.136932,False,0,22.7508
30,131,125,3.7e-05,9e-06,5e-06,0.137081,False,0,22.7496
30,132,125,4.6e-05,1.2e-05,5e-06,0.13722,False,0,22.7499
30,133,125,5.7e-05,1.4e-05,7e-06,0.137371,False,0,22.7498
30,134,124,7.2e-05,1.8e-05,9e-06,0.137456,False,0,22.7504
30,135,123,1.7e-05,4e-06,2e-06,0.137576,False,0,22.749
30,136,122,3.4e-05,9e-06,4e-06,0.137718,False,0,22.7492
30,137,121,3.2e-05,8e-06,4e-06,0.137916,False,0,22.7484
30,138,120,9.8e-05,2.4e-05,1.2e-05,0.138175,False,0,22.7507
30,139,119,5.6e-05,1.4e-05,6e-06,0.138403,False,0,22.7501
30,140,118,0.000115,2.9e-05,1.5e-05,0.138648,False,0,22.7507
30,141,117,5.5e-05,1.4e-05,7e-06,0.138829,False,0,22.7501
30,142,116,9.4e-05,2.3e-05,1.2e-05,0.139043,False,0,22.7507
30,143,115,0.000125,3.1e-05,1.5e-05,0.139251,False,0,22.7513
31,52,125,0.000189,4.8e-05,2.2e-05,0.147146,True,0,22.7431
31,53,125,8.8e-05,2.2e-05,1.1e-05,0.145435,False,0,22.7447
31,54,125,1.3e-05,3e-06,1e-06,0.143994,False,0,22.7465
31,55,125,5.6e-05,1.4e-05,6e-06,0.142739,False,0,22.7465
31,56,125,6.2e-05,1.6e-05,8e-06,0.14161,False,0,22.7453
31,57,125,4.7e-05,1.2e-05,6e-06,0.140581,False,0,22.7456
31,58,125,2.7e-05,7e-06,3e-06,0.139664,False,0,22.7461
31,59,125,6e-05,1.5e-05,7e-06,0.138892,False,0,22.7462
31,60,125,6e-05,1.5e-05,7e-06,0.138186,False,0,22.7452
31,61,125,7.9e-05,2e-05,1e-05,0.137567,False,0,22.7448
31,62,125,6.5e-05,1.6e-05,8e-06,0.13697,False,0,22.7452
31,63,125,3.4e-05,9e-06,4e-06,0.136423,False,0,22.7457
31,64,125,2.6e-05,6e-06,3e-06,0.135844,False,0,22.7463
31,65,125,9e-06,2e-06,1e-06,0.135339,False,0,22.7469
31,66,125,4.7e-05,1.2e-05,6e-06,0.134857,False,0,22.7459
31,67,125,7e-05,1.8e-05,7e-06,0.134475,False,0,22.7452
31,68,125,3.1e-05,8e-06,4e-06,0.134073,False,0,22.7463
31,69,125,2.4e-05,6e-06,3e-06,0.133726,False,0,22.7464
31,70,125,6e-06,2e-06,1e-06,0.133423,False,0,22.747
31,71,125,0.000125,3.1e-05,1.6e-05,0.133161,False,0,22.7442
31,72,125,8.2e-05,2e-05,9e-06,0.132941,False,0,22.7447
31,73,125,5.8e-05,1.5e-05,7e-06,0.132703,False,0,22.7454
31,74,125,3.9e-05,1e-05,5e-06,0.132471,False,0,22.7458
31,75,125,1.6e-05,4e-06,2e-06,0.132232,False,0,22.7465
31,76,125,7.2e-05,1.8e-05,9e-06,0.132034,False,0,22.7451
31,77,125,2.9e-05,7e-06,3e-06,0.131865,False,0,22.746
31,78,125,5.9e-05,1.5e-05,6e-06,0.13176,False,0,22.7452
31,79,125,5e-06,1e-06,1e-06,0.131661,False,0,22.7476
31,80,124,3.9e-05,1e-05,5e-06,0.131565,False,0,22.7458
31,81,123,9e-06,2e-06,1e-06,0.131413,False,0,22.7473
31,82,122,4.7e-05,1.2e-05,5e-06,0.131265,False,0,22.7454
31,83,121,4.3e-05,1.1e-05,5e-06,0.131068,False,0,22.7455
31,84,120,7.1e-05,1.8e-05,8e-06,0.130937,False,0,22.7449
31,85,119,2e-06,0.0,0.0,0.130847,False,0,22.7474
31,86,118,1.2e-05,3e-06,1e-06,0.130767,False,0,22.7474
31,87,117,7e-06,1e-06,1e-06,0.130686,False,0,22.7481
31,88,116,9e-06,2e-06,1e-06,0.130622,False,0,22.7469
31,89,115,2.7e-05,7e-06,2e-06,0.130546,False,0,22.7484
31,90,114,2.5e-05,6e-06,3e-06,0.130523,False,0,22.7461
31,91,113,8e-06,2e-06,1e-06,0.130478,False,0,22.7468
31,92,112,5.1e-05,1.3e-05,7e-06,0.130492,False,0,22.7457
31,93,111,3.2e-05,8e-06,4e-06,0.13047,False,0,22.7466
31,94,110,6.4e-05,1.6e-05,7e-06,0.130517,False,0,22.745
31,95,109,6.7e-05,1.7e-05,8e-06,0.130531,False,0,22.745
31,96,108,3.3e-05,8e-06,4e-06,0.13054,False,0,22.7458
31,97,107,8e-06,2e-06,1e-06,0.130555,False,0,22.7472
31,98,106,4.7e-05,1.2e-05,4e-06,0.130533,False,0,22.7489
31,99,105,7e-06,2e-06,1e-06,0.130567,False,0,22.7482
31,100,104,2.3e-05,6e-06,2e-06,0.130609,False,0,22.7485
31,101,103,6e-06,2e-06,1e-06,0.130635,False,0,22.7478
31,102,102,7.3e-05,1.8e-05,7e-06,0.130713,False,0,22.7502
31,103,101,6e-05,1.5e-05,5e-06,0.130751,False,0,22.7493
31,104,100,9e-06,2e-06,1e-06,0.130793,False,0,22.7485
31,105,99,2.5e-05,6e-06,2e-06,0.130888,False,0,22.7485
31,106,98,3e-06,1e-06,0.0,0.130994,False,0,22.7481
31,107,97,1.5e-05,4e-06,1e-06,0.131105,False,0,22.7485
31,108,96,1e-06,0.0,0.0,0.131109,False,0,22.7476
31,109,95,8e-06,2e-06,1e-06,0.131096,False,0,22.7482
31,110,94,7e-06,2e-06,1e-06,0.131101,False,0,22.7483
31,111,93,1.1e-05,3e-06,1e-06,0.131169,False,0,22.7477
31,112,92,2e-06,0.0,0.0,0.131236,False,0,22.7478
31,113,91,4.6e-05,1.2e-05,4e-06,0.131382,False,0,22.7493
31,114,90,4e-06,1e-06,0.0,0.13148,False,0,22.7482
31,115,89,3.6e-05,9e-06,4e-06,0.131569,False,0,22.7495
31,116,88,1.2e-05,3e-06,1e-06,0.131673,False,0,22.7488
31,117,87,5.7e-05,1.4e-05,6e-06,0.131728,False,0,22.7501
31,118,86,6.6e-05,1.7e-05,8e-06,0.131791,False,0,22.7503
31,119,85,0.000115,2.9e-05,1.2e-05,0.131829,False,0,22.751
31,120,84,6.1e-05,1.5e-05,8e-06,0.131843,False,0,22.7501
31,121,83,8.4e-05,2.1e-05,1e-05,0.131929,False,0,22.7507
31,122,82,0.000109,2.7e-05,1.1e-05,0.132019,False,0,22.7508
31,123,81,0.000148,3.7e-05,1.5e-05,0.132196,False,0,22.7515
31,124,80,5.3e-05,1.3e-05,5e-06,0.13236,False,0,22.7494
31,125,79,4e-05,1e-05,5e-06,0.132477,False,0,22.7496
31,126,78,4.6e-05,1.1e-05,5e-06,0.132577,False,0,22.7497
31,127,77,6.9e-05,1.7e-05,8e-06,0.132669,False,0,22.7504
31,128,76,8.5e-05,2.1e-05,9e-06,0.13278,False,0,22.7506
31,129,75,7.8e-05,1.9e-05,8e-06,0.132871,False,0,22.7505
31,130,74,3.8e-05,1e-05,4e-06,0.132997,False,0,22.7496
31,131,73,5.7e-05,1.4e-05,7e-06,0.133111,False,0,22.7501
31,132,72,6.4e-05,1.6e-05,6e-06,0.133262,False,0,22.7499
31,133,71,0.000122,3.1e-05,1.5e-05,0.133458,False,0,22.7511
31,134,70,0.000119,3e-05,1.3e-05,0.13368,False,0,22.7511
31,135,69,0.000136,3.4e-05,1.4e-05,0.133886,False,0,22.7513
31,136,68,9.7e-05,2.4e-05,1e-05,0.13406,False,0,22.7507
31,137,67,7.2e-05,1.8e-05,8e-06,0.134254,False,0,22.7505
31,138,66,3e-06,1e-06,0.0,0.134456,False,0,22.7479
31,139,65,4.3e-05,1e-05,4e-06,0.134685,False,0,22.7497
31,140,64,2.3e-05,6e-06,3e-06,0.134849,False,0,22.7492
31,141,63,3.6e-05,9e-06,4e-06,0.134945,False,0,22.7496
31,142,62,8.3e-05,2.1e-05,9e-06,0.135091,False,0,22.7506
31,143,61,4.3e-05,1.1e-05,4e-06,0.135239,False,0,22.7493
31,144,60,6.2e-05,1.5e-05,7e-06,0.135394,False,0,22.7503
31,145,59,0.000118,2.9e-05,1.4e-05,0.135625,False,0,22.7512
31,146,58,0.000202,5.1e-05,2.2e-05,0.135871,False,0,22.7523
31,147,57,0.000171,4.3e-05,1.9e-05,0.136051,False,0,22.7519
31,148,56,0.000114,2.9e-05,1.3e-05,0.13624,False,0,22.7512
31,149,55,0.000115,2.9e-05,1.3e-05,0.136494,False,0,22.7512
31,150,54,0.000157,3.9e-05,1.9e-05,0.136744,False,0,22.7517
31,151,53,0.000226,5.7e-05,2.2e-05,0.137,False,0,22.7521
31,152,52,0.000109,2.7e-05,1.3e-05,0.137201,False,0,22.7511
31,153,51,0.000157,3.9e-05,1.8e-05,0.137407,False,0,22.7518
31,154,50,0.000285,7.2e-05,3.3e-05,0.137708,False,0,22.7533
31,155,49,0.000307,7.7e-05,3.3e-05,0.137943,False,0,22.7534
31,156,48,0.000251,6.3e-05,3e-05,0.138138,False,0,22.7529
31,157,47,0.000299,7.5e-05,3.3e-05,0.13832,False,0,22.7533
31,158,46,0.000336,8.4e-05,3.7e-05,0.138571,False,0,22.7537
31,159,45,0.000299,7.5e-05,3.4e-05,0.138884,False,0,22.7534
31,160,44,0.000302,7.6e-05,3.4e-05,0.139189,False,0,22.7534
31,161,43,0.000299,7.5e-05,3.4e-05,0.139579,False,0,22.7534
31,162,42,0.00042,0.000105,4.7e-05,0.139954,False,0,22.7544
31,163,41,0.000271,6.8e-05,3.2e-05,0.140289,False,0,22.7531
31,164,40,0.000286,7.2e-05,3.2e-05,0.140629,False,0,22.7532
31,165,39,0.00021,5.3e-05,2.5e-05,0.140956,False,0,22.7524
31,166,38,0.000345,8.6e-05,3.5e-05,0.141251,False,0,22.7534
31,167,37,0.000262,6.5e-05,3.2e-05,0.141588,False,0,22.7529
31,168,36,0.000459,0.000115,5.3e-05,0.142,False,0,22.7548
31,169,35,0.000376,9.4e-05,4.4e-05,0.142447,False,0,22.7541
31,170,34,0.000313,7.9e-05,3.3e-05,0.142925,False,0,22.7533
31,171,33,0.000286,7.2e-05,3.3e-05,0.143347,False,0,22.7533
31,172,32,0.000295,7.4e-05,3.5e-05,0.14373,False,0,22.7533
31,173,31,0.000397,1e-04,4.3e-05,0.144066,False,0,22.7541
31,174,30,0.000233,5.9e-05,2.6e-05,0.144457,False,0,22.7527
31,175,29,0.000262,6.6e-05,3e-05,0.14488,False,0,22.753
31,176,28,0.000471,0.000118,5.4e-05,0.14548,False,0,22.7549
31,177,27,0.00059,0.000148,6.5e-05,0.146031,True,0,22.7556
31,178,26,0.000567,0.000142,6.8e-05,0.146628,True,0,22.7555
31,179,25,0.000636,0.000159,7.1e-05,0.147256,True,0,22.756
31,180,24,0.000578,0.000144,6.7e-05,0.147974,True,0,22.7557
31,181,23,0.000781,0.000195,8.7e-05,0.148668,True,0,22.7569
31,182,22,0.00074,0.000185,8.7e-05,0.149317,True,0,22.7567
31,183,21,0.000706,0.000176,8e-05,0.149922,True,0,22.7565
31,184,20,0.000682,0.000171,7.7e-05,0.150589,True,0,22.7563
31,185,19,0.000659,0.000165,7.3e-05,0.151225,True,0,22.7561
31,186,18,0.000645,0.000161,7.4e-05,0.151886,True,0,22.7561
31,187,17,0.000832,0.000208,9.4e-05,0.152592,True,0,22.7572
31,188,16,0.000816,0.000204,9.2e-05,0.153344,True,0,22.7571
31,189,15,0.000741,0.000185,8.3e-05,0.154051,True,0,22.7567
31,190,14,0.000548,0.000137,6.5e-05,0.15479,True,0,22.7554
31,191,13,0.00043,0.000108,4.9e-05,0.155603,True,0,22.7545
31,192,12,0.000731,0.000183,7.9e-05,0.156557,True,0,22.7565
31,193,11,0.000838,0.00021,9.8e-05,0.157599,True,0,22.7573
31,194,10,0.000865,0.000217,9.9e-05,0.158639,True,0,22.7574
31,195,9,0.000756,0.000189,9e-05,0.159603,True,0,22.7568
31,196,8,0.000713,0.000178,8e-05,0.160484,True,0,22.7565
32,52,125,0.00025,6.2e-05,2.9e-05,0.152144,True,0,22.7424
32,53,125,0.000242,6e-05,3e-05,0.150392,True,0,22.7427
32,54,125,0.000244,6.1e-05,3e-05,0.148835,True,0,22.7425
32,55,125,0.000313,7.8e-05,3.8e-05,0.147583,True,0,22.7419
32,56,125,0.000223,5.6e-05,2.7e-05,0.146548,True,0,22.7427
32,57,125,0.000434,0.000109,5.2e-05,0.145661,False,0,22.7407
32,58,125,0.000248,6.2e-05,3e-05,0.144776,False,0,22.7425
32,59,125,0.000245,6.1e-05,2.8e-05,0.144002,False,0,22.7425
32,60,125,0.000282,7e-05,3.4e-05,0.143302,False,0,22.7423
32,61,125,0.000244,6.1e-05,2.8e-05,0.142667,False,0,22.7424
32,62,125,0.000171,4.3e-05,2.1e-05,0.142042,False,0,22.7436
32,63,125,0.000114,2.8e-05,1.4e-05,0.14148,False,0,22.7441
32,64,125,0.000161,4e-05,2e-05,0.141001,False,0,22.7435
32,65,125,0.000115,2.9e-05,1.4e-05,0.140519,False,0,22.7445
32,66,125,1e-04,2.5e-05,1.2e-05,0.140051,False,0,22.7444
32,67,125,3.8e-05,1e-05,5e-06,0.139633,False,0,22.7462
32,68,125,9.2e-05,2.3e-05,1.2e-05,0.139261,False,0,22.7447
32,69,124,0.000181,4.5e-05,2.2e-05,0.138883,False,0,22.7433
32,70,123,0.000327,8.2e-05,3.8e-05,0.138545,False,0,22.7416
32,71,122,0.00022,5.5e-05,2.6e-05,0.138154,False,0,22.7427
32,72,121,0.00012,3e-05,1.4e-05,0.137816,False,0,22.744
32,73,120,8.5e-05,2.2e-05,1.1e-05,0.137585,False,0,22.7453
32,74,119,0.000114,2.9e-05,1.4e-05,0.137427,False,0,22.7442
32,75,118,4.7e-05,1.2e-05,6e-06,0.13724,False,0,22.7454
32,76,117,8.6e-05,2.1e-05,1.1e-05,0.137003,False,0,22.7453
32,77,116,6e-05,1.5e-05,7e-06,0.136795,False,0,22.7451
32,78,115,9.6e-05,2.4e-05,1.2e-05,0.136679,False,0,22.7446
32,79,114,0.000127,3.2e-05,1.5e-05,0.136571,False,0,22.7439
32,80,113,0.000113,2.8e-05,1.4e-05,0.136379,False,0,22.7443
32,81,112,6.4e-05,1.6e-05,8e-06,0.136174,False,0,22.7451
32,82,111,0.000118,2.9e-05,1.4e-05,0.136023,False,0,22.7441
32,83,110,0.000137,3.4e-05,1.6e-05,0.135889,False,0,22.7438
32,84,109,0.000143,3.6e-05,1.8e-05,0.135818,False,0,22.7441
32,85,108,7.1e-05,1.8e-05,9e-06,0.135705,False,0,22.745
32,86,107,4.7e-05,1.2e-05,6e-06,0.135632,False,0,22.7456
32,87,106,4.4e-05,1.1e-05,5e-06,0.135566,False,0,22.7455
32,88,105,8.2e-05,2.1e-05,1e-05,0.135507,False,0,22.7447
32,89,104,6.7e-05,1.7e-05,8e-06,0.135459,False,0,22.7449
32,90,103,4.5e-05,1.1e-05,6e-06,0.135396,False,0,22.7455
32,91,102,4.4e-05,1.1e-05,6e-06,0.13531,False,0,22.7456
32,92,101,8e-06,2e-06,1e-06,0.13524,False,0,22.7474
32,93,100,2.7e-05,6e-06,3e-06,0.135116,False,0,22.7474
32,94,99,1.6e-05,4e-06,2e-06,0.135043,False,0,22.7468
32,95,98,1.2e-05,3e-06,1e-06,0.134948,False,0,22.7467
32,96,97,6e-05,1.5e-05,7e-06,0.134879,False,0,22.7466
32,97,96,3.4e-05,8e-06,4e-06,0.134822,False,0,22.746
32,98,95,4e-06,1e-06,0.0,0.134732,False,0,22.7475
32,99,94,1e-05,3e-06,1e-06,0.134696,False,0,22.7476
32,100,93,7e-06,2e-06,1e-06,0.13462,False,0,22.7482
32,101,92,5.3e-05,1.3e-05,5e-06,0.134567,False,0,22.7481
32,102,91,3e-06,1e-06,0.0,0.134533,False,0,22.7482
32,103,90,1.5e-05,4e-06,1e-06,0.134517,False,0,22.7477
32,104,89,2.1e-05,5e-06,2e-06,0.134522,False,0,22.7471
32,105,88,5.1e-05,1.3e-05,6e-06,0.13447,False,0,22.7459
32,106,87,3.3e-05,8e-06,4e-06,0.134403,False,0,22.7459
32,107,86,6e-06,1e-06,1e-06,0.134341,False,0,22.7469
32,108,85,1.5e-05,4e-06,2e-06,0.134307,False,0,22.7466
32,109,84,1e-06,0.0,0.0,0.134242,False,0,22.7478
32,110,83,2.3e-05,6e-06,2e-06,0.134197,False,0,22.7476
32,111,82,9e-06,3e-06,1e-06,0.134143,False,0,22.7484
32,112,81,9e-06,2e-06,1e-06,0.134123,False,0,22.7479
32,113,80,6e-06,2e-06,1e-06,0.134091,False,0,22.7484
32,114,79,2.5e-05,7e-06,2e-06,0.134097,False,0,22.748
32,115,78,5e-06,1e-06,0.0,0.134086,False,0,22.748
32,116,77,8e-06,2e-06,1e-06,0.134096,False,0,22.7472
32,117,76,7e-06,2e-06,1e-06,0.134078,False,0,22.7473
32,118,75,9e-06,2e-06,1e-06,0.134089,False,0,22.7484
32,119,74,8.9e-05,2.2e-05,9e-06,0.134084,False,0,22.7505
32,120,73,8.3e-05,2.1e-05,8e-06,0.134124,False,0,22.7505
32,121,72,6.8e-05,1.7e-05,6e-06,0.134206,False,0,22.7496
32,122,71,5.9e-05,1.5e-05,6e-06,0.134268,False,0,22.75
32,123,70,1.3e-05,3e-06,1e-06,0.134269,False,0,22.7488
32,124,69,4.8e-05,1.2e-05,4e-06,0.134277,False,0,22.7494
32,125,68,3e-06,1e-06,0.0,0.134297,False,0,22.7473
32,126,67,1e-05,2e-06,1e-06,0.134378,False,0,22.7486
32,127,66,2.5e-05,6e-06,2e-06,0.1344,False,0,22.7483
32,128,65,2.2e-05,6e-06,2e-06,0.134372,False,0,22.7486
32,129,64,1.1e-05,3e-06,1e-06,0.134374,False,0,22.7483
32,130,63,6e-05,1.5e-05,6e-06,0.134427,False,0,22.7498
32,131,62,6.7e-05,1.7e-05,6e-06,0.1345,False,0,22.7499
32,132,61,1.7e-05,4e-06,2e-06,0.13459,False,0,22.749
32,133,60,1.9e-05,5e-06,2e-06,0.134709,False,0,22.7483
32,134,59,6e-06,1e-06,1e-06,0.134791,False,0,22.7484
32,135,58,8.1e-05,2e-05,7e-06,0.134847,False,0,22.7496
32,136,57,1.9e-05,5e-06,2e-06,0.134925,False,0,22.7489
32,137,56,7.6e-05,1.9e-05,8e-06,0.134992,False,0,22.7504
32,138,55,0.000112,2.8e-05,1e-05,0.135095,False,0,22.75
32,139,54,7.5e-05,1.9e-05,8e-06,0.135176,False,0,22.7504
32,140,53,0.000145,3.6e-05,1.5e-05,0.135233,False,0,22.7515
32,141,52,0.00019,4.8e-05,2.1e-05,0.135327,False,0,22.7522
32,142,51,0.000108,2.7e-05,1.3e-05,0.135435,False,0,22.7511
32,143,50,0.000176,4.4e-05,1.8e-05,0.135585,False,0,22.7517
32,144,49,0.000137,3.5e-05,1.4e-05,0.135715,False,0,22.7514
32,145,48,0.000268,6.7e-05,2.9e-05,0.135869,False,0,22.753
34,52,125,0.00033,8.3e-05,3.7e-05,0.152177,True,0,22.7417
34,53,125,0.00023,5.7e-05,2.8e-05,0.150529,True,0,22.7429
34,54,125,0.00041,0.000103,5.1e-05,0.14908,True,0,22.7412
34,55,125,0.000168,4.2e-05,2e-05,0.147791,True,0,22.7435
34,56,125,0.000247,6.2e-05,2.8e-05,0.146679,True,0,22.7424
34,57,125,7.3e-05,1.8e-05,9e-06,0.145752,False,0,22.7453
34,58,125,0.000195,4.9e-05,2.4e-05,0.14483,False,0,22.7434
34,59,125,6.9e-05,1.7e-05,8e-06,0.144003,False,0,22.7449
34,60,125,0.000187,4.7e-05,2.3e-05,0.143181,False,0,22.7435
34,61,125,0.000221,5.5e-05,2.6e-05,0.14244,False,0,22.7427
34,62,125,0.000157,3.9e-05,1.9e-05,0.141783,False,0,22.7437
34,63,125,0.000269,6.8e-05,3.1e-05,0.141222,False,0,22.7422
34,64,125,0.000121,3e-05,1.5e-05,0.140682,False,0,22.7441
34,65,125,0.000204,5.1e-05,2.5e-05,0.140143,False,0,22.7431
34,66,125,0.000163,4.1e-05,2e-05,0.139657,False,0,22.7436
34,67,125,0.000161,4e-05,1.9e-05,0.139267,False,0,22.7435
34,68,125,0.000192,4.8e-05,2.3e-05,0.138902,False,0,22.7431
34,69,125,0.000128,3.2e-05,1.5e-05,0.13854,False,0,22.7439
34,70,125,0.000182,4.5e-05,2.2e-05,0.138145,False,0,22.7432
34,71,125,0.000106,2.6e-05,1.3e-05,0.137825,False,0,22.7445
34,72,125,0.000122,3e-05,1.4e-05,0.137515,False,0,22.744
34,73,125,0.000147,3.7e-05,1.8e-05,0.137189,False,0,22.7437
34,74,125,0.000142,3.6e-05,1.8e-05,0.136981,False,0,22.7439
34,75,125,6.8e-05,1.7e-05,8e-06,0.136802,False,0,22.745
34,76,125,3.2e-05,8e-06,4e-06,0.136553,False,0,22.7459
34,77,125,4.9e-05,1.2e-05,6e-06,0.136265,False,0,22.7457
34,78,125,4.9e-05,1.2e-05,6e-06,0.136023,False,0,22.7453
34,79,125,6.8e-05,1.7e-05,8e-06,0.135845,False,0,22.7453
34,80,125,8.9e-05,2.2e-05,1.1e-05,0.135647,False,0,22.7446
34,81,125,8.2e-05,2.1e-05,1e-05,0.135446,False,0,22.7451
34,82,125,8.8e-05,2.2e-05,1e-05,0.135252,False,0,22.7446
34,83,125,7.9e-05,2e-05,1e-05,0.135136,False,0,22.745
34,84,125,0.000163,4.1e-05,1.8e-05,0.135027,False,0,22.7435
34,85,125,0.000125,3.1e-05,1.5e-05,0.134922,False,0,22.7441
34,86,124,1e-04,2.5e-05,1.2e-05,0.134855,False,0,22.7443
34,87,123,5.5e-05,1.3e-05,7e-06,0.134708,False,0,22.7452
34,88,122,5.1e-05,1.3e-05,6e-06,0.134594,False,0,22.7457
34,89,121,7.8e-05,2e-05,8e-06,0.134469,False,0,22.7448
34,90,120,6.3e-05,1.6e-05,7e-06,0.134376,False,0,22.745
34,91,119,3e-05,7e-06,4e-06,0.134256,False,0,22.7461
34,92,118,9.7e-05,2.4e-05,1.2e-05,0.134148,False,0,22.7444
34,93,117,6.3e-05,1.6e-05,8e-06,0.134075,False,0,22.7452
34,94,116,8.7e-05,2.2e-05,1.1e-05,0.133945,False,0,22.7446
34,95,115,7.2e-05,1.8e-05,9e-06,0.133798,False,0,22.7451
34,96,114,4.6e-05,1.1e-05,5e-06,0.133647,False,0,22.7454
34,97,113,7.9e-05,2e-05,1e-05,0.133578,False,0,22.7451
34,98,112,3.6e-05,9e-06,4e-06,0.133614,False,0,22.7459
34,99,111,6.9e-05,1.7e-05,9e-06,0.133658,False,0,22.745
34,100,110,5.1e-05,1.3e-05,6e-06,0.133678,False,0,22.7453
34,101,109,3.7e-05,9e-06,5e-06,0.133662,False,0,22.7458
34,102,108,5e-06,1e-06,1e-06,0.133535,False,0,22.747
34,103,107,2.4e-05,6e-06,3e-06,0.13341,False,0,22.747
34,104,106,1.7e-05,4e-06,2e-06,0.133419,False,0,22.7468
34,105,105,6e-06,1e-06,1e-06,0.133445,False,0,22.7473
34,106,104,1.8e-05,4e-06,2e-06,0.133436,False,0,22.7471
34,107,103,2.2e-05,5e-06,3e-06,0.133359,False,0,22.7462
34,108,102,4e-05,1e-05,5e-06,0.133286,False,0,22.7456
34,109,101,3.3e-05,8e-06,4e-06,0.133236,False,0,22.7459
34,110,100,6e-06,1e-06,1e-06,0.133274,False,0,22.7469
34,111,99,2e-06,1e-06,0.0,0.133335,False,0,22.7478
34,112,98,1.7e-05,4e-06,2e-06,0.133371,False,0,22.7463
34,113,97,1.5e-05,4e-06,2e-06,0.133378,False,0,22.7464
34,114,96,4.3e-05,1.1e-05,5e-06,0.133376,False,0,22.7456
34,115,95,5.1e-05,1.3e-05,6e-06,0.133364,False,0,22.7453
34,116,94,2.2e-05,5e-06,3e-06,0.133369,False,0,22.7461
34,117,93,3.7e-05,9e-06,4e-06,0.133361,False,0,22.7465
34,118,92,5e-06,1e-06,1e-06,0.133353,False,0,22.7471
34,119,91,1.4e-05,3e-06,2e-06,0.133352,False,0,22.7464
34,120,90,5e-06,1e-06,1e-06,0.133417,False,0,22.7473
34,121,89,6e-06,1e-06,1e-06,0.133449,False,0,22.7469
34,122,88,1e-05,3e-06,1e-06,0.133476,False,0,22.7482
34,123,87,9e-06,2e-06,1e-06,0.133581,False,0,22.7474
34,124,86,8e-06,2e-06,1e-06,0.133592,False,0,22.7477
34,125,85,1.7e-05,4e-06,2e-06,0.133577,False,0,22.7466
34,126,84,1.6e-05,4e-06,2e-06,0.133567,False,0,22.749
34,127,83,3e-06,1e-06,0.0,0.13357,False,0,22.7473
34,128,82,4e-06,1e-06,0.0,0.133592,False,0,22.7477
34,129,81,2.2e-05,5e-06,3e-06,0.133599,False,0,22.7462
34,130,80,4.2e-05,1e-05,5e-06,0.133687,False,0,22.7456
34,131,79,4e-05,1e-05,4e-06,0.133751,False,0,22.7459
34,132,78,8e-06,2e-06,1e-06,0.133884,False,0,22.7468
34,133,77,5e-06,1e-06,1e-06,0.133975,False,0,22.7479
34,134,76,1.4e-05,4e-06,1e-06,0.134063,False,0,22.7488
34,135,75,3.2e-05,8e-06,3e-06,0.134139,False,0,22.7474
34,136,74,6e-06,1e-06,1e-06,0.134175,False,0,22.7475
34,137,73,5e-06,2e-06,1e-06,0.134246,False,0,22.7484
34,138,72,2.8e-05,7e-06,3e-06,0.134289,False,0,22.7493
34,139,71,2.8e-05,7e-06,3e-06,0.134344,False,0,22.7492
34,140,70,1.3e-05,3e-06,2e-06,0.134402,False,0,22.7487
34,141,69,4.5e-05,1.1e-05,5e-06,0.134489,False,0,22.7498
34,142,68,2.5e-05,6e-06,3e-06,0.134596,False,0,22.7493
34,143,67,3.3e-05,8e-06,4e-06,0.134671,False,0,22.7495
34,144,66,4e-06,1e-06,0.0,0.134761,False,0,22.7483
34,145,65,4e-06,1e-06,0.0,0.134896,False,0,22.7481
34,146,64,5e-05,1.3e-05,5e-06,0.135084,False,0,22.7499
34,147,63,6.1e-05,1.5e-05,7e-06,0.135178,False,0,22.7501
34,148,62,7.7e-05,1.9e-05,9e-06,0.13522,False,0,22.7506
34,149,61,5e-05,1.3e-05,6e-06,0.135336,False,0,22.75
34,150,60,4.3e-05,1.1e-05,5e-06,0.135493,False,0,22.7497
34,151,59,5.7e-05,1.4e-05,6e-06,0.135624,False,0,22.7501
34,152,58,1.6e-05,4e-06,2e-06,0.13574,False,0,22.7489
34,153,57,4e-06,1e-06,1e-06,0.135843,False,0,22.7482
34,154,56,3e-06,1e-06,0.0,0.135875,False,0,22.748
34,155,55,2.4e-05,6e-06,2e-06,0.135948,False,0,22.7487
34,156,54,1e-05,2e-06,1e-06,0.136058,False,0,22.7478
34,157,53,5.8e-05,1.4e-05,6e-06,0.136224,False,0,22.7502
34,158,52,9e-05,2.3e-05,1.2e-05,0.136447,False,0,22.75
34,159,51,0.000149,3.7e-05,1.6e-05,0.136604,False,0,22.7516
34,160,50,0.000121,3e-05,1.4e-05,0.136712,False,0,22.7513
34,161,49,0.000133,3.3e-05,1.4e-05,0.136769,False,0,22.7513
34,162,48,0.00011,2.8e-05,1.4e-05,0.136925,False,0,22.7509
34,163,47,0.000126,3.2e-05,1.5e-05,0.137097,False,0,22.7514
34,164,46,0.000143,3.6e-05,1.5e-05,0.137293,False,0,22.7515
34,165,45,0.000138,3.5e-05,1.7e-05,0.137538,False,0,22.7514
34,166,44,0.000135,3.4e-05,1.5e-05,0.137752,False,0,22.7515
34,167,43,0.000143,3.6e-05,1.7e-05,0.137991,False,0,22.7516
34,168,42,0.000174,4.3e-05,2.1e-05,0.138205,False,0,22.752
34,169,41,0.000205,5.1e-05,2.5e-05,0.138516,False,0,22.7524
34,170,40,0.000271,6.8e-05,3.1e-05,0.138826,False,0,22.7531
34,171,39,0.000243,6.1e-05,2.9e-05,0.139176,False,0,22.7528
34,172,38,0.000213,5.3e-05,2.3e-05,0.139491,False,0,22.7524
34,173,37,0.000126,3.2e-05,1.4e-05,0.139794,False,0,22.7514
34,174,36,0.000153,3.8e-05,2e-05,0.140057,False,0,22.7511
34,175,35,0.000206,5.2e-05,2.4e-05,0.140351,False,0,22.7524
34,176,34,0.00018,4.5e-05,2e-05,0.140599,False,0,22.7521
34,177,33,0.000148,3.7e-05,1.8e-05,0.140936,False,0,22.7516
34,178,32,0.000101,2.5e-05,1.3e-05,0.141255,False,0,22.7508
34,179,31,0.000183,4.6e-05,2.2e-05,0.141585,False,0,22.7521
34,180,30,0.000195,4.9e-05,2.4e-05,0.141904,False,0,22.7523
34,181,29,0.000278,6.9e-05,3.4e-05,0.142317,False,0,22.753
34,182,28,0.000303,7.6e-05,3.4e-05,0.14265,False,0,22.7534
34,183,27,0.000274,6.9e-05,3.3e-05,0.142981,False,0,22.7531
34,184,26,0.000331,8.3e-05,3.9e-05,0.143385,False,0,22.7537
34,185,25,0.000289,7.2e-05,3.4e-05,0.143877,False,0,22.7533
34,186,24,0.000339,8.5e-05,4e-05,0.144459,False,0,22.7538
34,187,23,0.000491,0.000123,5.8e-05,0.14508,False,0,22.755
34,188,22,0.000431,0.000108,4.7e-05,0.14569,False,0,22.7545
34,189,21,0.000414,0.000103,5e-05,0.146304,True,0,22.7544
34,190,20,0.000396,9.9e-05,4.7e-05,0.146936,True,0,22.7543
34,191,19,0.00048,0.00012,6e-05,0.147539,True,0,22.7546
34,192,18,0.000508,0.000127,6e-05,0.148154,True,0,22.7552
34,193,17,0.000453,0.000113,5.6e-05,0.148855,True,0,22.7546
34,194,16,0.00045,0.000113,5.2e-05,0.149539,True,0,22.7547
34,195,15,0.000425,0.000106,4.9e-05,0.150238,True,0,22.7545
34,196,14,0.000511,0.000128,5.9e-05,0.150899,True,0,22.7552
34,197,13,0.000567,0.000142,6.7e-05,0.151689,True,0,22.7556
34,198,12,0.000653,0.000163,7.7e-05,0.152557,True,0,22.7562
34,199,11,0.000616,0.000154,7.4e-05,0.153435,True,0,22.7559
34,200,10,0.000639,0.00016,7.7e-05,0.15439,True,0,22.756
34,201,9,0.000722,0.000181,8.6e-05,0.155415,True,0,22.7566
34,202,8,0.000667,0.000167,8.1e-05,0.156523,True,0,22.7561
34,203,7,0.000743,0.000186,8.9e-05,0.15777,True,0,22.7567
35,52,125,5.3e-05,1.3e-05,6e-06,0.149119,True,0,22.75
35,53,125,8.4e-05,2.1e-05,9e-06,0.147487,True,0,22.7506
35,54,125,6.1e-05,1.5e-05,5e-06,0.146157,True,0,22.7494
35,55,125,1.3e-05,3e-06,2e-06,0.145001,False,0,22.7482
35,56,125,3.8e-05,9e-06,3e-06,0.14399,False,0,22.749
35,57,125,1.4e-05,4e-06,2e-06,0.143085,False,0,22.7488
35,58,125,3e-06,1e-06,0.0,0.142254,False,0,22.7475
35,59,125,9e-06,2e-06,1e-06,0.141497,False,0,22.7476
35,60,125,1.8e-05,4e-06,2e-06,0.140782,False,0,22.7466
35,61,125,6e-06,1e-06,1e-06,0.140115,False,0,22.7472
35,62,125,8e-06,2e-06,1e-06,0.13952,False,0,22.7472
35,63,125,7e-06,2e-06,1e-06,0.138994,False,0,22.747
35,64,125,3e-05,8e-06,4e-06,0.138554,False,0,22.7495
35,65,125,1.1e-05,3e-06,1e-06,0.138158,False,0,22.7475
35,66,125,2.5e-05,6e-06,3e-06,0.137797,False,0,22.7483
35,67,125,1.3e-05,3e-06,1e-06,0.137396,False,0,22.7475
35,68,125,3e-06,1e-06,0.0,0.137045,False,0,22.748
35,69,125,1.5e-05,4e-06,1e-06,0.136732,False,0,22.7487
35,70,125,6e-06,2e-06,1e-06,0.136422,False,0,22.7484
35,71,125,2.3e-05,6e-06,2e-06,0.136177,False,0,22.7484
35,72,125,6e-06,1e-06,1e-06,0.135948,False,0,22.7471
35,73,125,2.1e-05,5e-06,2e-06,0.13575,False,0,22.7463
35,74,125,1e-05,2e-06,1e-06,0.135569,False,0,22.7469
35,75,125,5e-06,1e-06,1e-06,0.1354,False,0,22.747
35,76,125,3.1e-05,8e-06,4e-06,0.135256,False,0,22.7495
35,77,125,5e-06,1e-06,0.0,0.135137,False,0,22.7482
35,78,125,2.5e-05,6e-06,3e-06,0.135052,False,0,22.7493
35,79,125,1.7e-05,4e-06,2e-06,0.134957,False,0,22.749
35,80,125,2.1e-05,5e-06,3e-06,0.13488,False,0,22.7492
35,81,125,3e-05,7e-06,3e-06,0.134813,False,0,22.7494
35,82,125,2.7e-05,7e-06,3e-06,0.134777,False,0,22.7493
35,83,125,7.4e-05,1.9e-05,9e-06,0.134702,False,0,22.7505
35,84,125,7.9e-05,2e-05,1e-05,0.134608,False,0,22.7505
35,85,124,4.8e-05,1.2e-05,5e-06,0.134552,False,0,22.7497
35,86,123,3e-06,1e-06,0.0,0.134528,False,0,22.7478
35,87,122,3.9e-05,1e-05,5e-06,0.134628,False,0,22.7491
35,88,121,9.6e-05,2.4e-05,1e-05,0.134693,False,0,22.7507
35,89,120,0.000134,3.4e-05,1.6e-05,0.134699,False,0,22.7515
35,90,119,9.3e-05,2.3e-05,1e-05,0.134655,False,0,22.7508
35,91,118,6.5e-05,1.6e-05,7e-06,0.134716,False,0,22.7503
35,92,117,6.3e-05,1.6e-05,7e-06,0.134742,False,0,22.7502
35,93,116,5e-05,1.3e-05,5e-06,0.134747,False,0,22.7499
35,94,115,1.1e-05,3e-06,1e-06,0.134747,False,0,22.7485
35,95,114,6e-05,1.5e-05,7e-06,0.134722,False,0,22.7502
35,96,113,3.9e-05,1e-05,4e-06,0.134668,False,0,22.7496
35,97,112,2.8e-05,7e-06,3e-06,0.13463,False,0,22.7492
35,98,111,2.5e-05,6e-06,3e-06,0.134668,False,0,22.7493
35,99,110,4.6e-05,1.2e-05,6e-06,0.134749,False,0,22.7498
35,100,109,8.4e-05,2.1e-05,1e-05,0.134787,False,0,22.7507
35,101,108,9.2e-05,2.3e-05,9e-06,0.13491,False,0,22.7507
35,102,107,0.000112,2.8e-05,1.4e-05,0.135039,False,0,22.751
35,103,106,8.7e-05,2.1e-05,1e-05,0.135065,False,0,22.7507
35,104,105,8.5e-05,2.1e-05,1e-05,0.135076,False,0,22.7507
35,105,104,4.4e-05,1.1e-05,6e-06,0.135074,False,0,22.7497
35,106,103,4.4e-05,1.1e-05,5e-06,0.135095,False,0,22.7499
35,107,102,8e-05,2e-05,1e-05,0.135099,False,0,22.7501
35,108,101,5.1e-05,1.3e-05,5e-06,0.135137,False,0,22.7499
35,109,100,7.7e-05,1.9e-05,1e-05,0.135251,False,0,22.7498
35,110,99,4.7e-05,1.2e-05,5e-06,0.135364,False,0,22.7499
35,111,98,6.4e-05,1.6e-05,7e-06,0.135506,False,0,22.7503
35,112,97,3.3e-05,8e-06,4e-06,0.13564,False,0,22.7495
35,113,96,4e-05,1e-05,5e-06,0.135816,False,0,22.7497
35,114,95,0.000107,2.7e-05,1.3e-05,0.135928,False,0,22.7511
35,115,94,7.8e-05,2e-05,9e-06,0.13601,False,0,22.7506
35,116,93,0.000197,4.9e-05,2.3e-05,0.136124,False,0,22.7523
35,117,92,0.000154,3.9e-05,1.9e-05,0.136301,False,0,22.7517
35,118,91,0.000198,5e-05,2.1e-05,0.136561,False,0,22.7522
35,119,90,6.8e-05,1.7e-05,7e-06,0.136738,False,0,22.7504
35,120,89,0.000146,3.7e-05,1.9e-05,0.136934,False,0,22.7513
35,121,88,0.000162,4e-05,1.9e-05,0.137065,False,0,22.7519
35,122,87,0.000222,5.5e-05,2.6e-05,0.137202,False,0,22.7526
35,123,86,0.000163,4.1e-05,2e-05,0.137408,False,0,22.7518
35,124,85,0.000144,3.6e-05,1.7e-05,0.137593,False,0,22.7515
35,125,84,0.000102,2.6e-05,1.1e-05,0.137756,False,0,22.751
35,126,83,5.9e-05,1.5e-05,7e-06,0.137867,False,0,22.7502
35,127,82,8.6e-05,2.2e-05,1.1e-05,0.137986,False,0,22.7507
35,128,81,0.000146,3.7e-05,1.7e-05,0.138155,False,0,22.7517
35,129,80,0.000246,6.2e-05,2.5e-05,0.138363,False,0,22.7526
35,130,79,0.000105,2.6e-05,1.3e-05,0.138566,False,0,22.751
35,131,78,0.00013,3.3e-05,1.7e-05,0.138753,False,0,22.7511
35,132,77,0.000227,5.7e-05,2.6e-05,0.138982,False,0,22.7527
35,133,76,0.000268,6.7e-05,3e-05,0.139219,False,0,22.7531
35,134,75,0.000216,5.4e-05,2.5e-05,0.139448,False,0,22.7525
35,135,74,0.000188,4.7e-05,2.3e-05,0.139665,False,0,22.7522
35,136,73,0.000107,2.7e-05,1.2e-05,0.139908,False,0,22.7511
35,137,72,0.000121,3e-05,1.4e-05,0.1401,False,0,22.7513
35,138,71,0.000168,4.2e-05,2e-05,0.140244,False,0,22.7519
35,139,70,0.000171,4.3e-05,2.1e-05,0.140337,False,0,22.7519
35,140,69,0.000239,6e-05,2.6e-05,0.140538,False,0,22.7528
35,141,68,0.000174,4.4e-05,2e-05,0.140689,False,0,22.752
35,142,67,0.000232,5.8e-05,2.7e-05,0.140893,False,0,22.7527
35,143,66,0.000236,5.9e-05,2.8e-05,0.141112,False,0,22.7528
35,144,65,0.000181,4.5e-05,2e-05,0.141405,False,0,22.7521
35,145,64,0.000214,5.4e-05,2.5e-05,0.141684,False,0,22.7525
35,146,63,0.000138,3.4e-05,1.6e-05,0.142019,False,0,22.7516
35,147,62,0.000171,4.3e-05,2.1e-05,0.142384,False,0,22.7519
35,148,61,0.000221,5.6e-05,2.3e-05,0.142753,False,0,22.7524
35,149,60,0.000156,3.9e-05,1.8e-05,0.143109,False,0,22.7518
35,150,59,0.000198,5e-05,2.3e-05,0.143352,False,0,22.7523
35,151,58,0.000287,7.2e-05,3.4e-05,0.143594,False,0,22.7533
35,152,57,0.000308,7.7e-05,3.5e-05,0.143875,False,0,22.7535
35,153,56,0.000344,8.6e-05,3.8e-05,0.144254,False,0,22.7538
35,154,55,0.0003,7.5e-05,3.7e-05,0.144679,False,0,22.7532
35,155,54,0.000271,6.8e-05,2.8e-05,0.145067,False,0,22.7529
35,156,53,0.0002,5e-05,2.5e-05,0.145456,False,0,22.7522
35,157,52,0.000305,7.6e-05,3.4e-05,0.145779,False,0,22.7534
35,158,51,0.000302,7.5e-05,3.6e-05,0.146205,True,0,22.7534
35,159,50,0.00035,8.7e-05,4e-05,0.146548,True,0,22.7539
35,160,49,0.000364,9.1e-05,4.2e-05,0.14696,True,0,22.754
35,161,48,0.000366,9.2e-05,4e-05,0.147405,True,0,22.7539
35,162,47,0.000306,7.7e-05,3.7e-05,0.147882,True,0,22.7534
35,163,46,0.00036,9e-05,4.2e-05,0.148331,True,0,22.754
35,164,45,0.000261,6.5e-05,3.1e-05,0.148701,True,0,22.753
35,165,44,0.000383,9.6e-05,4.5e-05,0.149157,True,0,22.7542
35,166,43,0.000398,9.9e-05,4.7e-05,0.149483,True,0,22.7543
35,167,42,0.00062,0.000155,7.3e-05,0.14988,True,0,22.7559
35,168,41,0.000633,0.000158,7.1e-05,0.15023,True,0,22.756
35,169,40,0.000488,0.000122,5.4e-05,0.150734,True,0,22.755
35,170,39,0.00044,0.00011,5.2e-05,0.151223,True,0,22.7546
35,171,38,0.000406,0.000102,5e-05,0.1517,True,0,22.7542
35,172,37,0.000652,0.000163,7.5e-05,0.152106,True,0,22.7562
35,173,36,0.000579,0.000145,6.6e-05,0.152543,True,0,22.7556
35,174,35,0.000506,0.000126,5.8e-05,0.153029,True,0,22.7551
35,175,34,0.00048,0.00012,5.8e-05,0.153596,True,0,22.7549
35,176,33,0.000504,0.000126,5.4e-05,0.154287,True,0,22.755
35,177,32,0.000536,0.000134,6.2e-05,0.155057,True,0,22.7554
35,178,31,0.000471,0.000118,5.6e-05,0.155699,True,0,22.7549
35,179,30,0.000482,0.000121,5.6e-05,0.15623,True,0,22.755
35,180,29,0.000535,0.000134,6e-05,0.156731,True,0,22.7553
35,181,28,0.000516,0.000129,5.9e-05,0.157313,True,0,22.7552
35,182,27,0.00048,0.00012,5.8e-05,0.157877,True,0,22.7549
35,183,26,0.000542,0.000136,6.4e-05,0.158392,True,0,22.7554
35,184,25,0.000672,0.000168,7.4e-05,0.158956,True,0,22.7562
35,185,24,0.000765,0.000191,9.1e-05,0.159563,True,0,22.7569
35,186,23,0.000708,0.000177,8.5e-05,0.160287,True,0,22.7564
35,187,22,0.000714,0.000179,8.1e-05,0.161062,True,0,22.7565
35,188,21,0.000743,0.000186,8.5e-05,0.161873,True,0,22.7567
35,189,20,0.000741,0.000186,8.5e-05,0.162668,True,0,22.7567
35,190,19,0.000823,0.000206,9.7e-05,0.163375,True,0,22.7572
35,191,18,0.000769,0.000192,8.9e-05,0.164054,True,0,22.7569
35,192,17,0.000929,0.000232,0.000105,0.164733,True,0,22.7578
35,193,16,0.000889,0.000223,0.000103,0.165385,True,0,22.7576
35,194,15,0.000979,0.000245,0.000115,0.166094,True,0,22.7581
35,195,14,0.000897,0.000224,0.000102,0.166826,True,0,22.7576
35,196,13,0.000914,0.000229,0.000106,0.167538,True,0,22.7577
35,197,12,0.000835,0.000209,9.8e-05,0.168339,True,0,22.7573
35,198,11,0.00094,0.000235,0.00011,0.169146,True,0,22.7578
36,52,93,1e-05,2e-06,1e-06,0.15093,True,0,22.7472
36,53,92,3e-06,1e-06,0.0,0.149237,True,0,22.7479
36,54,91,9e-06,2e-06,1e-06,0.147832,True,0,22.7471
36,55,90,3e-05,8e-06,3e-06,0.146592,True,0,22.7492
36,56,89,1.2e-05,3e-06,1e-06,0.145528,False,0,22.7488
36,57,88,1.8e-05,4e-06,2e-06,0.144644,False,0,22.749
36,58,87,1.1e-05,3e-06,1e-06,0.143866,False,0,22.7486
36,59,86,1e-05,3e-06,1e-06,0.143192,False,0,22.7485
36,60,85,3.8e-05,1e-05,4e-06,0.142588,False,0,22.7496
36,61,84,7.4e-05,1.9e-05,8e-06,0.142113,False,0,22.7505
36,62,83,6.2e-05,1.5e-05,6e-06,0.141676,False,0,22.7498
36,63,82,6e-05,1.5e-05,7e-06,0.141254,False,0,22.7502
36,64,81,3.7e-05,9e-06,4e-06,0.140797,False,0,22.7496
36,65,80,7.5e-05,1.9e-05,9e-06,0.140438,False,0,22.7505
36,66,79,3e-05,8e-06,3e-06,0.140094,False,0,22.7488
36,67,78,3.5e-05,9e-06,4e-06,0.139757,False,0,22.7495
36,68,77,9e-06,2e-06,1e-06,0.139408,False,0,22.7485
36,69,76,7e-05,1.8e-05,8e-06,0.139095,False,0,22.7504
36,70,75,4.9e-05,1.3e-05,5e-06,0.138829,False,0,22.7498
36,71,74,9.9e-05,2.5e-05,1e-05,0.138682,False,0,22.7507
36,72,73,5.3e-05,1.3e-05,6e-06,0.138578,False,0,22.7501
36,73,72,0.000117,2.9e-05,1.2e-05,0.138492,False,0,22.7508
36,74,71,3.9e-05,1e-05,4e-06,0.138389,False,0,22.7497
36,75,70,2.5e-05,6e-06,2e-06,0.138278,False,0,22.7489
36,76,69,2.2e-05,5e-06,3e-06,0.13818,False,0,22.7488
36,77,68,3.9e-05,1e-05,5e-06,0.138112,False,0,22.7497
36,78,67,7e-05,1.7e-05,6e-06,0.138096,False,0,22.7499
36,79,66,0.000119,3e-05,1.2e-05,0.138116,False,0,22.7511
36,80,65,0.000151,3.8e-05,1.7e-05,0.138089,False,0,22.7517
36,81,64,0.000205,5.1e-05,2.2e-05,0.138088,False,0,22.7523
36,82,63,0.000138,3.5e-05,1.5e-05,0.138068,False,0,22.7515
36,83,62,9.8e-05,2.5e-05,1.1e-05,0.138074,False,0,22.7509
36,84,61,0.000132,3.3e-05,1.4e-05,0.138109,False,0,22.7513
36,85,60,0.000126,3.2e-05,1.3e-05,0.138211,False,0,22.7513
36,86,59,0.000137,3.5e-05,1.5e-05,0.138298,False,0,22.7515
36,87,58,0.000146,3.7e-05,1.7e-05,0.138419,False,0,22.7517
36,88,57,0.000123,3.1e-05,1.4e-05,0.138465,False,0,22.7513
36,89,56,0.000158,4e-05,1.8e-05,0.138582,False,0,22.7518
36,90,55,5.7e-05,1.5e-05,7e-06,0.138726,False,0,22.7501
36,91,54,0.000149,3.7e-05,1.5e-05,0.138917,False,0,22.7515
36,92,53,9.9e-05,2.5e-05,1.2e-05,0.139041,False,0,22.7509
36,93,52,0.0002,5e-05,2.4e-05,0.139188,False,0,22.7523
36,94,51,0.000271,6.8e-05,3e-05,0.139387,False,0,22.7531
36,95,50,0.000349,8.7e-05,3.7e-05,0.139619,False,0,22.7536
36,96,49,0.000232,5.8e-05,2.8e-05,0.139877,False,0,22.7527
36,97,48,0.000236,5.9e-05,2.4e-05,0.140092,False,0,22.7525
36,98,47,0.000188,4.7e-05,2.2e-05,0.140297,False,0,22.7522
36,99,46,0.000179,4.5e-05,2.2e-05,0.140458,False,0,22.752
36,100,45,0.000232,5.9e-05,2.4e-05,0.140743,False,0,22.7524
36,101,44,9.5e-05,2.4e-05,1.1e-05,0.141018,False,0,22.7509
36,102,43,0.00015,3.7e-05,1.5e-05,0.14126,False,0,22.7515
36,103,42,0.000127,3.2e-05,1.6e-05,0.141547,False,0,22.7514
36,104,41,0.000199,5e-05,2.1e-05,0.141865,False,0,22.7522
36,105,40,0.000149,3.7e-05,1.6e-05,0.142177,False,0,22.7516
36,106,39,0.000127,3.2e-05,1.5e-05,0.142484,False,0,22.7514
36,107,38,0.000137,3.4e-05,1.6e-05,0.142778,False,0,22.7516
36,108,37,0.000275,6.9e-05,3.2e-05,0.143154,False,0,22.7532
36,109,36,0.000345,8.6e-05,4.1e-05,0.14356,False,0,22.7538
36,110,35,0.000466,0.000116,5.3e-05,0.14395,False,0,22.7548
36,111,34,0.00036,9e-05,4.1e-05,0.144307,False,0,22.754
36,112,33,0.000405,0.000101,4.7e-05,0.144635,False,0,22.7544
36,113,32,0.000359,9e-05,4.2e-05,0.145015,False,0,22.754
36,114,31,0.000415,0.000104,4.8e-05,0.145522,False,0,22.7544
36,115,30,0.000478,0.00012,5.2e-05,0.146009,True,0,22.7548
36,116,29,0.000383,9.6e-05,4.8e-05,0.146528,True,0,22.7538
36,117,28,0.000377,9.4e-05,4.4e-05,0.146965,True,0,22.7541
36,118,27,0.000317,8e-05,3.7e-05,0.1475,True,0,22.7536
36,119,26,0.00037,9.3e-05,4.5e-05,0.147957,True,0,22.754
36,120,25,0.000474,0.000119,5.3e-05,0.148406,True,0,22.7549
36,121,24,0.000384,9.6e-05,4.5e-05,0.14883,True,0,22.7542
36,122,23,0.000423,0.000106,5.1e-05,0.14933,True,0,22.7545
36,123,22,0.000536,0.000135,5.9e-05,0.149879,True,0,22.7553
36,124,21,0.000369,9.2e-05,4.4e-05,0.150501,True,0,22.754
36,125,20,0.000552,0.000138,6.4e-05,0.151142,True,0,22.7555
36,126,19,0.000454,0.000114,5.1e-05,0.151792,True,0,22.7547
37,52,90,0.000292,7.3e-05,3.3e-05,0.148434,True,0,22.742
37,53,89,0.000293,7.3e-05,3.2e-05,0.146679,True,0,22.7422
37,54,88,9.1e-05,2.3e-05,1.1e-05,0.145202,False,0,22.7449
37,55,87,0.000157,3.9e-05,1.8e-05,0.14388,False,0,22.7435
37,56,86,8.6e-05,2.1e-05,9e-06,0.142732,False,0,22.7447
37,57,85,0.000222,5.6e-05,2.6e-05,0.14172,False,0,22.7427
37,58,84,0.000141,3.5e-05,1.7e-05,0.140802,False,0,22.7439
37,59,83,0.000222,5.5e-05,2.7e-05,0.139939,False,0,22.7428
37,60,82,0.000144,3.6e-05,1.5e-05,0.139168,False,0,22.7438
37,61,81,0.000178,4.5e-05,2.2e-05,0.138516,False,0,22.7435
37,62,80,0.000219,5.5e-05,2.5e-05,0.137896,False,0,22.7427
37,63,79,0.000176,4.4e-05,1.9e-05,0.137313,False,0,22.7433
37,64,78,0.000157,3.9e-05,1.8e-05,0.136793,False,0,22.7436
37,65,77,0.000185,4.6e-05,2.2e-05,0.136379,False,0,22.7434
37,66,76,0.000214,5.4e-05,2.6e-05,0.13594,False,0,22.7428
37,67,75,0.000158,3.9e-05,1.7e-05,0.135491,False,0,22.7437
37,68,74,3.3e-05,8e-06,4e-06,0.135045,False,0,22.7459
37,69,73,5.1e-05,1.3e-05,6e-06,0.134673,False,0,22.7453
37,70,72,0.000207,5.2e-05,2.5e-05,0.13434,False,0,22.743
37,71,71,0.000151,3.8e-05,1.7e-05,0.134076,False,0,22.7436
37,72,70,0.000213,5.3e-05,2.4e-05,0.133785,False,0,22.7428
37,73,69,0.000159,4e-05,1.8e-05,0.133538,False,0,22.7435
37,74,68,0.000102,2.5e-05,1.2e-05,0.133292,False,0,22.7443
37,75,67,3.2e-05,8e-06,4e-06,0.133092,False,0,22.7459
37,76,66,1.4e-05,4e-06,2e-06,0.132836,False,0,22.7465
37,77,65,3.6e-05,9e-06,4e-06,0.132632,False,0,22.7457
37,78,64,2.5e-05,6e-06,3e-06,0.132453,False,0,22.7461
37,79,63,1.1e-05,3e-06,1e-06,0.13227,False,0,22.7467
37,80,62,3.6e-05,9e-06,4e-06,0.132154,False,0,22.7458
37,81,61,4.1e-05,1e-05,5e-06,0.131979,False,0,22.7456
37,82,60,7.8e-05,1.9e-05,9e-06,0.131844,False,0,22.7448
37,83,59,2.4e-05,6e-06,3e-06,0.131709,False,0,22.7461
37,84,58,2.1e-05,5e-06,2e-06,0.131601,False,0,22.7463
37,85,57,4.1e-05,1e-05,5e-06,0.131457,False,0,22.7456
37,86,56,4.1e-05,1e-05,4e-06,0.131368,False,0,22.7457
37,87,55,4.9e-05,1.2e-05,6e-06,0.13133,False,0,22.7456
37,88,54,4.8e-05,1.2e-05,5e-06,0.131223,False,0,22.7461
37,89,53,3.1e-05,8e-06,3e-06,0.131117,False,0,22.7459
37,90,52,4e-06,1e-06,0.0,0.130969,False,0,22.7481
37,91,51,2.9e-05,7e-06,3e-06,0.13087,False,0,22.7493
37,92,50,3e-06,0.0,0.0,0.130837,False,0,22.7472
37,93,49,1.3e-05,3e-06,1e-06,0.130809,False,0,22.7466
37,94,48,7.9e-05,2e-05,9e-06,0.130808,False,0,22.7448
37,95,47,6.6e-05,1.7e-05,8e-06,0.130846,False,0,22.7449
37,96,46,4.6e-05,1.2e-05,5e-06,0.130853,False,0,22.7456
37,97,45,4e-06,1e-06,0.0,0.130849,False,0,22.7471
37,98,44,1e-06,0.0,0.0,0.130842,False,0,22.7476
37,99,43,2e-06,0.0,0.0,0.130881,False,0,22.7477
37,100,42,1.6e-05,4e-06,2e-06,0.130934,False,0,22.7482
37,101,41,2.9e-05,8e-06,3e-06,0.13103,False,0,22.7491
37,102,40,6e-06,1e-06,1e-06,0.131115,False,0,22.7483
37,103,39,3e-06,1e-06,0.0,0.131173,False,0,22.7478
37,104,38,2.5e-05,6e-06,3e-06,0.131233,False,0,22.7493
37,105,37,3.3e-05,8e-06,4e-06,0.131325,False,0,22.7494
37,106,36,2.6e-05,6e-06,3e-06,0.131423,False,0,22.7493
37,107,35,3e-05,8e-06,3e-06,0.13151,False,0,22.7474
37,108,34,4e-06,1e-06,1e-06,0.131612,False,0,22.7482
37,109,33,3.7e-05,9e-06,3e-06,0.131757,False,0,22.7488
37,110,32,2.6e-05,6e-06,3e-06,0.131946,False,0,22.7489
37,111,31,1e-05,3e-06,1e-06,0.13214,False,0,22.7487
37,112,30,1.1e-05,3e-06,1e-06,0.13231,False,0,22.7486
37,113,29,2.5e-05,6e-06,3e-06,0.132508,False,0,22.7487
37,114,28,6.8e-05,1.7e-05,8e-06,0.132709,False,0,22.7504
37,115,27,6.2e-05,1.6e-05,8e-06,0.132923,False,0,22.7502
37,116,26,6e-05,1.5e-05,6e-06,0.133158,False,0,22.7501
37,117,25,2e-05,5e-06,3e-06,0.133414,False,0,22.7487
37,118,24,5e-05,1.2e-05,6e-06,0.133668,False,0,22.75
37,119,23,0.000104,2.6e-05,1.3e-05,0.134,False,0,22.751
37,120,22,0.000106,2.6e-05,1.2e-05,0.134357,False,0,22.7511
37,121,21,9.6e-05,2.4e-05,1.1e-05,0.134712,False,0,22.7509
38,52,123,3e-06,1e-06,0.0,0.150749,True,0,22.7474
38,53,122,5e-06,1e-06,1e-06,0.149134,True,0,22.7483
38,54,121,8.7e-05,2.2e-05,8e-06,0.147805,True,0,22.7499
38,55,120,2.3e-05,6e-06,2e-06,0.146604,True,0,22.7491
38,56,119,3.8e-05,9e-06,5e-06,0.145591,False,0,22.7497
38,57,118,2.9e-05,7e-06,3e-06,0.144772,False,0,22.7494
38,58,117,4.8e-05,1.2e-05,4e-06,0.144056,False,0,22.7494
38,59,116,5e-06,1e-06,0.0,0.143318,False,0,22.7479
38,60,115,1.7e-05,4e-06,2e-06,0.142657,False,0,22.7488
38,61,114,1e-05,2e-06,1e-06,0.142028,False,0,22.7487
38,62,113,1.1e-05,3e-06,2e-06,0.141517,False,0,22.7486
38,63,112,2.3e-05,6e-06,2e-06,0.141097,False,0,22.7482
38,64,111,2e-06,1e-06,0.0,0.14068,False,0,22.7478
38,65,110,1.2e-05,3e-06,2e-06,0.140265,False,0,22.7487
38,66,109,5.4e-05,1.3e-05,5e-06,0.139817,False,0,22.7497
38,67,108,5e-05,1.3e-05,7e-06,0.139448,False,0,22.7498
38,68,107,8.9e-05,2.2e-05,1.1e-05,0.139097,False,0,22.7508
38,69,106,3.5e-05,9e-06,4e-06,0.138858,False,0,22.7496
38,70,105,2e-05,5e-06,2e-06,0.138632,False,0,22.7491
38,71,104,3.1e-05,8e-06,4e-06,0.138453,False,0,22.7495
38,72,103,6.9e-05,1.7e-05,7e-06,0.138312,False,0,22.7502
38,73,102,4.1e-05,1e-05,5e-06,0.138167,False,0,22.7496
38,74,101,5.7e-05,1.4e-05,5e-06,0.138005,False,0,22.7498
38,75,100,1.2e-05,3e-06,1e-06,0.137902,False,0,22.7487
38,76,99,2.1e-05,5e-06,2e-06,0.137754,False,0,22.7491
38,77,98,4e-06,1e-06,0.0,0.137627,False,0,22.7481
38,78,97,2.6e-05,7e-06,3e-06,0.137536,False,0,22.7493
38,79,96,1e-05,2e-06,1e-06,0.137474,False,0,22.7486
38,80,95,6.6e-05,1.6e-05,9e-06,0.137416,False,0,22.75
38,81,94,4.5e-05,1.1e-05,4e-06,0.137354,False,0,22.7496
38,82,93,4e-05,1e-05,5e-06,0.13732,False,0,22.7497
38,83,92,5.1e-05,1.3e-05,7e-06,0.137266,False,0,22.7498
38,84,91,0.000116,2.9e-05,1.2e-05,0.137202,False,0,22.751
38,85,90,8.3e-05,2.1e-05,9e-06,0.137132,False,0,22.7506
38,86,89,3.9e-05,1e-05,5e-06,0.137085,False,0,22.7496
38,87,88,0.00012,3e-05,1.4e-05,0.137133,False,0,22.7513
38,88,87,7.8e-05,1.9e-05,9e-06,0.137191,False,0,22.7506
38,89,86,7.2e-05,1.8e-05,8e-06,0.13723,False,0,22.7504
38,90,85,5.3e-05,1.3e-05,6e-06,0.137199,False,0,22.75
38,91,84,5.3e-05,1.3e-05,6e-06,0.137179,False,0,22.75
38,92,83,7.9e-05,2e-05,1e-05,0.137254,False,0,22.7505
38,93,82,6.3e-05,1.6e-05,7e-06,0.137342,False,0,22.7501
38,94,81,4.6e-05,1.2e-05,5e-06,0.137416,False,0,22.7499
38,95,80,2.6e-05,6e-06,3e-06,0.137484,False,0,22.749
38,96,79,6e-06,2e-06,1e-06,0.137532,False,0,22.7484
38,97,78,2e-05,5e-06,2e-06,0.137594,False,0,22.7491
38,98,77,6.4e-05,1.6e-05,7e-06,0.137618,False,0,22.7503
38,99,76,0.000156,4e-05,1.7e-05,0.137646,False,0,22.7518
38,100,75,0.000144,3.6e-05,1.7e-05,0.137704,False,0,22.7515
38,101,74,0.000218,5.5e-05,2.4e-05,0.137815,False,0,22.7526
38,102,73,0.000122,3e-05,1.5e-05,0.138011,False,0,22.7513
38,103,72,0.00011,2.8e-05,1.1e-05,0.138206,False,0,22.7509
38,104,71,0.000153,3.8e-05,1.6e-05,0.138318,False,0,22.7516
38,105,70,0.000169,4.2e-05,2e-05,0.138409,False,0,22.752
38,106,69,0.000166,4.2e-05,1.8e-05,0.138459,False,0,22.7519
38,107,68,4.5e-05,1.1e-05,5e-06,0.138506,False,0,22.7498
38,108,67,5.9e-05,1.5e-05,7e-06,0.138548,False,0,22.7501
38,109,66,0.000129,3.2e-05,1.4e-05,0.138628,False,0,22.7514
38,110,65,0.000112,2.8e-05,1.3e-05,0.138694,False,0,22.7512
38,111,64,0.000105,2.6e-05,1.2e-05,0.138841,False,0,22.751
38,112,63,0.000229,5.7e-05,2.5e-05,0.138995,False,0,22.7526
38,113,62,0.000317,8e-05,3.6e-05,0.13914,False,0,22.7536
38,114,61,0.000355,8.9e-05,4.2e-05,0.139303,False,0,22.7539
38,115,60,0.000273,6.9e-05,2.9e-05,0.139468,False,0,22.753
38,116,59,0.00025,6.2e-05,3e-05,0.139669,False,0,22.7529
38,117,58,0.000312,7.8e-05,3.5e-05,0.139851,False,0,22.7535
38,118,57,0.000211,5.3e-05,2.1e-05,0.140051,False,0,22.7521
38,119,56,0.00019,4.8e-05,2.2e-05,0.140247,False,0,22.7522
38,120,55,0.000228,5.7e-05,2.4e-05,0.140422,False,0,22.7524
38,121,54,0.000285,7.1e-05,3.3e-05,0.140605,False,0,22.7532
38,122,53,0.000374,9.4e-05,3.9e-05,0.140744,False,0,22.7538
38,123,52,0.000238,6e-05,2.8e-05,0.140982,False,0,22.7528
38,124,51,0.000357,8.9e-05,4e-05,0.141268,False,0,22.7539
38,125,50,0.000307,7.7e-05,3.2e-05,0.141586,False,0,22.7532
40,52,109,1.5e-05,4e-06,2e-06,0.15059,True,0,22.747
40,53,108,1.7e-05,4e-06,1e-06,0.148942,True,0,22.7481
40,54,107,1e-06,0.0,0.0,0.147524,True,0,22.7478
40,55,106,4.5e-05,1.1e-05,4e-06,0.146327,True,0,22.7488
40,56,105,8e-06,2e-06,1e-06,0.145258,False,0,22.7483
40,57,104,2e-06,0.0,0.0,0.144341,False,0,22.748
40,58,103,1.4e-05,4e-06,1e-06,0.143479,False,0,22.7484
40,59,102,1.5e-05,4e-06,1e-06,0.14276,False,0,22.7486
40,60,101,3e-06,1e-06,0.0,0.142145,False,0,22.748
40,61,100,9e-06,2e-06,1e-06,0.141592,False,0,22.7485
40,62,99,3.4e-05,8e-06,3e-06,0.141064,False,0,22.7487
40,63,98,2.3e-05,6e-06,3e-06,0.140607,False,0,22.7489
40,64,97,2.8e-05,7e-06,3e-06,0.140193,False,0,22.7491
40,65,96,9e-06,2e-06,1e-06,0.139865,False,0,22.7482
40,66,95,9e-06,2e-06,1e-06,0.139572,False,0,22.7471
40,67,94,1.7e-05,4e-06,2e-06,0.139316,False,0,22.7489
40,68,93,9e-06,2e-06,1e-06,0.139006,False,0,22.7486
40,69,92,4.6e-05,1.2e-05,5e-06,0.138772,False,0,22.7498
40,70,91,1.9e-05,5e-06,3e-06,0.138588,False,0,22.7488
40,71,90,4e-05,1e-05,5e-06,0.138436,False,0,22.7497
40,72,89,2.4e-05,6e-06,3e-06,0.13828,False,0,22.7493
40,73,88,1.3e-05,3e-06,2e-06,0.138188,False,0,22.7488
40,74,87,1.1e-05,3e-06,1e-06,0.138064,False,0,22.7484
40,75,86,3e-06,1e-06,0.0,0.13792,False,0,22.7475
40,76,85,9e-06,2e-06,1e-06,0.137793,False,0,22.7485
40,77,84,5.4e-05,1.3e-05,6e-06,0.137691,False,0,22.7501
40,78,83,8.4e-05,2.1e-05,9e-06,0.137644,False,0,22.7506
40,79,82,3.4e-05,9e-06,4e-06,0.137595,False,0,22.7495
40,80,81,1.9e-05,5e-06,2e-06,0.137464,False,0,22.7491
40,81,80,2.4e-05,6e-06,3e-06,0.137388,False,0,22.749
40,82,79,2e-05,5e-06,2e-06,0.137274,False,0,22.749
40,83,78,6.1e-05,1.5e-05,8e-06,0.137228,False,0,22.7496
40,84,77,6.7e-05,1.7e-05,8e-06,0.137265,False,0,22.7503
40,85,76,0.000155,3.9e-05,1.7e-05,0.137257,False,0,22.7518
40,86,75,7.9e-05,2e-05,9e-06,0.137278,False,0,22.7506
40,87,74,0.000134,3.3e-05,1.4e-05,0.137275,False,0,22.7514
40,88,73,7.5e-05,1.9e-05,8e-06,0.137365,False,0,22.7505
40,89,72,5.1e-05,1.3e-05,6e-06,0.137423,False,0,22.75
40,90,71,5.1e-05,1.2e-05,6e-06,0.137455,False,0,22.75
40,91,70,6.8e-05,1.7e-05,9e-06,0.137491,False,0,22.7502
40,92,69,0.000124,3.1e-05,1.4e-05,0.137587,False,0,22.7513
40,93,68,9.5e-05,2.4e-05,1.1e-05,0.137708,False,0,22.7509
40,94,67,2.9e-05,7e-06,4e-06,0.137869,False,0,22.7493
40,95,66,1.2e-05,3e-06,1e-06,0.138018,False,0,22.7487
40,96,65,1.4e-05,3e-06,2e-06,0.138184,False,0,22.7487
40,97,64,0.000103,2.6e-05,1.1e-05,0.138367,False,0,22.751
40,98,63,0.000134,3.3e-05,1.6e-05,0.138567,False,0,22.7515
40,99,62,0.000171,4.3e-05,2.1e-05,0.13874,False,0,22.752
40,100,61,0.000109,2.7e-05,1.2e-05,0.138919,False,0,22.751
40,101,60,0.00023,5.8e-05,2.7e-05,0.139064,False,0,22.7527
40,102,59,0.000177,4.4e-05,2e-05,0.139208,False,0,22.7521
40,103,58,0.000198,5e-05,2.3e-05,0.139337,False,0,22.7523
40,104,57,0.000262,6.6e-05,3e-05,0.139498,False,0,22.753
40,105,56,0.000208,5.2e-05,2.4e-05,0.139718,False,0,22.7524
40,106,55,0.000205,5.1e-05,2.5e-05,0.139944,False,0,22.7524
40,107,54,0.000158,4e-05,1.8e-05,0.140177,False,0,22.7518
40,108,53,0.000304,7.6e-05,3.7e-05,0.140441,False,0,22.7534
40,109,52,0.000236,5.9e-05,2.6e-05,0.140689,False,0,22.7527
40,110,51,0.000124,3.1e-05,1.5e-05,0.14094,False,0,22.7514
40,111,50,0.000149,3.8e-05,1.7e-05,0.141189,False,0,22.7517
40,112,49,0.000182,4.6e-05,1.8e-05,0.141427,False,0,22.7518
40,113,48,0.000188,4.7e-05,2.2e-05,0.141654,False,0,22.7522
40,114,47,0.000172,4.3e-05,1.9e-05,0.14187,False,0,22.7519
40,115,46,0.000254,6.3e-05,2.8e-05,0.142133,False,0,22.7529
40,116,45,0.000308,7.7e-05,3.6e-05,0.142417,False,0,22.7535
40,117,44,0.000525,0.000131,6e-05,0.142744,False,0,22.7553
40,118,43,0.00041,0.000103,4.5e-05,0.143093,False,0,22.7543
40,119,42,0.000197,4.9e-05,2.4e-05,0.143388,False,0,22.7523
40,120,41,0.000283,7.1e-05,3.3e-05,0.143639,False,0,22.7533
40,121,40,0.000364,9.1e-05,4.3e-05,0.143938,False,0,22.754
40,122,39,0.000394,9.9e-05,4.4e-05,0.144277,False,0,22.7542
40,123,38,0.000347,8.7e-05,4e-05,0.144619,False,0,22.7538
40,124,37,0.000322,8.1e-05,3.5e-05,0.145005,False,0,22.7535
40,125,36,0.000442,0.000111,5.1e-05,0.145457,False,0,22.7546
40,126,35,0.00043,0.000108,5e-05,0.145949,True,0,22.7546
40,127,34,0.000394,9.9e-05,4.7e-05,0.14647,True,0,22.7542
40,128,33,0.000542,0.000136,6e-05,0.147025,True,0,22.7554
40,129,32,0.000466,0.000117,5.2e-05,0.147522,True,0,22.7548
40,130,31,0.000366,9.1e-05,4.4e-05,0.148042,True,0,22.754
40,131,30,0.000436,0.000109,4.9e-05,0.14849,True,0,22.7546
40,132,29,0.000398,1e-04,4.7e-05,0.148962,True,0,22.7543
40,133,28,0.000446,0.000112,5.4e-05,0.149455,True,0,22.7546
41,52,89,0.000196,4.9e-05,2.4e-05,0.148735,True,0,22.7431
41,53,88,0.000158,3.9e-05,1.9e-05,0.147027,True,0,22.7435
41,54,87,0.000146,3.6e-05,1.7e-05,0.145485,False,0,22.7437
41,55,86,0.000169,4.2e-05,2e-05,0.144163,False,0,22.7433
41,56,85,0.000221,5.5e-05,2.5e-05,0.143034,False,0,22.7427
41,57,84,0.00029,7.3e-05,3.3e-05,0.142026,False,0,22.742
41,58,83,0.000221,5.5e-05,2.6e-05,0.141077,False,0,22.7428
41,59,82,0.000271,6.8e-05,3.1e-05,0.140261,False,0,22.7422
41,60,81,0.000201,5e-05,2.3e-05,0.139524,False,0,22.743
41,61,80,0.000116,2.9e-05,1.3e-05,0.138907,False,0,22.7441
41,62,79,5.8e-05,1.5e-05,7e-06,0.138298,False,0,22.7452
41,63,78,0.00013,3.2e-05,1.4e-05,0.137722,False,0,22.744
41,64,77,0.000237,5.9e-05,2.9e-05,0.137218,False,0,22.7426
41,65,76,0.000363,9.1e-05,4.1e-05,0.136721,False,0,22.7413
41,66,75,0.000405,0.000101,4.7e-05,0.136318,False,0,22.741
41,67,74,0.000143,3.6e-05,1.6e-05,0.135956,False,0,22.7438
41,68,73,6.6e-05,1.6e-05,8e-06,0.13555,False,0,22.7451
41,69,72,5.5e-05,1.4e-05,5e-06,0.135155,False,0,22.7457
41,70,71,5.1e-05,1.3e-05,6e-06,0.134794,False,0,22.7453
41,71,70,0.000111,2.8e-05,1.3e-05,0.134536,False,0,22.7442
41,72,69,0.000214,5.4e-05,2.4e-05,0.134267,False,0,22.7428
41,73,68,0.000107,2.7e-05,1.3e-05,0.134059,False,0,22.7442
41,74,67,6.6e-05,1.7e-05,8e-06,0.13382,False,0,22.745
41,75,66,3.8e-05,9e-06,4e-06,0.133663,False,0,22.7456
41,76,65,6.9e-05,1.7e-05,7e-06,0.13348,False,0,22.7451
41,77,64,0.000145,3.6e-05,1.8e-05,0.133288,False,0,22.7438
41,78,63,0.000118,2.9e-05,1.3e-05,0.133116,False,0,22.7441
41,79,62,0.000109,2.7e-05,1.3e-05,0.132942,False,0,22.7442
41,80,61,6.4e-05,1.6e-05,8e-06,0.132796,False,0,22.7451
41,81,60,0.000132,3.3e-05,1.4e-05,0.132675,False,0,22.7442
41,82,59,8.8e-05,2.2e-05,1e-05,0.132479,False,0,22.7446
41,83,58,0.000129,3.2e-05,1.5e-05,0.132335,False,0,22.744
41,84,57,0.000111,2.8e-05,1.3e-05,0.13223,False,0,22.7442
41,85,56,0.000118,2.9e-05,1.3e-05,0.132185,False,0,22.7442
41,86,55,8.6e-05,2.2e-05,1e-05,0.132108,False,0,22.7446
41,87,54,9.6e-05,2.4e-05,1.1e-05,0.132015,False,0,22.7444
41,88,53,8.2e-05,2e-05,8e-06,0.131952,False,0,22.7452
41,89,52,1.2e-05,3e-06,1e-06,0.131923,False,0,22.7469
41,90,51,1.4e-05,4e-06,1e-06,0.131842,False,0,22.7473
41,91,50,2.5e-05,6e-06,2e-06,0.13179,False,0,22.7468
41,92,49,6e-06,2e-06,1e-06,0.131676,False,0,22.747
41,93,48,5.9e-05,1.5e-05,7e-06,0.131687,False,0,22.7452
41,94,47,2.7e-05,7e-06,3e-06,0.131755,False,0,22.7472
41,95,46,3.7e-05,9e-06,4e-06,0.131796,False,0,22.7472
41,96,45,1.6e-05,4e-06,2e-06,0.131833,False,0,22.7475
41,97,44,6e-06,1e-06,1e-06,0.131828,False,0,22.7469
41,98,43,3e-06,0.0,0.0,0.131767,False,0,22.7477
41,99,42,8e-06,2e-06,1e-06,0.131742,False,0,22.747
41,100,41,9e-06,2e-06,1e-06,0.131764,False,0,22.748
41,101,40,1.9e-05,5e-06,2e-06,0.131836,False,0,22.7474
41,102,39,4e-06,1e-06,0.0,0.13195,False,0,22.7472
41,103,38,7e-06,2e-06,1e-06,0.132027,False,0,22.7468
41,104,37,1.5e-05,4e-06,2e-06,0.132086,False,0,22.7465
41,105,36,9e-06,2e-06,1e-06,0.132153,False,0,22.7479
41,106,35,1.6e-05,4e-06,2e-06,0.132242,False,0,22.7489
41,107,34,4e-06,1e-06,1e-06,0.132349,False,0,22.748
41,108,33,8e-06,2e-06,1e-06,0.132485,False,0,22.7477
41,109,32,1.1e-05,3e-06,1e-06,0.13266,False,0,22.7467
41,110,31,4.1e-05,1e-05,4e-06,0.132838,False,0,22.7471
41,111,30,8e-06,2e-06,1e-06,0.133003,False,0,22.7484
41,112,29,4.6e-05,1.1e-05,6e-06,0.133171,False,0,22.7492
41,113,28,7.6e-05,1.9e-05,9e-06,0.133379,False,0,22.7506
41,114,27,4.8e-05,1.2e-05,6e-06,0.133589,False,0,22.75
41,115,26,8e-05,2e-05,1e-05,0.133824,False,0,22.7504
41,116,25,0.000123,3.1e-05,1.6e-05,0.134067,False,0,22.7512
41,117,24,6.4e-05,1.6e-05,8e-06,0.134331,False,0,22.7502
41,118,23,5.3e-05,1.3e-05,7e-06,0.134603,False,0,22.75
41,119,22,9.2e-05,2.3e-05,1.2e-05,0.134901,False,0,22.7502
41,120,21,5.7e-05,1.4e-05,7e-06,0.135203,False,0,22.7501
41,121,20,7.3e-05,1.8e-05,9e-06,0.135511,False,0,22.7503
41,122,19,0.000133,3.3e-05,1.5e-05,0.135901,False,0,22.7515
41,123,18,0.000107,2.7e-05,1.4e-05,0.136309,False,0,22.7507
42,52,114,0.000268,6.7e-05,3e-05,0.149204,True,0,22.7422
42,53,113,0.000255,6.4e-05,3.1e-05,0.147451,True,0,22.7424
42,54,112,0.000275,6.9e-05,3.2e-05,0.145998,True,0,22.7421
42,55,111,0.000323,8.1e-05,3.9e-05,0.144775,False,0,22.7418
42,56,110,0.000219,5.5e-05,2.5e-05,0.143622,False,0,22.7428
42,57,109,0.000311,7.7e-05,3.8e-05,0.14266,False,0,22.7419
42,58,108,0.000241,6e-05,2.7e-05,0.141798,False,0,22.7425
42,59,107,0.000358,8.9e-05,4.2e-05,0.140966,False,0,22.7414
42,60,106,0.000311,7.8e-05,3.7e-05,0.140139,False,0,22.7418
42,61,105,0.000209,5.2e-05,2.4e-05,0.139378,False,0,22.7429
42,62,104,0.000178,4.5e-05,1.9e-05,0.138711,False,0,22.7434
42,63,103,1e-04,2.5e-05,1.1e-05,0.138155,False,0,22.7443
42,64,102,0.000147,3.6e-05,1.7e-05,0.137582,False,0,22.7437
42,65,101,0.000188,4.7e-05,2.1e-05,0.137074,False,0,22.7431
42,66,100,0.000153,3.8e-05,1.8e-05,0.136604,False,0,22.7436
42,67,99,0.000142,3.6e-05,1.6e-05,0.136219,False,0,22.7437
42,68,98,0.000165,4.1e-05,1.8e-05,0.135856,False,0,22.7436
42,69,97,0.000149,3.7e-05,1.7e-05,0.135456,False,0,22.7436
42,70,96,0.000136,3.4e-05,1.6e-05,0.135072,False,0,22.7438
42,71,95,0.000172,4.3e-05,2.1e-05,0.134762,False,0,22.7433
42,72,94,0.000217,5.4e-05,2.5e-05,0.134485,False,0,22.7428
42,73,93,0.000259,6.5e-05,2.8e-05,0.134245,False,0,22.7425
42,74,92,0.000211,5.3e-05,2.5e-05,0.134034,False,0,22.7429
42,75,91,0.000236,5.9e-05,2.6e-05,0.133846,False,0,22.7426
42,76,90,0.000275,6.9e-05,3.3e-05,0.133682,False,0,22.7421
42,77,89,0.000204,5.1e-05,2.4e-05,0.133498,False,0,22.743
42,78,88,0.000102,2.5e-05,1.2e-05,0.133298,False,0,22.7443
42,79,87,2.6e-05,7e-06,3e-06,0.133171,False,0,22.7464
42,80,86,3.5e-05,9e-06,5e-06,0.133023,False,0,22.746
42,81,85,7.8e-05,2e-05,8e-06,0.132853,False,0,22.7452
42,82,84,4.3e-05,1e-05,5e-06,0.132649,False,0,22.7455
42,83,83,1.2e-05,3e-06,1e-06,0.132441,False,0,22.7466
42,84,82,2.7e-05,7e-06,3e-06,0.132294,False,0,22.746
42,85,81,2.6e-05,7e-06,3e-06,0.132217,False,0,22.7461
42,86,80,3.7e-05,9e-06,4e-06,0.132122,False,0,22.7457
42,87,79,3.4e-05,8e-06,4e-06,0.132022,False,0,22.7459
42,88,78,7.3e-05,1.8e-05,8e-06,0.131909,False,0,22.7449
42,89,77,4.1e-05,1e-05,5e-06,0.131789,False,0,22.7456
42,90,76,0.000141,3.5e-05,1.6e-05,0.131681,False,0,22.7437
42,91,75,9.6e-05,2.4e-05,1e-05,0.131563,False,0,22.7447
42,92,74,0.000137,3.4e-05,1.5e-05,0.131519,False,0,22.7439
42,93,73,7.7e-05,2e-05,8e-06,0.131472,False,0,22.745
42,94,72,5.9e-05,1.5e-05,7e-06,0.131467,False,0,22.7452
42,95,71,0.000118,2.9e-05,1.2e-05,0.13142,False,0,22.7442
42,96,70,0.000117,2.9e-05,1.3e-05,0.131411,False,0,22.7441
42,97,69,6.8e-05,1.7e-05,8e-06,0.131358,False,0,22.7449
42,98,68,5.5e-05,1.4e-05,6e-06,0.131303,False,0,22.7453
42,99,67,3.4e-05,9e-06,4e-06,0.131248,False,0,22.7458
42,100,66,1.4e-05,4e-06,2e-06,0.131187,False,0,22.7464
42,101,65,2.4e-05,6e-06,2e-06,0.131161,False,0,22.7462
42,102,64,1e-06,0.0,0.0,0.131148,False,0,22.7474
42,103,63,7e-06,2e-06,1e-06,0.131143,False,0,22.7477
42,104,62,7.3e-05,1.8e-05,8e-06,0.1312,False,0,22.7504
42,105,61,1.8e-05,5e-06,2e-06,0.131246,False,0,22.7487
42,106,60,3.6e-05,9e-06,4e-06,0.13131,False,0,22.7495
42,107,59,1.3e-05,3e-06,2e-06,0.131279,False,0,22.7483
42,108,58,3.3e-05,8e-06,4e-06,0.131286,False,0,22.7489
42,109,57,4.6e-05,1.2e-05,5e-06,0.13131,False,0,22.7499
42,110,56,3e-06,1e-06,0.0,0.131367,False,0,22.7482
42,111,55,4e-06,1e-06,0.0,0.131405,False,0,22.7476
42,112,54,2.5e-05,6e-06,3e-06,0.131442,False,0,22.7461
42,113,53,1.1e-05,3e-06,1e-06,0.131461,False,0,22.7467
42,114,52,1e-06,0.0,0.0,0.131536,False,0,22.7478
42,115,51,2.4e-05,6e-06,3e-06,0.131629,False,0,22.7484
42,116,50,1.4e-05,4e-06,2e-06,0.131757,False,0,22.7487
42,117,49,6.9e-05,1.7e-05,9e-06,0.131871,False,0,22.749
42,118,48,2.8e-05,7e-06,2e-06,0.131941,False,0,22.7488
42,119,47,1.7e-05,4e-06,2e-06,0.13203,False,0,22.7485
42,120,46,5e-06,1e-06,1e-06,0.132108,False,0,22.7484
42,121,45,2.2e-05,5e-06,3e-06,0.132155,False,0,22.7491
42,122,44,2.4e-05,6e-06,3e-06,0.132279,False,0,22.7491
42,123,43,2.1e-05,5e-06,3e-06,0.13237,False,0,22.7491
42,124,42,1.3e-05,3e-06,2e-06,0.132494,False,0,22.7485
42,125,41,1e-06,0.0,0.0,0.132604,False,0,22.7477
42,126,40,2e-05,5e-06,2e-06,0.132726,False,0,22.7466
42,127,39,2.4e-05,6e-06,2e-06,0.132909,False,0,22.7492
42,128,38,5.4e-05,1.4e-05,7e-06,0.133137,False,0,22.7499
42,129,37,0.000113,2.8e-05,1.4e-05,0.133271,False,0,22.751
42,130,36,9.4e-05,2.3e-05,1.1e-05,0.133445,False,0,22.7509
42,131,35,5.2e-05,1.3e-05,7e-06,0.133698,False,0,22.75
42,132,34,3.7e-05,9e-06,5e-06,0.133956,False,0,22.7495
42,133,33,1.7e-05,4e-06,2e-06,0.134182,False,0,22.7488
42,134,32,3.8e-05,9e-06,5e-06,0.134448,False,0,22.7497
42,135,31,4e-05,1e-05,4e-06,0.134743,False,0,22.7497
42,136,30,8.9e-05,2.2e-05,1.1e-05,0.135106,False,0,22.7505
42,137,29,3.8e-05,9e-06,5e-06,0.135428,False,0,22.7497
42,138,28,6.3e-05,1.6e-05,8e-06,0.135748,False,0,22.7493
42,139,27,8e-05,2e-05,1e-05,0.136083,False,0,22.7503
42,140,26,0.000146,3.7e-05,1.9e-05,0.136468,False,0,22.751
42,141,25,0.000198,4.9e-05,2e-05,0.136875,False,0,22.7521
42,142,24,0.000101,2.5e-05,1.3e-05,0.137305,False,0,22.7505
42,143,23,0.000177,4.4e-05,2.1e-05,0.13776,False,0,22.7521
42,144,22,0.000124,3.1e-05,1.5e-05,0.138223,False,0,22.7513
42,145,21,0.000196,4.9e-05,2.2e-05,0.13866,False,0,22.7523
42,146,20,0.000115,2.9e-05,1.5e-05,0.139113,False,0,22.7511
42,147,19,0.000221,5.5e-05,2.9e-05,0.13965,False,0,22.7522
42,148,18,0.000264,6.6e-05,3.1e-05,0.140299,False,0,22.7531
42,149,17,0.000197,4.9e-05,2.3e-05,0.140929,False,0,22.7523
42,150,16,0.000134,3.4e-05,1.7e-05,0.141559,False,0,22.7513
42,151,15,0.000217,5.4e-05,2.7e-05,0.142274,False,0,22.7524
42,152,14,0.000259,6.5e-05,3e-05,0.143038,False,0,22.753
42,153,13,0.000185,4.6e-05,2.3e-05,0.143847,False,0,22.7519
42,154,12,0.000231,5.8e-05,2.9e-05,0.144576,False,0,22.7526
42,155,11,0.000279,7e-05,3.3e-05,0.145421,False,0,22.7532
42,156,10,0.000307,7.7e-05,3.8e-05,0.14634,True,0,22.7533
43,52,125,0.00012,3e-05,1.4e-05,0.146204,True,0,22.744
43,53,125,0.000115,2.9e-05,1.3e-05,0.144513,False,0,22.7441
43,54,125,3.1e-05,8e-06,4e-06,0.143048,False,0,22.7465
43,55,125,9.2e-05,2.3e-05,1.1e-05,0.141794,False,0,22.7445
43,56,125,7.2e-05,1.8e-05,8e-06,0.140669,False,0,22.7448
43,57,125,7.6e-05,1.9e-05,8e-06,0.139666,False,0,22.7448
43,58,125,5e-05,1.3e-05,6e-06,0.138771,False,0,22.7453
43,59,125,9.8e-05,2.5e-05,1e-05,0.137955,False,0,22.7446
43,60,125,7.7e-05,1.9e-05,9e-06,0.137207,False,0,22.7448
43,61,125,0.00016,4e-05,1.9e-05,0.1366,False,0,22.7436
43,62,125,4.2e-05,1e-05,5e-06,0.136081,False,0,22.7457
43,63,125,2.5e-05,6e-06,3e-06,0.135588,False,0,22.7463
43,64,125,1.7e-05,4e-06,1e-06,0.135102,False,0,22.7483
43,65,125,1.5e-05,4e-06,2e-06,0.134668,False,0,22.7469
43,66,125,9e-06,2e-06,1e-06,0.134231,False,0,22.7467
43,67,125,3.5e-05,9e-06,4e-06,0.133836,False,0,22.7458
43,68,125,5e-05,1.2e-05,6e-06,0.133497,False,0,22.7454
43,69,125,1.2e-05,3e-06,1e-06,0.133184,False,0,22.7466
43,70,125,3e-06,1e-06,0.0,0.132856,False,0,22.7472
43,71,125,5e-06,1e-06,0.0,0.13258,False,0,22.7473
43,72,125,2.1e-05,5e-06,3e-06,0.132292,False,0,22.7461
43,73,125,3.5e-05,9e-06,4e-06,0.13205,False,0,22.746
43,74,125,8e-06,2e-06,1e-06,0.131828,False,0,22.7468
43,75,125,1.9e-05,5e-06,2e-06,0.131687,False,0,22.7463
43,76,125,2.6e-05,7e-06,3e-06,0.131606,False,0,22.7461
43,77,125,6.8e-05,1.7e-05,8e-06,0.131455,False,0,22.745
43,78,125,4.2e-05,1.1e-05,5e-06,0.131333,False,0,22.7456
43,79,125,4e-06,1e-06,1e-06,0.13117,False,0,22.7471
43,80,125,3.4e-05,8e-06,4e-06,0.131074,False,0,22.7458
43,81,125,1e-05,2e-06,1e-06,0.130944,False,0,22.7473
43,82,125,2.8e-05,7e-06,3e-06,0.130814,False,0,22.746
43,83,125,2e-06,1e-06,0.0,0.130733,False,0,22.7473
43,84,125,1.6e-05,4e-06,2e-06,0.130691,False,0,22.7464
43,85,125,8e-06,2e-06,1e-06,0.130641,False,0,22.7476
43,86,125,3e-06,1e-06,0.0,0.130592,False,0,22.7481
43,87,125,8e-06,2e-06,1e-06,0.130583,False,0,22.7478
43,88,125,7e-06,2e-06,1e-06,0.130573,False,0,22.7485
43,89,125,6e-06,1e-06,1e-06,0.130564,False,0,22.7484
43,90,125,3.1e-05,8e-06,4e-06,0.130565,False,0,22.7494
43,91,125,6e-06,1e-06,1e-06,0.130524,False,0,22.7483
43,92,125,1.6e-05,4e-06,2e-06,0.130491,False,0,22.7475
43,93,125,2.8e-05,7e-06,3e-06,0.130445,False,0,22.7477
43,94,125,2.1e-05,5e-06,2e-06,0.130394,False,0,22.7469
43,95,125,1e-05,3e-06,1e-06,0.130372,False,0,22.7481
43,96,125,2.9e-05,7e-06,3e-06,0.130422,False,0,22.746
43,97,125,4.8e-05,1.2e-05,5e-06,0.130416,False,0,22.7454
43,98,125,7.6e-05,1.9e-05,8e-06,0.130443,False,0,22.7449
43,99,125,5.7e-05,1.4e-05,7e-06,0.130449,False,0,22.7453
43,100,125,4.8e-05,1.2e-05,5e-06,0.130464,False,0,22.7457
43,101,125,4e-06,1e-06,1e-06,0.130498,False,0,22.7471
43,102,125,7e-06,2e-06,1e-06,0.130543,False,0,22.7483
43,103,125,6e-06,1e-06,1e-06,0.130619,False,0,22.747
43,104,125,9e-06,2e-06,1e-06,0.130662,False,0,22.7479
43,105,125,6e-06,1e-06,1e-06,0.130741,False,0,22.7478
43,106,125,3.5e-05,9e-06,4e-06,0.13088,False,0,22.7496
43,107,124,6e-06,1e-06,1e-06,0.131033,False,0,22.7483
43,108,123,1.3e-05,3e-06,2e-06,0.131128,False,0,22.7488
43,109,122,3.1e-05,8e-06,3e-06,0.131204,False,0,22.7463
43,110,121,5e-06,1e-06,0.0,0.131299,False,0,22.7474
43,111,120,2.1e-05,5e-06,2e-06,0.13144,False,0,22.7471
43,112,119,6e-05,1.5e-05,6e-06,0.131485,False,0,22.746
43,113,118,1.7e-05,4e-06,2e-06,0.131573,False,0,22.749
43,114,117,1.2e-05,3e-06,1e-06,0.1316,False,0,22.7488
43,115,116,1.9e-05,5e-06,2e-06,0.131653,False,0,22.7489
43,116,115,4e-06,1e-06,0.0,0.1317,False,0,22.7483
43,117,114,2.9e-05,7e-06,4e-06,0.131798,False,0,22.7489
43,118,113,9e-06,2e-06,1e-06,0.131938,False,0,22.7485
43,119,112,8e-06,2e-06,1e-06,0.132072,False,0,22.7485
43,120,111,1.7e-05,4e-06,2e-06,0.132186,False,0,22.7464
43,121,110,3e-06,1e-06,1e-06,0.132301,False,0,22.7478
43,122,109,9e-06,2e-06,1e-06,0.132423,False,0,22.7485
43,123,108,2e-05,5e-06,2e-06,0.132552,False,0,22.749
43,124,107,6e-06,2e-06,1e-06,0.132663,False,0,22.7482
43,125,106,1.7e-05,4e-06,2e-06,0.132729,False,0,22.7484
43,126,105,1.7e-05,4e-06,2e-06,0.132781,False,0,22.7487
43,127,104,4.1e-05,1.1e-05,5e-06,0.132879,False,0,22.7496
43,128,103,1.8e-05,5e-06,2e-06,0.133012,False,0,22.749
43,129,102,5.5e-05,1.4e-05,7e-06,0.133116,False,0,22.7499
43,130,101,4e-05,1e-05,5e-06,0.133245,False,0,22.7496
43,131,100,8.8e-05,2.2e-05,9e-06,0.133326,False,0,22.7507
43,132,99,4.5e-05,1.1e-05,6e-06,0.133488,False,0,22.7495
43,133,98,3.6e-05,9e-06,5e-06,0.133598,False,0,22.7494
43,134,97,1.5e-05,4e-06,2e-06,0.133741,False,0,22.7489
43,135,96,1.6e-05,4e-06,2e-06,0.13389,False,0,22.7484
43,136,95,1.2e-05,3e-06,1e-06,0.134027,False,0,22.7487
43,137,94,2.7e-05,7e-06,4e-06,0.134169,False,0,22.7488
43,138,93,3.1e-05,8e-06,4e-06,0.13433,False,0,22.7495
43,139,92,8.1e-05,2e-05,9e-06,0.134488,False,0,22.7506
43,140,91,3.3e-05,8e-06,4e-06,0.134642,False,0,22.7495
43,141,90,5.7e-05,1.4e-05,7e-06,0.13481,False,0,22.7502
43,142,89,2e-06,1e-06,0.0,0.134931,False,0,22.7477
43,143,88,3.8e-05,1e-05,5e-06,0.135063,False,0,22.7489
43,144,87,3.9e-05,1e-05,5e-06,0.135212,False,0,22.7497
43,145,86,5.2e-05,1.3e-05,6e-06,0.135339,False,0,22.75
43,146,85,4e-05,1e-05,5e-06,0.135445,False,0,22.7496
43,147,84,3.1e-05,8e-06,4e-06,0.135574,False,0,22.749
43,148,83,1.8e-05,4e-06,2e-06,0.135741,False,0,22.749
43,149,82,4.9e-05,1.2e-05,6e-06,0.135939,False,0,22.7499
43,150,81,6.3e-05,1.6e-05,8e-06,0.13615,False,0,22.7503
43,151,80,8.5e-05,2.1e-05,1e-05,0.136354,False,0,22.7507
43,152,79,7.1e-05,1.8e-05,9e-06,0.136533,False,0,22.7501
43,153,78,8.9e-05,2.2e-05,1e-05,0.136707,False,0,22.7508
43,154,77,4.3e-05,1.1e-05,5e-06,0.136829,False,0,22.7498
43,155,76,3.1e-05,8e-06,3e-06,0.136974,False,0,22.7494
43,156,75,8.6e-05,2.2e-05,1.1e-05,0.137109,False,0,22.7504
43,157,74,0.000113,2.8e-05,1.3e-05,0.137258,False,0,22.7512
43,158,73,0.000102,2.6e-05,1.3e-05,0.13738,False,0,22.7504
43,159,72,5.3e-05,1.3e-05,6e-06,0.137539,False,0,22.7501
43,160,71,8.4e-05,2.1e-05,1e-05,0.137705,False,0,22.7507
43,161,70,0.000137,3.4e-05,1.7e-05,0.137876,False,0,22.7513
43,162,69,0.000252,6.3e-05,3e-05,0.138081,False,0,22.7529
43,163,68,0.000169,4.2e-05,1.9e-05,0.138279,False,0,22.752
43,164,67,0.000131,3.3e-05,1.5e-05,0.138506,False,0,22.7515
43,165,66,8.4e-05,2.1e-05,1e-05,0.138707,False,0,22.7506
43,166,65,0.000121,3e-05,1.5e-05,0.138917,False,0,22.7511
43,167,64,0.000125,3.1e-05,1.4e-05,0.139151,False,0,22.7513
43,168,63,0.000124,3.1e-05,1.5e-05,0.139336,False,0,22.7514
43,169,62,0.000254,6.4e-05,3.2e-05,0.139567,False,0,22.7527
43,170,61,0.000266,6.7e-05,3.2e-05,0.139847,False,0,22.753
43,171,60,0.000249,6.2e-05,2.8e-05,0.140131,False,0,22.7529
43,172,59,0.00012,3e-05,1.5e-05,0.140401,False,0,22.7512
44,52,111,2.6e-05,6e-06,3e-06,0.146291,True,0,22.7461
44,53,110,7e-06,2e-06,1e-06,0.144624,False,0,22.7473
44,54,109,8e-06,2e-06,1e-06,0.143245,False,0,22.747
45,52,125,3.1e-05,8e-06,3e-06,0.147606,True,0,22.7477
45,53,125,6e-06,1e-06,1e-06,0.145926,True,0,22.7473
45,54,125,4e-05,1e-05,4e-06,0.144531,False,0,22.7494
45,55,125,5.3e-05,1.3e-05,5e-06,0.1433,False,0,22.7498
45,56,125,5e-06,1e-06,1e-06,0.142296,False,0,22.7474
45,57,125,2.8e-05,7e-06,3e-06,0.141395,False,0,22.7482
45,58,125,9e-06,2e-06,1e-06,0.140593,False,0,22.7484
45,59,125,4.2e-05,1e-05,4e-06,0.139797,False,0,22.7496
45,60,125,2.4e-05,6e-06,2e-06,0.139082,False,0,22.7485
45,61,125,3e-06,1e-06,0.0,0.138428,False,0,22.7473
45,62,125,2.3e-05,6e-06,3e-06,0.137843,False,0,22.7462
45,63,125,5e-06,1e-06,0.0,0.13726,False,0,22.7475
45,64,125,1.3e-05,3e-06,1e-06,0.136741,False,0,22.7485
45,65,125,3.9e-05,1e-05,4e-06,0.136234,False,0,22.7496
45,66,125,8.2e-05,2.1e-05,9e-06,0.135832,False,0,22.7507
45,67,125,6.2e-05,1.5e-05,6e-06,0.135483,False,0,22.75
45,68,125,2.8e-05,7e-06,3e-06,0.1352,False,0,22.7492
45,69,125,8e-06,2e-06,1e-06,0.134892,False,0,22.7482
45,70,125,4e-06,1e-06,0.0,0.134607,False,0,22.7472
45,71,125,4e-06,1e-06,0.0,0.134368,False,0,22.7476
45,72,125,8e-06,2e-06,1e-06,0.13415,False,0,22.7468
45,73,125,5e-05,1.3e-05,4e-06,0.13393,False,0,22.7482
45,74,125,4.3e-05,1.1e-05,4e-06,0.13372,False,0,22.7473
45,75,125,5.9e-05,1.5e-05,5e-06,0.133536,False,0,22.7494
45,76,125,5e-06,1e-06,1e-06,0.133354,False,0,22.7484
45,77,125,3.2e-05,8e-06,3e-06,0.133227,False,0,22.7494
45,78,125,9e-06,2e-06,1e-06,0.133092,False,0,22.7486
45,79,125,2.6e-05,6e-06,3e-06,0.132935,False,0,22.7491
45,80,125,1.6e-05,4e-06,1e-06,0.132721,False,0,22.7488
45,81,125,9.5e-05,2.4e-05,9e-06,0.132595,False,0,22.7505
45,82,125,7e-06,2e-06,1e-06,0.132547,False,0,22.7477
45,83,125,1.8e-05,5e-06,1e-06,0.132508,False,0,22.7483
45,84,125,1e-06,0.0,0.0,0.132434,False,0,22.7477
45,85,125,1.3e-05,3e-06,1e-06,0.132378,False,0,22.7486
45,86,125,1.8e-05,5e-06,2e-06,0.132304,False,0,22.7489
45,87,125,5.7e-05,1.4e-05,5e-06,0.13227,False,0,22.7497
45,88,125,2.6e-05,6e-06,3e-06,0.132246,False,0,22.7493
45,89,125,1.2e-05,3e-06,1e-06,0.13224,False,0,22.7486
45,90,125,2.1e-05,5e-06,3e-06,0.132208,False,0,22.7489
45,91,125,1.9e-05,5e-06,2e-06,0.132219,False,0,22.7489
45,92,125,2.5e-05,6e-06,2e-06,0.132188,False,0,22.7481
45,93,125,1.3e-05,3e-06,2e-06,0.132168,False,0,22.7487
45,94,125,2.7e-05,7e-06,3e-06,0.132254,False,0,22.7494
45,95,125,3.2e-05,8e-06,4e-06,0.132335,False,0,22.7495
45,96,125,4.8e-05,1.2e-05,6e-06,0.132327,False,0,22.7499
45,97,125,2e-05,5e-06,2e-06,0.132306,False,0,22.7491
45,98,125,2.3e-05,6e-06,3e-06,0.132358,False,0,22.7493
45,99,125,7e-06,2e-06,1e-06,0.132418,False,0,22.7485
45,100,125,8.1e-05,2e-05,9e-06,0.132471,False,0,22.7506
45,101,125,8.1e-05,2e-05,9e-06,0.132493,False,0,22.7506
45,102,125,8.1e-05,2e-05,9e-06,0.132499,False,0,22.7506
45,103,125,0.000112,2.8e-05,1.1e-05,0.132619,False,0,22.7508
45,104,125,2.3e-05,6e-06,3e-06,0.132674,False,0,22.7492
45,105,125,3.5e-05,9e-06,4e-06,0.132696,False,0,22.7496
45,106,125,3.1e-05,7e-06,3e-06,0.132704,False,0,22.7494
45,107,125,4.4e-05,1.1e-05,5e-06,0.132708,False,0,22.7499
45,108,125,7.6e-05,1.9e-05,8e-06,0.132762,False,0,22.7505
45,109,125,6.3e-05,1.6e-05,7e-06,0.132838,False,0,22.7503
45,110,125,7.4e-05,1.9e-05,8e-06,0.132951,False,0,22.7504
45,111,125,7.1e-05,1.8e-05,7e-06,0.133052,False,0,22.7501
45,112,125,3.9e-05,1e-05,5e-06,0.133192,False,0,22.7493
45,113,125,4.4e-05,1.1e-05,4e-06,0.133331,False,0,22.7493
45,114,125,4.8e-05,1.2e-05,6e-06,0.133497,False,0,22.7494
45,115,125,2.8e-05,7e-06,3e-06,0.133608,False,0,22.7494
45,116,125,3.1e-05,8e-06,3e-06,0.133682,False,0,22.7495
45,117,125,2.9e-05,7e-06,3e-06,0.133773,False,0,22.7494
45,118,125,3.9e-05,1e-05,5e-06,0.133914,False,0,22.7497
45,119,125,5.3e-05,1.3e-05,6e-06,0.134088,False,0,22.75
45,120,125,3.3e-05,8e-06,4e-06,0.134242,False,0,22.7494
45,121,125,4.7e-05,1.2e-05,5e-06,0.13433,False,0,22.7499
45,122,125,8.5e-05,2.1e-05,9e-06,0.134489,False,0,22.7505
45,123,125,7.7e-05,1.9e-05,1e-05,0.134639,False,0,22.7504
45,124,125,0.000172,4.3e-05,2.1e-05,0.134765,False,0,22.7519
45,125,125,0.000183,4.6e-05,2e-05,0.134851,False,0,22.7521
45,126,125,0.000116,2.9e-05,1.4e-05,0.134976,False,0,22.7512
45,127,125,9.6e-05,2.4e-05,1.1e-05,0.135069,False,0,22.7509
45,128,125,0.000108,2.7e-05,1.2e-05,0.135291,False,0,22.7511
45,129,125,0.000125,3.1e-05,1.4e-05,0.13552,False,0,22.7513
45,130,125,7.1e-05,1.8e-05,9e-06,0.135755,False,0,22.7504
45,131,125,0.000108,2.7e-05,1.2e-05,0.13586,False,0,22.7511
45,132,125,3.8e-05,9e-06,4e-06,0.135938,False,0,22.7496
45,133,125,7.2e-05,1.8e-05,8e-06,0.136075,False,0,22.7505
45,134,125,0.000127,3.2e-05,1.6e-05,0.136201,False,0,22.7513
45,135,125,0.000202,5.1e-05,2.2e-05,0.136384,False,0,22.7523
45,136,125,0.00018,4.5e-05,2.1e-05,0.136572,False,0,22.7521
45,137,125,0.000121,3e-05,1.4e-05,0.136758,False,0,22.7513
45,138,125,0.000124,3.1e-05,1.4e-05,0.136938,False,0,22.7514
45,139,125,4.3e-05,1.1e-05,5e-06,0.137118,False,0,22.7498
45,140,125,2.9e-05,7e-06,3e-06,0.137273,False,0,22.7494
45,141,125,6.4e-05,1.6e-05,8e-06,0.137395,False,0,22.7498
45,142,124,4.9e-05,1.2e-05,5e-06,0.137558,False,0,22.7499
45,143,123,3.7e-05,9e-06,5e-06,0.13772,False,0,22.7494
45,144,122,8.1e-05,2e-05,9e-06,0.137917,False,0,22.7506
45,145,121,0.000118,3e-05,1.3e-05,0.138084,False,0,22.7512
45,146,120,0.000184,4.6e-05,2.3e-05,0.13827,False,0,22.7516
45,147,119,0.000153,3.8e-05,1.8e-05,0.138468,False,0,22.7518
45,148,118,0.000136,3.4e-05,1.6e-05,0.138657,False,0,22.7515
45,149,117,0.000194,4.9e-05,2.2e-05,0.138914,False,0,22.7523
45,150,116,0.000193,4.8e-05,2.1e-05,0.139229,False,0,22.7522
45,151,115,0.000257,6.4e-05,2.7e-05,0.139521,False,0,22.7528
45,152,114,0.000202,5.1e-05,2.6e-05,0.139795,False,0,22.7517
46,52,125,1e-06,0.0,0.0,0.146513,True,0,22.7475
46,53,125,1.1e-05,3e-06,1e-06,0.144791,False,0,22.7478
46,54,125,1.4e-05,3e-06,2e-06,0.143329,False,0,22.7466
46,55,125,2.3e-05,6e-06,2e-06,0.142,False,0,22.7471
46,56,125,3e-06,1e-06,0.0,0.140978,False,0,22.7476
46,57,125,2.2e-05,5e-06,3e-06,0.140053,False,0,22.7463
46,58,125,3e-06,1e-06,0.0,0.13927,False,0,22.7475
46,59,125,3e-05,7e-06,3e-06,0.138532,False,0,22.748
46,60,125,7e-06,2e-06,1e-06,0.13782,False,0,22.7482
46,61,125,2e-06,0.0,0.0,0.137195,False,0,22.7479
46,62,125,3.9e-05,1e-05,5e-06,0.136657,False,0,22.7466
46,63,125,3.5e-05,8e-06,4e-06,0.136182,False,0,22.746
46,64,125,3.1e-05,8e-06,4e-06,0.135754,False,0,22.7459
46,65,125,1.1e-05,3e-06,1e-06,0.135278,False,0,22.7471
46,66,125,2.8e-05,7e-06,3e-06,0.134865,False,0,22.7468
46,67,125,1.4e-05,4e-06,2e-06,0.134497,False,0,22.7481
46,68,125,3.4e-05,9e-06,3e-06,0.134155,False,0,22.749
46,69,124,3e-06,1e-06,0.0,0.133848,False,0,22.7477
46,70,123,2.6e-05,6e-06,3e-06,0.133525,False,0,22.7471
46,71,122,2.5e-05,6e-06,3e-06,0.133266,False,0,22.7467
46,72,121,2.5e-05,6e-06,3e-06,0.133032,False,0,22.746
46,73,120,1.4e-05,3e-06,1e-06,0.132851,False,0,22.7475
46,74,119,7e-06,2e-06,1e-06,0.13268,False,0,22.7469
46,75,118,3e-06,1e-06,0.0,0.132511,False,0,22.7473
46,76,117,3.5e-05,9e-06,3e-06,0.132346,False,0,22.7474
46,77,116,7e-06,2e-06,1e-06,0.13225,False,0,22.7479
46,78,115,3.3e-05,9e-06,4e-06,0.132208,False,0,22.7496
46,79,114,4.6e-05,1.1e-05,5e-06,0.13215,False,0,22.7498
46,80,113,5.7e-05,1.4e-05,7e-06,0.132053,False,0,22.75
46,81,112,4.5e-05,1.1e-05,4e-06,0.131952,False,0,22.7494
46,82,111,1.9e-05,5e-06,2e-06,0.131867,False,0,22.749
46,83,110,1.8e-05,5e-06,2e-06,0.131805,False,0,22.747
46,84,109,1e-06,0.0,0.0,0.131723,False,0,22.7475
46,85,108,6e-06,2e-06,1e-06,0.13168,False,0,22.7472
46,86,107,2e-06,0.0,0.0,0.131654,False,0,22.7479
46,87,106,2.1e-05,5e-06,2e-06,0.131679,False,0,22.7489
46,88,105,3.5e-05,8e-06,3e-06,0.13168,False,0,22.7482
46,89,104,2.5e-05,6e-06,3e-06,0.131659,False,0,22.749
46,90,103,4.1e-05,1e-05,4e-06,0.131614,False,0,22.7492
46,91,102,1e-05,2e-06,1e-06,0.13155,False,0,22.7482
46,92,101,2e-06,0.0,0.0,0.131515,False,0,22.748
46,93,100,1.8e-05,4e-06,2e-06,0.131506,False,0,22.749
46,94,99,6.7e-05,1.7e-05,8e-06,0.131494,False,0,22.7503
46,95,98,8e-05,2e-05,9e-06,0.131534,False,0,22.7506
46,96,97,6.4e-05,1.6e-05,6e-06,0.131533,False,0,22.7499
46,97,96,4.9e-05,1.2e-05,6e-06,0.13162,False,0,22.7499
46,98,95,2.9e-05,7e-06,3e-06,0.131674,False,0,22.7491
46,99,94,4e-05,1e-05,3e-06,0.131758,False,0,22.7486
46,100,93,4e-06,1e-06,0.0,0.13185,False,0,22.7482
46,101,92,2.2e-05,5e-06,3e-06,0.131874,False,0,22.7492
46,102,91,8.2e-05,2.1e-05,8e-06,0.131884,False,0,22.7504
46,103,90,4.3e-05,1.1e-05,5e-06,0.131927,False,0,22.7498
46,104,89,3.9e-05,1e-05,5e-06,0.13203,False,0,22.7497
46,105,88,1.5e-05,4e-06,1e-06,0.132102,False,0,22.7485
46,106,87,1.4e-05,4e-06,2e-06,0.132143,False,0,22.7489
46,107,86,4.3e-05,1.1e-05,4e-06,0.132163,False,0,22.7492
46,108,85,8.1e-05,2e-05,9e-06,0.13223,False,0,22.7506
46,109,84,0.000101,2.5e-05,1e-05,0.132324,False,0,22.7508
46,110,83,6.8e-05,1.7e-05,7e-06,0.132381,False,0,22.7502
46,111,82,9.5e-05,2.4e-05,1.1e-05,0.132431,False,0,22.7509
46,112,81,0.000144,3.6e-05,1.6e-05,0.132496,False,0,22.7516
46,113,80,0.000127,3.2e-05,1.3e-05,0.132599,False,0,22.7511
46,114,79,0.000121,3e-05,1.3e-05,0.132764,False,0,22.7511
46,115,78,5.9e-05,1.5e-05,7e-06,0.132965,False,0,22.7502
46,116,77,8.4e-05,2.1e-05,8e-06,0.133183,False,0,22.7504
46,117,76,2e-05,5e-06,2e-06,0.133299,False,0,22.7491
46,118,75,4.3e-05,1.1e-05,4e-06,0.133405,False,0,22.7497
46,119,74,0.000125,3.1e-05,1.5e-05,0.133565,False,0,22.7514
46,120,73,0.000193,4.8e-05,2e-05,0.133756,False,0,22.7521
46,121,72,0.000142,3.5e-05,1.7e-05,0.133948,False,0,22.7516
46,122,71,7.5e-05,1.9e-05,8e-06,0.134101,False,0,22.7505
46,123,70,0.000173,4.3e-05,1.9e-05,0.134256,False,0,22.752
46,124,69,0.000185,4.6e-05,1.9e-05,0.13443,False,0,22.752
46,125,68,0.00015,3.7e-05,1.8e-05,0.134678,False,0,22.7517
46,126,67,0.000223,5.6e-05,2.2e-05,0.13492,False,0,22.7521
46,127,66,0.000128,3.2e-05,1.3e-05,0.135116,False,0,22.7511
46,128,65,0.000141,3.5e-05,1.7e-05,0.135275,False,0,22.7516
46,129,64,0.000171,4.3e-05,1.8e-05,0.135446,False,0,22.7518
46,130,63,0.000193,4.8e-05,2e-05,0.135634,False,0,22.752
46,131,62,0.000158,3.9e-05,1.8e-05,0.135835,False,0,22.7518
46,132,61,0.000298,7.5e-05,3.3e-05,0.136053,False,0,22.7533
46,133,60,0.000327,8.2e-05,3.6e-05,0.136362,False,0,22.7536
46,134,59,0.000405,0.000101,4.5e-05,0.136632,False,0,22.7543
46,135,58,0.000387,9.7e-05,4.2e-05,0.136914,False,0,22.7541
46,136,57,0.00034,8.5e-05,4.1e-05,0.137141,False,0,22.7537
46,137,56,0.000386,9.7e-05,4.3e-05,0.137343,False,0,22.7541
46,138,55,0.000405,0.000102,4.4e-05,0.137599,False,0,22.7542
46,139,54,0.000326,8.2e-05,3.5e-05,0.137804,False,0,22.7535
46,140,53,0.000291,7.3e-05,3.2e-05,0.138056,False,0,22.7533
46,141,52,0.000266,6.7e-05,3e-05,0.138323,False,0,22.753
46,142,51,0.000259,6.5e-05,2.9e-05,0.138666,False,0,22.753
46,143,50,0.000228,5.7e-05,2.5e-05,0.138929,False,0,22.7526
46,144,49,0.000257,6.5e-05,2.8e-05,0.139176,False,0,22.7529
46,145,48,0.000432,0.000108,4.9e-05,0.139454,False,0,22.7546
46,146,47,0.00039,9.8e-05,4.2e-05,0.139797,False,0,22.754
47,52,125,2.4e-05,6e-06,3e-06,0.152204,True,0,22.7461
47,53,125,1.3e-05,3e-06,1e-06,0.150435,True,0,22.747
47,54,125,4.3e-05,1.1e-05,4e-06,0.148996,True,0,22.7467
47,55,125,1.2e-05,3e-06,1e-06,0.147656,True,0,22.7472
47,56,125,3.8e-05,9e-06,4e-06,0.146432,True,0,22.7457
47,57,125,1.5e-05,4e-06,2e-06,0.145364,False,0,22.7465
47,58,125,8e-06,2e-06,1e-06,0.144503,False,0,22.7472
47,59,125,3.6e-05,9e-06,4e-06,0.143757,False,0,22.7481
47,60,125,8e-06,2e-06,1e-06,0.143034,False,0,22.7483
47,61,125,1.4e-05,4e-06,2e-06,0.142352,False,0,22.7478
47,62,125,2e-06,1e-06,0.0,0.141788,False,0,22.7479
47,63,125,1.3e-05,3e-06,2e-06,0.14131,False,0,22.7486
47,64,125,1.5e-05,4e-06,2e-06,0.14085,False,0,22.7468
47,65,125,1.8e-05,4e-06,2e-06,0.140431,False,0,22.749
47,66,125,6e-06,2e-06,1e-06,0.140039,False,0,22.748
47,67,125,8e-06,2e-06,1e-06,0.139764,False,0,22.7485
47,68,125,1.1e-05,3e-06,1e-06,0.139461,False,0,22.748
47,69,125,1e-05,2e-06,1e-06,0.139172,False,0,22.7484
47,70,125,2e-06,0.0,0.0,0.138875,False,0,22.7475
47,71,125,4e-06,1e-06,1e-06,0.138633,False,0,22.7476
47,72,125,5e-06,1e-06,1e-06,0.138413,False,0,22.7472
47,73,125,5e-06,1e-06,1e-06,0.138144,False,0,22.747
48,52,118,4.8e-05,1.2e-05,6e-06,0.14607,True,0,22.7454
48,53,117,6.6e-05,1.6e-05,8e-06,0.144399,False,0,22.745
48,54,116,0.000103,2.6e-05,1.3e-05,0.142969,False,0,22.7443
48,55,115,8.2e-05,2e-05,9e-06,0.141718,False,0,22.7447
48,56,114,5.5e-05,1.4e-05,7e-06,0.140614,False,0,22.7453
48,57,113,1.2e-05,3e-06,1e-06,0.139625,False,0,22.7467
48,58,112,1e-05,3e-06,1e-06,0.138699,False,0,22.7468
48,59,111,1.2e-05,3e-06,1e-06,0.137909,False,0,22.7478
48,60,110,4.1e-05,1e-05,5e-06,0.137237,False,0,22.7456
48,61,109,9e-06,3e-06,1e-06,0.13668,False,0,22.747
48,62,108,3.4e-05,9e-06,4e-06,0.136101,False,0,22.7457
48,63,107,7e-06,1e-06,1e-06,0.135561,False,0,22.7469
48,64,106,4e-05,1e-05,5e-06,0.135094,False,0,22.7463
48,65,105,2.8e-05,7e-06,3e-06,0.134708,False,0,22.7461
48,66,104,5e-06,1e-06,1e-06,0.134342,False,0,22.7471
48,67,103,1.4e-05,3e-06,1e-06,0.133949,False,0,22.7466
48,68,102,7e-06,2e-06,1e-06,0.133547,False,0,22.747
48,69,101,3.3e-05,8e-06,3e-06,0.133237,False,0,22.7481
48,70,100,6e-06,1e-06,1e-06,0.132926,False,0,22.7469
48,71,99,2e-06,0.0,0.0,0.132677,False,0,22.7474
48,72,98,2e-06,0.0,0.0,0.132436,False,0,22.7473
48,73,97,9e-06,2e-06,1e-06,0.132227,False,0,22.7475
48,74,96,4e-06,1e-06,0.0,0.131999,False,0,22.7482
48,75,95,7e-06,2e-06,1e-06,0.131831,False,0,22.7478
48,76,94,4e-06,1e-06,0.0,0.131694,False,0,22.748
48,77,93,8e-06,2e-06,1e-06,0.131574,False,0,22.7471
48,78,92,3e-06,1e-06,0.0,0.131475,False,0,22.7482
49,52,125,0.000153,3.8e-05,1.9e-05,0.150309,True,0,22.7439
49,53,125,1e-04,2.5e-05,1.2e-05,0.148638,True,0,22.7445
49,54,125,0.000147,3.7e-05,1.8e-05,0.147179,True,0,22.7438
49,55,125,0.00017,4.3e-05,2e-05,0.145862,True,0,22.7434
49,56,125,0.000152,3.8e-05,1.8e-05,0.144718,False,0,22.7436
49,57,125,0.000157,3.9e-05,1.9e-05,0.143639,False,0,22.7437
49,58,125,0.000251,6.3e-05,2.9e-05,0.142744,False,0,22.7424
49,59,125,0.000148,3.7e-05,1.8e-05,0.141905,False,0,22.7438
49,60,125,0.000237,5.9e-05,2.8e-05,0.141182,False,0,22.7426
49,61,125,0.000313,7.8e-05,3.7e-05,0.140515,False,0,22.7418
49,62,125,0.000461,0.000116,5.3e-05,0.13987,False,0,22.7405
49,63,125,0.000527,0.000132,6.2e-05,0.139366,False,0,22.7401
49,64,125,0.000371,9.3e-05,4.3e-05,0.138931,False,0,22.7413
49,65,125,0.000174,4.4e-05,2.1e-05,0.138505,False,0,22.7433
49,66,125,0.000149,3.7e-05,1.8e-05,0.138092,False,0,22.7437
49,67,125,0.000107,2.7e-05,1.3e-05,0.137641,False,0,22.7446
49,68,125,0.000109,2.7e-05,1.3e-05,0.1373,False,0,22.7443
49,69,125,5.8e-05,1.5e-05,7e-06,0.136974,False,0,22.7452
49,70,125,7.6e-05,1.9e-05,1e-05,0.136698,False,0,22.745
49,71,125,8.3e-05,2.1e-05,1e-05,0.136424,False,0,22.7451
49,72,125,0.00014,3.5e-05,1.6e-05,0.136143,False,0,22.7437
49,73,125,7.8e-05,2e-05,9e-06,0.13588,False,0,22.7448
49,74,125,0.00017,4.2e-05,2e-05,0.135662,False,0,22.7433
49,75,125,0.000139,3.5e-05,1.6e-05,0.13538,False,0,22.7438
49,76,125,0.000188,4.7e-05,2.3e-05,0.135143,False,0,22.7432
49,77,125,0.000164,4.1e-05,2e-05,0.134907,False,0,22.7435
49,78,125,0.000195,4.9e-05,2.4e-05,0.134775,False,0,22.7431
49,79,125,0.000202,5.1e-05,2.2e-05,0.134681,False,0,22.7431
49,80,125,0.000163,4.1e-05,2e-05,0.134574,False,0,22.7439
49,81,125,0.000229,5.7e-05,2.7e-05,0.134421,False,0,22.7426
49,82,125,0.000171,4.3e-05,1.9e-05,0.134272,False,0,22.7433
49,83,125,0.000258,6.5e-05,3.2e-05,0.134184,False,0,22.7427
49,84,125,0.000268,6.7e-05,2.8e-05,0.134122,False,0,22.7425
49,85,125,0.000243,6.1e-05,2.9e-05,0.134079,False,0,22.7426
49,86,125,0.00028,7e-05,3.3e-05,0.134012,False,0,22.7421
49,87,125,0.000217,5.4e-05,2.5e-05,0.133966,False,0,22.7428
49,88,125,0.00011,2.7e-05,1.3e-05,0.133861,False,0,22.7442
49,89,125,6.8e-05,1.7e-05,8e-06,0.133757,False,0,22.745
49,90,125,6.4e-05,1.6e-05,7e-06,0.133649,False,0,22.745
49,91,125,0.000119,3e-05,1.4e-05,0.133605,False,0,22.7441
49,92,125,7.9e-05,2e-05,9e-06,0.133554,False,0,22.7447
49,93,125,6.1e-05,1.5e-05,7e-06,0.133528,False,0,22.7451
49,94,125,9.3e-05,2.3e-05,1.2e-05,0.133508,False,0,22.7447
49,95,125,7.3e-05,1.8e-05,8e-06,0.133514,False,0,22.7448
49,96,125,0.000113,2.8e-05,1.4e-05,0.133539,False,0,22.7441
49,97,125,0.000104,2.6e-05,1.2e-05,0.133547,False,0,22.7443
49,98,125,0.00016,4e-05,1.9e-05,0.133534,False,0,22.7435
49,99,125,6.5e-05,1.6e-05,8e-06,0.133512,False,0,22.745
49,100,125,2.1e-05,5e-06,3e-06,0.133469,False,0,22.7462
49,101,125,2.2e-05,6e-06,2e-06,0.133488,False,0,22.7461
49,102,125,1.8e-05,5e-06,2e-06,0.133499,False,0,22.7463
49,103,125,9e-05,2.3e-05,1.1e-05,0.133508,False,0,22.7445
49,104,125,5.7e-05,1.4e-05,6e-06,0.133508,False,0,22.7452
49,105,125,9e-05,2.2e-05,1.1e-05,0.133586,False,0,22.7445
49,106,125,8.2e-05,2e-05,9e-06,0.133659,False,0,22.7447
49,107,125,9.4e-05,2.4e-05,1.1e-05,0.133742,False,0,22.7444
49,108,125,9.8e-05,2.4e-05,1.1e-05,0.133773,False,0,22.7444
49,109,125,9.4e-05,2.4e-05,1.1e-05,0.133789,False,0,22.7444
49,110,125,4.3e-05,1.1e-05,5e-06,0.133788,False,0,22.7457
49,111,125,0.000114,2.8e-05,1.2e-05,0.133837,False,0,22.7442
49,112,125,4.1e-05,1e-05,4e-06,0.133905,False,0,22.7457
49,113,125,8e-05,2e-05,1e-05,0.133968,False,0,22.7449
49,114,125,6.6e-05,1.7e-05,7e-06,0.13398,False,0,22.745
49,115,125,8.5e-05,2.1e-05,9e-06,0.134006,False,0,22.7448
49,116,125,8.6e-05,2.1e-05,1.1e-05,0.13413,False,0,22.7447
49,117,125,7.6e-05,1.9e-05,8e-06,0.134214,False,0,22.745
49,118,125,9e-05,2.3e-05,1.1e-05,0.134301,False,0,22.7447
49,119,125,5.5e-05,1.4e-05,6e-06,0.134309,False,0,22.7452
49,120,125,6.4e-05,1.6e-05,8e-06,0.134341,False,0,22.7451
49,121,125,2.1e-05,5e-06,2e-06,0.134334,False,0,22.7467
49,122,125,1.1e-05,3e-06,1e-06,0.134399,False,0,22.7487
49,123,125,2e-06,0.0,0.0,0.134508,False,0,22.7479
49,124,125,4e-06,1e-06,0.0,0.134572,False,0,22.7482
49,125,125,6e-06,1e-06,1e-06,0.134634,False,0,22.747
49,126,125,1.6e-05,4e-06,2e-06,0.134702,False,0,22.7463
49,127,125,4.6e-05,1.1e-05,5e-06,0.134768,False,0,22.7454
49,128,125,0.00011,2.7e-05,1.3e-05,0.134838,False,0,22.7443
49,129,125,0.000152,3.8e-05,1.5e-05,0.134926,False,0,22.744
49,130,125,3.5e-05,9e-06,4e-06,0.135022,False,0,22.7457
49,131,125,2.3e-05,6e-06,2e-06,0.135082,False,0,22.7472
49,132,125,3e-06,1e-06,0.0,0.135134,False,0,22.7475
49,133,125,6e-06,2e-06,1e-06,0.135154,False,0,22.7469
49,134,125,5e-06,2e-06,1e-06,0.135171,False,0,22.7469
49,135,125,1.4e-05,4e-06,2e-06,0.135253,False,0,22.7465
49,136,125,2.5e-05,6e-06,2e-06,0.13538,False,0,22.7464
49,137,125,6.1e-05,1.5e-05,7e-06,0.135525,False,0,22.7451
49,138,125,2.6e-05,6e-06,3e-06,0.135672,False,0,22.7462
49,139,125,1.5e-05,4e-06,2e-06,0.135781,False,0,22.7465
49,140,125,7e-06,2e-06,1e-06,0.13588,False,0,22.7472
49,141,125,2e-06,0.0,0.0,0.135962,False,0,22.7479
49,142,125,1e-06,0.0,0.0,0.136028,False,0,22.7476
49,143,125,2e-06,0.0,0.0,0.136092,False,0,22.7476
49,144,125,2.1e-05,5e-06,2e-06,0.136175,False,0,22.7464
49,145,125,1e-05,3e-06,1e-06,0.136255,False,0,22.7486
49,146,125,4e-06,1e-06,0.0,0.13631,False,0,22.7483
49,147,125,1.2e-05,3e-06,1e-06,0.136374,False,0,22.7484
49,148,125,1.7e-05,4e-06,2e-06,0.136481,False,0,22.7478
49,149,125,1.8e-05,4e-06,2e-06,0.136579,False,0,22.7471
49,150,125,3e-06,1e-06,0.0,0.136614,False,0,22.7482
49,151,125,5e-06,1e-06,1e-06,0.136644,False,0,22.747
49,152,125,3e-06,1e-06,0.0,0.136698,False,0,22.748
49,153,125,3.6e-05,9e-06,4e-06,0.136822,False,0,22.7457
49,154,125,1.7e-05,4e-06,2e-06,0.136905,False,0,22.7468
49,155,125,6.9e-05,1.7e-05,7e-06,0.137055,False,0,22.745
49,156,125,2.1e-05,5e-06,2e-06,0.137169,False,0,22.7462
49,157,125,3.4e-05,9e-06,4e-06,0.137281,False,0,22.7458
49,158,125,1.1e-05,2e-06,1e-06,0.137369,False,0,22.7466
49,159,125,2.7e-05,7e-06,3e-06,0.137485,False,0,22.746
49,160,125,7.3e-05,1.8e-05,8e-06,0.13757,False,0,22.7451
49,161,125,1.6e-05,4e-06,2e-06,0.137601,False,0,22.7465
49,162,125,1e-05,2e-06,1e-06,0.137629,False,0,22.7471
49,163,125,1e-06,0.0,0.0,0.137707,False,0,22.7477
49,164,125,1.4e-05,4e-06,2e-06,0.137769,False,0,22.7481
49,165,125,1.2e-05,3e-06,1e-06,0.137835,False,0,22.7484
49,166,125,1.6e-05,4e-06,2e-06,0.137819,False,0,22.7485
49,167,125,1.9e-05,5e-06,2e-06,0.13784,False,0,22.749
49,168,125,7e-06,2e-06,1e-06,0.137845,False,0,22.7484
49,169,125,2e-06,0.0,0.0,0.137932,False,0,22.7478
49,170,125,2e-05,5e-06,2e-06,0.138046,False,0,22.7468
49,171,125,8e-06,2e-06,1e-06,0.138209,False,0,22.7468
49,172,125,3e-05,7e-06,3e-06,0.13831,False,0,22.7463
49,173,125,2.7e-05,7e-06,3e-06,0.138376,False,0,22.7465
49,174,125,2.3e-05,6e-06,3e-06,0.138456,False,0,22.7461
49,175,125,1.9e-05,5e-06,2e-06,0.138531,False,0,22.7472
49,176,125,3e-05,7e-06,4e-06,0.138628,False,0,22.746
49,177,125,2.1e-05,5e-06,2e-06,0.138756,False,0,22.7469
49,178,125,4.5e-05,1.1e-05,5e-06,0.138838,False,0,22.7456
49,179,125,3.7e-05,9e-06,4e-06,0.138924,False,0,22.7459
49,180,125,2.3e-05,6e-06,2e-06,0.139068,False,0,22.7464
49,181,125,6e-06,1e-06,1e-06,0.139195,False,0,22.7477
49,182,125,4.5e-05,1.1e-05,5e-06,0.139275,False,0,22.7498
49,183,125,5.9e-05,1.5e-05,7e-06,0.139349,False,0,22.7502
49,184,125,5.9e-05,1.4e-05,7e-06,0.139449,False,0,22.7502
49,185,125,5.8e-05,1.4e-05,7e-06,0.1395,False,0,22.75
49,186,125,4.1e-05,1.1e-05,5e-06,0.139536,False,0,22.7497
49,187,125,4.5e-05,1.1e-05,5e-06,0.1396,False,0,22.7499
49,188,125,3.5e-05,9e-06,4e-06,0.139699,False,0,22.7494
49,189,125,3.2e-05,8e-06,4e-06,0.139838,False,0,22.7495
49,190,125,4.1e-05,1e-05,5e-06,0.139945,False,0,22.7497
49,191,125,1.1e-05,3e-06,1e-06,0.140021,False,0,22.7487
49,192,125,3.6e-05,9e-06,4e-06,0.140122,False,0,22.7496
49,193,125,1.4e-05,3e-06,2e-06,0.140205,False,0,22.7487
49,194,125,3.7e-05,9e-06,4e-06,0.140322,False,0,22.7497
49,195,125,4.2e-05,1e-05,5e-06,0.140422,False,0,22.7498
49,196,125,1.7e-05,4e-06,2e-06,0.140548,False,0,22.749
49,197,125,2e-06,0.0,0.0,0.140631,False,0,22.7478
49,198,125,7e-06,2e-06,1e-06,0.140694,False,0,22.7468
49,199,125,4e-06,1e-06,0.0,0.14082,False,0,22.7476
49,200,124,2e-05,5e-06,3e-06,0.140947,False,0,22.7489
49,201,123,2.6e-05,7e-06,3e-06,0.141054,False,0,22.7491
49,202,122,2.4e-05,6e-06,3e-06,0.141139,False,0,22.7492
49,203,121,4.5e-05,1.1e-05,5e-06,0.141195,False,0,22.7499
49,204,120,4.3e-05,1.1e-05,5e-06,0.141234,False,0,22.7498
49,205,119,4.1e-05,1e-05,5e-06,0.141261,False,0,22.7495
49,206,118,8.2e-05,2e-05,1e-05,0.141295,False,0,22.7506
49,207,117,9.1e-05,2.3e-05,1.1e-05,0.141392,False,0,22.7508
49,208,116,0.000114,2.9e-05,1.4e-05,0.141497,False,0,22.7512
49,209,115,7.1e-05,1.8e-05,8e-06,0.141587,False,0,22.7505
49,210,114,2.1e-05,5e-06,3e-06,0.141711,False,0,22.7491
49,211,113,6.3e-05,1.6e-05,7e-06,0.141851,False,0,22.7503
49,212,112,7.5e-05,1.9e-05,9e-06,0.141965,False,0,22.7504
49,213,111,4.6e-05,1.2e-05,5e-06,0.14205,False,0,22.7499
49,214,110,6.7e-05,1.7e-05,8e-06,0.142152,False,0,22.7503
49,215,109,4.3e-05,1.1e-05,5e-06,0.142255,False,0,22.7497
49,216,108,7.3e-05,1.8e-05,8e-06,0.142389,False,0,22.7504
49,217,107,3.4e-05,9e-06,4e-06,0.142487,False,0,22.7485
49,218,106,4.7e-05,1.2e-05,6e-06,0.142609,False,0,22.7498
49,219,105,8.6e-05,2.1e-05,1e-05,0.142733,False,0,22.7507
49,220,104,7.1e-05,1.8e-05,8e-06,0.142864,False,0,22.7504
49,221,103,4.9e-05,1.2e-05,6e-06,0.142955,False,0,22.7496
49,222,102,1.9e-05,5e-06,2e-06,0.143057,False,0,22.7491
49,223,101,4.3e-05,1.1e-05,5e-06,0.143198,False,0,22.7488
49,224,100,2.6e-05,7e-06,3e-06,0.143346,False,0,22.7493
49,225,99,4.9e-05,1.2e-05,6e-06,0.143442,False,0,22.75
49,226,98,4.3e-05,1.1e-05,5e-06,0.143512,False,0,22.7497
49,227,97,0.000122,3e-05,1.6e-05,0.143593,False,0,22.7509
49,228,96,0.00015,3.7e-05,1.8e-05,0.143715,False,0,22.7517
49,229,95,0.000188,4.7e-05,2e-05,0.143886,False,0,22.7521
49,230,94,7.3e-05,1.8e-05,8e-06,0.14404,False,0,22.7504
49,231,93,0.000109,2.7e-05,1.3e-05,0.144246,False,0,22.75
49,232,92,0.000116,2.9e-05,1.2e-05,0.144411,False,0,22.7509
49,233,91,6.5e-05,1.7e-05,8e-06,0.144557,False,0,22.7503
49,234,90,8.1e-05,2e-05,9e-06,0.144697,False,0,22.7506
49,235,89,3e-05,7e-06,4e-06,0.144845,False,0,22.7492
49,236,88,7e-05,1.8e-05,9e-06,0.144996,False,0,22.75
49,237,87,2.2e-05,5e-06,3e-06,0.145142,False,0,22.7491
49,238,86,2.6e-05,6e-06,3e-06,0.145287,False,0,22.7493
49,239,85,3.8e-05,1e-05,5e-06,0.145456,False,0,22.7496
49,240,84,3.1e-05,8e-06,4e-06,0.145628,False,0,22.7493
49,241,83,5.5e-05,1.4e-05,6e-06,0.145815,False,0,22.75
49,242,82,5.5e-05,1.4e-05,7e-06,0.145974,True,0,22.7498
49,243,81,6.7e-05,1.7e-05,8e-06,0.146171,True,0,22.7503
49,244,80,8.3e-05,2.1e-05,1e-05,0.146378,True,0,22.7507
49,245,79,0.000109,2.7e-05,1.3e-05,0.14653,True,0,22.7511
49,246,78,0.00019,4.8e-05,2.4e-05,0.146685,True,0,22.752
49,247,77,0.000172,4.3e-05,1.9e-05,0.146848,True,0,22.752
49,248,76,0.000197,4.9e-05,2.4e-05,0.147121,True,0,22.7522
49,249,75,0.000204,5.1e-05,2.5e-05,0.147371,True,0,22.7523
49,250,74,0.000251,6.3e-05,3e-05,0.147624,True,0,22.7529
49,251,73,0.000193,4.8e-05,2.3e-05,0.147808,True,0,22.7522
49,252,72,0.000199,5e-05,2.5e-05,0.147998,True,0,22.7522
49,253,71,0.000186,4.7e-05,2.3e-05,0.148181,True,0,22.7521
49,254,70,0.000208,5.2e-05,2.4e-05,0.148414,True,0,22.7524
49,255,69,0.000183,4.6e-05,2.3e-05,0.148668,True,0,22.752
49,256,68,0.000184,4.6e-05,2.2e-05,0.148931,True,0,22.7522
49,257,67,0.000191,4.8e-05,2.3e-05,0.149148,True,0,22.7522
49,258,66,0.000175,4.4e-05,2.1e-05,0.149308,True,0,22.752
49,259,65,0.000207,5.2e-05,2.6e-05,0.149561,True,0,22.7521
49,260,64,0.000169,4.2e-05,1.9e-05,0.149842,True,0,22.752
49,261,63,0.000145,3.6e-05,1.8e-05,0.150123,True,0,22.7516
49,262,62,7.8e-05,2e-05,1e-05,0.150378,True,0,22.7505
49,263,61,0.000261,6.5e-05,3.3e-05,0.150729,True,0,22.7526
49,264,60,0.000206,5.2e-05,2.5e-05,0.151073,True,0,22.7524
49,265,59,0.000338,8.5e-05,4.1e-05,0.151427,True,0,22.7537
49,266,58,0.000211,5.3e-05,2.6e-05,0.15168,True,0,22.7523
49,267,57,0.000273,6.8e-05,3.2e-05,0.152045,True,0,22.7532
49,268,56,0.000229,5.7e-05,2.8e-05,0.152379,True,0,22.7526
49,269,55,0.000287,7.2e-05,3.5e-05,0.152746,True,0,22.7532
49,270,54,0.000479,0.00012,6e-05,0.153053,True,0,22.7545
49,271,53,0.000516,0.000129,5.9e-05,0.153397,True,0,22.7552
49,272,52,0.000357,8.9e-05,4.4e-05,0.15379,True,0,22.7537
49,273,51,0.000346,8.7e-05,4.3e-05,0.154154,True,0,22.7537
49,274,50,0.000169,4.2e-05,2e-05,0.154511,True,0,22.7519
49,275,49,0.000272,6.8e-05,3.3e-05,0.154891,True,0,22.7531
49,276,48,0.000317,7.9e-05,3.9e-05,0.155292,True,0,22.7534
49,277,47,0.000414,0.000104,4.9e-05,0.155662,True,0,22.7544
49,278,46,0.00034,8.5e-05,4.1e-05,0.156027,True,0,22.7536
49,279,45,0.00045,0.000113,5.5e-05,0.156404,True,0,22.7546
49,280,44,0.000322,8.1e-05,3.7e-05,0.156792,True,0,22.7536
49,281,43,0.000422,0.000106,5.2e-05,0.157207,True,0,22.7542
49,282,42,0.000313,7.8e-05,3.8e-05,0.157616,True,0,22.7535
49,283,41,0.000374,9.4e-05,4.7e-05,0.158056,True,0,22.7538
49,284,40,0.000268,6.7e-05,3.3e-05,0.158467,True,0,22.753
49,285,39,0.00035,8.7e-05,4.1e-05,0.158841,True,0,22.7539
49,286,38,0.000266,6.7e-05,3.2e-05,0.159225,True,0,22.753
49,287,37,0.000333,8.3e-05,4.1e-05,0.159713,True,0,22.7536
49,288,36,0.000421,0.000105,5.1e-05,0.160211,True,0,22.7544
49,289,35,0.000566,0.000142,6.5e-05,0.16071,True,0,22.7556
49,290,34,0.000536,0.000134,6.5e-05,0.161235,True,0,22.7552
49,291,33,0.000607,0.000152,7.6e-05,0.161786,True,0,22.7553
49,292,32,0.000569,0.000142,7e-05,0.162358,True,0,22.7554
49,293,31,0.00058,0.000145,6.9e-05,0.162973,True,0,22.7556
49,294,30,0.000388,9.7e-05,4.8e-05,0.163658,True,0,22.7541
49,295,29,0.000532,0.000133,6e-05,0.164444,True,0,22.7553
49,296,28,0.000429,0.000108,5e-05,0.165234,True,0,22.7545
49,297,27,0.000498,0.000125,6.1e-05,0.165937,True,0,22.7549
49,298,26,0.000598,0.00015,7.2e-05,0.166642,True,0,22.7557
49,299,25,0.000827,0.000207,0.000101,0.167295,True,0,22.7571
49,300,24,0.000866,0.000217,0.000106,0.167979,True,0,22.7572
49,301,23,0.000816,0.000204,9.8e-05,0.168731,True,0,22.7571
49,302,22,0.000538,0.000135,6.5e-05,0.169497,True,0,22.7553
49,303,21,0.000652,0.000163,8.1e-05,0.170372,True,0,22.7559
50,52,101,6.8e-05,1.7e-05,8e-06,0.14632,True,0,22.7452
50,53,100,0.000143,3.6e-05,1.7e-05,0.144631,False,0,22.7437
50,54,99,6.8e-05,1.7e-05,8e-06,0.143219,False,0,22.7451
50,55,98,5.5e-05,1.4e-05,7e-06,0.141979,False,0,22.7454
50,56,97,5.6e-05,1.4e-05,7e-06,0.140868,False,0,22.7454
50,57,96,8e-05,2e-05,9e-06,0.139877,False,0,22.7447
50,58,95,6e-05,1.5e-05,7e-06,0.138989,False,0,22.7457
50,59,94,5.5e-05,1.3e-05,7e-06,0.138164,False,0,22.7454
50,60,93,2.6e-05,6e-06,3e-06,0.137408,False,0,22.7463
50,61,92,2.5e-05,6e-06,3e-06,0.136778,False,0,22.746
50,62,91,6e-06,1e-06,1e-06,0.13623,False,0,22.7471
50,63,90,2.3e-05,6e-06,2e-06,0.135722,False,0,22.7484
50,64,89,9e-06,2e-06,1e-06,0.135261,False,0,22.7468
50,65,88,3.9e-05,1e-05,5e-06,0.134774,False,0,22.7463
50,66,87,4.7e-05,1.2e-05,6e-06,0.13432,False,0,22.7454
50,67,86,7e-05,1.8e-05,9e-06,0.133895,False,0,22.7451
50,68,85,2.3e-05,6e-06,3e-06,0.133457,False,0,22.7461
50,69,84,6e-05,1.5e-05,7e-06,0.133115,False,0,22.7452
50,70,83,8e-06,2e-06,1e-06,0.132814,False,0,22.7468
50,71,82,8e-06,2e-06,1e-06,0.132596,False,0,22.7472
50,72,81,5e-06,1e-06,1e-06,0.132374,False,0,22.7474
50,73,80,1.4e-05,4e-06,2e-06,0.132134,False,0,22.747
50,74,79,2.2e-05,6e-06,2e-06,0.131872,False,0,22.7474
51,52,125,9.9e-05,2.5e-05,1.2e-05,0.146032,True,0,22.7445
51,53,125,6.6e-05,1.6e-05,8e-06,0.144273,False,0,22.745
51,54,125,4.7e-05,1.2e-05,6e-06,0.142842,False,0,22.7456
51,55,125,7.7e-05,1.9e-05,9e-06,0.141612,False,0,22.7448
51,56,125,0.000158,4e-05,1.8e-05,0.140567,False,0,22.7435
51,57,125,7.8e-05,2e-05,8e-06,0.139589,False,0,22.7448
51,58,125,0.000104,2.6e-05,1.3e-05,0.138705,False,0,22.7447
51,59,125,6.3e-05,1.6e-05,7e-06,0.137897,False,0,22.745
51,60,125,6.7e-05,1.7e-05,7e-06,0.137189,False,0,22.745
51,61,125,0.000131,3.2e-05,1.5e-05,0.136586,False,0,22.7439
51,62,125,6.4e-05,1.6e-05,7e-06,0.136026,False,0,22.7451
51,63,125,8.6e-05,2.1e-05,1e-05,0.135493,False,0,22.7447
51,64,125,7.9e-05,2e-05,9e-06,0.135023,False,0,22.7447
51,65,125,9.1e-05,2.3e-05,1.1e-05,0.134648,False,0,22.7446
51,66,125,7.3e-05,1.8e-05,8e-06,0.134294,False,0,22.745
51,67,125,9.3e-05,2.3e-05,1.1e-05,0.133954,False,0,22.7445
51,68,125,5e-05,1.2e-05,6e-06,0.133574,False,0,22.7454
51,69,125,1e-04,2.5e-05,1.1e-05,0.133245,False,0,22.7445
51,70,125,4.2e-05,1e-05,5e-06,0.132953,False,0,22.7456
51,71,125,5e-05,1.2e-05,6e-06,0.132672,False,0,22.7453
51,72,125,2.7e-05,7e-06,3e-06,0.132409,False,0,22.746
51,73,125,4.5e-05,1.1e-05,5e-06,0.132185,False,0,22.7455
51,74,125,2e-06,0.0,0.0,0.132093,False,0,22.7476
51,75,125,4e-05,1e-05,5e-06,0.131851,False,0,22.7456
51,76,125,1.3e-05,3e-06,2e-06,0.131639,False,0,22.7465
51,77,125,0.000141,3.5e-05,1.6e-05,0.131493,False,0,22.7438
51,78,125,0.000122,3.1e-05,1.4e-05,0.131386,False,0,22.7441
51,79,125,0.00012,3e-05,1.4e-05,0.131267,False,0,22.744
51,80,125,8.8e-05,2.2e-05,9e-06,0.131104,False,0,22.7448
51,81,125,2.8e-05,7e-06,3e-06,0.130992,False,0,22.746
51,82,125,2.4e-05,6e-06,3e-06,0.13087,False,0,22.7462
51,83,125,1.2e-05,3e-06,1e-06,0.130804,False,0,22.747
51,84,125,1.6e-05,4e-06,2e-06,0.130744,False,0,22.7464
51,85,125,1e-05,2e-06,1e-06,0.130683,False,0,22.7467
51,86,125,1.1e-05,3e-06,1e-06,0.13059,False,0,22.7471
51,87,125,5.3e-05,1.3e-05,5e-06,0.130498,False,0,22.7457
51,88,125,6e-05,1.5e-05,7e-06,0.130432,False,0,22.7451
51,89,125,6.2e-05,1.5e-05,7e-06,0.130462,False,0,22.7451
51,90,125,3e-05,7e-06,4e-06,0.130493,False,0,22.7461
51,91,125,1.7e-05,4e-06,2e-06,0.130496,False,0,22.7465
51,92,125,5.6e-05,1.4e-05,5e-06,0.130506,False,0,22.7456
51,93,125,2.5e-05,6e-06,3e-06,0.130524,False,0,22.7462
51,94,125,2.2e-05,5e-06,3e-06,0.130583,False,0,22.7462
51,95,125,2e-06,0.0,0.0,0.130555,False,0,22.7474
51,96,125,7e-06,2e-06,1e-06,0.130561,False,0,22.7469
51,97,125,3e-06,1e-06,0.0,0.130565,False,0,22.7472
51,98,125,8e-06,2e-06,1e-06,0.130601,False,0,22.7469
51,99,125,2e-05,5e-06,3e-06,0.130659,False,0,22.7488
51,100,125,1.6e-05,4e-06,1e-06,0.13072,False,0,22.7482
51,101,125,1.5e-05,4e-06,2e-06,0.130755,False,0,22.7474
51,102,125,6e-06,1e-06,1e-06,0.130771,False,0,22.7473
51,103,125,4e-06,1e-06,1e-06,0.13078,False,0,22.7473
51,104,125,2e-06,1e-06,0.0,0.130822,False,0,22.7479
51,105,125,1e-06,0.0,0.0,0.130835,False,0,22.748
51,106,125,4e-06,1e-06,0.0,0.130902,False,0,22.7472
51,107,125,6e-06,2e-06,0.0,0.130988,False,0,22.748
51,108,125,2.4e-05,6e-06,3e-06,0.131061,False,0,22.7462
51,109,125,9e-06,2e-06,1e-06,0.131161,False,0,22.7478
51,110,125,1.6e-05,4e-06,2e-06,0.131262,False,0,22.7464
51,111,125,1e-06,0.0,0.0,0.131295,False,0,22.7476
51,112,125,5e-06,1e-06,1e-06,0.131308,False,0,22.747
51,113,125,7e-06,2e-06,1e-06,0.131363,False,0,22.747
51,114,125,6e-06,1e-06,1e-06,0.131397,False,0,22.747
51,115,125,1.2e-05,3e-06,1e-06,0.131485,False,0,22.7481
51,116,125,5e-06,1e-06,1e-06,0.131531,False,0,22.7477
51,117,125,7e-06,2e-06,1e-06,0.131631,False,0,22.7482
51,118,125,8e-05,2e-05,8e-06,0.131764,False,0,22.7467
51,119,125,2e-06,0.0,0.0,0.131855,False,0,22.748
51,120,125,1e-05,2e-06,1e-06,0.132016,False,0,22.7468
51,121,125,2.7e-05,7e-06,3e-06,0.13222,False,0,22.7481
51,122,125,9e-06,2e-06,1e-06,0.132356,False,0,22.7486
51,123,125,1.5e-05,4e-06,2e-06,0.132499,False,0,22.7489
51,124,125,4.2e-05,1.1e-05,5e-06,0.13253,False,0,22.7484
51,125,125,8e-06,2e-06,1e-06,0.132646,False,0,22.748
51,126,125,1.4e-05,4e-06,1e-06,0.132717,False,0,22.7487
51,127,125,1.6e-05,4e-06,2e-06,0.132778,False,0,22.7484
51,128,125,3.7e-05,9e-06,5e-06,0.13284,False,0,22.7495
51,129,125,3e-05,8e-06,3e-06,0.132918,False,0,22.7495
51,130,125,4.5e-05,1.1e-05,6e-06,0.133034,False,0,22.7496
51,131,125,2.7e-05,7e-06,3e-06,0.13316,False,0,22.7491
51,132,125,1.3e-05,3e-06,2e-06,0.133315,False,0,22.7482
51,133,125,2e-06,1e-06,0.0,0.13341,False,0,22.7473
51,134,124,1.9e-05,5e-06,2e-06,0.133495,False,0,22.7478
51,135,123,1.5e-05,4e-06,2e-06,0.133616,False,0,22.7486
51,136,122,9e-06,2e-06,1e-06,0.133734,False,0,22.7485
51,137,121,3e-06,1e-06,0.0,0.133853,False,0,22.748
51,138,120,1.7e-05,4e-06,2e-06,0.134018,False,0,22.7478
51,139,119,1.1e-05,3e-06,1e-06,0.134139,False,0,22.7486
51,140,118,2e-06,1e-06,0.0,0.134283,False,0,22.748
51,141,117,1.6e-05,4e-06,2e-06,0.134406,False,0,22.7486
51,142,116,4e-06,1e-06,1e-06,0.134554,False,0,22.748
51,143,115,2e-05,5e-06,3e-06,0.134755,False,0,22.7488
51,144,114,5.2e-05,1.3e-05,5e-06,0.134943,False,0,22.75
52,52,125,0.000588,0.000147,6.5e-05,0.153666,True,0,22.7397
52,53,125,0.000352,8.8e-05,4.3e-05,0.151957,True,0,22.7416
52,54,125,0.000649,0.000162,7.5e-05,0.150449,True,0,22.7392
52,55,125,0.000372,9.3e-05,4.3e-05,0.149097,True,0,22.7412
52,56,125,0.000211,5.3e-05,2.6e-05,0.147886,True,0,22.7429
52,57,125,0.000196,4.9e-05,2.4e-05,0.1468,True,0,22.7431
52,58,125,0.000251,6.3e-05,2.9e-05,0.14591,True,0,22.7424
52,59,125,0.000443,0.000111,5.2e-05,0.145093,False,0,22.7407
52,60,125,0.000307,7.7e-05,3.5e-05,0.144356,False,0,22.7418
52,61,125,0.0002,5e-05,2.3e-05,0.143679,False,0,22.743
52,62,125,0.00019,4.7e-05,2.3e-05,0.1431,False,0,22.7431
52,63,125,0.000213,5.3e-05,2.5e-05,0.142556,False,0,22.7429
52,64,125,0.000373,9.3e-05,4.3e-05,0.142099,False,0,22.7413
52,65,125,0.00033,8.3e-05,3.7e-05,0.141661,False,0,22.7417
52,66,125,0.000276,6.9e-05,3.2e-05,0.141236,False,0,22.7421
52,67,125,0.000241,6e-05,2.9e-05,0.140854,False,0,22.7426
52,68,125,0.000256,6.4e-05,2.9e-05,0.140488,False,0,22.7424
52,69,125,0.00017,4.3e-05,2e-05,0.140117,False,0,22.7433
52,70,125,0.000288,7.2e-05,3.3e-05,0.139743,False,0,22.742
52,71,125,0.000135,3.4e-05,1.6e-05,0.139409,False,0,22.7438
52,72,125,0.000217,5.4e-05,2.3e-05,0.139156,False,0,22.743
52,73,125,0.000121,3e-05,1.5e-05,0.1389,False,0,22.7441
52,74,125,0.000194,4.9e-05,2.3e-05,0.138679,False,0,22.7431
52,75,125,0.000308,7.7e-05,3.7e-05,0.138459,False,0,22.7418
52,76,125,0.000402,0.000101,4.7e-05,0.138273,False,0,22.741
52,77,125,0.000304,7.6e-05,3.6e-05,0.138068,False,0,22.7419
52,78,125,0.000287,7.2e-05,3.3e-05,0.137901,False,0,22.742
52,79,125,0.000235,5.9e-05,2.7e-05,0.13774,False,0,22.7426
52,80,125,0.000159,4e-05,1.8e-05,0.137518,False,0,22.7435
52,81,125,0.000152,3.8e-05,1.8e-05,0.137343,False,0,22.7436
52,82,125,0.000131,3.3e-05,1.5e-05,0.137194,False,0,22.7439
52,83,125,0.000166,4.1e-05,2.1e-05,0.137116,False,0,22.7438
52,84,125,0.00028,7e-05,3.1e-05,0.137056,False,0,22.7421
52,85,125,0.000198,5e-05,2.2e-05,0.137025,False,0,22.743
52,86,125,0.000161,4e-05,1.8e-05,0.136959,False,0,22.7435
52,87,125,7.9e-05,2e-05,9e-06,0.136856,False,0,22.7448
52,88,125,0.000174,4.3e-05,2e-05,0.136699,False,0,22.7433
52,89,125,0.000103,2.6e-05,1.3e-05,0.136537,False,0,22.7444
52,90,125,0.000164,4.1e-05,1.8e-05,0.13646,False,0,22.7435
52,91,125,0.000148,3.7e-05,1.7e-05,0.1364,False,0,22.7437
52,92,125,0.000121,3e-05,1.4e-05,0.13635,False,0,22.7441
52,93,125,0.000213,5.3e-05,2.5e-05,0.136217,False,0,22.7428
52,94,124,0.000204,5.1e-05,2.2e-05,0.136095,False,0,22.743
52,95,123,0.000233,5.8e-05,2.6e-05,0.136027,False,0,22.7426
52,96,122,6e-05,1.5e-05,6e-06,0.136013,False,0,22.7454
52,97,121,0.000101,2.5e-05,1.3e-05,0.13602,False,0,22.7447
52,98,120,8.5e-05,2.1e-05,9e-06,0.135976,False,0,22.7447
52,99,119,0.000188,4.7e-05,2.1e-05,0.135926,False,0,22.7431
52,100,118,0.000179,4.5e-05,2e-05,0.135881,False,0,22.7433
52,101,117,0.000133,3.3e-05,1.5e-05,0.135831,False,0,22.7438
52,102,116,6.7e-05,1.7e-05,8e-06,0.135784,False,0,22.745
52,103,115,4.4e-05,1.1e-05,5e-06,0.135714,False,0,22.7456
52,104,114,6.4e-05,1.6e-05,7e-06,0.135729,False,0,22.7451
52,105,113,0.00014,3.5e-05,1.6e-05,0.13579,False,0,22.7437
52,106,112,0.00021,5.3e-05,2.4e-05,0.135835,False,0,22.7428
52,107,111,0.000121,3e-05,1.4e-05,0.135869,False,0,22.7441
52,108,110,1e-04,2.5e-05,1.1e-05,0.135883,False,0,22.7444
52,109,109,9.6e-05,2.4e-05,1.2e-05,0.135863,False,0,22.7445
52,110,108,0.000116,2.9e-05,1.1e-05,0.13589,False,0,22.7447
52,111,107,2.6e-05,6e-06,3e-06,0.135835,False,0,22.7465
52,112,106,1.3e-05,3e-06,1e-06,0.135852,False,0,22.7482
52,113,105,5.6e-05,1.4e-05,6e-06,0.135882,False,0,22.7456
52,114,104,4.2e-05,1.1e-05,5e-06,0.135904,False,0,22.7459
52,115,103,0.000208,5.2e-05,2.2e-05,0.135915,False,0,22.743
52,116,102,7.4e-05,1.8e-05,9e-06,0.13591,False,0,22.7448
52,117,101,7.1e-05,1.8e-05,9e-06,0.135893,False,0,22.745
52,118,100,4.1e-05,1e-05,5e-06,0.135895,False,0,22.7456
52,119,99,6.6e-05,1.6e-05,8e-06,0.135871,False,0,22.745
52,120,98,8.3e-05,2.1e-05,1e-05,0.135896,False,0,22.7447
52,121,97,0.000104,2.6e-05,1.2e-05,0.135891,False,0,22.7443
52,122,96,7.3e-05,1.8e-05,9e-06,0.135878,False,0,22.745
52,123,95,6.3e-05,1.6e-05,7e-06,0.135872,False,0,22.7451
52,124,94,6.3e-05,1.6e-05,7e-06,0.135906,False,0,22.7451
52,125,93,4.4e-05,1.1e-05,5e-06,0.135959,False,0,22.7455
52,126,92,4.7e-05,1.2e-05,6e-06,0.136004,False,0,22.7456
52,127,91,8.8e-05,2.2e-05,1e-05,0.136049,False,0,22.7446
52,128,90,7.1e-05,1.8e-05,8e-06,0.136115,False,0,22.7449
52,129,89,1.1e-05,3e-06,1e-06,0.136164,False,0,22.7466
52,130,88,1.6e-05,4e-06,2e-06,0.136227,False,0,22.7468
52,131,87,7.4e-05,1.9e-05,8e-06,0.136307,False,0,22.7448
52,132,86,5.8e-05,1.4e-05,6e-06,0.136401,False,0,22.7452
52,133,85,8.4e-05,2.1e-05,1.1e-05,0.136459,False,0,22.7452
52,134,84,3.4e-05,9e-06,3e-06,0.136506,False,0,22.7467
52,135,83,1.3e-05,3e-06,2e-06,0.136505,False,0,22.7465
52,136,82,8e-06,2e-06,1e-06,0.136544,False,0,22.7471
52,137,81,3.4e-05,8e-06,3e-06,0.136564,False,0,22.7459
52,138,80,1.2e-05,3e-06,1e-06,0.136604,False,0,22.7474
52,139,79,5e-06,1e-06,1e-06,0.136614,False,0,22.7471
52,140,78,4e-06,1e-06,0.0,0.136625,False,0,22.7475
52,141,77,6e-06,2e-06,1e-06,0.136646,False,0,22.7484
52,142,76,2.3e-05,6e-06,2e-06,0.13665,False,0,22.7492
52,143,75,7e-06,2e-06,1e-06,0.136667,False,0,22.7484
52,144,74,1e-06,0.0,0.0,0.136712,False,0,22.7478
52,145,73,3e-06,1e-06,0.0,0.136749,False,0,22.7481
52,146,72,2.5e-05,6e-06,2e-06,0.136783,False,0,22.7486
52,147,71,1.5e-05,4e-06,2e-06,0.136813,False,0,22.7489
52,148,70,1.9e-05,5e-06,2e-06,0.13687,False,0,22.749
52,149,69,5e-06,1e-06,1e-06,0.136927,False,0,22.7483
52,150,68,3.9e-05,1e-05,3e-06,0.137021,False,0,22.7493
52,151,67,7e-06,2e-06,1e-06,0.137134,False,0,22.7484
52,152,66,3e-05,8e-06,3e-06,0.137199,False,0,22.7495
52,153,65,8.6e-05,2.2e-05,9e-06,0.137192,False,0,22.7505
52,154,64,2.6e-05,6e-06,3e-06,0.137168,False,0,22.7492
52,155,63,6.4e-05,1.6e-05,7e-06,0.137131,False,0,22.7503
52,156,62,3.6e-05,9e-06,4e-06,0.137165,False,0,22.7496
52,157,61,8.9e-05,2.2e-05,9e-06,0.137188,False,0,22.7505
52,158,60,4.5e-05,1.1e-05,4e-06,0.137259,False,0,22.7497
52,159,59,7.6e-05,1.9e-05,9e-06,0.137376,False,0,22.7505
52,160,58,8.1e-05,2e-05,8e-06,0.137479,False,0,22.7502
52,161,57,7.9e-05,2e-05,9e-06,0.137576,False,0,22.7506
52,162,56,7.4e-05,1.8e-05,8e-06,0.13757,False,0,22.7504
52,163,55,4.7e-05,1.2e-05,5e-06,0.137553,False,0,22.7497
52,164,54,3.2e-05,8e-06,4e-06,0.137536,False,0,22.7495
52,165,53,3.6e-05,9e-06,4e-06,0.137613,False,0,22.7495
52,166,52,5e-05,1.3e-05,6e-06,0.137706,False,0,22.75
52,167,51,6.9e-05,1.7e-05,7e-06,0.137794,False,0,22.7503
52,168,50,8.6e-05,2.2e-05,9e-06,0.137903,False,0,22.7507
52,169,49,6.2e-05,1.5e-05,6e-06,0.138042,False,0,22.7501
52,170,48,7.4e-05,1.9e-05,9e-06,0.138206,False,0,22.7505
52,171,47,0.00012,3e-05,1.2e-05,0.138361,False,0,22.751
52,172,46,0.000116,2.9e-05,1.3e-05,0.138519,False,0,22.7512
52,173,45,0.0002,5e-05,2.3e-05,0.138695,False,0,22.7523
52,174,44,0.000219,5.5e-05,2.3e-05,0.138824,False,0,22.7523
52,175,43,0.000219,5.5e-05,2.4e-05,0.138943,False,0,22.7525
52,176,42,0.000197,4.9e-05,2e-05,0.139066,False,0,22.7521
52,177,41,0.000303,7.6e-05,3.1e-05,0.139193,False,0,22.7531
52,178,40,0.000248,6.2e-05,3e-05,0.139398,False,0,22.7528
52,179,39,0.000441,0.00011,4.6e-05,0.139573,False,0,22.7543
52,180,38,0.000298,7.5e-05,3.2e-05,0.139781,False,0,22.7532
52,181,37,0.000434,0.000109,4.9e-05,0.140029,False,0,22.7546
52,182,36,0.000463,0.000116,5.1e-05,0.140263,False,0,22.7547
52,183,35,0.000507,0.000127,5.5e-05,0.140518,False,0,22.755
52,184,34,0.00047,0.000118,5.1e-05,0.140749,False,0,22.7547
52,185,33,0.000307,7.7e-05,3.4e-05,0.140982,False,0,22.7534
52,186,32,0.000374,9.4e-05,4.2e-05,0.141152,False,0,22.7541
52,187,31,0.000418,0.000105,4.5e-05,0.141384,False,0,22.7543
52,188,30,0.000518,0.000129,5.6e-05,0.141618,False,0,22.7551
52,189,29,0.000515,0.000129,5.9e-05,0.141979,False,0,22.7552
53,52,125,0.000169,4.2e-05,2e-05,0.146404,True,0,22.7434
53,53,125,7.4e-05,1.8e-05,9e-06,0.144678,False,0,22.7448
53,54,125,4.8e-05,1.2e-05,6e-06,0.143237,False,0,22.7455
53,55,125,6.6e-05,1.7e-05,8e-06,0.141955,False,0,22.7454
53,56,125,0.000179,4.5e-05,2.1e-05,0.140888,False,0,22.7432
53,57,125,0.000238,6e-05,2.8e-05,0.139944,False,0,22.7425
53,58,125,0.000263,6.6e-05,3.1e-05,0.139081,False,0,22.7423
53,59,125,0.000299,7.5e-05,3.5e-05,0.13825,False,0,22.7419
53,60,125,0.000243,6e-05,2.9e-05,0.137495,False,0,22.7426
53,61,125,0.000189,4.7e-05,2.1e-05,0.136833,False,0,22.7431
53,62,125,7.2e-05,1.8e-05,8e-06,0.136227,False,0,22.7449
53,63,125,5.1e-05,1.3e-05,6e-06,0.135688,False,0,22.7463
53,64,125,4.4e-05,1.1e-05,5e-06,0.135203,False,0,22.7455
53,65,125,2.2e-05,5e-06,3e-06,0.134778,False,0,22.7461
53,66,124,2.5e-05,6e-06,3e-06,0.134391,False,0,22.7471
53,67,123,2e-06,1e-06,0.0,0.134031,False,0,22.7473
53,68,122,4e-06,1e-06,0.0,0.133715,False,0,22.7475
53,69,121,1.2e-05,3e-06,1e-06,0.133367,False,0,22.7469
53,70,120,3.7e-05,9e-06,4e-06,0.133044,False,0,22.7464
53,71,119,2e-05,5e-06,2e-06,0.132718,False,0,22.7466
53,72,118,3.8e-05,1e-05,5e-06,0.132451,False,0,22.7457
53,73,117,4.3e-05,1.1e-05,5e-06,0.132222,False,0,22.7456
53,74,116,1e-05,2e-06,1e-06,0.132046,False,0,22.7467
53,75,115,9e-06,2e-06,1e-06,0.131895,False,0,22.7473
53,76,114,3.2e-05,8e-06,4e-06,0.131705,False,0,22.7458
53,77,113,2.6e-05,6e-06,3e-06,0.131494,False,0,22.7462
53,78,112,4.5e-05,1.1e-05,5e-06,0.131353,False,0,22.7455
53,79,111,1.3e-05,3e-06,2e-06,0.131271,False,0,22.7465
53,80,110,3.2e-05,8e-06,3e-06,0.131192,False,0,22.7459
53,81,109,3e-05,8e-06,3e-06,0.13117,False,0,22.7468
53,82,108,2.2e-05,6e-06,3e-06,0.131097,False,0,22.7462
53,83,107,3.6e-05,9e-06,4e-06,0.131069,False,0,22.7457
53,84,106,2.1e-05,5e-06,2e-06,0.130931,False,0,22.7462
53,85,105,2.7e-05,7e-06,3e-06,0.130826,False,0,22.746
53,86,104,2.8e-05,7e-06,3e-06,0.130775,False,0,22.746
53,87,103,2.8e-05,7e-06,3e-06,0.130798,False,0,22.7473
53,88,102,2.4e-05,6e-06,3e-06,0.130801,False,0,22.746
53,89,101,4.1e-05,1e-05,5e-06,0.130798,False,0,22.7462
53,90,100,9e-06,2e-06,1e-06,0.130771,False,0,22.7467
53,91,99,1e-05,3e-06,1e-06,0.130752,False,0,22.7469
53,92,98,7e-06,2e-06,1e-06,0.130785,False,0,22.7484
53,93,97,5e-06,1e-06,0.0,0.13078,False,0,22.7476
53,94,96,6e-06,2e-06,1e-06,0.13074,False,0,22.7481
53,95,95,1.4e-05,3e-06,2e-06,0.130709,False,0,22.7484
53,96,94,3.2e-05,8e-06,3e-06,0.130681,False,0,22.7489
53,97,93,3.6e-05,9e-06,4e-06,0.130667,False,0,22.7497
53,98,92,1.7e-05,4e-06,2e-06,0.130643,False,0,22.7489
53,99,91,4.9e-05,1.2e-05,5e-06,0.130631,False,0,22.7498
53,100,90,9e-06,2e-06,1e-06,0.130685,False,0,22.7475
53,101,89,4e-06,1e-06,0.0,0.130784,False,0,22.748
53,102,88,4e-06,1e-06,1e-06,0.130895,False,0,22.7471
53,103,87,3e-06,1e-06,0.0,0.130996,False,0,22.7472
53,104,86,6e-06,2e-06,1e-06,0.131068,False,0,22.7471
53,105,85,4e-06,1e-06,0.0,0.131099,False,0,22.7473
53,106,84,2e-05,5e-06,2e-06,0.131169,False,0,22.7475
53,107,83,1.6e-05,4e-06,1e-06,0.131202,False,0,22.7478
53,108,82,1e-06,-0.0,0.0,0.131245,False,0,22.7475
53,109,81,4e-06,1e-06,0.0,0.131274,False,0,22.7482
53,110,80,1.5e-05,4e-06,1e-06,0.131336,False,0,22.7487
53,111,79,6e-06,1e-06,1e-06,0.131387,False,0,22.7484
53,112,78,8e-06,2e-06,1e-06,0.131475,False,0,22.7477
53,113,77,2e-06,1e-06,0.0,0.131518,False,0,22.748
53,114,76,2.4e-05,6e-06,2e-06,0.131606,False,0,22.7485
53,115,75,3.3e-05,8e-06,3e-06,0.131665,False,0,22.7495
53,116,74,6.6e-05,1.6e-05,7e-06,0.131749,False,0,22.7503
53,117,73,3.6e-05,9e-06,5e-06,0.131878,False,0,22.7494
53,118,72,9.2e-05,2.3e-05,8e-06,0.131975,False,0,22.75
53,119,71,4e-06,1e-06,0.0,0.13203,False,0,22.748
53,120,70,3e-05,7e-06,3e-06,0.132075,False,0,22.7494
53,121,69,3e-05,7e-06,3e-06,0.13213,False,0,22.7486
53,122,68,4e-06,1e-06,1e-06,0.132217,False,0,22.7483
53,123,67,4e-06,1e-06,1e-06,0.132295,False,0,22.7482
53,124,66,1.9e-05,5e-06,2e-06,0.132348,False,0,22.749
53,125,65,0.000116,2.9e-05,1.2e-05,0.132417,False,0,22.751
53,126,64,0.000116,2.9e-05,1.4e-05,0.132513,False,0,22.7511
53,127,63,0.000215,5.4e-05,2.4e-05,0.13266,False,0,22.7525
53,128,62,7.9e-05,2e-05,8e-06,0.132746,False,0,22.7504
53,129,61,3.5e-05,9e-06,3e-06,0.132804,False,0,22.7494
53,130,60,3.9e-05,1e-05,5e-06,0.132864,False,0,22.7497
53,131,59,7.7e-05,1.9e-05,8e-06,0.132894,False,0,22.7505
53,132,58,0.000137,3.4e-05,1.4e-05,0.132983,False,0,22.7513
53,133,57,9.2e-05,2.3e-05,1e-05,0.133057,False,0,22.7508
53,134,56,0.000126,3.2e-05,1.3e-05,0.133188,False,0,22.7512
53,135,55,8e-05,2e-05,9e-06,0.133349,False,0,22.7506
53,136,54,5.3e-05,1.3e-05,6e-06,0.13345,False,0,22.7501
53,137,53,7.1e-05,1.8e-05,8e-06,0.133504,False,0,22.7505
53,138,52,8.2e-05,2.1e-05,9e-06,0.133644,False,0,22.7506
53,139,51,8.1e-05,2e-05,8e-06,0.133831,False,0,22.7504
53,140,50,6e-05,1.5e-05,6e-06,0.134015,False,0,22.7502
53,141,49,4.9e-05,1.2e-05,5e-06,0.13419,False,0,22.7498
53,142,48,6.7e-05,1.7e-05,7e-06,0.134329,False,0,22.7502
53,143,47,0.000163,4.1e-05,2e-05,0.134537,False,0,22.7518
53,144,46,0.000222,5.6e-05,2.4e-05,0.134747,False,0,22.7525
53,145,45,0.00037,9.3e-05,4.1e-05,0.134977,False,0,22.754
53,146,44,0.00032,8e-05,3.2e-05,0.135211,False,0,22.7531
53,147,43,0.000345,8.6e-05,3.9e-05,0.135432,False,0,22.7538
53,148,42,0.000248,6.2e-05,2.7e-05,0.135665,False,0,22.7528
53,149,41,0.000279,7e-05,2.9e-05,0.135875,False,0,22.753
53,150,40,0.00011,2.8e-05,1.3e-05,0.13608,False,0,22.7511
53,151,39,0.000184,4.6e-05,2e-05,0.136255,False,0,22.7521
53,152,38,0.000301,7.5e-05,3.2e-05,0.136457,False,0,22.7533
53,153,37,0.00031,7.8e-05,3.4e-05,0.136644,False,0,22.7534
53,154,36,0.000409,0.000102,4.6e-05,0.136906,False,0,22.7544
53,155,35,0.000329,8.2e-05,3.8e-05,0.137155,False,0,22.7537
53,156,34,0.000494,0.000123,5.4e-05,0.137448,False,0,22.755
53,157,33,0.000473,0.000118,5.3e-05,0.137784,False,0,22.7548
53,158,32,0.000582,0.000146,6.2e-05,0.138177,False,0,22.7555
53,159,31,0.000558,0.00014,6e-05,0.13863,False,0,22.7554
53,160,30,0.000448,0.000112,4.8e-05,0.139063,False,0,22.7545
53,161,29,0.000425,0.000106,4.7e-05,0.13946,False,0,22.7544
53,162,28,0.000301,7.6e-05,3.2e-05,0.139823,False,0,22.7532
53,163,27,0.000384,9.6e-05,4e-05,0.140216,False,0,22.7539
53,164,26,0.000424,0.000106,4.9e-05,0.14064,False,0,22.7545
54,52,125,0.000368,9.2e-05,4.4e-05,0.153412,True,0,22.7413
54,53,125,0.000304,7.6e-05,3.6e-05,0.151749,True,0,22.7419
54,54,125,0.00041,0.000103,4.7e-05,0.150272,True,0,22.7409
54,55,125,0.000395,9.9e-05,4.7e-05,0.148962,True,0,22.7411
54,56,125,0.000483,0.00012,5.6e-05,0.147829,True,0,22.7404
54,57,125,0.000504,0.000126,6e-05,0.146886,True,0,22.7402
54,58,125,0.000528,0.000132,6.3e-05,0.146014,True,0,22.7401
54,59,125,0.000318,8e-05,3.5e-05,0.145209,False,0,22.7418
54,60,125,0.000227,5.7e-05,2.8e-05,0.144435,False,0,22.7428
54,61,125,0.000302,7.6e-05,3.6e-05,0.143687,False,0,22.742
54,62,125,0.000484,0.000121,5.7e-05,0.14306,False,0,22.7403
54,63,125,0.000438,0.00011,5e-05,0.142452,False,0,22.7407
54,64,125,0.000268,6.7e-05,3.3e-05,0.141934,False,0,22.7423
54,65,125,0.000372,9.3e-05,4.5e-05,0.141358,False,0,22.7413
54,66,125,0.000324,8.1e-05,3.8e-05,0.140813,False,0,22.7417
54,67,125,0.000424,0.000106,4.8e-05,0.140382,False,0,22.7409
54,68,125,0.000294,7.4e-05,3.4e-05,0.140042,False,0,22.742
54,69,125,0.00022,5.5e-05,2.4e-05,0.139728,False,0,22.7428
54,70,125,0.00022,5.5e-05,2.7e-05,0.139359,False,0,22.7428
54,71,125,0.000185,4.6e-05,2.2e-05,0.139018,False,0,22.7432
54,72,125,0.000227,5.7e-05,2.7e-05,0.138714,False,0,22.7427
54,73,125,0.00023,5.8e-05,2.7e-05,0.138321,False,0,22.7427
54,74,125,0.00016,4e-05,1.9e-05,0.13803,False,0,22.7435
54,75,125,0.000159,4e-05,1.9e-05,0.137785,False,0,22.7435
54,76,125,0.000122,3e-05,1.5e-05,0.137559,False,0,22.7441
54,77,125,0.000179,4.5e-05,2e-05,0.137348,False,0,22.7432
54,78,125,8.1e-05,2e-05,1e-05,0.137133,False,0,22.7447
54,79,125,0.000218,5.4e-05,2.6e-05,0.136875,False,0,22.7428
54,80,125,0.000203,5.1e-05,2.3e-05,0.136648,False,0,22.7429
54,81,125,0.000354,8.8e-05,4.1e-05,0.136558,False,0,22.7414
54,82,125,0.000281,7e-05,3.3e-05,0.136521,False,0,22.7421
54,83,125,0.000265,6.6e-05,2.9e-05,0.136421,False,0,22.7423
54,84,125,0.000182,4.5e-05,2.1e-05,0.136302,False,0,22.7432
54,85,125,9.5e-05,2.4e-05,1.1e-05,0.136132,False,0,22.7444
54,86,125,5.4e-05,1.4e-05,7e-06,0.136006,False,0,22.7453
54,87,125,4.1e-05,1e-05,5e-06,0.135874,False,0,22.7456
54,88,125,0.000152,3.8e-05,1.9e-05,0.135851,False,0,22.7436
54,89,125,0.000162,4.1e-05,1.7e-05,0.13578,False,0,22.7436
54,90,125,0.000154,3.8e-05,1.9e-05,0.135715,False,0,22.7437
54,91,125,0.000179,4.5e-05,2.1e-05,0.135638,False,0,22.7432
54,92,125,0.00016,4e-05,1.9e-05,0.135584,False,0,22.7435
54,93,125,0.000144,3.6e-05,1.7e-05,0.135532,False,0,22.7437
54,94,124,0.000259,6.5e-05,2.8e-05,0.135455,False,0,22.7424
54,95,123,0.00024,6e-05,2.9e-05,0.13541,False,0,22.7425
54,96,122,0.000273,6.8e-05,3.1e-05,0.135307,False,0,22.7422
54,97,121,0.000117,2.9e-05,1.4e-05,0.135191,False,0,22.7442
54,98,120,0.000175,4.4e-05,2e-05,0.1351,False,0,22.7433
54,99,119,0.000118,3e-05,1.3e-05,0.135105,False,0,22.7441
54,100,118,0.000109,2.7e-05,1.2e-05,0.135111,False,0,22.7443
54,101,117,5.8e-05,1.5e-05,7e-06,0.135111,False,0,22.7454
54,102,116,2.7e-05,7e-06,3e-06,0.135078,False,0,22.746
54,103,115,2.8e-05,7e-06,3e-06,0.135059,False,0,22.7463
54,104,114,8e-06,2e-06,1e-06,0.135031,False,0,22.7469
54,105,113,6.1e-05,1.5e-05,7e-06,0.135003,False,0,22.7451
54,106,112,2e-05,5e-06,2e-06,0.134969,False,0,22.7463
54,107,111,4.8e-05,1.2e-05,6e-06,0.135012,False,0,22.7455
54,108,110,3.7e-05,9e-06,4e-06,0.135048,False,0,22.7457
54,109,109,8.7e-05,2.2e-05,1.1e-05,0.135076,False,0,22.7447
54,110,108,5.5e-05,1.4e-05,5e-06,0.135053,False,0,22.7456
54,111,107,7.6e-05,1.9e-05,9e-06,0.135025,False,0,22.7448
54,112,106,6.9e-05,1.7e-05,8e-06,0.134965,False,0,22.745
54,113,105,0.00011,2.8e-05,1.3e-05,0.134965,False,0,22.7443
54,114,104,6.6e-05,1.7e-05,7e-06,0.134935,False,0,22.7452
54,115,103,3.7e-05,9e-06,4e-06,0.134937,False,0,22.7457
54,116,102,4.5e-05,1.1e-05,5e-06,0.134959,False,0,22.7454
54,117,101,1.9e-05,5e-06,2e-06,0.134986,False,0,22.7467
54,118,100,2.1e-05,5e-06,2e-06,0.13496,False,0,22.7463
54,119,99,2.9e-05,7e-06,3e-06,0.134926,False,0,22.7491
54,120,98,1.2e-05,3e-06,1e-06,0.13499,False,0,22.7477
54,121,97,1.8e-05,4e-06,2e-06,0.135036,False,0,22.7473
55,52,125,5.4e-05,1.3e-05,7e-06,0.146209,True,0,22.7455
55,53,125,0.000111,2.8e-05,1.4e-05,0.144498,False,0,22.7442
55,54,125,0.00014,3.5e-05,1.7e-05,0.143043,False,0,22.744
55,55,125,4e-05,1e-05,5e-06,0.141762,False,0,22.7457
55,56,125,7.9e-05,2e-05,9e-06,0.140676,False,0,22.7447
55,57,125,0.000143,3.6e-05,1.7e-05,0.139736,False,0,22.7437
55,58,125,0.000172,4.3e-05,2.1e-05,0.138888,False,0,22.7433
55,59,125,0.000158,3.9e-05,1.9e-05,0.138108,False,0,22.7436
55,60,125,0.000161,4e-05,1.9e-05,0.137427,False,0,22.7434
55,61,125,0.000135,3.4e-05,1.6e-05,0.136767,False,0,22.7438
55,62,125,0.000135,3.4e-05,1.6e-05,0.13615,False,0,22.7439
55,63,125,0.000142,3.6e-05,1.6e-05,0.135643,False,0,22.7437
55,64,125,0.000167,4.2e-05,1.9e-05,0.135196,False,0,22.7434
55,65,125,6.6e-05,1.6e-05,8e-06,0.134764,False,0,22.745
55,66,125,5.6e-05,1.4e-05,7e-06,0.134379,False,0,22.7452
55,67,125,0.000194,4.8e-05,2.3e-05,0.134067,False,0,22.743
55,68,125,0.000154,3.9e-05,1.7e-05,0.1337,False,0,22.7436
55,69,125,0.000282,7.1e-05,3.4e-05,0.133367,False,0,22.7422
55,70,125,6.7e-05,1.7e-05,8e-06,0.133053,False,0,22.745
55,71,125,1.6e-05,4e-06,2e-06,0.132771,False,0,22.7464
55,72,125,4e-06,1e-06,0.0,0.132494,False,0,22.748
55,73,125,6.3e-05,1.6e-05,7e-06,0.132278,False,0,22.7451
55,74,125,3.5e-05,9e-06,4e-06,0.132097,False,0,22.7458
55,75,125,7.5e-05,1.9e-05,8e-06,0.131936,False,0,22.7449
55,76,125,3.2e-05,8e-06,4e-06,0.131753,False,0,22.7458
55,77,125,2e-05,5e-06,2e-06,0.131565,False,0,22.7465
55,78,125,4.4e-05,1.1e-05,5e-06,0.131392,False,0,22.7455
55,79,125,6.2e-05,1.5e-05,7e-06,0.131242,False,0,22.745
55,80,125,8.8e-05,2.2e-05,1e-05,0.131131,False,0,22.7446
55,81,125,0.000127,3.2e-05,1.4e-05,0.131042,False,0,22.744
55,82,125,9e-06,2e-06,1e-06,0.130981,False,0,22.7468
55,83,125,1.9e-05,5e-06,2e-06,0.130871,False,0,22.7469
55,84,125,1.2e-05,3e-06,1e-06,0.130726,False,0,22.7465
55,85,125,2.2e-05,5e-06,2e-06,0.130592,False,0,22.7462
55,86,125,4.2e-05,1.1e-05,5e-06,0.130489,False,0,22.7456
55,87,125,3.4e-05,9e-06,3e-06,0.130449,False,0,22.7459
55,88,125,2e-05,5e-06,2e-06,0.130421,False,0,22.7463
55,89,125,3e-05,8e-06,3e-06,0.13031,False,0,22.7463
55,90,125,1.9e-05,5e-06,2e-06,0.130246,False,0,22.7491
55,91,125,3e-06,1e-06,0.0,0.130251,False,0,22.7481
55,92,125,3.2e-05,8e-06,4e-06,0.130255,False,0,22.7491
55,93,125,6e-06,2e-06,1e-06,0.130224,False,0,22.7482
55,94,125,1e-06,0.0,0.0,0.130222,False,0,22.7476
55,95,125,3e-06,0.0,0.0,0.130193,False,0,22.7473
55,96,125,8e-06,2e-06,1e-06,0.130202,False,0,22.7469
55,97,125,5e-06,1e-06,1e-06,0.130212,False,0,22.7479
55,98,125,2.3e-05,6e-06,2e-06,0.130296,False,0,22.7463
55,99,125,4.7e-05,1.2e-05,4e-06,0.130394,False,0,22.7464
55,100,125,6e-06,1e-06,1e-06,0.130424,False,0,22.7469
55,101,125,4e-06,1e-06,1e-06,0.130415,False,0,22.7482
55,102,125,1e-06,0.0,0.0,0.130385,False,0,22.7475
55,103,125,1.2e-05,3e-06,1e-06,0.130437,False,0,22.7467
55,104,125,1.8e-05,5e-06,2e-06,0.130498,False,0,22.7463
55,105,125,1.9e-05,5e-06,2e-06,0.130503,False,0,22.7472
55,106,125,7e-06,2e-06,1e-06,0.130502,False,0,22.7471
55,107,125,1.1e-05,2e-06,1e-06,0.130499,False,0,22.7467
55,108,125,2.4e-05,6e-06,3e-06,0.130566,False,0,22.7461
55,109,125,1.6e-05,4e-06,2e-06,0.130611,False,0,22.7473
55,110,125,9e-06,2e-06,1e-06,0.130696,False,0,22.7485
55,111,125,5.6e-05,1.4e-05,5e-06,0.130788,False,0,22.7499
55,112,125,4e-05,1e-05,5e-06,0.130907,False,0,22.7495
55,113,125,2.2e-05,5e-06,3e-06,0.130923,False,0,22.7492
56,52,99,5.2e-05,1.3e-05,6e-06,0.151699,True,0,22.7455
56,53,98,6.8e-05,1.7e-05,7e-06,0.150087,True,0,22.7459
56,54,97,3e-06,1e-06,0.0,0.148684,True,0,22.748
56,55,96,1.8e-05,4e-06,2e-06,0.147457,True,0,22.7489
56,56,95,4e-06,1e-06,0.0,0.146384,True,0,22.7477
56,57,94,6e-06,2e-06,1e-06,0.145494,False,0,22.7479
56,58,93,8e-06,2e-06,1e-06,0.144695,False,0,22.7471
56,59,92,8e-06,2e-06,1e-06,0.143989,False,0,22.7483
56,60,91,1.6e-05,4e-06,2e-06,0.143316,False,0,22.7488
56,61,90,5e-06,1e-06,1e-06,0.142726,False,0,22.7482
56,62,89,2.2e-05,5e-06,3e-06,0.14213,False,0,22.7492
56,63,88,1e-05,2e-06,1e-06,0.141675,False,0,22.7486
56,64,87,3.6e-05,9e-06,4e-06,0.141303,False,0,22.7467
56,65,86,2.6e-05,7e-06,3e-06,0.141043,False,0,22.7484
56,66,85,5e-06,1e-06,1e-06,0.140716,False,0,22.7472
56,67,84,2.7e-05,7e-06,4e-06,0.140444,False,0,22.7489
56,68,83,4e-06,1e-06,0.0,0.140248,False,0,22.7476
56,69,82,2.1e-05,5e-06,3e-06,0.140086,False,0,22.749
56,70,81,2e-06,0.0,0.0,0.139902,False,0,22.7478
56,71,80,5.9e-05,1.5e-05,8e-06,0.139699,False,0,22.7494
56,72,79,6e-05,1.5e-05,7e-06,0.139575,False,0,22.7502
56,73,78,2.9e-05,7e-06,3e-06,0.139504,False,0,22.7494
56,74,77,4.6e-05,1.2e-05,6e-06,0.139529,False,0,22.7493
56,75,76,3.4e-05,8e-06,3e-06,0.13955,False,0,22.7487
56,76,75,2.4e-05,6e-06,3e-06,0.139514,False,0,22.7488
56,77,74,6.4e-05,1.6e-05,8e-06,0.13945,False,0,22.7503
56,78,73,0.000126,3.2e-05,1.6e-05,0.139384,False,0,22.7512
56,79,72,0.000171,4.3e-05,1.9e-05,0.139413,False,0,22.7519
56,80,71,0.000135,3.4e-05,1.6e-05,0.139457,False,0,22.7514
56,81,70,0.000142,3.5e-05,1.7e-05,0.139518,False,0,22.7516
56,82,69,9.6e-05,2.4e-05,1.1e-05,0.139543,False,0,22.7509
56,83,68,3e-05,7e-06,4e-06,0.139577,False,0,22.7493
56,84,67,7.6e-05,1.9e-05,9e-06,0.139654,False,0,22.7505
56,85,66,8.1e-05,2e-05,1e-05,0.139759,False,0,22.7505
56,86,65,0.000145,3.6e-05,1.7e-05,0.139861,False,0,22.7517
56,87,64,8.1e-05,2e-05,1e-05,0.139999,False,0,22.7506
56,88,63,0.000103,2.6e-05,1.2e-05,0.140169,False,0,22.751
56,89,62,0.000146,3.7e-05,1.8e-05,0.140371,False,0,22.7517
56,90,61,0.000121,3e-05,1.4e-05,0.140533,False,0,22.7513
56,91,60,9.3e-05,2.3e-05,1.2e-05,0.140725,False,0,22.7507
56,92,59,0.000132,3.3e-05,1.6e-05,0.140804,False,0,22.7515
56,93,58,0.000147,3.7e-05,1.8e-05,0.140911,False,0,22.7516
56,94,57,0.000269,6.7e-05,3.4e-05,0.140994,False,0,22.7528
56,95,56,0.000112,2.8e-05,1.3e-05,0.141164,False,0,22.7512
56,96,55,0.000104,2.6e-05,1.3e-05,0.141345,False,0,22.7508
56,97,54,0.000117,2.9e-05,1.4e-05,0.141596,False,0,22.7513
56,98,53,0.000146,3.7e-05,1.7e-05,0.141827,False,0,22.7516
56,99,52,0.000178,4.4e-05,2.2e-05,0.142014,False,0,22.752
56,100,51,0.000193,4.8e-05,2.5e-05,0.142157,False,0,22.752
56,101,50,0.000148,3.7e-05,1.6e-05,0.14231,False,0,22.7516
56,102,49,0.000145,3.6e-05,1.8e-05,0.142507,False,0,22.7516
56,103,48,0.000121,3e-05,1.5e-05,0.142721,False,0,22.751
56,104,47,0.000225,5.7e-05,2.4e-05,0.142955,False,0,22.7525
56,105,46,0.000166,4.1e-05,2.1e-05,0.143225,False,0,22.7517
56,106,45,0.000182,4.6e-05,2.1e-05,0.143476,False,0,22.7521
56,107,44,0.000119,3e-05,1.4e-05,0.143733,False,0,22.7513
56,108,43,0.000124,3.1e-05,1.5e-05,0.144023,False,0,22.7513
56,109,42,0.000123,3.1e-05,1.6e-05,0.144367,False,0,22.7511
56,110,41,0.000165,4.1e-05,2e-05,0.144701,False,0,22.7519
56,111,40,0.000167,4.2e-05,2e-05,0.145078,False,0,22.752
56,112,39,0.000162,4e-05,2e-05,0.145496,False,0,22.7518
56,113,38,0.000244,6.1e-05,2.8e-05,0.145872,True,0,22.7528
56,114,37,0.000167,4.2e-05,2e-05,0.146435,True,0,22.752
56,115,36,0.000136,3.4e-05,1.6e-05,0.146873,True,0,22.7515
56,116,35,0.000109,2.7e-05,1.4e-05,0.147435,True,0,22.751
56,117,34,0.000267,6.7e-05,3.2e-05,0.147803,True,0,22.753
56,118,33,0.000332,8.3e-05,4.1e-05,0.148195,True,0,22.7535
56,119,32,0.0003,7.5e-05,3.5e-05,0.14855,True,0,22.7534
56,120,31,0.000166,4.2e-05,2.1e-05,0.148999,True,0,22.7513
56,121,30,0.000223,5.6e-05,2.7e-05,0.149479,True,0,22.7526
56,122,29,0.000241,6e-05,2.8e-05,0.149974,True,0,22.7528
56,123,28,0.000311,7.8e-05,3.9e-05,0.150514,True,0,22.7533
56,124,27,0.000265,6.7e-05,3.2e-05,0.150968,True,0,22.7531
56,125,26,0.000228,5.7e-05,2.9e-05,0.151442,True,0,22.7524
56,126,25,0.000183,4.6e-05,2.1e-05,0.152013,True,0,22.7521
56,127,24,0.000158,4e-05,2e-05,0.152697,True,0,22.7515
56,128,23,0.000345,8.6e-05,3.9e-05,0.15342,True,0,22.7538
56,129,22,0.000356,8.9e-05,4.2e-05,0.154036,True,0,22.7539
56,130,21,0.000359,9e-05,4.5e-05,0.154611,True,0,22.7537
56,131,20,0.000439,0.00011,5.6e-05,0.155188,True,0,22.7541
56,132,19,0.000484,0.000121,5.4e-05,0.155957,True,0,22.7549
56,133,18,0.000429,0.000107,5e-05,0.156762,True,0,22.7545
56,134,17,0.000342,8.6e-05,4.3e-05,0.157556,True,0,22.7536
56,135,16,0.000352,8.8e-05,4.4e-05,0.158274,True,0,22.7537
56,136,15,0.000373,9.3e-05,4.4e-05,0.158997,True,0,22.7541
57,52,125,1.8e-05,5e-06,2e-06,0.14671,True,0,22.7464
57,53,125,3e-05,8e-06,4e-06,0.144955,False,0,22.7462
57,54,125,3.1e-05,8e-06,4e-06,0.143538,False,0,22.7459
57,55,125,1.1e-05,3e-06,1e-06,0.142295,False,0,22.7467
57,56,125,3.4e-05,8e-06,3e-06,0.141204,False,0,22.7474
57,57,125,6e-06,1e-06,1e-06,0.140197,False,0,22.7483
57,58,125,4e-06,1e-06,0.0,0.139308,False,0,22.7479
57,59,125,2e-06,0.0,0.0,0.138534,False,0,22.7474
57,60,125,1.3e-05,3e-06,1e-06,0.137829,False,0,22.7466
57,61,125,3.6e-05,9e-06,4e-06,0.13723,False,0,22.7458
57,62,125,7.3e-05,1.8e-05,8e-06,0.13663,False,0,22.7451
57,63,125,2e-05,5e-06,3e-06,0.136141,False,0,22.7463
57,64,125,2.8e-05,7e-06,3e-06,0.13574,False,0,22.746
57,65,125,2.1e-05,5e-06,2e-06,0.135373,False,0,22.7463
57,66,125,2.6e-05,6e-06,2e-06,0.135025,False,0,22.7481
57,67,125,1.5e-05,4e-06,2e-06,0.134695,False,0,22.7489
57,68,125,7e-06,1e-06,1e-06,0.1343,False,0,22.7484
57,69,125,5e-06,1e-06,1e-06,0.133958,False,0,22.7484
57,70,125,1.1e-05,3e-06,1e-06,0.133646,False,0,22.7469
57,71,125,2.1e-05,5e-06,2e-06,0.133371,False,0,22.7462
57,72,125,1.4e-05,4e-06,2e-06,0.133118,False,0,22.7468
57,73,125,1.6e-05,4e-06,2e-06,0.132892,False,0,22.7463
57,74,125,3e-06,0.0,0.0,0.132685,False,0,22.7479
57,75,125,2e-06,1e-06,0.0,0.132512,False,0,22.7474
57,76,125,7e-06,2e-06,1e-06,0.13236,False,0,22.7481
57,77,125,3.4e-05,9e-06,3e-06,0.132223,False,0,22.7461
57,78,125,3e-05,7e-06,4e-06,0.132127,False,0,22.7463
57,79,125,4e-05,1e-05,4e-06,0.132023,False,0,22.7458
57,80,125,3.7e-05,9e-06,4e-06,0.131913,False,0,22.746
57,81,125,3.6e-05,9e-06,4e-06,0.131778,False,0,22.7458
57,82,125,3.4e-05,8e-06,4e-06,0.131699,False,0,22.7458
57,83,125,4e-06,1e-06,0.0,0.131656,False,0,22.7475
57,84,125,1e-06,1e-06,0.0,0.131627,False,0,22.748
57,85,125,1.9e-05,5e-06,2e-06,0.131558,False,0,22.7491
57,86,125,1e-05,2e-06,1e-06,0.131566,False,0,22.7485
57,87,125,3e-06,1e-06,0.0,0.131602,False,0,22.7481
57,88,125,1.5e-05,3e-06,1e-06,0.131591,False,0,22.7483
57,89,125,1.4e-05,4e-06,1e-06,0.131541,False,0,22.7471
57,90,125,5e-06,1e-06,1e-06,0.131515,False,0,22.7477
57,91,125,3e-06,1e-06,0.0,0.131468,False,0,22.7478
57,92,125,1.4e-05,3e-06,1e-06,0.131473,False,0,22.747
57,93,125,1e-06,0.0,0.0,0.131464,False,0,22.7477
57,94,125,1.4e-05,3e-06,2e-06,0.131429,False,0,22.7465
57,95,125,5e-06,1e-06,1e-06,0.131454,False,0,22.7473
57,96,125,4e-06,1e-06,1e-06,0.131487,False,0,22.7482
57,97,125,1.2e-05,3e-06,1e-06,0.13151,False,0,22.7487
57,98,125,5.3e-05,1.3e-05,6e-06,0.131506,False,0,22.75
57,99,125,2.4e-05,6e-06,3e-06,0.131517,False,0,22.7492
57,100,125,3.3e-05,8e-06,4e-06,0.131488,False,0,22.7495
57,101,125,2.2e-05,5e-06,2e-06,0.131507,False,0,22.7491
57,102,125,1.9e-05,5e-06,2e-06,0.131587,False,0,22.749
57,103,125,2.9e-05,7e-06,3e-06,0.131678,False,0,22.7494
57,104,125,1.1e-05,3e-06,1e-06,0.13175,False,0,22.7487
57,105,125,1.1e-05,3e-06,1e-06,0.131819,False,0,22.7487
57,106,125,4e-05,1e-05,5e-06,0.131913,False,0,22.7496
57,107,125,3.5e-05,9e-06,3e-06,0.132004,False,0,22.7494
57,108,125,3.3e-05,8e-06,4e-06,0.132072,False,0,22.7492
57,109,125,2.5e-05,6e-06,2e-06,0.132166,False,0,22.7488
57,110,125,1e-05,2e-06,1e-06,0.132253,False,0,22.7484
57,111,125,2e-05,5e-06,2e-06,0.132404,False,0,22.7488
57,112,125,1.9e-05,5e-06,2e-06,0.132483,False,0,22.7488
57,113,125,2.7e-05,7e-06,3e-06,0.132535,False,0,22.7493
57,114,125,1.2e-05,3e-06,1e-06,0.132602,False,0,22.7488
57,115,125,1.3e-05,3e-06,2e-06,0.132701,False,0,22.7486
57,116,125,8e-06,2e-06,1e-06,0.132797,False,0,22.7479
57,117,125,3.6e-05,9e-06,5e-06,0.132896,False,0,22.7487
57,118,125,3e-05,7e-06,3e-06,0.133017,False,0,22.7494
57,119,125,4.8e-05,1.2e-05,6e-06,0.13309,False,0,22.7494
57,120,125,3.6e-05,9e-06,4e-06,0.133199,False,0,22.7495
57,121,125,3.3e-05,8e-06,4e-06,0.133321,False,0,22.7487
57,122,125,3.3e-05,8e-06,4e-06,0.133427,False,0,22.7495
57,123,125,6.8e-05,1.7e-05,7e-06,0.133607,False,0,22.7503
57,124,125,4.7e-05,1.2e-05,6e-06,0.133756,False,0,22.7498
57,125,125,5e-05,1.2e-05,6e-06,0.133909,False,0,22.75
57,126,125,2.3e-05,6e-06,3e-06,0.134001,False,0,22.7492
57,127,125,4e-05,1e-05,4e-06,0.134148,False,0,22.7496
57,128,125,1.6e-05,4e-06,2e-06,0.134322,False,0,22.7489
57,129,125,1e-06,0.0,0.0,0.134447,False,0,22.7479
57,130,125,1.6e-05,4e-06,2e-06,0.134574,False,0,22.7473
57,131,125,2.1e-05,5e-06,3e-06,0.134675,False,0,22.7488
57,132,125,8.7e-05,2.2e-05,9e-06,0.134838,False,0,22.7507
57,133,125,8.1e-05,2e-05,1e-05,0.135045,False,0,22.7504
57,134,125,9.2e-05,2.3e-05,9e-06,0.135225,False,0,22.7505
57,135,125,2.2e-05,5e-06,3e-06,0.135361,False,0,22.7485
57,136,125,3e-06,1e-06,0.0,0.135451,False,0,22.748
57,137,125,3.2e-05,8e-06,4e-06,0.135575,False,0,22.7489
57,138,125,1.4e-05,3e-06,2e-06,0.135746,False,0,22.7484
57,139,124,3.1e-05,8e-06,4e-06,0.135918,False,0,22.7495
57,140,123,2.5e-05,6e-06,3e-06,0.136091,False,0,22.7477
57,141,122,3.8e-05,1e-05,5e-06,0.136335,False,0,22.7494
57,142,121,8.1e-05,2e-05,1e-05,0.136564,False,0,22.7503
57,143,120,0.000126,3.2e-05,1.4e-05,0.136745,False,0,22.7514
57,144,119,4.8e-05,1.2e-05,6e-06,0.136946,False,0,22.7493
57,145,118,4.5e-05,1.1e-05,6e-06,0.1371,False,0,22.7497
57,146,117,7e-06,2e-06,1e-06,0.137254,False,0,22.7485
57,147,116,2.6e-05,6e-06,3e-06,0.137387,False,0,22.7486
57,148,115,1.1e-05,3e-06,1e-06,0.137498,False,0,22.7483
57,149,114,6e-05,1.5e-05,8e-06,0.13764,False,0,22.7495
57,150,113,2.3e-05,6e-06,3e-06,0.137831,False,0,22.749
57,151,112,2e-05,5e-06,3e-06,0.137998,False,0,22.749
57,152,111,5.6e-05,1.4e-05,7e-06,0.13816,False,0,22.7488
57,153,110,2.9e-05,7e-06,4e-06,0.138314,False,0,22.7494
57,154,109,4.9e-05,1.2e-05,6e-06,0.138531,False,0,22.7498
57,155,108,8.9e-05,2.2e-05,1.1e-05,0.138717,False,0,22.7507
57,156,107,8.5e-05,2.1e-05,1.1e-05,0.138848,False,0,22.7506
57,157,106,9.8e-05,2.5e-05,1.3e-05,0.139033,False,0,22.7501
57,158,105,4e-05,1e-05,4e-06,0.139266,False,0,22.7497
57,159,104,4.3e-05,1.1e-05,5e-06,0.139484,False,0,22.7497
57,160,103,6.3e-05,1.6e-05,8e-06,0.139734,False,0,22.7501
58,52,125,0.000144,3.6e-05,1.6e-05,0.14634,True,0,22.7437
58,53,125,0.000112,2.8e-05,1.3e-05,0.144681,False,0,22.7443
58,54,125,0.000222,5.6e-05,2.5e-05,0.143228,False,0,22.7427
58,55,125,0.000156,3.9e-05,1.9e-05,0.141979,False,0,22.7437
58,56,125,0.000289,7.2e-05,3.1e-05,0.140914,False,0,22.7421
58,57,125,0.000122,3e-05,1.3e-05,0.140037,False,0,22.7441
58,58,125,7.9e-05,2e-05,9e-06,0.139182,False,0,22.7448
58,59,125,0.000126,3.1e-05,1.5e-05,0.138456,False,0,22.7439
58,60,125,0.000168,4.2e-05,2e-05,0.137774,False,0,22.7434
58,61,125,0.000228,5.7e-05,2.8e-05,0.137203,False,0,22.7428
58,62,125,0.000164,4.1e-05,1.9e-05,0.136628,False,0,22.7434
58,63,125,5.6e-05,1.4e-05,7e-06,0.136093,False,0,22.7453
58,64,125,9.6e-05,2.4e-05,1.1e-05,0.135587,False,0,22.7445
58,65,125,5.2e-05,1.3e-05,6e-06,0.135156,False,0,22.7454
58,66,125,9e-05,2.3e-05,1e-05,0.134696,False,0,22.7445
58,67,125,0.000113,2.8e-05,1.4e-05,0.134274,False,0,22.7443
58,68,125,0.000137,3.4e-05,1.4e-05,0.133895,False,0,22.7441
58,69,125,2.9e-05,7e-06,4e-06,0.133574,False,0,22.7459
58,70,125,4.6e-05,1.2e-05,5e-06,0.133316,False,0,22.7454
58,71,125,1e-06,0.0,0.0,0.133157,False,0,22.7478
58,72,125,9e-06,2e-06,1e-06,0.132997,False,0,22.7471
58,73,125,9e-06,2e-06,1e-06,0.132827,False,0,22.7475
58,74,125,8.6e-05,2.1e-05,9e-06,0.132647,False,0,22.7447
58,75,125,5.7e-05,1.4e-05,6e-06,0.13245,False,0,22.7452
58,76,125,0.000111,2.8e-05,1.2e-05,0.132248,False,0,22.7442
58,77,125,3.3e-05,9e-06,4e-06,0.132021,False,0,22.7459
58,78,125,2.7e-05,7e-06,3e-06,0.131867,False,0,22.7463
58,79,125,1.7e-05,4e-06,2e-06,0.131731,False,0,22.7463
58,80,125,6e-06,1e-06,1e-06,0.131618,False,0,22.747
58,81,125,6e-06,1e-06,1e-06,0.131496,False,0,22.747
58,82,125,1.7e-05,4e-06,2e-06,0.131409,False,0,22.7463
58,83,125,1.6e-05,4e-06,2e-06,0.131329,False,0,22.7464
58,84,125,5.4e-05,1.4e-05,6e-06,0.131231,False,0,22.7453
58,85,125,5.8e-05,1.5e-05,7e-06,0.131186,False,0,22.7451
58,86,125,3.5e-05,9e-06,4e-06,0.131152,False,0,22.7457
58,87,125,8e-05,2e-05,1e-05,0.131099,False,0,22.745
58,88,125,5.1e-05,1.3e-05,6e-06,0.131023,False,0,22.7453
58,89,124,3.1e-05,8e-06,4e-06,0.131003,False,0,22.7458
58,90,123,1.5e-05,4e-06,2e-06,0.130956,False,0,22.7465
58,91,122,2e-06,1e-06,0.0,0.130976,False,0,22.7476
58,92,121,1e-06,0.0,0.0,0.130902,False,0,22.7475
58,93,120,4e-06,1e-06,0.0,0.130819,False,0,22.7471
58,94,119,1.6e-05,4e-06,2e-06,0.130761,False,0,22.7464
58,95,118,1.8e-05,4e-06,2e-06,0.130721,False,0,22.7464
58,96,117,1e-05,2e-06,1e-06,0.130657,False,0,22.747
58,97,116,1.6e-05,4e-06,2e-06,0.130557,False,0,22.7465
58,98,115,4.1e-05,1e-05,4e-06,0.130521,False,0,22.7457
58,99,114,8e-06,2e-06,1e-06,0.130537,False,0,22.7472
58,100,113,1.5e-05,4e-06,2e-06,0.130571,False,0,22.7464
58,101,112,7e-06,2e-06,1e-06,0.130577,False,0,22.747
58,102,111,5e-06,1e-06,1e-06,0.130614,False,0,22.747
58,103,110,2.6e-05,6e-06,3e-06,0.130637,False,0,22.7461
58,104,109,6.6e-05,1.6e-05,8e-06,0.130696,False,0,22.745
58,105,108,6.9e-05,1.7e-05,7e-06,0.13076,False,0,22.7455
58,106,107,1.4e-05,4e-06,2e-06,0.130798,False,0,22.7465
58,107,106,3.3e-05,8e-06,4e-06,0.130796,False,0,22.7459
58,108,105,6e-06,1e-06,1e-06,0.130792,False,0,22.7472
58,109,104,3.8e-05,9e-06,4e-06,0.130798,False,0,22.7467
58,110,103,2e-05,5e-06,2e-06,0.130843,False,0,22.7485
58,111,102,7e-06,2e-06,1e-06,0.130934,False,0,22.7471
58,112,101,1.9e-05,5e-06,2e-06,0.131024,False,0,22.7463
58,113,100,2.4e-05,6e-06,2e-06,0.131073,False,0,22.7464
58,114,99,3e-06,1e-06,0.0,0.1311,False,0,22.7476
58,115,98,4.2e-05,1.1e-05,5e-06,0.131111,False,0,22.7478
58,116,97,2e-06,0.0,0.0,0.131164,False,0,22.7479
58,117,96,1e-06,0.0,0.0,0.131237,False,0,22.7478
58,118,95,3e-06,1e-06,0.0,0.131342,False,0,22.7478
58,119,94,1.6e-05,4e-06,2e-06,0.131467,False,0,22.7485
58,120,93,1.6e-05,4e-06,1e-06,0.131641,False,0,22.7487
58,121,92,8e-06,2e-06,1e-06,0.131707,False,0,22.7473
58,122,91,2e-06,1e-06,0.0,0.131786,False,0,22.7474
58,123,90,3.3e-05,8e-06,3e-06,0.131824,False,0,22.7462
58,124,89,1.3e-05,3e-06,2e-06,0.131879,False,0,22.7484
58,125,88,2e-06,1e-06,0.0,0.132025,False,0,22.748
58,126,87,1e-06,0.0,0.0,0.132176,False,0,22.7478
58,127,86,2.7e-05,7e-06,3e-06,0.132347,False,0,22.7477
58,128,85,1.5e-05,4e-06,2e-06,0.13247,False,0,22.7489
58,129,84,1.2e-05,3e-06,1e-06,0.132602,False,0,22.7487
58,130,83,3e-05,8e-06,4e-06,0.132774,False,0,22.749
58,131,82,3.6e-05,9e-06,5e-06,0.13291,False,0,22.7496
58,132,81,3.3e-05,8e-06,4e-06,0.132997,False,0,22.7495
58,133,80,7e-06,2e-06,1e-06,0.133078,False,0,22.7485
58,134,79,4.6e-05,1.2e-05,6e-06,0.133207,False,0,22.7495
58,135,78,2.1e-05,5e-06,2e-06,0.133276,False,0,22.7491
58,136,77,6.2e-05,1.5e-05,8e-06,0.133391,False,0,22.7501
58,137,76,9e-06,2e-06,1e-06,0.13355,False,0,22.7486
58,138,75,4.9e-05,1.3e-05,6e-06,0.133765,False,0,22.7484
58,139,74,2.1e-05,5e-06,2e-06,0.133949,False,0,22.7489
58,140,73,4.6e-05,1.2e-05,6e-06,0.134154,False,0,22.7494
58,141,72,1.4e-05,4e-06,2e-06,0.13432,False,0,22.7489
58,142,71,1e-06,0.0,0.0,0.134518,False,0,22.7476
58,143,70,1.4e-05,3e-06,2e-06,0.134702,False,0,22.748
58,144,69,3e-05,8e-06,4e-06,0.134882,False,0,22.7492
58,145,68,2.9e-05,7e-06,3e-06,0.135072,False,0,22.7494
58,146,67,1.6e-05,4e-06,2e-06,0.135267,False,0,22.7489
58,147,66,3.9e-05,1e-05,5e-06,0.135489,False,0,22.7497
58,148,65,6.3e-05,1.6e-05,8e-06,0.135725,False,0,22.7499
58,149,64,0.000118,3e-05,1.3e-05,0.135935,False,0,22.7512
58,150,63,7.1e-05,1.8e-05,8e-06,0.136178,False,0,22.7505
58,151,62,7.3e-05,1.9e-05,9e-06,0.136393,False,0,22.7505
58,152,61,8.5e-05,2.1e-05,1.1e-05,0.136624,False,0,22.7503
58,153,60,9.1e-05,2.3e-05,1.1e-05,0.136851,False,0,22.7507
58,154,59,0.000179,4.5e-05,1.9e-05,0.137111,False,0,22.752
58,155,58,7.1e-05,1.8e-05,8e-06,0.137378,False,0,22.7504
58,156,57,0.000126,3.1e-05,1.4e-05,0.137593,False,0,22.7514
58,157,56,0.000131,3.3e-05,1.6e-05,0.137829,False,0,22.7513
58,158,55,0.00011,2.8e-05,1.2e-05,0.138071,False,0,22.751
58,159,54,4.5e-05,1.1e-05,6e-06,0.13829,False,0,22.749
58,160,53,8.6e-05,2.1e-05,1.1e-05,0.138517,False,0,22.7495
58,161,52,7.1e-05,1.8e-05,9e-06,0.138709,False,0,22.7503
58,162,51,1e-04,2.5e-05,1.2e-05,0.13902,False,0,22.7509
58,163,50,0.00021,5.3e-05,2.2e-05,0.139365,False,0,22.7524
58,164,49,0.000189,4.7e-05,2.4e-05,0.139729,False,0,22.7512
58,165,48,0.000142,3.6e-05,1.8e-05,0.139993,False,0,22.7515
58,166,47,7.7e-05,1.9e-05,1e-05,0.140257,False,0,22.7504
58,167,46,7.5e-05,1.9e-05,8e-06,0.140603,False,0,22.7505
58,168,45,0.000197,4.9e-05,2.2e-05,0.141023,False,0,22.7523
58,169,44,0.000133,3.3e-05,1.7e-05,0.141387,False,0,22.7512
58,170,43,0.000208,5.2e-05,2.5e-05,0.141679,False,0,22.7524
58,171,42,0.000166,4.2e-05,2e-05,0.141936,False,0,22.7519
58,172,41,0.000315,7.9e-05,3.6e-05,0.142212,False,0,22.7536
58,173,40,0.000246,6.2e-05,3e-05,0.142563,False,0,22.7528
58,174,39,0.000345,8.6e-05,4.2e-05,0.142896,False,0,22.7537
58,175,38,0.000294,7.4e-05,3.6e-05,0.14327,False,0,22.7533
58,176,37,0.000278,6.9e-05,3.3e-05,0.14373,False,0,22.7532
59,52,125,0.000112,2.8e-05,1.4e-05,0.150101,True,0,22.7444
59,53,125,0.000224,5.6e-05,2.7e-05,0.148392,True,0,22.7427
59,54,125,0.000282,7e-05,3.3e-05,0.146995,True,0,22.7421
59,55,125,0.000481,0.00012,5.7e-05,0.145761,False,0,22.7405
59,56,125,0.00038,9.5e-05,4.3e-05,0.144697,False,0,22.7412
59,57,125,0.000242,6.1e-05,3e-05,0.143751,False,0,22.7426
59,58,125,0.000187,4.7e-05,2.2e-05,0.142928,False,0,22.7431
59,59,125,0.000214,5.4e-05,2.5e-05,0.142097,False,0,22.7428
59,60,125,0.000128,3.2e-05,1.6e-05,0.141367,False,0,22.7441
59,61,125,9.7e-05,2.4e-05,1.1e-05,0.140649,False,0,22.7444
59,62,125,0.000151,3.8e-05,1.9e-05,0.140028,False,0,22.7437
59,63,125,0.000164,4.1e-05,2e-05,0.139449,False,0,22.7435
59,64,125,0.000291,7.3e-05,3.4e-05,0.138919,False,0,22.742
59,65,125,0.000211,5.3e-05,2.6e-05,0.138427,False,0,22.7429
59,66,125,0.000153,3.8e-05,1.8e-05,0.137955,False,0,22.7436
59,67,125,0.000176,4.4e-05,2.1e-05,0.137513,False,0,22.7432
59,68,125,8.7e-05,2.2e-05,9e-06,0.137095,False,0,22.7446
59,69,125,9.8e-05,2.5e-05,1.2e-05,0.136703,False,0,22.7444
59,70,125,9.8e-05,2.4e-05,1.1e-05,0.136372,False,0,22.7444
59,71,125,6.2e-05,1.5e-05,7e-06,0.136056,False,0,22.7451
59,72,125,0.000153,3.8e-05,1.8e-05,0.135791,False,0,22.7436
59,73,125,7.7e-05,1.9e-05,9e-06,0.135532,False,0,22.7448
59,74,125,5.7e-05,1.4e-05,7e-06,0.135296,False,0,22.7453
59,75,125,2.1e-05,5e-06,3e-06,0.135024,False,0,22.7463
59,76,125,1.9e-05,5e-06,2e-06,0.134822,False,0,22.7463
59,77,125,8.2e-05,2.1e-05,1e-05,0.134644,False,0,22.7447
59,78,125,0.000205,5.1e-05,2.5e-05,0.134462,False,0,22.743
59,79,125,0.000209,5.2e-05,2.3e-05,0.134293,False,0,22.7429
59,80,125,0.00022,5.5e-05,2.6e-05,0.134144,False,0,22.7427
59,81,125,0.000256,6.4e-05,2.9e-05,0.134015,False,0,22.7424
59,82,125,0.000264,6.6e-05,3e-05,0.133924,False,0,22.7423
59,83,125,0.000127,3.2e-05,1.4e-05,0.133794,False,0,22.744
59,84,124,0.00019,4.8e-05,2.3e-05,0.133667,False,0,22.7432
59,85,123,0.000114,2.9e-05,1.4e-05,0.133565,False,0,22.7442
59,86,122,0.000159,4e-05,1.7e-05,0.133525,False,0,22.7437
59,87,121,3.2e-05,8e-06,4e-06,0.133501,False,0,22.7458
59,88,120,1e-05,3e-06,1e-06,0.133421,False,0,22.7467
59,89,119,1.5e-05,4e-06,1e-06,0.133342,False,0,22.7478
59,90,118,3.6e-05,9e-06,4e-06,0.133235,False,0,22.7458
59,91,117,1.4e-05,4e-06,2e-06,0.133143,False,0,22.7465
59,92,116,4e-05,1e-05,5e-06,0.133085,False,0,22.7464
59,93,115,2.7e-05,7e-06,3e-06,0.133014,False,0,22.7462
59,94,114,0.000105,2.6e-05,1.3e-05,0.132951,False,0,22.7446
60,52,125,1.4e-05,3e-06,2e-06,0.145902,True,0,22.7466
60,53,125,0.000111,2.8e-05,1.3e-05,0.144229,False,0,22.7443
60,54,125,7.7e-05,1.9e-05,8e-06,0.14281,False,0,22.7452
60,55,125,2.2e-05,5e-06,3e-06,0.141578,False,0,22.7462
60,56,125,1.7e-05,4e-06,2e-06,0.140452,False,0,22.7464
60,57,125,0.000103,2.6e-05,1.2e-05,0.13945,False,0,22.7445
60,58,125,4e-05,1e-05,5e-06,0.138579,False,0,22.7457
60,59,125,4.7e-05,1.2e-05,6e-06,0.137789,False,0,22.7454
60,60,125,2.8e-05,7e-06,3e-06,0.137118,False,0,22.746
60,61,125,1.4e-05,3e-06,2e-06,0.136481,False,0,22.7465
60,62,125,3.9e-05,1e-05,4e-06,0.135878,False,0,22.7465
60,63,125,4.9e-05,1.2e-05,5e-06,0.135355,False,0,22.7455
60,64,125,1.1e-05,3e-06,1e-06,0.134836,False,0,22.7467
60,65,125,2.3e-05,6e-06,3e-06,0.134392,False,0,22.7465
60,66,125,1.3e-05,3e-06,2e-06,0.133974,False,0,22.7468
60,67,125,1.3e-05,3e-06,2e-06,0.133637,False,0,22.7466
60,68,125,2e-06,1e-06,0.0,0.133285,False,0,22.7478
60,69,125,1.4e-05,3e-06,1e-06,0.132964,False,0,22.7474
60,70,125,8e-06,2e-06,1e-06,0.132659,False,0,22.7471
60,71,125,2.1e-05,5e-06,2e-06,0.132392,False,0,22.7462
60,72,125,4e-06,1e-06,0.0,0.132159,False,0,22.7483
60,73,125,1.1e-05,3e-06,2e-06,0.131957,False,0,22.7485
60,74,125,4e-05,1e-05,3e-06,0.13181,False,0,22.749
60,75,125,9e-06,2e-06,1e-06,0.131673,False,0,22.7469
60,76,125,2.6e-05,7e-06,3e-06,0.131487,False,0,22.7472
60,77,125,2.5e-05,6e-06,3e-06,0.131324,False,0,22.746
60,78,125,5.6e-05,1.4e-05,7e-06,0.131164,False,0,22.7452
60,79,125,3.4e-05,8e-06,3e-06,0.131083,False,0,22.7465
60,80,125,1.1e-05,3e-06,1e-06,0.130994,False,0,22.7469
60,81,125,1.2e-05,3e-06,1e-06,0.130944,False,0,22.7476
60,82,125,7e-06,2e-06,1e-06,0.130864,False,0,22.7477
60,83,125,1.9e-05,5e-06,2e-06,0.130791,False,0,22.7466
60,84,125,2e-06,0.0,0.0,0.130716,False,0,22.7474
60,85,125,2e-06,1e-06,0.0,0.130645,False,0,22.7474
60,86,125,5.1e-05,1.3e-05,5e-06,0.130611,False,0,22.7497
60,87,125,0.0,0.0,0.0,0.130603,False,0,22.7477
60,88,125,1e-06,0.0,0.0,0.130607,False,0,22.7474
60,89,125,3.1e-05,8e-06,3e-06,0.130634,False,0,22.7459
60,90,125,7e-06,2e-06,1e-06,0.13065,False,0,22.7472
60,91,125,4.1e-05,1e-05,4e-06,0.130633,False,0,22.747
60,92,125,2.5e-05,6e-06,2e-06,0.130662,False,0,22.7479
60,93,125,2e-06,0.0,0.0,0.130714,False,0,22.7477
60,94,125,1.2e-05,3e-06,2e-06,0.130716,False,0,22.7486
60,95,125,1.9e-05,5e-06,2e-06,0.130768,False,0,22.7491
60,96,125,2.6e-05,6e-06,3e-06,0.130846,False,0,22.7493
60,97,125,3.1e-05,7e-06,3e-06,0.130884,False,0,22.7494
60,98,125,4.7e-05,1.2e-05,4e-06,0.130912,False,0,22.7497
60,99,125,2.3e-05,6e-06,3e-06,0.131013,False,0,22.7487
60,100,125,1.7e-05,4e-06,2e-06,0.131081,False,0,22.7479
60,101,125,3e-06,1e-06,0.0,0.131114,False,0,22.7474
60,102,125,2e-06,0.0,0.0,0.131127,False,0,22.7479
60,103,125,1.3e-05,3e-06,1e-06,0.131161,False,0,22.7488
60,104,125,3.8e-05,9e-06,4e-06,0.131208,False,0,22.7497
60,105,125,1.4e-05,3e-06,2e-06,0.131281,False,0,22.7481
60,106,125,3.4e-05,9e-06,4e-06,0.131344,False,0,22.7496
60,107,125,2e-05,5e-06,3e-06,0.131447,False,0,22.7489
60,108,125,1.3e-05,3e-06,1e-06,0.13153,False,0,22.7487
60,109,125,7e-06,2e-06,1e-06,0.131644,False,0,22.7483
60,110,125,7e-06,2e-06,1e-06,0.131721,False,0,22.7478
60,111,125,4.4e-05,1.1e-05,5e-06,0.131823,False,0,22.7484
60,112,125,1.2e-05,3e-06,1e-06,0.131909,False,0,22.7485
60,113,125,4.4e-05,1.1e-05,5e-06,0.131986,False,0,22.7484
60,114,125,1e-05,3e-06,1e-06,0.13201,False,0,22.7486
60,115,125,6e-06,2e-06,1e-06,0.132081,False,0,22.7482
60,116,125,7e-06,1e-06,1e-06,0.13213,False,0,22.7481
60,117,125,9e-06,2e-06,1e-06,0.132206,False,0,22.7486
60,118,125,3.6e-05,9e-06,5e-06,0.132254,False,0,22.7495
60,119,125,3.2e-05,8e-06,4e-06,0.132312,False,0,22.7495
60,120,125,1.7e-05,4e-06,2e-06,0.132364,False,0,22.749
60,121,125,3.6e-05,9e-06,4e-06,0.132493,False,0,22.7496
60,122,125,4.8e-05,1.2e-05,5e-06,0.132595,False,0,22.7499
60,123,124,2.6e-05,7e-06,3e-06,0.132745,False,0,22.7487
60,124,123,2e-06,0.0,0.0,0.132842,False,0,22.748
60,125,122,5e-06,1e-06,1e-06,0.132984,False,0,22.7471
60,126,121,1.8e-05,4e-06,2e-06,0.133139,False,0,22.749
60,127,120,8e-05,2e-05,1e-05,0.133294,False,0,22.7506
60,128,119,8.6e-05,2.2e-05,1e-05,0.133449,False,0,22.7507
60,129,118,0.000115,2.9e-05,1.4e-05,0.133588,False,0,22.7512
60,130,117,0.000119,3e-05,1.4e-05,0.133785,False,0,22.7513
60,131,116,5.5e-05,1.4e-05,6e-06,0.133986,False,0,22.7501
60,132,115,9e-06,2e-06,1e-06,0.134115,False,0,22.7484
60,133,114,2.4e-05,6e-06,3e-06,0.13426,False,0,22.749
60,134,113,2.8e-05,7e-06,4e-06,0.134401,False,0,22.7493
60,135,112,2e-05,5e-06,2e-06,0.134569,False,0,22.7486
60,136,111,6.3e-05,1.6e-05,8e-06,0.134731,False,0,22.7498
60,137,110,0.000174,4.3e-05,2.1e-05,0.134865,False,0,22.7519
60,138,109,0.000187,4.7e-05,2.1e-05,0.135016,False,0,22.7522
60,139,108,9.1e-05,2.3e-05,1.1e-05,0.135209,False,0,22.7508
60,140,107,1e-05,2e-06,1e-06,0.13536,False,0,22.7486
60,141,106,2.8e-05,7e-06,4e-06,0.135525,False,0,22.7494
60,142,105,4.2e-05,1e-05,5e-06,0.135623,False,0,22.7494
60,143,104,4.7e-05,1.2e-05,5e-06,0.135724,False,0,22.7499
60,144,103,5.2e-05,1.3e-05,7e-06,0.135889,False,0,22.7499
60,145,102,3e-05,7e-06,4e-06,0.136061,False,0,22.7494
60,146,101,3.8e-05,9e-06,5e-06,0.136198,False,0,22.7492
60,147,100,3.8e-05,1e-05,5e-06,0.136358,False,0,22.7496
61,52,125,0.000142,3.5e-05,1.8e-05,0.149807,True,0,22.7439
61,53,125,0.000192,4.8e-05,2.3e-05,0.148083,True,0,22.7431
61,54,125,0.00012,3e-05,1.4e-05,0.146575,True,0,22.744
61,55,125,0.000238,5.9e-05,2.9e-05,0.145317,False,0,22.7427
61,56,124,0.00036,9e-05,4.2e-05,0.144159,False,0,22.7414
61,57,123,0.000273,6.8e-05,3.2e-05,0.143193,False,0,22.7422
61,58,122,0.00011,2.7e-05,1.4e-05,0.142328,False,0,22.7444
61,59,121,0.000106,2.7e-05,1.3e-05,0.141448,False,0,22.7443
61,60,120,0.000113,2.8e-05,1.4e-05,0.140646,False,0,22.7443
61,61,119,0.000115,2.9e-05,1.4e-05,0.139894,False,0,22.7441
61,62,118,8.7e-05,2.2e-05,1e-05,0.139148,False,0,22.7446
61,63,117,0.000141,3.5e-05,1.6e-05,0.138537,False,0,22.7437
61,64,116,0.000192,4.8e-05,2.3e-05,0.137901,False,0,22.743
61,65,115,0.000152,3.8e-05,1.9e-05,0.137375,False,0,22.7439
61,66,114,4.6e-05,1.1e-05,5e-06,0.136958,False,0,22.7454
61,67,113,8.2e-05,2e-05,1e-05,0.136584,False,0,22.7449
61,68,112,2.5e-05,6e-06,3e-06,0.136237,False,0,22.7461
61,69,111,7.4e-05,1.9e-05,9e-06,0.135934,False,0,22.7451
61,70,110,3.1e-05,8e-06,4e-06,0.135623,False,0,22.7459
61,71,109,0.000128,3.2e-05,1.6e-05,0.135307,False,0,22.744
61,72,108,0.000122,3.1e-05,1.4e-05,0.134983,False,0,22.744
61,73,107,0.000105,2.6e-05,1.1e-05,0.134758,False,0,22.7444
61,74,106,6e-05,1.5e-05,7e-06,0.134557,False,0,22.7453
61,75,105,4.3e-05,1.1e-05,5e-06,0.134394,False,0,22.7455
61,76,104,1.2e-05,3e-06,1e-06,0.134258,False,0,22.7466
61,77,103,7.1e-05,1.8e-05,9e-06,0.134139,False,0,22.7451
61,78,102,2.1e-05,5e-06,3e-06,0.134003,False,0,22.7463
61,79,101,4e-05,1e-05,5e-06,0.133855,False,0,22.7457
61,80,100,1e-05,2e-06,1e-06,0.133697,False,0,22.7467
61,81,99,1.8e-05,4e-06,2e-06,0.133547,False,0,22.7463
61,82,98,5e-05,1.3e-05,6e-06,0.133359,False,0,22.7466
61,83,97,1.8e-05,4e-06,2e-06,0.133221,False,0,22.7463
61,84,96,7e-06,2e-06,1e-06,0.133131,False,0,22.7469
61,85,95,2e-05,5e-06,2e-06,0.133049,False,0,22.7463
61,86,94,8e-06,2e-06,1e-06,0.132933,False,0,22.7479
61,87,93,5e-06,1e-06,1e-06,0.132871,False,0,22.7473
61,88,92,4e-06,1e-06,1e-06,0.1328,False,0,22.747
61,89,91,3.4e-05,8e-06,4e-06,0.132809,False,0,22.7465
61,90,90,7e-06,1e-06,1e-06,0.132757,False,0,22.747
61,91,89,1.3e-05,3e-06,2e-06,0.132628,False,0,22.7467
61,92,88,1.3e-05,3e-06,2e-06,0.132471,False,0,22.7467
61,93,87,1.2e-05,3e-06,1e-06,0.132364,False,0,22.7469
61,94,86,1.9e-05,5e-06,2e-06,0.132306,False,0,22.7463
61,95,85,2.5e-05,6e-06,3e-06,0.132195,False,0,22.7465
61,96,84,4e-05,1e-05,5e-06,0.13213,False,0,22.7461
61,97,83,1.5e-05,4e-06,2e-06,0.132102,False,0,22.7467
61,98,82,5.7e-05,1.4e-05,5e-06,0.132096,False,0,22.7476
61,99,81,1e-06,0.0,0.0,0.132077,False,0,22.7479
61,100,80,1.8e-05,5e-06,2e-06,0.132056,False,0,22.7488
61,101,79,3.2e-05,8e-06,3e-06,0.132043,False,0,22.7481
61,102,78,1e-06,0.0,0.0,0.132007,False,0,22.7477
61,103,77,2e-06,0.0,0.0,0.13197,False,0,22.7473
61,104,76,4e-06,1e-06,0.0,0.131918,False,0,22.7479
61,105,75,6e-06,1e-06,1e-06,0.131827,False,0,22.7481
61,106,74,3e-06,1e-06,0.0,0.131811,False,0,22.748
61,107,73,2.9e-05,7e-06,4e-06,0.131798,False,0,22.7494
61,108,72,7.1e-05,1.8e-05,6e-06,0.13178,False,0,22.7498
61,109,71,3.4e-05,8e-06,3e-06,0.131789,False,0,22.7494
61,110,70,1.2e-05,3e-06,1e-06,0.131788,False,0,22.7487
61,111,69,6e-06,1e-06,1e-06,0.131871,False,0,22.7484
61,112,68,4.9e-05,1.2e-05,5e-06,0.131929,False,0,22.7499
61,113,67,8.3e-05,2.1e-05,8e-06,0.131972,False,0,22.7501
61,114,66,3.4e-05,8e-06,4e-06,0.13202,False,0,22.7496
61,115,65,5e-05,1.2e-05,4e-06,0.132089,False,0,22.7487
61,116,64,6e-06,1e-06,1e-06,0.132177,False,0,22.7482
61,117,63,9e-06,2e-06,1e-06,0.132215,False,0,22.7483
61,118,62,4.4e-05,1.2e-05,4e-06,0.132246,False,0,22.7495
61,119,61,5e-05,1.2e-05,5e-06,0.132298,False,0,22.7495
61,120,60,2.8e-05,7e-06,4e-06,0.132384,False,0,22.7493
61,121,59,2.4e-05,6e-06,2e-06,0.132445,False,0,22.7486
61,122,58,2e-05,5e-06,2e-06,0.132557,False,0,22.7485
61,123,57,1.6e-05,4e-06,2e-06,0.13266,False,0,22.7478
61,124,56,5e-06,1e-06,1e-06,0.132809,False,0,22.7483
61,125,55,2e-06,0.0,0.0,0.132846,False,0,22.748
61,126,54,8.4e-05,2.1e-05,1e-05,0.132904,False,0,22.7507
61,127,53,4.4e-05,1.1e-05,4e-06,0.132976,False,0,22.7495
61,128,52,8e-05,2e-05,9e-06,0.133036,False,0,22.7506
61,129,51,2.1e-05,5e-06,2e-06,0.133106,False,0,22.7491
61,130,50,4.8e-05,1.2e-05,6e-06,0.13318,False,0,22.7499
61,131,49,8.4e-05,2.1e-05,9e-06,0.133301,False,0,22.7507
61,132,48,0.000137,3.4e-05,1.4e-05,0.133437,False,0,22.7514
61,133,47,6.6e-05,1.7e-05,7e-06,0.133567,False,0,22.7504
61,134,46,6.6e-05,1.7e-05,8e-06,0.13368,False,0,22.7502
61,135,45,7.6e-05,1.9e-05,7e-06,0.133866,False,0,22.75
61,136,44,4.3e-05,1.1e-05,4e-06,0.134007,False,0,22.7497
61,137,43,6.2e-05,1.6e-05,7e-06,0.134098,False,0,22.7502
61,138,42,9.8e-05,2.5e-05,1.1e-05,0.134188,False,0,22.751
61,139,41,7.7e-05,1.9e-05,9e-06,0.134318,False,0,22.7505
61,140,40,5.7e-05,1.4e-05,6e-06,0.134484,False,0,22.7502
61,141,39,0.000124,3.1e-05,1.5e-05,0.134666,False,0,22.7514
61,142,38,0.000148,3.7e-05,1.6e-05,0.134893,False,0,22.7516
61,143,37,0.000288,7.2e-05,3.4e-05,0.135107,False,0,22.7533
61,144,36,0.000316,7.9e-05,3.6e-05,0.135341,False,0,22.7536
61,145,35,0.000295,7.4e-05,3.2e-05,0.135643,False,0,22.7533
61,146,34,0.000183,4.6e-05,1.9e-05,0.135979,False,0,22.7519
61,147,33,9.5e-05,2.4e-05,1.2e-05,0.136293,False,0,22.7504
61,148,32,0.000122,3.1e-05,1.4e-05,0.136651,False,0,22.7513
61,149,31,0.000233,5.8e-05,2.6e-05,0.13702,False,0,22.7527
61,150,30,0.000259,6.5e-05,2.9e-05,0.137361,False,0,22.753
61,151,29,0.000329,8.2e-05,3.9e-05,0.137746,False,0,22.7537
61,152,28,0.000246,6.2e-05,2.8e-05,0.138127,False,0,22.7529
61,153,27,0.000435,0.000109,5e-05,0.13851,False,0,22.7546
61,154,26,0.000282,7e-05,3.3e-05,0.138928,False,0,22.7532
61,155,25,0.000366,9.2e-05,3.9e-05,0.139361,False,0,22.7539
61,156,24,0.000269,6.7e-05,3.1e-05,0.13983,False,0,22.7531
61,157,23,0.000411,0.000103,4.9e-05,0.140295,False,0,22.7544
61,158,22,0.00035,8.8e-05,4.2e-05,0.140797,False,0,22.7538
61,159,21,0.000451,0.000113,5.3e-05,0.1413,False,0,22.7547
62,52,125,0.000308,7.7e-05,3.7e-05,0.152075,True,0,22.742
62,53,125,0.000427,0.000107,5e-05,0.150427,True,0,22.7408
62,54,125,0.000244,6.1e-05,2.9e-05,0.149011,True,0,22.7425
62,55,125,0.000308,7.7e-05,3.6e-05,0.147743,True,0,22.7418
62,56,125,0.000261,6.5e-05,3.1e-05,0.146611,True,0,22.7423
62,57,125,0.000322,8.1e-05,3.9e-05,0.145634,False,0,22.7418
62,58,125,0.000422,0.000106,5e-05,0.144815,False,0,22.7408
62,59,125,0.000675,0.000169,7.7e-05,0.144064,False,0,22.739
62,60,125,0.000404,0.000101,4.5e-05,0.143374,False,0,22.7411
62,61,125,0.000293,7.3e-05,3.6e-05,0.142804,False,0,22.7421
62,62,125,0.000364,9.1e-05,4.3e-05,0.142256,False,0,22.7413
62,63,125,0.000503,0.000126,5.8e-05,0.141771,False,0,22.7403
62,64,125,0.000752,0.000188,8.7e-05,0.141287,False,0,22.7385
62,65,125,0.0003,7.5e-05,3.5e-05,0.140772,False,0,22.7419
62,66,125,0.000341,8.5e-05,4.1e-05,0.140306,False,0,22.7416
62,67,125,0.000313,7.8e-05,3.5e-05,0.139911,False,0,22.7419
62,68,125,0.000256,6.4e-05,2.9e-05,0.13948,False,0,22.7424
62,69,125,0.000125,3.1e-05,1.4e-05,0.139106,False,0,22.744
62,70,125,0.000117,2.9e-05,1.5e-05,0.138722,False,0,22.7444
62,71,125,0.000111,2.8e-05,1.2e-05,0.138419,False,0,22.7442
62,72,125,0.000138,3.5e-05,1.5e-05,0.138106,False,0,22.7438
62,73,125,0.000197,4.9e-05,2.5e-05,0.137794,False,0,22.7433
62,74,125,0.000251,6.3e-05,2.8e-05,0.137478,False,0,22.7424
62,75,125,0.000225,5.6e-05,2.7e-05,0.137276,False,0,22.7427
62,76,125,0.000164,4.1e-05,1.9e-05,0.137087,False,0,22.7434
62,77,125,0.000208,5.2e-05,2.6e-05,0.136852,False,0,22.7431
62,78,125,0.000181,4.5e-05,2e-05,0.136615,False,0,22.7432
62,79,125,0.000179,4.5e-05,2.1e-05,0.136464,False,0,22.7432
62,80,125,0.000125,3.1e-05,1.5e-05,0.136323,False,0,22.744
62,81,125,0.000233,5.8e-05,2.7e-05,0.136243,False,0,22.7426
62,82,125,0.000232,5.8e-05,2.7e-05,0.136233,False,0,22.7426
62,83,125,0.000389,9.7e-05,4.5e-05,0.136234,False,0,22.7411
62,84,125,0.000336,8.4e-05,3.9e-05,0.136209,False,0,22.7416
62,85,125,0.00027,6.8e-05,3.2e-05,0.136164,False,0,22.7422
62,86,125,0.000304,7.6e-05,3.4e-05,0.136062,False,0,22.7419
62,87,125,0.000145,3.6e-05,1.7e-05,0.13595,False,0,22.7437
62,88,125,0.00014,3.5e-05,1.6e-05,0.135827,False,0,22.7437
62,89,125,0.000218,5.5e-05,2.6e-05,0.135731,False,0,22.7428
62,90,125,9.5e-05,2.4e-05,1e-05,0.135688,False,0,22.7445
62,91,125,0.000118,3e-05,1.4e-05,0.135675,False,0,22.7441
62,92,125,0.000147,3.7e-05,1.5e-05,0.135661,False,0,22.7439
62,93,125,0.000196,4.9e-05,2.3e-05,0.135614,False,0,22.743
62,94,125,0.000382,9.6e-05,4.4e-05,0.13556,False,0,22.7412
62,95,125,0.000189,4.7e-05,2.2e-05,0.135558,False,0,22.7431
62,96,125,0.000179,4.5e-05,2.1e-05,0.135566,False,0,22.7432
62,97,125,6.5e-05,1.6e-05,7e-06,0.135634,False,0,22.7452
62,98,125,2.2e-05,5e-06,2e-06,0.135674,False,0,22.7462
62,99,125,4.3e-05,1.1e-05,5e-06,0.13568,False,0,22.7455
62,100,125,3.8e-05,1e-05,4e-06,0.135643,False,0,22.7456
62,101,125,0.000148,3.7e-05,1.8e-05,0.135721,False,0,22.7437
62,102,125,0.000249,6.2e-05,2.7e-05,0.135798,False,0,22.7426
62,103,125,0.000182,4.6e-05,2.1e-05,0.135922,False,0,22.7432
62,104,125,0.000232,5.8e-05,2.7e-05,0.13599,False,0,22.7426
62,105,125,0.000116,2.9e-05,1.3e-05,0.136052,False,0,22.7441
62,106,125,6.6e-05,1.6e-05,8e-06,0.136089,False,0,22.745
62,107,125,7.7e-05,1.9e-05,9e-06,0.136073,False,0,22.7448
62,108,125,8.7e-05,2.2e-05,1e-05,0.13606,False,0,22.7446
62,109,125,7.4e-05,1.8e-05,8e-06,0.136077,False,0,22.7448
62,110,125,0.000117,3e-05,1.4e-05,0.136108,False,0,22.7441
62,111,125,2.2e-05,5e-06,2e-06,0.136023,False,0,22.7464
62,112,125,4.7e-05,1.2e-05,6e-06,0.135986,False,0,22.7456
62,113,125,2.4e-05,6e-06,2e-06,0.135957,False,0,22.7464
62,114,125,8e-05,2e-05,9e-06,0.136028,False,0,22.7447
62,115,125,5.6e-05,1.4e-05,6e-06,0.136113,False,0,22.7452
62,116,125,0.000178,4.5e-05,2.1e-05,0.136229,False,0,22.7432
62,117,125,0.000196,4.9e-05,2.2e-05,0.136312,False,0,22.7431
62,118,125,0.000135,3.4e-05,1.5e-05,0.136394,False,0,22.7438
62,119,125,8.5e-05,2.1e-05,9e-06,0.136435,False,0,22.7447
62,120,125,8.5e-05,2.1e-05,1.1e-05,0.136495,False,0,22.7449
62,121,125,0.000117,2.9e-05,1.2e-05,0.136552,False,0,22.7443
62,122,125,6.1e-05,1.5e-05,8e-06,0.136645,False,0,22.7453
62,123,125,2.8e-05,7e-06,3e-06,0.136749,False,0,22.746
62,124,125,5.4e-05,1.3e-05,7e-06,0.136891,False,0,22.7455
62,125,125,9.4e-05,2.3e-05,1e-05,0.137048,False,0,22.7447
62,126,125,6.6e-05,1.6e-05,8e-06,0.137178,False,0,22.745
62,127,125,5e-05,1.3e-05,5e-06,0.137288,False,0,22.7455
62,128,125,1.7e-05,4e-06,2e-06,0.137359,False,0,22.7464
62,129,125,6e-05,1.5e-05,6e-06,0.137359,False,0,22.7453
62,130,125,5.9e-05,1.5e-05,6e-06,0.137319,False,0,22.7453
62,131,125,5.6e-05,1.4e-05,7e-06,0.137323,False,0,22.7452
62,132,125,2.5e-05,6e-06,3e-06,0.137298,False,0,22.7462
62,133,125,4.2e-05,1.1e-05,5e-06,0.137327,False,0,22.7455
62,134,125,4e-05,1e-05,5e-06,0.137323,False,0,22.7458
62,135,125,0.000161,4e-05,1.9e-05,0.137393,False,0,22.7435
62,136,125,0.000134,3.3e-05,1.5e-05,0.137498,False,0,22.7438
62,137,125,0.000133,3.3e-05,1.4e-05,0.137543,False,0,22.744
62,138,125,3e-06,1e-06,0.0,0.137592,False,0,22.7472
62,139,125,3e-05,7e-06,4e-06,0.137679,False,0,22.746
62,140,125,4e-05,1e-05,5e-06,0.137744,False,0,22.7456
62,141,125,3.1e-05,8e-06,3e-06,0.137794,False,0,22.7459
62,142,125,3.9e-05,9e-06,5e-06,0.137859,False,0,22.7456
62,143,125,5e-06,1e-06,1e-06,0.137886,False,0,22.7471
62,144,125,3.5e-05,9e-06,3e-06,0.137969,False,0,22.7462
62,145,125,2.6e-05,6e-06,3e-06,0.13802,False,0,22.7466
62,146,125,6.5e-05,1.7e-05,7e-06,0.138163,False,0,22.7453
62,147,125,5.4e-05,1.3e-05,6e-06,0.138186,False,0,22.7455
62,148,125,2.1e-05,5e-06,2e-06,0.138247,False,0,22.7465
62,149,125,4.5e-05,1.1e-05,5e-06,0.138323,False,0,22.7455
62,150,125,5.9e-05,1.5e-05,7e-06,0.138435,False,0,22.7451
62,151,125,9.4e-05,2.3e-05,1.1e-05,0.138511,False,0,22.7445
62,152,125,1.3e-05,3e-06,2e-06,0.138554,False,0,22.7468
62,153,125,3.6e-05,9e-06,4e-06,0.138532,False,0,22.7457
62,154,125,2.7e-05,7e-06,3e-06,0.138545,False,0,22.746
62,155,125,4.6e-05,1.1e-05,5e-06,0.138551,False,0,22.7455
62,156,125,5e-05,1.3e-05,5e-06,0.138605,False,0,22.7455
62,157,125,7.4e-05,1.8e-05,8e-06,0.13868,False,0,22.7449
62,158,125,7.9e-05,2e-05,9e-06,0.138767,False,0,22.7447
62,159,125,3.9e-05,1e-05,4e-06,0.138824,False,0,22.746
62,160,125,2e-06,0.0,0.0,0.138897,False,0,22.7481
62,161,125,1e-05,3e-06,1e-06,0.138936,False,0,22.7483
62,162,124,3e-06,1e-06,0.0,0.13899,False,0,22.748
62,163,123,8e-06,2e-06,1e-06,0.139072,False,0,22.7472
62,164,122,2e-06,1e-06,0.0,0.139169,False,0,22.7477
62,165,121,1.1e-05,3e-06,1e-06,0.139198,False,0,22.7472
62,166,120,1.4e-05,4e-06,2e-06,0.139229,False,0,22.7465
62,167,119,1.2e-05,3e-06,1e-06,0.139296,False,0,22.7467
62,168,118,4e-06,1e-06,0.0,0.139394,False,0,22.7473
62,169,117,4e-06,1e-06,0.0,0.139471,False,0,22.7481
62,170,116,2.2e-05,6e-06,2e-06,0.139494,False,0,22.749
62,171,115,3.5e-05,9e-06,4e-06,0.139512,False,0,22.7489
62,172,114,6.9e-05,1.7e-05,8e-06,0.139568,False,0,22.7504
62,173,113,2.8e-05,7e-06,3e-06,0.139621,False,0,22.7494
62,174,112,3.3e-05,8e-06,3e-06,0.13967,False,0,22.7495
62,175,111,1.8e-05,4e-06,2e-06,0.139632,False,0,22.7482
62,176,110,3.7e-05,9e-06,4e-06,0.139663,False,0,22.7496
62,177,109,1.5e-05,4e-06,2e-06,0.139719,False,0,22.7489
62,178,108,5e-06,1e-06,0.0,0.139805,False,0,22.7471
62,179,107,1.5e-05,4e-06,1e-06,0.139901,False,0,22.7469
62,180,106,5e-06,1e-06,1e-06,0.139962,False,0,22.7476
62,181,105,5e-06,1e-06,1e-06,0.140018,False,0,22.7483
62,182,104,3e-06,1e-06,0.0,0.140091,False,0,22.7482
62,183,103,1.6e-05,4e-06,2e-06,0.140154,False,0,22.7487
62,184,102,5e-05,1.3e-05,6e-06,0.140211,False,0,22.7498
62,185,101,5.3e-05,1.3e-05,6e-06,0.140311,False,0,22.75
62,186,100,2.3e-05,6e-06,3e-06,0.140387,False,0,22.7492
62,187,99,3.3e-05,8e-06,3e-06,0.14051,False,0,22.7494
62,188,98,3.3e-05,8e-06,4e-06,0.140566,False,0,22.7491
62,189,97,5.6e-05,1.4e-05,6e-06,0.140615,False,0,22.7501
62,190,96,4e-05,1e-05,5e-06,0.140692,False,0,22.7497
62,191,95,6.2e-05,1.5e-05,7e-06,0.140749,False,0,22.7502
62,192,94,3.5e-05,9e-06,3e-06,0.140871,False,0,22.7491
62,193,93,3.2e-05,8e-06,4e-06,0.140978,False,0,22.7494
62,194,92,9.6e-05,2.4e-05,1.1e-05,0.141092,False,0,22.7509
62,195,91,5.9e-05,1.5e-05,7e-06,0.14112,False,0,22.7501
62,196,90,7.5e-05,1.9e-05,8e-06,0.141159,False,0,22.7505
62,197,89,4.8e-05,1.2e-05,5e-06,0.14129,False,0,22.7499
62,198,88,7.3e-05,1.8e-05,9e-06,0.141333,False,0,22.7502
62,199,87,5.8e-05,1.4e-05,6e-06,0.141359,False,0,22.7501
62,200,86,6.9e-05,1.7e-05,7e-06,0.141393,False,0,22.7503
62,201,85,7.4e-05,1.9e-05,9e-06,0.141449,False,0,22.7504
62,202,84,5.4e-05,1.4e-05,6e-06,0.141554,False,0,22.75
62,203,83,9.5e-05,2.4e-05,1e-05,0.141652,False,0,22.7508
62,204,82,4.6e-05,1.2e-05,5e-06,0.141772,False,0,22.7499
62,205,81,5.1e-05,1.3e-05,6e-06,0.141883,False,0,22.75
62,206,80,9.3e-05,2.3e-05,1.1e-05,0.141984,False,0,22.7508
62,207,79,7.1e-05,1.8e-05,8e-06,0.142066,False,0,22.7504
62,208,78,8.6e-05,2.1e-05,1e-05,0.142159,False,0,22.7507
62,209,77,8.5e-05,2.2e-05,9e-06,0.142299,False,0,22.7506
62,210,76,3.3e-05,8e-06,4e-06,0.142492,False,0,22.7495
62,211,75,9.4e-05,2.4e-05,1.1e-05,0.142683,False,0,22.7509
62,212,74,0.000153,3.8e-05,1.9e-05,0.14283,False,0,22.7516
62,213,73,0.000278,6.9e-05,3e-05,0.142924,False,0,22.7531
62,214,72,0.000193,4.8e-05,2.2e-05,0.143001,False,0,22.7523
62,215,71,0.000128,3.2e-05,1.5e-05,0.143076,False,0,22.7514
62,216,70,0.000184,4.6e-05,2e-05,0.143227,False,0,22.7521
62,217,69,0.000101,2.5e-05,1.2e-05,0.143389,False,0,22.751
62,218,68,0.000267,6.7e-05,3e-05,0.14358,False,0,22.753
62,219,67,0.000181,4.5e-05,2e-05,0.143736,False,0,22.7521
62,220,66,0.000272,6.8e-05,3.3e-05,0.143914,False,0,22.753
62,221,65,0.000176,4.4e-05,1.7e-05,0.144113,False,0,22.7515
62,222,64,0.000132,3.3e-05,1.6e-05,0.144284,False,0,22.7514
62,223,63,0.000185,4.6e-05,2e-05,0.144446,False,0,22.7521
62,224,62,0.000199,5e-05,2.4e-05,0.144615,False,0,22.7523
62,225,61,0.00027,6.8e-05,3.1e-05,0.144849,False,0,22.7531
62,226,60,0.00026,6.5e-05,3e-05,0.145031,False,0,22.753
62,227,59,0.000228,5.7e-05,2.7e-05,0.145206,False,0,22.7526
62,228,58,0.000308,7.7e-05,3.5e-05,0.145411,False,0,22.7535
62,229,57,0.000298,7.5e-05,3.3e-05,0.14563,False,0,22.7533
62,230,56,0.000291,7.3e-05,3.4e-05,0.145867,True,0,22.7533
62,231,55,0.000301,7.5e-05,3.5e-05,0.146114,True,0,22.7534
62,232,54,0.000371,9.3e-05,4.1e-05,0.146381,True,0,22.754
63,52,125,3.5e-05,9e-06,4e-06,0.146781,True,0,22.7457
63,53,125,5.3e-05,1.3e-05,7e-06,0.145028,False,0,22.7456
63,54,125,6.7e-05,1.7e-05,8e-06,0.143601,False,0,22.7451
63,55,125,0.00015,3.8e-05,1.7e-05,0.142393,False,0,22.7436
63,56,125,3.5e-05,9e-06,4e-06,0.14138,False,0,22.7458
63,57,125,1e-05,3e-06,1e-06,0.140457,False,0,22.7467
63,58,125,1.8e-05,5e-06,2e-06,0.139619,False,0,22.7477
63,59,125,2.7e-05,7e-06,3e-06,0.138846,False,0,22.7463
63,60,125,3.4e-05,8e-06,4e-06,0.13811,False,0,22.7467
63,61,125,3.9e-05,1e-05,4e-06,0.137416,False,0,22.7458
63,62,125,4e-06,1e-06,0.0,0.136815,False,0,22.7471
63,63,125,3e-05,7e-06,3e-06,0.136278,False,0,22.7459
63,64,125,1.6e-05,4e-06,2e-06,0.135827,False,0,22.7464
63,65,125,4.4e-05,1.1e-05,5e-06,0.135431,False,0,22.7457
63,66,125,3.3e-05,9e-06,4e-06,0.135081,False,0,22.7459
63,67,125,4.2e-05,1e-05,5e-06,0.13472,False,0,22.7456
63,68,125,6e-06,1e-06,1e-06,0.134368,False,0,22.7473
63,69,125,6e-06,1e-06,1e-06,0.134044,False,0,22.747
63,70,125,4e-06,1e-06,0.0,0.133821,False,0,22.748
63,71,125,1.4e-05,3e-06,1e-06,0.133581,False,0,22.7471
63,72,125,3e-06,1e-06,0.0,0.133363,False,0,22.7477
63,73,125,2.2e-05,5e-06,2e-06,0.133126,False,0,22.7462
63,74,125,3e-06,1e-06,0.0,0.132917,False,0,22.7478
63,75,125,6e-06,1e-06,1e-06,0.132711,False,0,22.7484
63,76,125,8e-06,2e-06,1e-06,0.132553,False,0,22.7481
63,77,125,2.8e-05,7e-06,3e-06,0.13243,False,0,22.7493
63,78,125,6.3e-05,1.6e-05,6e-06,0.132347,False,0,22.7501
63,79,125,9e-05,2.3e-05,9e-06,0.132282,False,0,22.7507
63,80,125,7.7e-05,1.9e-05,1e-05,0.132268,False,0,22.7505
63,81,125,4.2e-05,1e-05,5e-06,0.132218,False,0,22.7498
63,82,125,1e-06,0.0,0.0,0.132152,False,0,22.7477
63,83,125,9e-06,2e-06,1e-06,0.132076,False,0,22.7486
63,84,125,1.4e-05,4e-06,1e-06,0.13202,False,0,22.7479
63,85,125,8e-06,2e-06,1e-06,0.131954,False,0,22.7484
63,86,125,2e-06,1e-06,0.0,0.131927,False,0,22.748
63,87,125,6e-06,2e-06,1e-06,0.131914,False,0,22.7483
63,88,125,2e-05,5e-06,2e-06,0.131952,False,0,22.7484
63,89,125,1.1e-05,3e-06,1e-06,0.131926,False,0,22.7487
63,90,125,5.3e-05,1.3e-05,7e-06,0.131946,False,0,22.7499
63,91,125,5.7e-05,1.4e-05,7e-06,0.131973,False,0,22.7501
63,92,125,5.3e-05,1.3e-05,5e-06,0.132009,False,0,22.7499
63,93,125,1.9e-05,5e-06,2e-06,0.132077,False,0,22.7485
63,94,125,4e-06,1e-06,0.0,0.132109,False,0,22.7481
63,95,125,2.1e-05,5e-06,3e-06,0.132199,False,0,22.7488
63,96,125,4.6e-05,1.1e-05,5e-06,0.132278,False,0,22.7498
63,97,125,6e-05,1.5e-05,6e-06,0.132375,False,0,22.7502
63,98,125,3.4e-05,8e-06,4e-06,0.132435,False,0,22.7495
63,99,125,2.4e-05,6e-06,3e-06,0.132483,False,0,22.7493
63,100,125,4.6e-05,1.1e-05,4e-06,0.132488,False,0,22.7496
63,101,125,3.1e-05,8e-06,4e-06,0.132542,False,0,22.7486
63,102,125,1.2e-05,3e-06,1e-06,0.132566,False,0,22.7487
63,103,124,2.5e-05,6e-06,3e-06,0.132616,False,0,22.749
63,104,123,9e-06,2e-06,1e-06,0.132662,False,0,22.7484
63,105,122,1e-05,3e-06,1e-06,0.132756,False,0,22.7486
63,106,121,4.6e-05,1.2e-05,6e-06,0.132801,False,0,22.7499
63,107,120,5.7e-05,1.4e-05,7e-06,0.132874,False,0,22.7499
63,108,119,6.5e-05,1.6e-05,8e-06,0.13295,False,0,22.7504
63,109,118,3e-05,8e-06,3e-06,0.132989,False,0,22.7493
63,110,117,6e-06,2e-06,1e-06,0.133071,False,0,22.7484
63,111,116,5.2e-05,1.3e-05,5e-06,0.133161,False,0,22.75
63,112,115,5.2e-05,1.3e-05,7e-06,0.13326,False,0,22.7497
63,113,114,6e-05,1.5e-05,7e-06,0.133357,False,0,22.7502
63,114,113,7e-06,2e-06,1e-06,0.133434,False,0,22.7485
63,115,112,1.8e-05,5e-06,2e-06,0.133524,False,0,22.7487
63,116,111,1.7e-05,4e-06,2e-06,0.133604,False,0,22.7488
63,117,110,6.5e-05,1.6e-05,7e-06,0.133763,False,0,22.7503
63,118,109,1.7e-05,5e-06,2e-06,0.133909,False,0,22.7488
63,119,108,5.1e-05,1.3e-05,5e-06,0.134123,False,0,22.7474
63,120,107,4e-05,1e-05,4e-06,0.134264,False,0,22.7496
63,121,106,4.3e-05,1.1e-05,6e-06,0.134394,False,0,22.7495
63,122,105,0.000115,2.9e-05,1.2e-05,0.134506,False,0,22.7511
63,123,104,3.1e-05,8e-06,4e-06,0.134671,False,0,22.7493
63,124,103,4.1e-05,1e-05,5e-06,0.134824,False,0,22.7497
63,125,102,5.4e-05,1.4e-05,7e-06,0.135005,False,0,22.7498
63,126,101,7.3e-05,1.8e-05,9e-06,0.135206,False,0,22.7501
63,127,100,3.3e-05,8e-06,4e-06,0.135412,False,0,22.7493
63,128,99,4.7e-05,1.2e-05,5e-06,0.13557,False,0,22.7499
63,129,98,4.3e-05,1.1e-05,6e-06,0.135636,False,0,22.7496
63,130,97,2.7e-05,7e-06,3e-06,0.135659,False,0,22.7493
63,131,96,1.7e-05,4e-06,2e-06,0.135726,False,0,22.7489
63,132,95,4.6e-05,1.1e-05,6e-06,0.135857,False,0,22.7495
63,133,94,0.000105,2.6e-05,1.3e-05,0.136003,False,0,22.7511
63,134,93,3.5e-05,9e-06,4e-06,0.136177,False,0,22.7495
63,135,92,5.3e-05,1.4e-05,7e-06,0.136379,False,0,22.7497
63,136,91,7.3e-05,1.9e-05,8e-06,0.136556,False,0,22.7503
63,137,90,8e-05,2e-05,1e-05,0.136801,False,0,22.7504
63,138,89,9.8e-05,2.4e-05,1.2e-05,0.137008,False,0,22.7509
63,139,88,0.000103,2.6e-05,1.3e-05,0.137262,False,0,22.7509
63,140,87,0.000135,3.4e-05,1.5e-05,0.137465,False,0,22.7515
63,141,86,0.000135,3.4e-05,1.7e-05,0.13772,False,0,22.7515
63,142,85,0.00015,3.8e-05,1.9e-05,0.138016,False,0,22.7515
63,143,84,8.2e-05,2.1e-05,1e-05,0.138294,False,0,22.7505
63,144,83,0.000102,2.6e-05,1.3e-05,0.13855,False,0,22.7509
63,145,82,1.9e-05,5e-06,2e-06,0.13874,False,0,22.749
63,146,81,5.3e-05,1.4e-05,7e-06,0.138911,False,0,22.7492
63,147,80,4.8e-05,1.2e-05,6e-06,0.139077,False,0,22.7496
63,148,79,8.9e-05,2.3e-05,1.1e-05,0.139269,False,0,22.7507
63,149,78,6.2e-05,1.6e-05,8e-06,0.139442,False,0,22.7496
63,150,77,2.8e-05,7e-06,3e-06,0.139659,False,0,22.7494
63,151,76,4.1e-05,1e-05,5e-06,0.1399,False,0,22.7485
63,152,75,4.3e-05,1.1e-05,5e-06,0.140218,False,0,22.7498
63,153,74,7.4e-05,1.8e-05,9e-06,0.140486,False,0,22.7503
63,154,73,0.000112,2.8e-05,1.4e-05,0.140797,False,0,22.7511
63,155,72,0.000146,3.6e-05,1.7e-05,0.141051,False,0,22.7517
64,52,125,2.1e-05,5e-06,3e-06,0.145965,True,0,22.7466
64,53,125,6.2e-05,1.5e-05,7e-06,0.14429,False,0,22.7451
64,54,125,3.2e-05,8e-06,4e-06,0.142874,False,0,22.7458
64,55,125,5.5e-05,1.4e-05,7e-06,0.141643,False,0,22.7456
64,56,125,6.8e-05,1.7e-05,7e-06,0.140587,False,0,22.7451
64,57,125,1.7e-05,4e-06,2e-06,0.139599,False,0,22.7465
64,58,125,5e-05,1.3e-05,6e-06,0.13875,False,0,22.7453
64,59,125,3e-05,8e-06,4e-06,0.137936,False,0,22.7463
64,60,125,6.7e-05,1.7e-05,8e-06,0.137329,False,0,22.745
64,61,125,6e-06,1e-06,0.0,0.136715,False,0,22.748
64,62,125,2.1e-05,5e-06,3e-06,0.136139,False,0,22.7463
64,63,125,7e-06,2e-06,1e-06,0.135581,False,0,22.7469
64,64,125,4.6e-05,1.1e-05,6e-06,0.135111,False,0,22.7455
64,65,125,1.7e-05,4e-06,2e-06,0.134708,False,0,22.7477
64,66,125,1.3e-05,4e-06,1e-06,0.134344,False,0,22.747
64,67,125,3e-05,8e-06,3e-06,0.133988,False,0,22.7479
64,68,125,3e-06,1e-06,0.0,0.133688,False,0,22.7476
64,69,125,0.0,0.0,0.0,0.133405,False,0,22.7475
64,70,125,1e-06,0.0,0.0,0.133086,False,0,22.7475
64,71,125,5.3e-05,1.3e-05,7e-06,0.13275,False,0,22.7457
64,72,124,7.6e-05,1.9e-05,9e-06,0.132466,False,0,22.7448
64,73,123,5.2e-05,1.3e-05,6e-06,0.132252,False,0,22.7453
64,74,122,2.1e-05,5e-06,2e-06,0.132063,False,0,22.7464
64,75,121,2.8e-05,7e-06,3e-06,0.131894,False,0,22.7469
64,76,120,6e-06,1e-06,1e-06,0.131745,False,0,22.747
64,77,119,2.4e-05,6e-06,2e-06,0.131612,False,0,22.7476
64,78,118,2e-05,5e-06,2e-06,0.131469,False,0,22.7463
64,79,117,5e-06,1e-06,1e-06,0.131355,False,0,22.7484
64,80,116,2.1e-05,5e-06,3e-06,0.131234,False,0,22.7464
64,81,115,1.7e-05,4e-06,2e-06,0.131154,False,0,22.749
64,82,114,8e-06,2e-06,1e-06,0.131075,False,0,22.7475
64,83,113,3e-06,1e-06,0.0,0.130971,False,0,22.748
64,84,112,4e-06,1e-06,1e-06,0.130884,False,0,22.747
64,85,111,2.4e-05,6e-06,2e-06,0.130817,False,0,22.7475
64,86,110,5e-06,1e-06,1e-06,0.130782,False,0,22.7474
64,87,109,1e-05,3e-06,1e-06,0.130735,False,0,22.7477
64,88,108,9e-06,2e-06,1e-06,0.130676,False,0,22.747
64,89,107,2.4e-05,6e-06,3e-06,0.130635,False,0,22.7464
64,90,106,1e-06,0.0,0.0,0.13062,False,0,22.7476
64,91,105,2.3e-05,6e-06,2e-06,0.130583,False,0,22.7492
64,92,104,0.000113,2.8e-05,1.2e-05,0.130568,False,0,22.7511
64,93,103,3.3e-05,8e-06,3e-06,0.130617,False,0,22.7492
64,94,102,1.2e-05,3e-06,2e-06,0.130663,False,0,22.7487
64,95,101,9e-06,2e-06,1e-06,0.13072,False,0,22.7484
64,96,100,2e-06,0.0,0.0,0.130765,False,0,22.748
64,97,99,3e-06,1e-06,0.0,0.130781,False,0,22.7478
64,98,98,3e-06,1e-06,0.0,0.130806,False,0,22.7483
64,99,97,1.2e-05,3e-06,2e-06,0.130862,False,0,22.7487
64,100,96,5.8e-05,1.5e-05,5e-06,0.130934,False,0,22.7496
64,101,95,7e-06,2e-06,1e-06,0.130996,False,0,22.7484
64,102,94,1.5e-05,4e-06,1e-06,0.131013,False,0,22.7479
64,103,93,3e-06,1e-06,0.0,0.131039,False,0,22.7475
64,104,92,1.6e-05,4e-06,2e-06,0.131044,False,0,22.7489
64,105,91,6e-06,1e-06,1e-06,0.131071,False,0,22.7483
64,106,90,2e-05,5e-06,2e-06,0.131099,False,0,22.7488
64,107,89,1.7e-05,4e-06,2e-06,0.131135,False,0,22.749
64,108,88,3.9e-05,1e-05,5e-06,0.131165,False,0,22.7497
64,109,87,2.6e-05,7e-06,3e-06,0.131223,False,0,22.7492
64,110,86,1.9e-05,5e-06,2e-06,0.131246,False,0,22.749
64,111,85,1.3e-05,3e-06,2e-06,0.131253,False,0,22.7487
64,112,84,1e-05,2e-06,1e-06,0.131295,False,0,22.7483
64,113,83,1.2e-05,3e-06,1e-06,0.131368,False,0,22.7487
64,114,82,2e-05,5e-06,2e-06,0.131453,False,0,22.7491
64,115,81,3.3e-05,8e-06,4e-06,0.131476,False,0,22.7494
64,116,80,3.8e-05,1e-05,4e-06,0.131557,False,0,22.7496
64,117,79,1.2e-05,3e-06,1e-06,0.13168,False,0,22.7486
64,118,78,2.3e-05,6e-06,3e-06,0.131729,False,0,22.7492
64,119,77,6.1e-05,1.5e-05,7e-06,0.131777,False,0,22.7502
64,120,76,0.000115,2.9e-05,1.1e-05,0.131853,False,0,22.7505
64,121,75,0.000141,3.5e-05,1.8e-05,0.1321,False,0,22.75
64,122,74,5.5e-05,1.4e-05,5e-06,0.132296,False,0,22.7499
64,123,73,5.5e-05,1.4e-05,7e-06,0.13247,False,0,22.7501
64,124,72,2.7e-05,7e-06,4e-06,0.13258,False,0,22.749
64,125,71,0.000117,2.9e-05,1.3e-05,0.132672,False,0,22.7511
64,126,70,8e-05,2e-05,1e-05,0.132798,False,0,22.7506
64,127,69,2.7e-05,7e-06,3e-06,0.132977,False,0,22.7491
64,128,68,9e-06,2e-06,1e-06,0.133199,False,0,22.7485
64,129,67,5e-06,1e-06,1e-06,0.133351,False,0,22.7483
64,130,66,3.3e-05,8e-06,4e-06,0.133545,False,0,22.7496
64,131,65,4.1e-05,1e-05,5e-06,0.13364,False,0,22.7497
64,132,64,3.4e-05,8e-06,4e-06,0.133801,False,0,22.7494
64,133,63,0.00011,2.8e-05,1.3e-05,0.133951,False,0,22.7512
64,134,62,6.2e-05,1.5e-05,8e-06,0.134208,False,0,22.7502
64,135,61,2.7e-05,7e-06,3e-06,0.13444,False,0,22.7493
64,136,60,3.3e-05,8e-06,4e-06,0.134655,False,0,22.7492
64,137,59,6.8e-05,1.7e-05,8e-06,0.134818,False,0,22.7503
64,138,58,0.000133,3.3e-05,1.5e-05,0.135002,False,0,22.7515
64,139,57,4.7e-05,1.2e-05,6e-06,0.135241,False,0,22.7499
64,140,56,0.000115,2.9e-05,1.4e-05,0.135516,False,0,22.7512
64,141,55,0.000193,4.8e-05,2.2e-05,0.135774,False,0,22.7523
64,142,54,0.000138,3.5e-05,1.6e-05,0.135984,False,0,22.7516
64,143,53,0.000138,3.5e-05,1.6e-05,0.136137,False,0,22.7515
64,144,52,0.000141,3.5e-05,1.8e-05,0.136305,False,0,22.7513
64,145,51,0.000217,5.4e-05,2.6e-05,0.136502,False,0,22.7525
64,146,50,0.000119,3e-05,1.3e-05,0.136753,False,0,22.7512
64,147,49,0.00012,3e-05,1.5e-05,0.136964,False,0,22.751
64,148,48,8.4e-05,2.1e-05,1e-05,0.137178,False,0,22.7507
64,149,47,0.00016,4e-05,1.9e-05,0.137403,False,0,22.7519
64,150,46,0.000145,3.6e-05,1.8e-05,0.137639,False,0,22.7516
64,151,45,0.000172,4.3e-05,2e-05,0.137935,False,0,22.752
64,152,44,0.000205,5.1e-05,2.5e-05,0.138208,False,0,22.7524
64,153,43,0.000139,3.5e-05,1.5e-05,0.138517,False,0,22.7515
64,154,42,0.000102,2.5e-05,1.3e-05,0.138837,False,0,22.7509
64,155,41,0.000111,2.8e-05,1.3e-05,0.139166,False,0,22.7511
64,156,40,0.000138,3.5e-05,1.5e-05,0.139492,False,0,22.7515
64,157,39,0.000141,3.5e-05,1.8e-05,0.139849,False,0,22.7513
64,158,38,0.000117,2.9e-05,1.4e-05,0.140245,False,0,22.7512
64,159,37,0.000201,5e-05,2.5e-05,0.140653,False,0,22.7523
64,160,36,0.000363,9.1e-05,4.4e-05,0.141064,False,0,22.754
64,161,35,0.000368,9.2e-05,4.4e-05,0.1415,False,0,22.754
64,162,34,0.000284,7.1e-05,3.2e-05,0.141965,False,0,22.7532
64,163,33,0.000156,3.9e-05,1.8e-05,0.142391,False,0,22.7518
64,164,32,9.1e-05,2.3e-05,1.2e-05,0.142866,False,0,22.7506
64,165,31,0.000265,6.6e-05,3e-05,0.143414,False,0,22.753
64,166,30,0.000294,7.3e-05,3.6e-05,0.143997,False,0,22.7532
64,167,29,0.000404,0.000101,4.8e-05,0.14456,False,0,22.7543
64,168,28,0.000269,6.7e-05,3.2e-05,0.14509,False,0,22.7531
65,52,125,0.000201,5e-05,2.5e-05,0.152122,True,0,22.7431
65,53,125,0.00015,3.8e-05,1.9e-05,0.150416,True,0,22.7441
65,54,125,0.000178,4.5e-05,1.9e-05,0.14896,True,0,22.7433
65,55,125,0.000143,3.6e-05,1.8e-05,0.147647,True,0,22.7448
65,56,125,0.000134,3.4e-05,1.7e-05,0.146514,True,0,22.7441
65,57,125,0.000144,3.6e-05,1.8e-05,0.145529,False,0,22.744
65,58,125,0.000188,4.7e-05,2.2e-05,0.144569,False,0,22.7431
65,59,125,0.000241,6e-05,3e-05,0.143714,False,0,22.7427
65,60,125,0.000291,7.3e-05,3.6e-05,0.142993,False,0,22.7422
65,61,125,0.000293,7.3e-05,3.4e-05,0.142358,False,0,22.742
65,62,125,0.000198,5e-05,2.4e-05,0.141779,False,0,22.7429
65,63,125,0.000136,3.4e-05,1.7e-05,0.141192,False,0,22.7442
65,64,125,8.7e-05,2.2e-05,1.1e-05,0.140661,False,0,22.7451
65,65,125,0.000132,3.3e-05,1.6e-05,0.140107,False,0,22.7442
65,66,125,7.1e-05,1.8e-05,7e-06,0.139679,False,0,22.7452
65,67,125,4e-05,1e-05,5e-06,0.139268,False,0,22.7456
65,68,125,5.3e-05,1.3e-05,7e-06,0.138903,False,0,22.7456
65,69,125,0.000217,5.4e-05,2.6e-05,0.138572,False,0,22.7428
65,70,125,0.000103,2.6e-05,1.3e-05,0.138256,False,0,22.7445
65,71,125,0.00012,3e-05,1.4e-05,0.137961,False,0,22.744
66,52,109,1.9e-05,5e-06,2e-06,0.146842,True,0,22.7479
66,53,108,3.9e-05,1e-05,4e-06,0.145151,False,0,22.7465
66,54,107,4.8e-05,1.2e-05,5e-06,0.14375,False,0,22.7454
66,55,106,2.6e-05,6e-06,3e-06,0.142641,False,0,22.747
66,56,105,1.5e-05,4e-06,2e-06,0.141614,False,0,22.7466
66,57,104,1.6e-05,4e-06,2e-06,0.140694,False,0,22.7478
66,58,103,9e-06,2e-06,1e-06,0.139846,False,0,22.7471
66,59,102,4e-06,1e-06,0.0,0.139103,False,0,22.748
66,60,101,4.3e-05,1.1e-05,4e-06,0.138388,False,0,22.7496
66,61,100,3.4e-05,8e-06,3e-06,0.137754,False,0,22.7494
66,62,99,2.8e-05,7e-06,3e-06,0.137165,False,0,22.7491
66,63,98,3e-06,1e-06,0.0,0.136664,False,0,22.7478
66,64,97,3e-05,8e-06,3e-06,0.136228,False,0,22.7492
66,65,96,8e-06,2e-06,1e-06,0.135868,False,0,22.7486
66,66,95,8.5e-05,2.1e-05,8e-06,0.135498,False,0,22.7502
66,67,94,2.4e-05,6e-06,3e-06,0.135118,False,0,22.7493
66,68,93,2.4e-05,6e-06,2e-06,0.134757,False,0,22.7491
66,69,92,6.9e-05,1.8e-05,8e-06,0.134482,False,0,22.7504
66,70,91,7.8e-05,1.9e-05,7e-06,0.134223,False,0,22.7501
66,71,90,6.7e-05,1.7e-05,8e-06,0.133983,False,0,22.7503
66,72,89,6.4e-05,1.6e-05,6e-06,0.133747,False,0,22.7501
66,73,88,8.9e-05,2.2e-05,8e-06,0.133569,False,0,22.75
66,74,87,2e-06,0.0,0.0,0.133426,False,0,22.7479
66,75,86,3.1e-05,8e-06,3e-06,0.13325,False,0,22.7489
66,76,85,7e-06,2e-06,1e-06,0.133072,False,0,22.7483
66,77,84,2.3e-05,6e-06,3e-06,0.132925,False,0,22.7492
66,78,83,1e-05,2e-06,1e-06,0.132807,False,0,22.7483
66,79,82,1.6e-05,4e-06,2e-06,0.132741,False,0,22.7487
66,80,81,1.2e-05,3e-06,1e-06,0.132681,False,0,22.7487
66,81,80,2.7e-05,7e-06,2e-06,0.132615,False,0,22.7486
66,82,79,5.7e-05,1.4e-05,6e-06,0.132483,False,0,22.75
66,83,78,2.9e-05,7e-06,4e-06,0.132408,False,0,22.7494
66,84,77,9.3e-05,2.3e-05,1e-05,0.132397,False,0,22.7507
66,85,76,4e-05,1e-05,4e-06,0.132409,False,0,22.7497
66,86,75,4.5e-05,1.1e-05,4e-06,0.132361,False,0,22.7495
66,87,74,7.1e-05,1.8e-05,7e-06,0.132373,False,0,22.7502
66,88,73,4.9e-05,1.2e-05,5e-06,0.132387,False,0,22.7497
66,89,72,0.000129,3.2e-05,1.4e-05,0.132438,False,0,22.7513
66,90,71,0.000132,3.3e-05,1.6e-05,0.132485,False,0,22.7515
66,91,70,0.000162,4e-05,1.8e-05,0.13248,False,0,22.7519
66,92,69,9.2e-05,2.3e-05,1e-05,0.132497,False,0,22.7508
66,93,68,9.9e-05,2.5e-05,1e-05,0.132515,False,0,22.7509
66,94,67,0.000122,3.1e-05,1.4e-05,0.132591,False,0,22.7513
66,95,66,0.000156,3.9e-05,1.8e-05,0.132703,False,0,22.7518
66,96,65,0.000134,3.4e-05,1.5e-05,0.132803,False,0,22.7514
66,97,64,7e-05,1.8e-05,7e-06,0.132879,False,0,22.7501
66,98,63,5e-06,1e-06,1e-06,0.132876,False,0,22.7483
66,99,62,3.1e-05,8e-06,4e-06,0.132987,False,0,22.7495
66,100,61,0.000105,2.6e-05,1.1e-05,0.133037,False,0,22.751
66,101,60,0.000224,5.6e-05,2.4e-05,0.133126,False,0,22.7524
66,102,59,0.000131,3.3e-05,1.4e-05,0.133186,False,0,22.7514
66,103,58,0.000147,3.7e-05,1.7e-05,0.133303,False,0,22.7517
66,104,57,0.000171,4.3e-05,2e-05,0.13347,False,0,22.752
66,105,56,0.00021,5.2e-05,2.3e-05,0.13354,False,0,22.7524
66,106,55,9.1e-05,2.3e-05,1e-05,0.133676,False,0,22.7507
66,107,54,8.4e-05,2.1e-05,9e-06,0.133825,False,0,22.7506
66,108,53,0.000124,3.1e-05,1.4e-05,0.134033,False,0,22.7513
66,109,52,0.000111,2.8e-05,1.2e-05,0.134195,False,0,22.751
66,110,51,0.000127,3.2e-05,1.3e-05,0.134351,False,0,22.7512
66,111,50,0.000112,2.8e-05,1.3e-05,0.134527,False,0,22.7511
66,112,49,0.000183,4.6e-05,1.9e-05,0.134745,False,0,22.752
66,113,48,0.000148,3.7e-05,1.6e-05,0.134965,False,0,22.7516
66,114,47,0.000265,6.6e-05,2.6e-05,0.135199,False,0,22.7526
66,115,46,0.000282,7.1e-05,3.2e-05,0.135444,False,0,22.7532
66,116,45,0.000423,0.000106,4.6e-05,0.135683,False,0,22.7544
66,117,44,0.000407,0.000102,4.6e-05,0.135943,False,0,22.7544
66,118,43,0.000376,9.4e-05,4.2e-05,0.136288,False,0,22.7541
66,119,42,0.00047,0.000118,4.8e-05,0.136632,False,0,22.7544
66,120,41,0.000397,1e-04,4.5e-05,0.136967,False,0,22.7543
66,121,40,0.000445,0.000111,4.7e-05,0.137282,False,0,22.7544
66,122,39,0.000478,0.000119,5.2e-05,0.137681,False,0,22.7548
66,123,38,0.000255,6.4e-05,2.9e-05,0.137996,False,0,22.7529
66,124,37,0.000305,7.7e-05,3.4e-05,0.138264,False,0,22.7534
66,125,36,0.00025,6.3e-05,2.8e-05,0.138505,False,0,22.7529
66,126,35,0.000426,0.000107,4.7e-05,0.138814,False,0,22.7545
66,127,34,0.000485,0.000122,5.3e-05,0.139173,False,0,22.7549
66,128,33,0.000529,0.000132,5.9e-05,0.139529,False,0,22.7552
66,129,32,0.000456,0.000114,5.3e-05,0.139952,False,0,22.7548
66,130,31,0.000667,0.000167,7.4e-05,0.140401,False,0,22.7562
66,131,30,0.000557,0.000139,6.2e-05,0.140873,False,0,22.7554
66,132,29,0.000552,0.000138,6.2e-05,0.141253,False,0,22.7554
66,133,28,0.000431,0.000108,4.7e-05,0.141595,False,0,22.7544
66,134,27,0.000601,0.00015,6.9e-05,0.142003,False,0,22.7558
66,135,26,0.000657,0.000164,6.9e-05,0.142426,False,0,22.7559
66,136,25,0.000779,0.000195,8.3e-05,0.142928,False,0,22.7567
66,137,24,0.000704,0.000176,7.8e-05,0.143394,False,0,22.7564
66,138,23,0.001083,0.000271,0.000116,0.143954,False,0,22.7583
66,139,22,0.000843,0.000211,9.6e-05,0.144517,False,0,22.7573
66,140,21,0.001036,0.000259,0.000112,0.145076,False,0,22.7581
66,141,20,0.000673,0.000168,7.5e-05,0.14562,False,0,22.7562
66,142,19,0.000842,0.000211,9.4e-05,0.146196,True,0,22.7572
66,143,18,0.000869,0.000217,9.3e-05,0.146766,True,0,22.7572
66,144,17,0.000812,0.000203,8.9e-05,0.147365,True,0,22.757
66,145,16,0.001126,0.000282,0.000125,0.148032,True,0,22.7587
66,146,15,0.001043,0.000261,0.000112,0.148726,True,0,22.7581
66,147,14,0.000923,0.000231,0.000101,0.149431,True,0,22.7576
67,52,96,0.000113,2.8e-05,1.4e-05,0.146043,True,0,22.7442
67,53,95,6.6e-05,1.6e-05,8e-06,0.144299,False,0,22.745
67,54,94,6.4e-05,1.6e-05,8e-06,0.142837,False,0,22.7452
67,55,93,0.000107,2.6e-05,1.3e-05,0.141598,False,0,22.7448
67,56,92,0.000149,3.7e-05,1.7e-05,0.14053,False,0,22.7436
67,57,91,0.000194,4.9e-05,2.2e-05,0.139555,False,0,22.743
67,58,90,0.0002,5e-05,2.5e-05,0.138767,False,0,22.7435
67,59,89,0.000176,4.4e-05,1.9e-05,0.138028,False,0,22.7435
67,60,88,5.3e-05,1.3e-05,6e-06,0.13732,False,0,22.7453
67,61,87,1.5e-05,4e-06,2e-06,0.136582,False,0,22.7468
67,62,86,2.5e-05,6e-06,3e-06,0.135927,False,0,22.7464
67,63,85,3.6e-05,9e-06,4e-06,0.135357,False,0,22.7459
67,64,84,5.4e-05,1.3e-05,6e-06,0.134859,False,0,22.7453
67,65,83,6.7e-05,1.7e-05,8e-06,0.13446,False,0,22.7449
67,66,82,3.4e-05,8e-06,4e-06,0.134047,False,0,22.7458
67,67,81,6e-05,1.5e-05,7e-06,0.133712,False,0,22.7452
67,68,80,7.6e-05,1.9e-05,9e-06,0.133374,False,0,22.745
67,69,79,0.000126,3.1e-05,1.5e-05,0.133026,False,0,22.744
67,70,78,3.6e-05,9e-06,4e-06,0.132698,False,0,22.7457
67,71,77,6.2e-05,1.5e-05,7e-06,0.13247,False,0,22.7451
68,52,125,0.000151,3.8e-05,1.7e-05,0.14689,True,0,22.7436
68,53,125,0.000154,3.8e-05,1.8e-05,0.145162,False,0,22.7436
68,54,125,6.5e-05,1.6e-05,8e-06,0.143696,False,0,22.7451
68,55,125,8.2e-05,2e-05,1e-05,0.14247,False,0,22.7448
68,56,125,8.1e-05,2e-05,9e-06,0.141346,False,0,22.7447
68,57,125,4.7e-05,1.2e-05,6e-06,0.140354,False,0,22.7457
68,58,125,4e-05,1e-05,5e-06,0.139405,False,0,22.746
68,59,125,4e-05,1e-05,5e-06,0.138593,False,0,22.7456
68,60,125,4.5e-05,1.1e-05,5e-06,0.137886,False,0,22.7455
68,61,125,6.9e-05,1.7e-05,9e-06,0.137243,False,0,22.7452
68,62,125,0.000138,3.5e-05,1.5e-05,0.136687,False,0,22.7439
68,63,125,0.000171,4.3e-05,2.1e-05,0.136125,False,0,22.7439
68,64,125,0.000178,4.4e-05,1.9e-05,0.135637,False,0,22.7433
68,65,125,0.000168,4.2e-05,2.1e-05,0.135093,False,0,22.7436
68,66,125,0.000125,3.1e-05,1.5e-05,0.134642,False,0,22.7441
68,67,125,0.000132,3.3e-05,1.4e-05,0.134227,False,0,22.7439
68,68,125,7.9e-05,2e-05,1e-05,0.133845,False,0,22.7448
68,69,125,7.2e-05,1.8e-05,8e-06,0.13352,False,0,22.7449
68,70,125,8e-05,2e-05,9e-06,0.133213,False,0,22.7447
68,71,124,0.000124,3.1e-05,1.5e-05,0.132896,False,0,22.744
68,72,123,0.000156,3.9e-05,1.8e-05,0.132611,False,0,22.7436
68,73,122,0.00018,4.5e-05,1.9e-05,0.1324,False,0,22.7433
68,74,121,3e-05,7e-06,4e-06,0.132186,False,0,22.7459
68,75,120,3e-06,1e-06,0.0,0.131975,False,0,22.7475
68,76,119,2e-06,0.0,0.0,0.131754,False,0,22.7477
68,77,118,3e-06,1e-06,0.0,0.131513,False,0,22.7473
68,78,117,2.1e-05,5e-06,3e-06,0.131322,False,0,22.7462
68,79,116,3.1e-05,8e-06,4e-06,0.131134,False,0,22.7459
68,80,115,1.8e-05,4e-06,2e-06,0.130954,False,0,22.7463
68,81,114,4.9e-05,1.2e-05,6e-06,0.130822,False,0,22.7454
68,82,113,2e-05,5e-06,2e-06,0.130671,False,0,22.7462
68,83,112,0.000158,4e-05,1.9e-05,0.130487,False,0,22.7435
68,84,111,0.000125,3.1e-05,1.3e-05,0.130323,False,0,22.7442
68,85,110,8.6e-05,2.2e-05,1e-05,0.130234,False,0,22.7446
68,86,109,9e-06,2e-06,1e-06,0.130199,False,0,22.7467
68,87,108,7e-06,2e-06,1e-06,0.130167,False,0,22.7473
68,88,107,1.1e-05,3e-06,1e-06,0.130141,False,0,22.7467
68,89,106,1.1e-05,3e-06,1e-06,0.130086,False,0,22.7468
68,90,105,2.8e-05,7e-06,3e-06,0.13004,False,0,22.7459
68,91,104,7e-06,2e-06,1e-06,0.130004,False,0,22.7471
68,92,103,3e-06,1e-06,0.0,0.130012,False,0,22.7471
68,93,102,1e-05,2e-06,1e-06,0.130012,False,0,22.7471
68,94,101,5e-06,1e-06,1e-06,0.130026,False,0,22.7472
68,95,100,1.9e-05,5e-06,2e-06,0.130072,False,0,22.747
68,96,99,4.8e-05,1.2e-05,6e-06,0.130088,False,0,22.7454
68,97,98,4.7e-05,1.2e-05,6e-06,0.13008,False,0,22.7454
68,98,97,5.2e-05,1.3e-05,6e-06,0.130067,False,0,22.7453
68,99,96,8e-06,2e-06,1e-06,0.130088,False,0,22.747
68,100,95,4e-06,1e-06,0.0,0.130035,False,0,22.7472
68,101,94,3e-06,1e-06,0.0,0.130049,False,0,22.7482
68,102,93,2e-06,0.0,0.0,0.130099,False,0,22.7477
68,103,92,5e-06,1e-06,0.0,0.130182,False,0,22.7476
68,104,91,1.7e-05,4e-06,2e-06,0.13023,False,0,22.7464
68,105,90,1.3e-05,3e-06,2e-06,0.130279,False,0,22.7467
68,106,89,5.3e-05,1.3e-05,6e-06,0.130314,False,0,22.7452
68,107,88,4e-06,1e-06,0.0,0.130375,False,0,22.7474
68,108,87,5e-06,1e-06,1e-06,0.130423,False,0,22.7484
68,109,86,4.4e-05,1.1e-05,6e-06,0.130486,False,0,22.7497
68,110,85,2.7e-05,7e-06,3e-06,0.130545,False,0,22.7493
68,111,84,1.8e-05,5e-06,2e-06,0.130585,False,0,22.749
68,112,83,1.5e-05,4e-06,2e-06,0.130655,False,0,22.7488
68,113,82,3.8e-05,1e-05,3e-06,0.130739,False,0,22.7486
68,114,81,7e-06,2e-06,1e-06,0.130818,False,0,22.7485
68,115,80,1.2e-05,3e-06,1e-06,0.130935,False,0,22.7466
68,116,79,1.9e-05,5e-06,2e-06,0.131056,False,0,22.7491
68,117,78,2e-06,1e-06,0.0,0.131189,False,0,22.748
68,118,77,2.8e-05,7e-06,3e-06,0.131339,False,0,22.749
68,119,76,2e-06,0.0,0.0,0.131529,False,0,22.7475
68,120,75,1e-05,3e-06,1e-06,0.131736,False,0,22.7486
68,121,74,8e-06,2e-06,1e-06,0.131951,False,0,22.7485
68,122,73,3.4e-05,9e-06,3e-06,0.132106,False,0,22.7492
68,123,72,1.5e-05,4e-06,2e-06,0.132263,False,0,22.7485
68,124,71,4.7e-05,1.2e-05,5e-06,0.132438,False,0,22.7499
68,125,70,2.6e-05,7e-06,3e-06,0.132611,False,0,22.7493
68,126,69,5.8e-05,1.5e-05,6e-06,0.132735,False,0,22.7501
68,127,68,4.6e-05,1.2e-05,5e-06,0.132845,False,0,22.7499
68,128,67,3.7e-05,9e-06,4e-06,0.133002,False,0,22.7496
68,129,66,4.2e-05,1.1e-05,5e-06,0.133187,False,0,22.7497
68,130,65,2.7e-05,7e-06,3e-06,0.133356,False,0,22.7494
68,131,64,5.9e-05,1.5e-05,7e-06,0.133456,False,0,22.7502
68,132,63,6.2e-05,1.6e-05,8e-06,0.133559,False,0,22.7501
68,133,62,5.8e-05,1.4e-05,6e-06,0.133726,False,0,22.7502
68,134,61,4.5e-05,1.1e-05,4e-06,0.133913,False,0,22.7496
68,135,60,3.5e-05,9e-06,4e-06,0.134082,False,0,22.7496
68,136,59,5.7e-05,1.4e-05,7e-06,0.134233,False,0,22.7499
68,137,58,6.4e-05,1.6e-05,7e-06,0.134423,False,0,22.7503
68,138,57,9e-05,2.2e-05,1e-05,0.134677,False,0,22.7508
68,139,56,6.5e-05,1.6e-05,7e-06,0.134913,False,0,22.7503
68,140,55,8.3e-05,2.1e-05,9e-06,0.135113,False,0,22.7507
68,141,54,0.000102,2.6e-05,1.2e-05,0.135288,False,0,22.751
68,142,53,4.3e-05,1.1e-05,5e-06,0.135479,False,0,22.7498
68,143,52,0.000153,3.8e-05,1.7e-05,0.135651,False,0,22.7517
68,144,51,7.5e-05,1.9e-05,8e-06,0.13583,False,0,22.7505
68,145,50,0.000209,5.2e-05,2.4e-05,0.136058,False,0,22.7525
68,146,49,0.000151,3.8e-05,1.7e-05,0.136346,False,0,22.7517
68,147,48,0.000267,6.7e-05,2.8e-05,0.136651,False,0,22.7528
68,148,47,0.000172,4.3e-05,2.1e-05,0.136995,False,0,22.752
68,149,46,0.000194,4.9e-05,2.2e-05,0.137356,False,0,22.7523
68,150,45,0.000185,4.6e-05,2.1e-05,0.137649,False,0,22.7522
68,151,44,0.000243,6.1e-05,2.7e-05,0.137868,False,0,22.7528
68,152,43,0.000191,4.8e-05,2.1e-05,0.138075,False,0,22.7522
68,153,42,0.00022,5.5e-05,2.7e-05,0.138375,False,0,22.7525
68,154,41,0.000217,5.4e-05,2.5e-05,0.138742,False,0,22.7526
68,155,40,0.000156,3.9e-05,1.9e-05,0.139096,False,0,22.7517
68,156,39,0.000166,4.1e-05,2e-05,0.139483,False,0,22.7519
68,157,38,0.000223,5.6e-05,2.3e-05,0.139798,False,0,22.7524
68,158,37,0.000127,3.2e-05,1.6e-05,0.140154,False,0,22.7513
68,159,36,0.000201,5e-05,2.4e-05,0.140427,False,0,22.7523
68,160,35,0.000299,7.5e-05,3.4e-05,0.140728,False,0,22.7534
68,161,34,0.000213,5.4e-05,2.4e-05,0.141102,False,0,22.7525
68,162,33,0.000234,5.8e-05,2.5e-05,0.14148,False,0,22.7526
68,163,32,0.000234,5.9e-05,2.6e-05,0.141819,False,0,22.7527
68,164,31,0.000358,8.9e-05,4.2e-05,0.142207,False,0,22.7539
68,165,30,0.000406,0.000102,4.6e-05,0.142623,False,0,22.7544
68,166,29,0.000333,8.3e-05,3.7e-05,0.143029,False,0,22.7537
68,167,28,0.000315,7.9e-05,3.5e-05,0.143413,False,0,22.7535
68,168,27,0.000417,0.000104,5.1e-05,0.143848,False,0,22.7543
68,169,26,0.000582,0.000145,6.5e-05,0.144308,False,0,22.7556
68,170,25,0.000559,0.00014,6.5e-05,0.144713,False,0,22.7555
68,171,24,0.000645,0.000161,7.1e-05,0.145166,False,0,22.756
68,172,23,0.000417,0.000104,5e-05,0.145639,False,0,22.7544
68,173,22,0.000509,0.000127,5.8e-05,0.146241,True,0,22.7552
68,174,21,0.000497,0.000124,5.7e-05,0.146901,True,0,22.7551
68,175,20,0.00049,0.000123,5.6e-05,0.147626,True,0,22.755
68,176,19,0.000509,0.000127,6.1e-05,0.148298,True,0,22.7551
68,177,18,0.00056,0.000141,6.5e-05,0.148983,True,0,22.7555
68,178,17,0.000591,0.000148,6.6e-05,0.149633,True,0,22.7557
68,179,16,0.000524,0.000131,6.2e-05,0.150317,True,0,22.7553
68,180,15,0.000646,0.000162,7.6e-05,0.151079,True,0,22.7561
68,181,14,0.000755,0.000189,8.5e-05,0.151889,True,0,22.7568
68,182,13,0.000779,0.000195,9e-05,0.152767,True,0,22.757
68,183,12,0.000772,0.000193,9.1e-05,0.153622,True,0,22.7569
68,184,11,0.000983,0.000246,0.000111,0.154593,True,0,22.7581
68,185,10,0.00107,0.000268,0.000119,0.155576,True,0,22.7585
68,186,9,0.000891,0.000223,0.000103,0.156658,True,0,22.7576
68,187,8,0.00097,0.000243,0.00011,0.157594,True,0,22.758
69,52,123,0.000243,6.1e-05,2.8e-05,0.146334,True,0,22.7425
69,53,122,0.000168,4.2e-05,1.8e-05,0.144728,False,0,22.7435
69,54,121,7.7e-05,1.9e-05,9e-06,0.14336,False,0,22.7448
70,52,125,6.6e-05,1.7e-05,8e-06,0.146504,True,0,22.745
70,53,125,5.4e-05,1.3e-05,6e-06,0.144792,False,0,22.7453
70,54,125,8.6e-05,2.1e-05,1e-05,0.143313,False,0,22.7446
70,55,125,4.8e-05,1.2e-05,6e-06,0.142035,False,0,22.7455
70,56,125,3.7e-05,9e-06,4e-06,0.140937,False,0,22.7457
70,57,125,0.000134,3.3e-05,1.6e-05,0.139986,False,0,22.744
70,58,125,0.000188,4.7e-05,2.2e-05,0.139083,False,0,22.7431
70,59,125,0.000149,3.7e-05,1.8e-05,0.138339,False,0,22.7437
70,60,125,8.9e-05,2.2e-05,1e-05,0.137603,False,0,22.7446
70,61,125,9.8e-05,2.4e-05,1.2e-05,0.136999,False,0,22.7447
70,62,125,9.7e-05,2.4e-05,1e-05,0.136419,False,0,22.7449
70,63,125,2.1e-05,5e-06,3e-06,0.135883,False,0,22.7465
70,64,125,1e-05,2e-06,1e-06,0.135447,False,0,22.7469
70,65,125,7e-06,1e-06,1e-06,0.135008,False,0,22.747
70,66,125,2.1e-05,5e-06,3e-06,0.134535,False,0,22.7463
70,67,125,6.9e-05,1.7e-05,8e-06,0.134082,False,0,22.745
70,68,125,2.4e-05,6e-06,2e-06,0.133682,False,0,22.7465
70,69,125,1.9e-05,5e-06,2e-06,0.13335,False,0,22.7463
70,70,125,2e-06,0.0,0.0,0.133029,False,0,22.7478
70,71,125,1e-06,0.0,0.0,0.132735,False,0,22.7478
70,72,125,1.2e-05,3e-06,1e-06,0.132518,False,0,22.748
70,73,125,8e-06,2e-06,1e-06,0.132346,False,0,22.7468
70,74,125,1.5e-05,4e-06,2e-06,0.132181,False,0,22.7464
70,75,125,0.00012,3e-05,1.5e-05,0.131974,False,0,22.7442
70,76,125,8.6e-05,2.2e-05,8e-06,0.13179,False,0,22.7455
70,77,125,2.8e-05,7e-06,3e-06,0.131595,False,0,22.7459
70,78,125,5.6e-05,1.4e-05,6e-06,0.131464,False,0,22.7456
70,79,125,3e-06,1e-06,0.0,0.131336,False,0,22.7473
70,80,125,2.5e-05,6e-06,3e-06,0.131254,False,0,22.7461
70,81,125,6e-06,1e-06,1e-06,0.131226,False,0,22.7473
70,82,125,1.1e-05,3e-06,1e-06,0.1311,False,0,22.7471
70,83,125,1.4e-05,3e-06,2e-06,0.131021,False,0,22.7468
70,84,125,4.2e-05,1.1e-05,4e-06,0.130938,False,0,22.7458
70,85,125,4.1e-05,1e-05,5e-06,0.130897,False,0,22.7456
70,86,125,1.4e-05,4e-06,2e-06,0.130872,False,0,22.7466
70,87,125,1.7e-05,4e-06,2e-06,0.130842,False,0,22.7463
70,88,125,2.4e-05,6e-06,2e-06,0.130794,False,0,22.7462
70,89,125,6.1e-05,1.5e-05,6e-06,0.130783,False,0,22.7454
70,90,125,1e-05,3e-06,1e-06,0.130755,False,0,22.7467
70,91,125,1.4e-05,4e-06,1e-06,0.130716,False,0,22.7468
70,92,125,1.9e-05,5e-06,2e-06,0.130722,False,0,22.7465
70,93,125,1.7e-05,4e-06,2e-06,0.130691,False,0,22.7467
70,94,125,1.9e-05,5e-06,2e-06,0.130751,False,0,22.7463
70,95,125,1e-06,0.0,0.0,0.130734,False,0,22.7474
70,96,125,7e-06,2e-06,1e-06,0.130729,False,0,22.7469
70,97,125,1e-06,0.0,0.0,0.130722,False,0,22.7476
70,98,125,1.6e-05,4e-06,2e-06,0.130748,False,0,22.7464
70,99,125,1.8e-05,4e-06,2e-06,0.130822,False,0,22.7481
70,100,125,8e-06,2e-06,1e-06,0.130881,False,0,22.7485
70,101,125,7e-06,2e-06,1e-06,0.130948,False,0,22.7483
70,102,125,2.4e-05,6e-06,2e-06,0.130981,False,0,22.7465
70,103,125,2.2e-05,6e-06,2e-06,0.131018,False,0,22.7463
70,104,125,1.3e-05,3e-06,1e-06,0.131068,False,0,22.7466
70,105,125,2e-06,0.0,0.0,0.131117,False,0,22.7472
70,106,125,2.3e-05,5e-06,2e-06,0.131162,False,0,22.7461
70,107,125,8e-06,2e-06,1e-06,0.131246,False,0,22.7477
70,108,125,2e-06,0.0,0.0,0.131339,False,0,22.7473
70,109,125,1.5e-05,4e-06,2e-06,0.131423,False,0,22.7489
70,110,125,6.2e-05,1.6e-05,8e-06,0.131535,False,0,22.7501
70,111,125,6.6e-05,1.7e-05,7e-06,0.131615,False,0,22.7502
70,112,125,2.9e-05,7e-06,4e-06,0.131682,False,0,22.749
70,113,125,1.7e-05,4e-06,2e-06,0.131771,False,0,22.7489
70,114,125,8e-06,2e-06,1e-06,0.131799,False,0,22.7486
70,115,125,4e-06,1e-06,0.0,0.131881,False,0,22.7482
70,116,125,3e-06,1e-06,0.0,0.132,False,0,22.7477
70,117,125,1.9e-05,5e-06,2e-06,0.132169,False,0,22.7491
70,118,125,9e-06,2e-06,1e-06,0.132314,False,0,22.7486
70,119,125,6.1e-05,1.5e-05,7e-06,0.132462,False,0,22.7502
70,120,125,1.5e-05,4e-06,2e-06,0.132656,False,0,22.7483
70,121,125,1e-05,3e-06,1e-06,0.132794,False,0,22.7483
70,122,124,8e-06,2e-06,1e-06,0.132858,False,0,22.7484
70,123,123,1.1e-05,3e-06,1e-06,0.132916,False,0,22.7487
70,124,122,5.6e-05,1.4e-05,7e-06,0.133005,False,0,22.7498
70,125,121,3.5e-05,9e-06,5e-06,0.133142,False,0,22.7492
70,126,120,9e-06,2e-06,1e-06,0.133254,False,0,22.7486
70,127,119,3e-05,8e-06,4e-06,0.13338,False,0,22.7489
70,128,118,1.5e-05,4e-06,1e-06,0.133508,False,0,22.7475
70,129,117,2e-06,1e-06,0.0,0.133596,False,0,22.7477
70,130,116,1.8e-05,4e-06,2e-06,0.133713,False,0,22.7486
70,131,115,5.4e-05,1.4e-05,6e-06,0.133755,False,0,22.75
70,132,114,2.9e-05,7e-06,4e-06,0.133895,False,0,22.7491
70,133,113,6.2e-05,1.6e-05,8e-06,0.134012,False,0,22.7498
70,134,112,7.3e-05,1.8e-05,1e-05,0.134148,False,0,22.7501
70,135,111,9.1e-05,2.3e-05,1.1e-05,0.134291,False,0,22.7508
70,136,110,0.000132,3.3e-05,1.5e-05,0.134424,False,0,22.7515
70,137,109,4.5e-05,1.1e-05,5e-06,0.134576,False,0,22.7498
70,138,108,4.9e-05,1.2e-05,6e-06,0.134723,False,0,22.7484
70,139,107,1.5e-05,4e-06,1e-06,0.134846,False,0,22.7488
70,140,106,5.5e-05,1.4e-05,6e-06,0.134977,False,0,22.7501
70,141,105,8.1e-05,2e-05,1e-05,0.135118,False,0,22.7505
70,142,104,0.000163,4.1e-05,2e-05,0.135298,False,0,22.7519
70,143,103,0.000163,4.1e-05,1.9e-05,0.135478,False,0,22.7519
70,144,102,0.000134,3.4e-05,1.7e-05,0.135669,False,0,22.7514
70,145,101,5.6e-05,1.4e-05,7e-06,0.13583,False,0,22.7502
70,146,100,6.9e-05,1.8e-05,9e-06,0.136015,False,0,22.7502
70,147,99,6e-05,1.5e-05,7e-06,0.136187,False,0,22.7502
70,148,98,7.8e-05,1.9e-05,9e-06,0.13635,False,0,22.7506
70,149,97,4.5e-05,1.1e-05,6e-06,0.136441,False,0,22.7496
70,150,96,0.000113,2.8e-05,1.2e-05,0.136587,False,0,22.7511
70,151,95,9.2e-05,2.3e-05,1.1e-05,0.136742,False,0,22.7508
70,152,94,0.00011,2.7e-05,1.3e-05,0.13694,False,0,22.7511
71,52,125,1.5e-05,4e-06,2e-06,0.147534,True,0,22.7465
71,53,125,9e-05,2.3e-05,1.1e-05,0.145783,False,0,22.7455
71,54,125,0.000115,2.9e-05,1.4e-05,0.14425,False,0,22.7445
71,55,125,8.3e-05,2.1e-05,9e-06,0.142947,False,0,22.7448
71,56,125,7.2e-05,1.8e-05,9e-06,0.141818,False,0,22.745
71,57,125,0.000119,3e-05,1.5e-05,0.14088,False,0,22.7443
71,58,125,0.000205,5.1e-05,2.4e-05,0.140019,False,0,22.743
71,59,125,0.000159,4e-05,2e-05,0.139274,False,0,22.7438
71,60,125,3.1e-05,8e-06,4e-06,0.138574,False,0,22.7461
71,61,125,1.5e-05,4e-06,1e-06,0.137926,False,0,22.7478
71,62,124,2e-06,0.0,0.0,0.137275,False,0,22.7481
71,63,123,7e-06,2e-06,1e-06,0.136668,False,0,22.7479
71,64,122,6e-06,2e-06,1e-06,0.136168,False,0,22.7475
71,65,121,2e-05,5e-06,2e-06,0.135764,False,0,22.7472
71,66,120,4.7e-05,1.2e-05,6e-06,0.135332,False,0,22.7456
71,67,119,2.6e-05,6e-06,3e-06,0.134957,False,0,22.746
71,68,118,6.7e-05,1.7e-05,8e-06,0.134564,False,0,22.7457
72,52,125,0.000133,3.3e-05,1.6e-05,0.147454,True,0,22.7439
72,53,125,0.000144,3.6e-05,1.7e-05,0.14572,False,0,22.7437
72,54,125,8e-05,2e-05,1e-05,0.144233,False,0,22.7448
72,55,125,0.000112,2.8e-05,1.4e-05,0.142944,False,0,22.7445
72,56,125,0.000122,3.1e-05,1.5e-05,0.141788,False,0,22.7441
72,57,124,0.000121,3e-05,1.5e-05,0.140775,False,0,22.7443
72,58,123,9.5e-05,2.4e-05,1.1e-05,0.139932,False,0,22.7444
72,59,122,0.00011,2.8e-05,1.4e-05,0.139147,False,0,22.7446
72,60,121,0.000224,5.6e-05,2.7e-05,0.138401,False,0,22.7427
72,61,120,0.000215,5.4e-05,2.6e-05,0.137762,False,0,22.7429
72,62,119,0.000157,3.9e-05,1.9e-05,0.137148,False,0,22.7436
72,63,118,0.000167,4.2e-05,1.9e-05,0.136596,False,0,22.7434
72,64,117,0.00018,4.5e-05,2.2e-05,0.136072,False,0,22.7435
72,65,116,5.3e-05,1.3e-05,6e-06,0.135605,False,0,22.7453
72,66,115,3.9e-05,1e-05,5e-06,0.135172,False,0,22.7459
72,67,114,1.4e-05,3e-06,2e-06,0.134733,False,0,22.747
72,68,113,3.7e-05,9e-06,4e-06,0.134309,False,0,22.7457
72,69,112,9.6e-05,2.4e-05,1.2e-05,0.133972,False,0,22.7449
72,70,111,0.000127,3.2e-05,1.5e-05,0.133668,False,0,22.7439
72,71,110,0.000142,3.6e-05,1.7e-05,0.133353,False,0,22.7439
72,72,109,0.000149,3.7e-05,1.8e-05,0.133069,False,0,22.7437
72,73,108,7.4e-05,1.8e-05,9e-06,0.132752,False,0,22.7448
72,74,107,3e-05,8e-06,3e-06,0.132485,False,0,22.7459
72,75,106,7e-06,2e-06,1e-06,0.13225,False,0,22.7476
72,76,105,6e-06,1e-06,1e-06,0.132039,False,0,22.747
72,77,104,4e-06,1e-06,0.0,0.131825,False,0,22.7476
72,78,103,7.1e-05,1.8e-05,9e-06,0.131691,False,0,22.7451
72,79,102,5.4e-05,1.4e-05,6e-06,0.131577,False,0,22.7452
72,80,101,6.5e-05,1.6e-05,8e-06,0.131511,False,0,22.7452
72,81,100,2.2e-05,6e-06,2e-06,0.131407,False,0,22.7462
72,82,99,4.2e-05,1e-05,5e-06,0.131292,False,0,22.7462
72,83,98,1e-06,0.0,0.0,0.131189,False,0,22.7477
72,84,97,1.4e-05,3e-06,1e-06,0.13109,False,0,22.7468
72,85,96,7e-06,2e-06,1e-06,0.131016,False,0,22.7484
72,86,95,1.9e-05,5e-06,2e-06,0.130972,False,0,22.7477
72,87,94,3e-06,1e-06,0.0,0.130865,False,0,22.7472
72,88,93,2e-05,5e-06,2e-06,0.130767,False,0,22.7477
72,89,92,1.3e-05,3e-06,1e-06,0.130618,False,0,22.7465
72,90,91,7e-06,2e-06,1e-06,0.13053,False,0,22.7483
72,91,90,2e-06,1e-06,0.0,0.130534,False,0,22.7474
72,92,89,3e-06,1e-06,0.0,0.130538,False,0,22.7476
72,93,88,4e-06,1e-06,0.0,0.130516,False,0,22.7477
72,94,87,6e-06,1e-06,1e-06,0.130461,False,0,22.7477
72,95,86,1e-06,0.0,0.0,0.13039,False,0,22.7476
72,96,85,2e-06,1e-06,0.0,0.130338,False,0,22.7481
72,97,84,5e-06,1e-06,0.0,0.130307,False,0,22.7483
72,98,83,2.4e-05,6e-06,2e-06,0.130294,False,0,22.7483
72,99,82,1e-05,2e-06,1e-06,0.130324,False,0,22.747
72,100,81,1.4e-05,3e-06,1e-06,0.130351,False,0,22.7468
72,101,80,4e-05,1e-05,5e-06,0.130373,False,0,22.7466
72,102,79,9e-06,3e-06,1e-06,0.130388,False,0,22.7471
72,103,78,8e-06,2e-06,1e-06,0.13039,False,0,22.7484
72,104,77,2.2e-05,5e-06,2e-06,0.130412,False,0,22.7492
72,105,76,3.7e-05,9e-06,3e-06,0.130433,False,0,22.7484
72,106,75,7e-06,2e-06,1e-06,0.130485,False,0,22.7477
72,107,74,2e-06,0.0,0.0,0.130494,False,0,22.7473
72,108,73,4e-06,1e-06,0.0,0.130464,False,0,22.7481
72,109,72,4e-06,1e-06,0.0,0.130477,False,0,22.7482
72,110,71,5e-06,1e-06,0.0,0.130529,False,0,22.7479
72,111,70,1e-06,0.0,0.0,0.130586,False,0,22.7477
72,112,69,1.5e-05,4e-06,2e-06,0.130614,False,0,22.7489
72,113,68,1.7e-05,4e-06,1e-06,0.130672,False,0,22.7487
72,114,67,1e-06,0.0,0.0,0.130753,False,0,22.7479
72,115,66,4.3e-05,1.1e-05,4e-06,0.13083,False,0,22.7494
72,116,65,8e-06,2e-06,1e-06,0.130871,False,0,22.7485
72,117,64,5.5e-05,1.4e-05,7e-06,0.130928,False,0,22.7501
72,118,63,1.5e-05,3e-06,2e-06,0.130982,False,0,22.7488
72,119,62,2.1e-05,5e-06,2e-06,0.131071,False,0,22.7491
72,120,61,2.5e-05,6e-06,2e-06,0.131214,False,0,22.7489
72,121,60,8e-05,2e-05,9e-06,0.131336,False,0,22.7506
72,122,59,6.2e-05,1.6e-05,7e-06,0.131492,False,0,22.7503
72,123,58,4.1e-05,1e-05,4e-06,0.131624,False,0,22.7497
72,124,57,4.8e-05,1.2e-05,5e-06,0.131767,False,0,22.75
72,125,56,9.3e-05,2.3e-05,1.1e-05,0.131852,False,0,22.7509
72,126,55,7.2e-05,1.8e-05,8e-06,0.13197,False,0,22.7504
72,127,54,5.8e-05,1.4e-05,6e-06,0.132089,False,0,22.7501
72,128,53,1.1e-05,3e-06,1e-06,0.132163,False,0,22.7485
72,129,52,1.7e-05,4e-06,2e-06,0.132284,False,0,22.7486
72,130,51,7.6e-05,1.9e-05,8e-06,0.132433,False,0,22.7504
72,131,50,0.000129,3.2e-05,1.4e-05,0.132586,False,0,22.7514
73,52,125,0.000367,9.2e-05,4.2e-05,0.148601,True,0,22.7413
73,53,125,0.000285,7.1e-05,3.3e-05,0.146896,True,0,22.7421
73,54,125,0.000162,4e-05,1.9e-05,0.145394,False,0,22.7435
73,55,125,0.000321,8.1e-05,3.8e-05,0.144155,False,0,22.7418
73,56,125,0.000421,0.000105,4.8e-05,0.143018,False,0,22.7408
73,57,125,0.000223,5.6e-05,2.7e-05,0.142054,False,0,22.7428
73,58,125,0.00013,3.2e-05,1.5e-05,0.141165,False,0,22.7439
73,59,125,0.000122,3.1e-05,1.5e-05,0.140384,False,0,22.7442
73,60,125,0.000174,4.3e-05,2.1e-05,0.139667,False,0,22.7434
73,61,125,0.000232,5.8e-05,2.6e-05,0.139008,False,0,22.7426
73,62,125,0.000152,3.8e-05,1.9e-05,0.138411,False,0,22.7438
73,63,125,0.000252,6.3e-05,2.9e-05,0.137924,False,0,22.7424
73,64,125,0.000263,6.6e-05,2.8e-05,0.137445,False,0,22.7424
73,65,125,0.000256,6.4e-05,3.2e-05,0.137029,False,0,22.7427
73,66,125,0.000328,8.2e-05,3.7e-05,0.136583,False,0,22.7417
73,67,125,0.000288,7.2e-05,3.4e-05,0.136166,False,0,22.742
73,68,125,0.000271,6.8e-05,3.3e-05,0.135755,False,0,22.7422
73,69,125,0.000235,5.9e-05,2.7e-05,0.135446,False,0,22.7426
73,70,125,6.6e-05,1.6e-05,8e-06,0.135123,False,0,22.745
73,71,125,0.000137,3.4e-05,1.7e-05,0.134822,False,0,22.7438
73,72,125,0.000159,4e-05,1.9e-05,0.134544,False,0,22.7435
73,73,125,0.000178,4.4e-05,2.1e-05,0.134252,False,0,22.7432
73,74,125,0.000156,3.9e-05,1.9e-05,0.134004,False,0,22.7435
73,75,125,0.000115,2.8e-05,1.4e-05,0.133732,False,0,22.7441
73,76,125,0.000116,2.9e-05,1.4e-05,0.133464,False,0,22.7441
73,77,125,0.000171,4.3e-05,1.7e-05,0.133277,False,0,22.7437
73,78,125,0.000129,3.2e-05,1.6e-05,0.133109,False,0,22.744
73,79,125,8.4e-05,2.1e-05,1e-05,0.132983,False,0,22.7446
73,80,125,5.4e-05,1.4e-05,5e-06,0.132887,False,0,22.7458
73,81,125,1.6e-05,4e-06,2e-06,0.132783,False,0,22.7467
73,82,125,8.4e-05,2.1e-05,1e-05,0.13269,False,0,22.7446
73,83,125,8.6e-05,2.1e-05,1e-05,0.132578,False,0,22.7446
73,84,125,0.00012,3e-05,1.4e-05,0.132472,False,0,22.7441
73,85,125,0.000154,3.9e-05,1.7e-05,0.132365,False,0,22.7436
73,86,125,0.000136,3.4e-05,1.6e-05,0.132257,False,0,22.7438
73,87,125,0.000185,4.6e-05,2.1e-05,0.13214,False,0,22.7432
73,88,125,6.6e-05,1.7e-05,7e-06,0.132042,False,0,22.745
73,89,125,6.2e-05,1.5e-05,6e-06,0.131962,False,0,22.7453
73,90,125,4.3e-05,1.1e-05,5e-06,0.13186,False,0,22.7458
73,91,125,0.000115,2.9e-05,1.4e-05,0.131777,False,0,22.7441
73,92,125,0.000233,5.8e-05,2.6e-05,0.131781,False,0,22.7426
73,93,125,0.000109,2.7e-05,1.3e-05,0.131728,False,0,22.7442
73,94,125,8.6e-05,2.1e-05,1e-05,0.131634,False,0,22.7446
73,95,125,3e-05,7e-06,4e-06,0.131577,False,0,22.7459
73,96,125,1.9e-05,5e-06,2e-06,0.131586,False,0,22.7469
73,97,125,1.5e-05,4e-06,2e-06,0.13156,False,0,22.7467
73,98,125,6.3e-05,1.6e-05,6e-06,0.131544,False,0,22.7464
73,99,125,4e-06,1e-06,0.0,0.131461,False,0,22.7472
73,100,125,2.8e-05,7e-06,3e-06,0.131412,False,0,22.7464
73,101,125,1.8e-05,4e-06,2e-06,0.131388,False,0,22.7464
73,102,125,5.5e-05,1.4e-05,7e-06,0.131386,False,0,22.7452
73,103,125,5.9e-05,1.4e-05,6e-06,0.131374,False,0,22.7453
73,104,125,4.2e-05,1e-05,4e-06,0.131378,False,0,22.7462
73,105,125,4e-06,1e-06,0.0,0.131371,False,0,22.7471
73,106,125,2.5e-05,6e-06,3e-06,0.131455,False,0,22.7465
73,107,125,0.000139,3.5e-05,1.5e-05,0.131475,False,0,22.7438
73,108,125,0.000124,3.1e-05,1.4e-05,0.131501,False,0,22.744
73,109,125,8.9e-05,2.2e-05,1e-05,0.131511,False,0,22.7447
73,110,125,2e-06,0.0,0.0,0.131537,False,0,22.7474
73,111,125,7e-06,2e-06,1e-06,0.131566,False,0,22.7468
73,112,125,2.3e-05,6e-06,3e-06,0.131591,False,0,22.7465
74,52,125,3.6e-05,9e-06,4e-06,0.146,True,0,22.7457
74,53,125,3.2e-05,8e-06,4e-06,0.144335,False,0,22.7467
74,54,125,4e-05,1e-05,5e-06,0.142927,False,0,22.7457
74,55,125,2.6e-05,6e-06,3e-06,0.141689,False,0,22.746
74,56,125,3.3e-05,8e-06,4e-06,0.140578,False,0,22.7469
74,57,125,4e-06,1e-06,1e-06,0.139611,False,0,22.7471
74,58,125,2e-06,1e-06,0.0,0.138753,False,0,22.7473
74,59,125,8e-06,2e-06,1e-06,0.138018,False,0,22.7479
74,60,125,1.7e-05,4e-06,2e-06,0.137277,False,0,22.7472
74,61,125,2e-06,1e-06,0.0,0.136645,False,0,22.7479
74,62,125,3.1e-05,8e-06,3e-06,0.136054,False,0,22.7474
74,63,125,7e-06,2e-06,1e-06,0.135523,False,0,22.7469
74,64,125,1.3e-05,3e-06,1e-06,0.135037,False,0,22.7472
74,65,125,1e-05,2e-06,1e-06,0.134582,False,0,22.7466
74,66,125,1.3e-05,3e-06,1e-06,0.134157,False,0,22.7466
74,67,125,1.5e-05,4e-06,2e-06,0.133785,False,0,22.7465
74,68,125,4.1e-05,1e-05,5e-06,0.133466,False,0,22.746
74,69,125,4e-06,1e-06,0.0,0.133179,False,0,22.7472
74,70,125,2.7e-05,7e-06,2e-06,0.132935,False,0,22.7478
74,71,125,3.1e-05,8e-06,4e-06,0.132718,False,0,22.7495
74,72,125,4e-06,1e-06,0.0,0.132497,False,0,22.7482
74,73,125,9e-06,2e-06,1e-06,0.13225,False,0,22.7468
74,74,125,2.7e-05,7e-06,3e-06,0.132027,False,0,22.7468
74,75,125,1.1e-05,3e-06,1e-06,0.131849,False,0,22.747
74,76,125,5e-06,1e-06,1e-06,0.131674,False,0,22.7472
74,77,125,1.4e-05,4e-06,1e-06,0.131477,False,0,22.7466
74,78,125,8e-06,2e-06,1e-06,0.131292,False,0,22.748
74,79,125,3e-06,1e-06,0.0,0.131168,False,0,22.7473
74,80,125,1.3e-05,3e-06,1e-06,0.131085,False,0,22.7488
74,81,125,1e-05,3e-06,1e-06,0.130996,False,0,22.7481
74,82,125,1.5e-05,4e-06,1e-06,0.130888,False,0,22.7481
74,83,125,3e-06,1e-06,0.0,0.13072,False,0,22.7471
74,84,125,1e-05,3e-06,1e-06,0.13058,False,0,22.7467
74,85,125,8e-06,2e-06,1e-06,0.130463,False,0,22.7485
74,86,125,8e-06,2e-06,1e-06,0.130415,False,0,22.7485
74,87,125,2.9e-05,7e-06,3e-06,0.130395,False,0,22.7491
74,88,125,4e-06,1e-06,1e-06,0.130367,False,0,22.7484
74,89,125,6e-06,2e-06,1e-06,0.130349,False,0,22.7481
74,90,125,3.1e-05,8e-06,3e-06,0.130353,False,0,22.7489
74,91,125,3.6e-05,9e-06,4e-06,0.130392,False,0,22.7495
74,92,125,3.6e-05,9e-06,4e-06,0.130406,False,0,22.7496
74,93,125,1.9e-05,4e-06,2e-06,0.130442,False,0,22.7491
74,94,125,1e-05,3e-06,1e-06,0.130479,False,0,22.7487
74,95,125,2.8e-05,7e-06,3e-06,0.130502,False,0,22.7494
74,96,125,2e-05,5e-06,2e-06,0.130526,False,0,22.7488
74,97,125,6e-06,1e-06,1e-06,0.130575,False,0,22.7484
74,98,125,2.9e-05,7e-06,3e-06,0.130649,False,0,22.7494
74,99,125,4e-06,1e-06,0.0,0.130686,False,0,22.7482
74,100,125,5.1e-05,1.3e-05,5e-06,0.130741,False,0,22.7497
74,101,125,4e-06,1e-06,1e-06,0.130746,False,0,22.7482
74,102,125,2.8e-05,7e-06,3e-06,0.130832,False,0,22.7479
74,103,125,2.3e-05,6e-06,2e-06,0.130909,False,0,22.748
74,104,125,7e-06,2e-06,1e-06,0.130985,False,0,22.7479
74,105,125,2.5e-05,6e-06,3e-06,0.131044,False,0,22.7485
74,106,125,9e-06,2e-06,1e-06,0.131112,False,0,22.7486
74,107,125,3.8e-05,1e-05,5e-06,0.131232,False,0,22.7497
74,108,125,1.3e-05,3e-06,1e-06,0.131325,False,0,22.7487
74,109,125,2.6e-05,7e-06,3e-06,0.131453,False,0,22.7487
74,110,125,8e-05,2e-05,8e-06,0.131596,False,0,22.7503
74,111,125,5.4e-05,1.4e-05,5e-06,0.131661,False,0,22.7499
74,112,125,5.1e-05,1.3e-05,6e-06,0.131692,False,0,22.75
74,113,125,4.9e-05,1.3e-05,5e-06,0.131746,False,0,22.7498
74,114,125,9e-06,2e-06,1e-06,0.131835,False,0,22.7486
74,115,125,6e-06,1e-06,1e-06,0.131976,False,0,22.748
74,116,125,4e-06,1e-06,1e-06,0.132124,False,0,22.7471
74,117,125,3e-06,1e-06,0.0,0.13223,False,0,22.7472
74,118,125,6e-06,2e-06,1e-06,0.132342,False,0,22.7483
74,119,125,8e-06,2e-06,1e-06,0.132443,False,0,22.7483
74,120,125,4e-06,1e-06,1e-06,0.132507,False,0,22.7483
74,121,125,3e-06,1e-06,0.0,0.132521,False,0,22.7482
74,122,125,8e-06,2e-06,1e-06,0.132556,False,0,22.7485
74,123,125,4.8e-05,1.2e-05,6e-06,0.132678,False,0,22.7494
74,124,125,4e-05,1e-05,5e-06,0.132811,False,0,22.7498
74,125,125,8.5e-05,2.1e-05,9e-06,0.132933,False,0,22.7507
74,126,125,2.2e-05,5e-06,3e-06,0.13306,False,0,22.749
74,127,125,1.7e-05,4e-06,1e-06,0.133228,False,0,22.7486
74,128,125,5e-06,1e-06,1e-06,0.133381,False,0,22.7474
74,129,125,1.3e-05,3e-06,1e-06,0.133552,False,0,22.7476
74,130,125,2.1e-05,5e-06,2e-06,0.13363,False,0,22.7474
74,131,125,6.5e-05,1.6e-05,7e-06,0.133756,False,0,22.748
74,132,125,8.2e-05,2.1e-05,8e-06,0.133884,False,0,22.7505
74,133,125,5.3e-05,1.3e-05,6e-06,0.134041,False,0,22.75
74,134,125,3.5e-05,9e-06,4e-06,0.134206,False,0,22.7496
74,135,125,6.4e-05,1.6e-05,7e-06,0.134339,False,0,22.7503
74,136,125,7.4e-05,1.8e-05,8e-06,0.134485,False,0,22.7504
74,137,125,4.3e-05,1.1e-05,5e-06,0.134632,False,0,22.7493
75,52,125,0.000113,2.8e-05,1.3e-05,0.146253,True,0,22.7442
75,53,125,7.5e-05,1.9e-05,9e-06,0.14457,False,0,22.7455
75,54,125,3.2e-05,8e-06,4e-06,0.143123,False,0,22.7458
75,55,125,4.5e-05,1.1e-05,5e-06,0.141855,False,0,22.746
75,56,125,6.8e-05,1.7e-05,8e-06,0.140748,False,0,22.7453
75,57,125,4.7e-05,1.2e-05,5e-06,0.13977,False,0,22.7454
75,58,125,1.3e-05,3e-06,1e-06,0.138908,False,0,22.747
75,59,125,6.4e-05,1.6e-05,8e-06,0.138136,False,0,22.7451
75,60,125,9e-05,2.3e-05,1.1e-05,0.137406,False,0,22.7445
75,61,125,9.9e-05,2.5e-05,1.2e-05,0.136747,False,0,22.7447
75,62,125,7.1e-05,1.7e-05,8e-06,0.136158,False,0,22.7451
75,63,125,4.4e-05,1.1e-05,5e-06,0.135652,False,0,22.7455
75,64,125,2.9e-05,7e-06,3e-06,0.135164,False,0,22.7459
75,65,125,7.4e-05,1.8e-05,9e-06,0.134726,False,0,22.7452
75,66,125,1e-04,2.5e-05,1.2e-05,0.134243,False,0,22.7443
75,67,125,6.4e-05,1.6e-05,8e-06,0.133807,False,0,22.7451
75,68,125,5e-05,1.2e-05,6e-06,0.133432,False,0,22.7453
75,69,125,4e-05,1e-05,5e-06,0.133107,False,0,22.7459
75,70,125,2.3e-05,6e-06,2e-06,0.13285,False,0,22.7464
75,71,125,1.3e-05,3e-06,2e-06,0.132593,False,0,22.7466
75,72,125,1.4e-05,4e-06,2e-06,0.132374,False,0,22.7468
75,73,125,2.1e-05,5e-06,2e-06,0.132127,False,0,22.7462
75,74,125,1.8e-05,4e-06,2e-06,0.131908,False,0,22.7463
75,75,125,1.5e-05,4e-06,2e-06,0.131723,False,0,22.7465
75,76,125,2.5e-05,6e-06,3e-06,0.131614,False,0,22.746
75,77,124,1.2e-05,3e-06,1e-06,0.131462,False,0,22.7467
75,78,123,9e-06,2e-06,1e-06,0.13131,False,0,22.7474
75,79,122,5.5e-05,1.4e-05,7e-06,0.131151,False,0,22.7452
75,80,121,8e-06,2e-06,1e-06,0.131008,False,0,22.747
75,81,120,2.3e-05,6e-06,3e-06,0.130869,False,0,22.7461
75,82,119,4e-06,1e-06,1e-06,0.130739,False,0,22.7471
75,83,118,2.8e-05,7e-06,3e-06,0.130657,False,0,22.7461
75,84,117,3.5e-05,9e-06,4e-06,0.130601,False,0,22.7457
75,85,116,9e-06,2e-06,1e-06,0.130547,False,0,22.7468
75,86,115,3e-06,1e-06,0.0,0.130534,False,0,22.7472
75,87,114,3.9e-05,9e-06,5e-06,0.130518,False,0,22.7457
75,88,113,1.8e-05,4e-06,2e-06,0.130529,False,0,22.7466
76,52,125,0.000198,5e-05,2.4e-05,0.148885,True,0,22.743
76,53,125,0.000262,6.6e-05,3e-05,0.147233,True,0,22.7423
76,54,125,0.000198,5e-05,2.4e-05,0.145796,False,0,22.7431
76,55,125,0.00016,4e-05,1.9e-05,0.144547,False,0,22.7435
76,56,125,0.000125,3.1e-05,1.4e-05,0.143429,False,0,22.744
76,57,125,0.000155,3.9e-05,1.9e-05,0.14247,False,0,22.7437
76,58,125,0.000196,4.9e-05,2.3e-05,0.141589,False,0,22.743
76,59,125,0.000103,2.6e-05,1.2e-05,0.140796,False,0,22.7443
76,60,125,0.000236,5.9e-05,2.9e-05,0.140081,False,0,22.7427
76,61,125,0.000214,5.3e-05,2.6e-05,0.139466,False,0,22.7429
76,62,125,0.000258,6.4e-05,2.8e-05,0.13886,False,0,22.7424
76,63,125,0.00017,4.2e-05,2.1e-05,0.138341,False,0,22.7436
76,64,125,0.000203,5.1e-05,2.3e-05,0.137794,False,0,22.743
76,65,125,0.000348,8.7e-05,4e-05,0.137365,False,0,22.7415
76,66,125,0.000292,7.3e-05,3.6e-05,0.137027,False,0,22.7423
76,67,125,0.000158,4e-05,1.9e-05,0.136659,False,0,22.7435
76,68,125,6.4e-05,1.6e-05,8e-06,0.136293,False,0,22.7451
76,69,125,5.7e-05,1.4e-05,7e-06,0.135929,False,0,22.7453
76,70,125,8.5e-05,2.1e-05,1.1e-05,0.13557,False,0,22.7448
76,71,125,3.9e-05,1e-05,4e-06,0.135244,False,0,22.7456
76,72,125,9.8e-05,2.5e-05,1.2e-05,0.134966,False,0,22.7447
76,73,125,0.000163,4.1e-05,1.8e-05,0.134766,False,0,22.7435
76,74,125,8.3e-05,2.1e-05,1e-05,0.134545,False,0,22.7446
76,75,125,4.6e-05,1.1e-05,6e-06,0.134355,False,0,22.7454
76,76,125,3e-05,7e-06,4e-06,0.134175,False,0,22.7463
76,77,125,4.3e-05,1.1e-05,5e-06,0.134002,False,0,22.7455
76,78,125,7e-06,2e-06,1e-06,0.133832,False,0,22.7468
76,79,125,6.3e-05,1.6e-05,8e-06,0.133681,False,0,22.7456
76,80,125,1.4e-05,4e-06,1e-06,0.133572,False,0,22.747
76,81,125,0.000102,2.6e-05,1.3e-05,0.133562,False,0,22.7446
76,82,125,0.000119,3e-05,1.3e-05,0.133448,False,0,22.7441
76,83,125,7.9e-05,2e-05,9e-06,0.133308,False,0,22.7448
76,84,125,0.000105,2.6e-05,1.2e-05,0.133177,False,0,22.7443
76,85,125,9.3e-05,2.3e-05,1.1e-05,0.133053,False,0,22.7445
76,86,125,4e-05,1e-05,5e-06,0.132951,False,0,22.7456
76,87,125,3e-06,1e-06,0.0,0.132806,False,0,22.7476
76,88,125,1.6e-05,4e-06,1e-06,0.132669,False,0,22.7486
76,89,125,6e-06,1e-06,1e-06,0.132574,False,0,22.7484
76,90,125,2.4e-05,6e-06,2e-06,0.13251,False,0,22.7477
76,91,124,3.7e-05,9e-06,5e-06,0.132494,False,0,22.7458
76,92,123,6.3e-05,1.6e-05,6e-06,0.132491,False,0,22.7454
76,93,122,4.8e-05,1.2e-05,6e-06,0.132437,False,0,22.7456
76,94,121,6.7e-05,1.7e-05,8e-06,0.1323,False,0,22.745
76,95,120,4.8e-05,1.2e-05,6e-06,0.1322,False,0,22.7454
76,96,119,3.4e-05,8e-06,4e-06,0.132133,False,0,22.7457
76,97,118,0.000138,3.4e-05,1.6e-05,0.132146,False,0,22.7438
76,98,117,0.000143,3.6e-05,1.6e-05,0.132143,False,0,22.7438
76,99,116,0.000169,4.2e-05,2.1e-05,0.132145,False,0,22.7434
76,100,115,3.1e-05,8e-06,3e-06,0.132184,False,0,22.7461
76,101,114,9e-06,2e-06,1e-06,0.132182,False,0,22.7468
76,102,113,8e-06,2e-06,1e-06,0.132144,False,0,22.7484
76,103,112,5e-06,1e-06,0.0,0.132139,False,0,22.7477
76,104,111,1.1e-05,3e-06,1e-06,0.132141,False,0,22.7469
76,105,110,3.2e-05,8e-06,4e-06,0.132191,False,0,22.7458
76,106,109,4e-05,1e-05,4e-06,0.132224,False,0,22.7456
76,107,108,1.2e-05,3e-06,1e-06,0.132259,False,0,22.7467
76,108,107,1e-05,2e-06,1e-06,0.132253,False,0,22.7468
76,109,106,1.1e-05,3e-06,1e-06,0.132208,False,0,22.7466
76,110,105,5.8e-05,1.5e-05,7e-06,0.132242,False,0,22.7454
76,111,104,5.5e-05,1.4e-05,6e-06,0.132302,False,0,22.7455
76,112,103,1.7e-05,4e-06,2e-06,0.132354,False,0,22.7465
76,113,102,1.3e-05,3e-06,2e-06,0.132275,False,0,22.7466
76,114,101,2.2e-05,6e-06,3e-06,0.132228,False,0,22.7461
76,115,100,3e-06,1e-06,0.0,0.132219,False,0,22.7473
76,116,99,7e-06,2e-06,1e-06,0.132211,False,0,22.7477
76,117,98,8e-06,2e-06,1e-06,0.132249,False,0,22.7485
76,118,97,2e-06,1e-06,0.0,0.132295,False,0,22.7479
76,119,96,3e-06,1e-06,0.0,0.132348,False,0,22.7473
76,120,95,1.8e-05,4e-06,2e-06,0.132422,False,0,22.7463
76,121,94,1.7e-05,4e-06,2e-06,0.132464,False,0,22.7463
76,122,93,5e-06,1e-06,1e-06,0.132507,False,0,22.7471
76,123,92,3e-06,1e-06,1e-06,0.132528,False,0,22.748
76,124,91,6e-06,1e-06,1e-06,0.132575,False,0,22.7484
76,125,90,2e-06,0.0,0.0,0.132653,False,0,22.7479
76,126,89,4e-06,1e-06,0.0,0.132787,False,0,22.7481
76,127,88,6e-06,1e-06,1e-06,0.132979,False,0,22.7471
76,128,87,8e-06,2e-06,1e-06,0.133075,False,0,22.7486
76,129,86,1.6e-05,4e-06,2e-06,0.133166,False,0,22.7467
76,130,85,3e-06,1e-06,0.0,0.133192,False,0,22.7482
76,131,84,3e-06,1e-06,0.0,0.133224,False,0,22.7481
76,132,83,9e-06,2e-06,1e-06,0.133244,False,0,22.7485
76,133,82,1.5e-05,4e-06,1e-06,0.133294,False,0,22.7486
76,134,81,8.1e-05,2e-05,9e-06,0.133417,False,0,22.7506
76,135,80,4.9e-05,1.2e-05,5e-06,0.13354,False,0,22.7499
76,136,79,5.8e-05,1.5e-05,7e-06,0.133663,False,0,22.7502
76,137,78,4.1e-05,1e-05,4e-06,0.133793,False,0,22.7494
76,138,77,5e-06,1e-06,1e-06,0.133885,False,0,22.7483
76,139,76,1.6e-05,4e-06,2e-06,0.133958,False,0,22.7488
76,140,75,5.7e-05,1.4e-05,6e-06,0.134035,False,0,22.7499
76,141,74,0.000114,2.9e-05,1.2e-05,0.134075,False,0,22.7511
76,142,73,6.7e-05,1.7e-05,7e-06,0.134156,False,0,22.7503
76,143,72,5.7e-05,1.4e-05,6e-06,0.134217,False,0,22.7499
76,144,71,1e-05,2e-06,1e-06,0.134357,False,0,22.7474
76,145,70,9e-06,3e-06,1e-06,0.134516,False,0,22.7473
76,146,69,4e-06,1e-06,0.0,0.134654,False,0,22.7482
76,147,68,1.6e-05,4e-06,2e-06,0.134714,False,0,22.7489
76,148,67,1.6e-05,4e-06,2e-06,0.134777,False,0,22.749
76,149,66,7.8e-05,2e-05,9e-06,0.134851,False,0,22.7506
76,150,65,0.000128,3.2e-05,1.5e-05,0.134989,False,0,22.7514
76,151,64,7.7e-05,1.9e-05,8e-06,0.135143,False,0,22.7505
76,152,63,2.9e-05,7e-06,4e-06,0.135272,False,0,22.7494
76,153,62,1.3e-05,3e-06,2e-06,0.135371,False,0,22.7488
76,154,61,5e-05,1.3e-05,5e-06,0.1355,False,0,22.7499
76,155,60,5.4e-05,1.3e-05,6e-06,0.135638,False,0,22.7499
76,156,59,1.2e-05,3e-06,1e-06,0.135819,False,0,22.7488
76,157,58,2.8e-05,7e-06,3e-06,0.136022,False,0,22.7494
76,158,57,5.1e-05,1.3e-05,6e-06,0.136178,False,0,22.75
76,159,56,6.3e-05,1.6e-05,7e-06,0.13635,False,0,22.7503
76,160,55,9.3e-05,2.3e-05,1e-05,0.136499,False,0,22.7508
76,161,54,0.000131,3.3e-05,1.6e-05,0.136647,False,0,22.7514
76,162,53,0.000147,3.7e-05,1.6e-05,0.136779,False,0,22.7516
76,163,52,0.000221,5.5e-05,2.6e-05,0.136981,False,0,22.7526
76,164,51,0.000265,6.6e-05,2.8e-05,0.137206,False,0,22.7529
76,165,50,0.000141,3.5e-05,1.6e-05,0.137431,False,0,22.7516
76,166,49,0.000228,5.7e-05,2.7e-05,0.13764,False,0,22.7527
76,167,48,0.000334,8.4e-05,3.8e-05,0.137856,False,0,22.7537
76,168,47,0.000398,1e-04,4.5e-05,0.138111,False,0,22.7543
76,169,46,0.000305,7.6e-05,3.4e-05,0.138362,False,0,22.7534
76,170,45,0.000219,5.5e-05,2.6e-05,0.138637,False,0,22.7525
76,171,44,0.000272,6.8e-05,3e-05,0.138909,False,0,22.7531
76,172,43,0.000267,6.7e-05,3e-05,0.139204,False,0,22.753
76,173,42,0.00035,8.8e-05,3.9e-05,0.139512,False,0,22.7538
76,174,41,0.000361,9e-05,4.1e-05,0.139796,False,0,22.754
76,175,40,0.000333,8.3e-05,3.9e-05,0.14011,False,0,22.7537
76,176,39,0.00033,8.3e-05,3.5e-05,0.140293,False,0,22.7535
76,177,38,0.000326,8.1e-05,3.8e-05,0.140584,False,0,22.7536
76,178,37,0.000463,0.000116,5.1e-05,0.140844,False,0,22.7548
76,179,36,0.000455,0.000114,5.1e-05,0.141273,False,0,22.7547
76,180,35,0.000453,0.000114,5.3e-05,0.141645,False,0,22.7547
76,181,34,0.000323,8.1e-05,3.6e-05,0.142011,False,0,22.7536
76,182,33,0.00047,0.000118,5.2e-05,0.142439,False,0,22.7548
76,183,32,0.000489,0.000123,5.7e-05,0.142901,False,0,22.755
76,184,31,0.000521,0.00013,6.1e-05,0.143326,False,0,22.7553
76,185,30,0.000491,0.000123,5.2e-05,0.143734,False,0,22.7547
76,186,29,0.000398,1e-04,4.5e-05,0.144175,False,0,22.7543
76,187,28,0.000505,0.000126,5.4e-05,0.144638,False,0,22.7549
76,188,27,0.00052,0.00013,6e-05,0.145214,False,0,22.7552
76,189,26,0.000615,0.000154,6.7e-05,0.145728,False,0,22.7558
76,190,25,0.000643,0.000161,7.3e-05,0.146229,True,0,22.7561
76,191,24,0.000593,0.000148,6.7e-05,0.146712,True,0,22.7557
76,192,23,0.000526,0.000132,6.1e-05,0.147267,True,0,22.7553
76,193,22,0.000564,0.000141,6.2e-05,0.147893,True,0,22.7554
76,194,21,0.000583,0.000146,6.6e-05,0.148613,True,0,22.7557
76,195,20,0.000624,0.000156,7e-05,0.149269,True,0,22.7559
76,196,19,0.000724,0.000181,8.4e-05,0.149944,True,0,22.7566
76,197,18,0.000851,0.000213,9.4e-05,0.150631,True,0,22.7573
76,198,17,0.000986,0.000247,0.000112,0.151454,True,0,22.7581
76,199,16,0.000988,0.000247,0.000109,0.152296,True,0,22.758
76,200,15,0.000876,0.000219,9.9e-05,0.153137,True,0,22.7575
76,201,14,0.001091,0.000273,0.000121,0.153997,True,0,22.7585
76,202,13,0.000993,0.000249,0.000117,0.154943,True,0,22.7581
76,203,12,0.001114,0.000279,0.000124,0.155957,True,0,22.7587
76,204,11,0.001105,0.000276,0.000126,0.157031,True,0,22.7587
76,205,10,0.001104,0.000276,0.000122,0.158135,True,0,22.7586
77,52,125,0.000195,4.9e-05,2.3e-05,0.146672,True,0,22.7431
77,53,125,0.000207,5.2e-05,2.5e-05,0.145002,False,0,22.743
77,54,125,0.000339,8.5e-05,3.7e-05,0.143607,False,0,22.7416
77,55,125,0.000187,4.7e-05,2.1e-05,0.142439,False,0,22.7431
77,56,125,0.000117,2.9e-05,1.4e-05,0.141333,False,0,22.7441
77,57,125,0.00016,4e-05,1.8e-05,0.140295,False,0,22.7435
77,58,125,0.000202,5.1e-05,2.4e-05,0.139396,False,0,22.743
77,59,125,0.000208,5.2e-05,2.4e-05,0.138623,False,0,22.7429
77,60,125,0.000182,4.6e-05,2.1e-05,0.137935,False,0,22.7433
77,61,125,9.1e-05,2.3e-05,1.1e-05,0.137282,False,0,22.7445
77,62,125,0.000122,3e-05,1.4e-05,0.136654,False,0,22.744
77,63,125,4.3e-05,1.1e-05,5e-06,0.136102,False,0,22.7456
77,64,125,6.2e-05,1.5e-05,8e-06,0.135588,False,0,22.7452
77,65,125,7.6e-05,1.9e-05,9e-06,0.135151,False,0,22.7448
77,66,125,0.000122,3.1e-05,1.4e-05,0.134723,False,0,22.744
77,67,125,7.1e-05,1.8e-05,7e-06,0.134235,False,0,22.7451
77,68,125,3e-05,8e-06,4e-06,0.133782,False,0,22.7461
77,69,125,4.8e-05,1.2e-05,6e-06,0.133394,False,0,22.7454
77,70,125,9e-05,2.3e-05,1e-05,0.133053,False,0,22.7445
77,71,125,3e-05,7e-06,4e-06,0.132817,False,0,22.746
77,72,124,9.2e-05,2.3e-05,1e-05,0.132602,False,0,22.7445
77,73,123,5.2e-05,1.3e-05,5e-06,0.132397,False,0,22.7458
77,74,122,4.6e-05,1.2e-05,5e-06,0.132184,False,0,22.7454
77,75,121,3.6e-05,9e-06,4e-06,0.132027,False,0,22.7462
77,76,120,6.4e-05,1.6e-05,7e-06,0.131884,False,0,22.7452
77,77,119,3.6e-05,9e-06,4e-06,0.131729,False,0,22.7457
77,78,118,8.2e-05,2e-05,1e-05,0.131605,False,0,22.7447
77,79,117,6.7e-05,1.7e-05,8e-06,0.131446,False,0,22.745
77,80,116,5.4e-05,1.3e-05,7e-06,0.131301,False,0,22.7454
77,81,115,4.7e-05,1.2e-05,5e-06,0.131144,False,0,22.7454
77,82,114,5.4e-05,1.3e-05,6e-06,0.131025,False,0,22.7453
77,83,113,1.5e-05,4e-06,2e-06,0.130918,False,0,22.7464
77,84,112,2.5e-05,6e-06,3e-06,0.130821,False,0,22.7461
77,85,111,8.2e-05,2e-05,1e-05,0.130769,False,0,22.7448
77,86,110,0.000115,2.9e-05,1.3e-05,0.130709,False,0,22.7442
77,87,109,4e-05,1e-05,5e-06,0.130678,False,0,22.7456
77,88,108,1e-05,2e-06,1e-06,0.130626,False,0,22.7467
77,89,107,1.3e-05,3e-06,2e-06,0.130544,False,0,22.7466
77,90,106,4.2e-05,1e-05,4e-06,0.130495,False,0,22.7458
77,91,105,4.9e-05,1.2e-05,6e-06,0.130452,False,0,22.7454
77,92,104,1.9e-05,5e-06,2e-06,0.130396,False,0,22.7464
77,93,103,6e-06,2e-06,1e-06,0.1303,False,0,22.7475
77,94,102,3.6e-05,9e-06,4e-06,0.13033,False,0,22.7494
77,95,101,3e-06,1e-06,0.0,0.13034,False,0,22.7481
77,96,100,8e-06,2e-06,1e-06,0.130324,False,0,22.7468
77,97,99,1.3e-05,3e-06,1e-06,0.130301,False,0,22.7466
77,98,98,1.3e-05,3e-06,1e-06,0.130328,False,0,22.7473
77,99,97,3.7e-05,9e-06,4e-06,0.130372,False,0,22.7457
77,100,96,6e-06,1e-06,1e-06,0.130445,False,0,22.747
77,101,95,5.1e-05,1.2e-05,6e-06,0.130486,False,0,22.7455
77,102,94,2.6e-05,6e-06,3e-06,0.130528,False,0,22.746
77,103,93,5.5e-05,1.4e-05,6e-06,0.13055,False,0,22.7453
77,104,92,7.8e-05,1.9e-05,8e-06,0.130613,False,0,22.7448
77,105,91,3.4e-05,8e-06,4e-06,0.130633,False,0,22.7459
77,106,90,2.2e-05,6e-06,3e-06,0.130663,False,0,22.7464
77,107,89,7e-05,1.8e-05,7e-06,0.130688,False,0,22.7464
77,108,88,5e-06,1e-06,1e-06,0.130744,False,0,22.747
77,109,87,1.1e-05,3e-06,1e-06,0.130771,False,0,22.7466
77,110,86,8e-06,2e-06,1e-06,0.13078,False,0,22.7469
77,111,85,4e-06,1e-06,0.0,0.130804,False,0,22.748
77,112,84,4e-06,1e-06,1e-06,0.130905,False,0,22.7483
77,113,83,6e-06,1e-06,1e-06,0.131001,False,0,22.7472
77,114,82,1e-06,0.0,0.0,0.131075,False,0,22.7475
77,115,81,1e-05,3e-06,1e-06,0.131163,False,0,22.748
77,116,80,4.2e-05,1e-05,4e-06,0.131287,False,0,22.7497
77,117,79,2.4e-05,6e-06,3e-06,0.131425,False,0,22.7488
77,118,78,2.7e-05,7e-06,3e-06,0.131538,False,0,22.7494
77,119,77,2.4e-05,6e-06,2e-06,0.13168,False,0,22.7492
77,120,76,1e-05,3e-06,1e-06,0.131852,False,0,22.7487
77,121,75,1.2e-05,3e-06,2e-06,0.131957,False,0,22.7483
77,122,74,7e-06,2e-06,1e-06,0.132033,False,0,22.7479
77,123,73,3.4e-05,8e-06,4e-06,0.132113,False,0,22.7489
77,124,72,4.9e-05,1.2e-05,6e-06,0.132258,False,0,22.7499
77,125,71,7.8e-05,1.9e-05,1e-05,0.132377,False,0,22.7503
77,126,70,2.4e-05,6e-06,3e-06,0.132478,False,0,22.7492
77,127,69,2.8e-05,7e-06,3e-06,0.132569,False,0,22.7493
77,128,68,2.6e-05,7e-06,3e-06,0.132636,False,0,22.7483
77,129,67,2.2e-05,6e-06,3e-06,0.132747,False,0,22.7492
77,130,66,2.7e-05,7e-06,3e-06,0.132904,False,0,22.7494
77,131,65,1.7e-05,4e-06,2e-06,0.133076,False,0,22.7486
77,132,64,6.2e-05,1.5e-05,8e-06,0.133249,False,0,22.7502
77,133,63,5.2e-05,1.3e-05,6e-06,0.133447,False,0,22.7499
77,134,62,0.000104,2.6e-05,1.3e-05,0.133617,False,0,22.7509
77,135,61,0.000105,2.6e-05,1.1e-05,0.133841,False,0,22.7509
77,136,60,5.4e-05,1.3e-05,6e-06,0.13406,False,0,22.7501
77,137,59,0.000113,2.9e-05,1.4e-05,0.13431,False,0,22.7511
77,138,58,9.1e-05,2.3e-05,1.1e-05,0.134527,False,0,22.7507
77,139,57,7.7e-05,1.9e-05,9e-06,0.134728,False,0,22.7506
77,140,56,8.3e-05,2.1e-05,1.1e-05,0.134903,False,0,22.7505
77,141,55,0.000116,2.9e-05,1.4e-05,0.135133,False,0,22.7512
77,142,54,0.000105,2.6e-05,1.2e-05,0.135353,False,0,22.7511
77,143,53,5.4e-05,1.3e-05,6e-06,0.135574,False,0,22.7501
77,144,52,4.8e-05,1.2e-05,5e-06,0.135731,False,0,22.7499
77,145,51,8.6e-05,2.2e-05,1.1e-05,0.136,False,0,22.75
77,146,50,0.00015,3.8e-05,1.6e-05,0.136307,False,0,22.7515
77,147,49,0.000154,3.9e-05,1.9e-05,0.136631,False,0,22.7516
77,148,48,0.000127,3.2e-05,1.6e-05,0.136917,False,0,22.7513
77,149,47,0.000147,3.7e-05,1.7e-05,0.137189,False,0,22.7517
77,150,46,0.000119,3e-05,1.4e-05,0.137445,False,0,22.7513
77,151,45,0.000172,4.3e-05,2e-05,0.137745,False,0,22.752
77,152,44,0.000119,3e-05,1.4e-05,0.13809,False,0,22.7512
77,153,43,0.000122,3.1e-05,1.5e-05,0.138412,False,0,22.7513
77,154,42,0.000104,2.6e-05,1.3e-05,0.138712,False,0,22.7509
77,155,41,0.000191,4.8e-05,2.3e-05,0.13905,False,0,22.7522
77,156,40,0.0002,5e-05,2.3e-05,0.139412,False,0,22.7524
77,157,39,0.000211,5.3e-05,2.5e-05,0.139815,False,0,22.7525
77,158,38,0.000226,5.7e-05,2.9e-05,0.140233,False,0,22.7519
77,159,37,0.00017,4.3e-05,1.9e-05,0.140673,False,0,22.752
77,160,36,0.000162,4.1e-05,2e-05,0.141149,False,0,22.7518
77,161,35,0.000144,3.6e-05,1.8e-05,0.141578,False,0,22.7516
77,162,34,0.000248,6.2e-05,3.1e-05,0.142063,False,0,22.7528
78,52,125,0.000621,0.000155,7.3e-05,0.15338,True,0,22.7394
78,53,125,0.000505,0.000126,5.9e-05,0.151673,True,0,22.7402
78,54,125,0.000462,0.000116,5.3e-05,0.150286,True,0,22.7405
78,55,124,0.000346,8.7e-05,4.2e-05,0.149105,True,0,22.7417
78,56,123,0.000399,1e-04,4.7e-05,0.147956,True,0,22.741
78,57,122,0.000426,0.000107,5.2e-05,0.146933,True,0,22.7409
78,58,121,0.000394,9.8e-05,4.6e-05,0.146001,True,0,22.7411
78,59,120,0.000498,0.000125,5.9e-05,0.145287,False,0,22.7403
78,60,119,0.000279,7e-05,3.3e-05,0.144647,False,0,22.7422
78,61,118,0.000271,6.8e-05,3.2e-05,0.144043,False,0,22.7422
78,62,117,0.000241,6e-05,2.9e-05,0.143428,False,0,22.7425
78,63,116,0.000246,6.2e-05,2.9e-05,0.1428,False,0,22.7425
78,64,115,0.000291,7.2e-05,3.6e-05,0.142248,False,0,22.7422
78,65,114,0.000257,6.4e-05,3.1e-05,0.141711,False,0,22.7423
78,66,113,0.000203,5.1e-05,2.4e-05,0.141224,False,0,22.7429
78,67,112,0.000192,4.8e-05,2.4e-05,0.140697,False,0,22.7432
78,68,111,0.000244,6.1e-05,2.9e-05,0.140225,False,0,22.7425
78,69,110,0.00025,6.2e-05,2.9e-05,0.139855,False,0,22.7424
78,70,109,0.000151,3.8e-05,1.8e-05,0.13956,False,0,22.7437
78,71,108,0.000119,3e-05,1.5e-05,0.139318,False,0,22.7443
78,72,107,0.000187,4.7e-05,2.2e-05,0.139119,False,0,22.7431
79,52,112,6.4e-05,1.6e-05,8e-06,0.146251,True,0,22.7453
79,53,111,0.000143,3.6e-05,1.7e-05,0.144562,False,0,22.7437
79,54,110,7.9e-05,2e-05,9e-06,0.143079,False,0,22.7448
79,55,109,0.000162,4.1e-05,1.8e-05,0.141829,False,0,22.7434
79,56,108,7.8e-05,1.9e-05,9e-06,0.140707,False,0,22.7448
79,57,107,1e-04,2.5e-05,1.1e-05,0.13974,False,0,22.7444
79,58,106,0.000143,3.6e-05,1.7e-05,0.138867,False,0,22.7437
79,59,105,0.000121,3e-05,1.4e-05,0.13815,False,0,22.744
79,60,104,0.000183,4.6e-05,2.2e-05,0.137395,False,0,22.7433
79,61,103,0.000138,3.4e-05,1.5e-05,0.136723,False,0,22.7438
79,62,102,5.6e-05,1.4e-05,7e-06,0.136101,False,0,22.7454
79,63,101,7.1e-05,1.8e-05,8e-06,0.135538,False,0,22.7449
79,64,100,1.9e-05,5e-06,2e-06,0.135024,False,0,22.7463
79,65,99,3.9e-05,1e-05,5e-06,0.134539,False,0,22.7457
79,66,98,2.7e-05,7e-06,3e-06,0.134088,False,0,22.7461
79,67,97,6.5e-05,1.6e-05,8e-06,0.133701,False,0,22.7453
79,68,96,7.3e-05,1.8e-05,8e-06,0.133343,False,0,22.7448
79,69,95,9.4e-05,2.3e-05,1.1e-05,0.133029,False,0,22.7444
79,70,94,2.8e-05,7e-06,3e-06,0.132751,False,0,22.746
79,71,93,3.6e-05,9e-06,4e-06,0.132455,False,0,22.7457
79,72,92,2.8e-05,7e-06,3e-06,0.132156,False,0,22.746
79,73,91,4.5e-05,1.1e-05,5e-06,0.131887,False,0,22.7455
79,74,90,6e-05,1.5e-05,7e-06,0.131602,False,0,22.7451
79,75,89,4.9e-05,1.2e-05,6e-06,0.131369,False,0,22.7455
79,76,88,5.3e-05,1.3e-05,6e-06,0.13113,False,0,22.7454
79,77,87,4e-05,1e-05,5e-06,0.130979,False,0,22.7458
79,78,86,9.5e-05,2.4e-05,1e-05,0.130837,False,0,22.7447
79,79,85,2.3e-05,6e-06,3e-06,0.130728,False,0,22.7461
79,80,84,3.4e-05,8e-06,4e-06,0.130596,False,0,22.7458
79,81,83,1.9e-05,5e-06,2e-06,0.130488,False,0,22.7462
79,82,82,1e-04,2.5e-05,1e-05,0.13037,False,0,22.7447
79,83,81,9e-06,2e-06,1e-06,0.130279,False,0,22.7469
79,84,80,1.5e-05,4e-06,2e-06,0.130186,False,0,22.7464
79,85,79,3e-06,1e-06,0.0,0.130153,False,0,22.7475
79,86,78,1e-05,3e-06,1e-06,0.130138,False,0,22.7467
79,87,77,1.5e-05,4e-06,2e-06,0.13009,False,0,22.7464
79,88,76,1.1e-05,3e-06,1e-06,0.130095,False,0,22.747
79,89,75,2.4e-05,6e-06,3e-06,0.130097,False,0,22.7461
79,90,74,2.7e-05,7e-06,3e-06,0.130087,False,0,22.7462
79,91,73,5.2e-05,1.3e-05,5e-06,0.130045,False,0,22.7469
79,92,72,5e-06,1e-06,0.0,0.130032,False,0,22.7476
79,93,71,6e-06,2e-06,1e-06,0.130039,False,0,22.7479
79,94,70,4e-06,1e-06,0.0,0.130051,False,0,22.7481
79,95,69,2e-06,0.0,0.0,0.130057,False,0,22.7473
79,96,68,1.1e-05,3e-06,1e-06,0.130078,False,0,22.7467
79,97,67,1.9e-05,5e-06,2e-06,0.13015,False,0,22.7462
79,98,66,9e-06,2e-06,1e-06,0.1302,False,0,22.7471
79,99,65,1.4e-05,4e-06,2e-06,0.130238,False,0,22.7466
79,100,64,3e-06,0.0,0.0,0.130257,False,0,22.7472
79,101,63,2.2e-05,5e-06,2e-06,0.130273,False,0,22.7468
80,52,125,2.8e-05,7e-06,3e-06,0.14567,False,0,22.7466
80,53,125,5e-06,1e-06,1e-06,0.143968,False,0,22.7471
80,54,125,2.2e-05,5e-06,2e-06,0.142536,False,0,22.748
80,55,125,0.000145,3.6e-05,1.8e-05,0.141286,False,0,22.7443
80,56,125,9.3e-05,2.3e-05,1.1e-05,0.140274,False,0,22.7444
80,57,125,9.5e-05,2.4e-05,1.1e-05,0.139314,False,0,22.7446
80,58,125,2.8e-05,7e-06,3e-06,0.13845,False,0,22.7459
80,59,125,5.6e-05,1.4e-05,6e-06,0.13767,False,0,22.7452
80,60,125,3.1e-05,8e-06,4e-06,0.136995,False,0,22.7459
80,61,125,5.1e-05,1.2e-05,6e-06,0.136416,False,0,22.7457
80,62,125,4.7e-05,1.2e-05,6e-06,0.135827,False,0,22.7456
80,63,125,3.7e-05,9e-06,4e-06,0.135318,False,0,22.7457
80,64,125,5e-06,1e-06,0.0,0.134822,False,0,22.7475
80,65,125,1.8e-05,4e-06,2e-06,0.134391,False,0,22.7475
80,66,125,1e-06,0.0,0.0,0.133979,False,0,22.7476
80,67,125,6e-06,1e-06,1e-06,0.133606,False,0,22.747
80,68,125,8e-06,2e-06,1e-06,0.133244,False,0,22.7479
80,69,125,2e-06,1e-06,0.0,0.13295,False,0,22.7473
80,70,125,9e-06,2e-06,1e-06,0.132676,False,0,22.7474
80,71,125,1.5e-05,4e-06,2e-06,0.132425,False,0,22.7468
80,72,125,1e-05,2e-06,1e-06,0.1322,False,0,22.7472
80,73,125,1.8e-05,5e-06,2e-06,0.132015,False,0,22.7465
80,74,125,1e-06,0.0,0.0,0.131838,False,0,22.7477
80,75,125,3.3e-05,8e-06,3e-06,0.131636,False,0,22.7479
80,76,125,5e-06,1e-06,1e-06,0.131452,False,0,22.7473
80,77,125,7e-06,1e-06,1e-06,0.131309,False,0,22.748
80,78,125,1.4e-05,3e-06,1e-06,0.131162,False,0,22.7473
80,79,125,1e-05,3e-06,1e-06,0.131027,False,0,22.7478
80,80,125,2.2e-05,5e-06,2e-06,0.130889,False,0,22.7485
80,81,125,1e-05,2e-06,1e-06,0.130796,False,0,22.7481
80,82,125,4e-06,1e-06,0.0,0.130744,False,0,22.7474
80,83,125,1.9e-05,5e-06,2e-06,0.130697,False,0,22.7464
80,84,125,4.3e-05,1.1e-05,5e-06,0.130625,False,0,22.7459
80,85,125,2.5e-05,6e-06,3e-06,0.130549,False,0,22.746
80,86,125,2e-06,0.0,0.0,0.130455,False,0,22.7473
80,87,125,2e-05,5e-06,2e-06,0.130365,False,0,22.7476
80,88,125,2.7e-05,7e-06,3e-06,0.130365,False,0,22.7468
80,89,125,3.1e-05,8e-06,4e-06,0.130341,False,0,22.7459
80,90,125,2e-05,5e-06,2e-06,0.130325,False,0,22.7462
80,91,125,7e-06,2e-06,1e-06,0.130279,False,0,22.7471
80,92,125,6e-06,2e-06,1e-06,0.130272,False,0,22.7484
80,93,125,1e-06,0.0,0.0,0.130291,False,0,22.7477
80,94,125,3.8e-05,1e-05,5e-06,0.130323,False,0,22.7494
80,95,125,2.8e-05,7e-06,3e-06,0.130361,False,0,22.7491
80,96,125,2.2e-05,6e-06,2e-06,0.130382,False,0,22.749
80,97,125,6e-06,1e-06,1e-06,0.130391,False,0,22.7484
80,98,125,9e-06,3e-06,1e-06,0.130404,False,0,22.7483
80,99,124,1.9e-05,5e-06,2e-06,0.130437,False,0,22.749
80,100,123,1e-05,3e-06,1e-06,0.1305,False,0,22.7484
80,101,122,1.8e-05,4e-06,2e-06,0.130616,False,0,22.749
80,102,121,3e-06,1e-06,0.0,0.130647,False,0,22.7476
80,103,120,6e-06,2e-06,1e-06,0.130645,False,0,22.7485
80,104,119,8e-06,2e-06,1e-06,0.130636,False,0,22.748
80,105,118,2e-06,0.0,0.0,0.130673,False,0,22.7477
80,106,117,1.2e-05,3e-06,1e-06,0.130675,False,0,22.7485
80,107,116,3.7e-05,9e-06,4e-06,0.130687,False,0,22.7496
80,108,115,6.6e-05,1.7e-05,7e-06,0.130726,False,0,22.7503
80,109,114,8.6e-05,2.2e-05,9e-06,0.130797,False,0,22.7507
80,110,113,7.8e-05,2e-05,1e-05,0.130863,False,0,22.7505
80,111,112,6.9e-05,1.7e-05,8e-06,0.130919,False,0,22.7504
80,112,111,6.6e-05,1.6e-05,7e-06,0.131024,False,0,22.7502
80,113,110,3.9e-05,1e-05,4e-06,0.131097,False,0,22.7497
80,114,109,4.1e-05,1e-05,5e-06,0.131139,False,0,22.7498
80,115,108,4e-06,1e-06,1e-06,0.131171,False,0,22.7483
80,116,107,4.3e-05,1.1e-05,5e-06,0.131247,False,0,22.7498
80,117,106,9.3e-05,2.3e-05,9e-06,0.131367,False,0,22.7506
80,118,105,0.000112,2.8e-05,1.3e-05,0.131453,False,0,22.7512
80,119,104,6.1e-05,1.5e-05,7e-06,0.131552,False,0,22.7502
80,120,103,2.5e-05,6e-06,3e-06,0.131632,False,0,22.7492
80,121,102,2.9e-05,7e-06,3e-06,0.131747,False,0,22.7494
80,122,101,3.7e-05,9e-06,4e-06,0.131866,False,0,22.7496
80,123,100,4e-05,1e-05,4e-06,0.131974,False,0,22.7495
80,124,99,2.5e-05,6e-06,3e-06,0.13208,False,0,22.7489
80,125,98,5.8e-05,1.5e-05,7e-06,0.132219,False,0,22.7502
80,126,97,6.1e-05,1.5e-05,6e-06,0.132328,False,0,22.7501
80,127,96,5.5e-05,1.4e-05,6e-06,0.132481,False,0,22.7499
80,128,95,1.5e-05,4e-06,2e-06,0.132607,False,0,22.7489
80,129,94,3.3e-05,8e-06,4e-06,0.132753,False,0,22.7495
80,130,93,5e-05,1.2e-05,5e-06,0.132848,False,0,22.7498
80,131,92,3.9e-05,1e-05,4e-06,0.132928,False,0,22.7497
80,132,91,6.3e-05,1.6e-05,8e-06,0.133046,False,0,22.7501
80,133,90,7e-05,1.8e-05,7e-06,0.133208,False,0,22.7502
81,52,125,0.000101,2.5e-05,1.3e-05,0.146945,True,0,22.745
81,53,125,0.000121,3e-05,1.5e-05,0.145233,False,0,22.7441
81,54,125,0.000118,2.9e-05,1.4e-05,0.143772,False,0,22.7442
81,55,125,0.000131,3.3e-05,1.6e-05,0.142489,False,0,22.7441
81,56,125,0.000121,3e-05,1.5e-05,0.141377,False,0,22.7441
81,57,125,0.000132,3.3e-05,1.6e-05,0.140411,False,0,22.7439
81,58,125,8.3e-05,2.1e-05,1e-05,0.139496,False,0,22.7447
81,59,125,9.4e-05,2.3e-05,1.2e-05,0.138681,False,0,22.7448
81,60,125,0.000101,2.6e-05,1.2e-05,0.137923,False,0,22.7444
81,61,125,2.5e-05,6e-06,3e-06,0.137242,False,0,22.7465
81,62,125,3.9e-05,1e-05,4e-06,0.136645,False,0,22.748
81,63,125,7e-06,2e-06,1e-06,0.136083,False,0,22.7477
81,64,125,1e-05,2e-06,1e-06,0.135573,False,0,22.7475
81,65,125,2.1e-05,5e-06,3e-06,0.135075,False,0,22.7465
81,66,125,4e-05,1e-05,5e-06,0.134615,False,0,22.7456
81,67,125,7e-05,1.7e-05,8e-06,0.13421,False,0,22.7449
81,68,125,2.7e-05,7e-06,3e-06,0.133797,False,0,22.7461
81,69,125,6.5e-05,1.6e-05,7e-06,0.133492,False,0,22.747
81,70,125,3e-06,1e-06,0.0,0.133194,False,0,22.7474
81,71,125,2.1e-05,5e-06,2e-06,0.132965,False,0,22.7467
81,72,125,1.7e-05,4e-06,2e-06,0.132721,False,0,22.7476
81,73,125,3.2e-05,8e-06,4e-06,0.132494,False,0,22.7462
81,74,125,1.9e-05,5e-06,2e-06,0.132268,False,0,22.7463
81,75,125,5.3e-05,1.3e-05,7e-06,0.132035,False,0,22.7455
81,76,125,4.5e-05,1.1e-05,5e-06,0.131863,False,0,22.7455
81,77,125,1.7e-05,4e-06,2e-06,0.131724,False,0,22.7465
81,78,125,2.9e-05,7e-06,3e-06,0.131604,False,0,22.7462
81,79,125,5.2e-05,1.3e-05,6e-06,0.13146,False,0,22.7454
81,80,125,4.3e-05,1.1e-05,5e-06,0.131342,False,0,22.7455
81,81,125,6e-06,1e-06,1e-06,0.131227,False,0,22.7469
81,82,125,4e-06,1e-06,0.0,0.131087,False,0,22.7475
81,83,125,2.1e-05,5e-06,2e-06,0.130953,False,0,22.747
81,84,125,2.4e-05,6e-06,3e-06,0.130825,False,0,22.7461
81,85,125,1e-05,2e-06,1e-06,0.130726,False,0,22.7467
81,86,125,4e-06,1e-06,0.0,0.130654,False,0,22.7478
81,87,125,1.5e-05,4e-06,1e-06,0.13062,False,0,22.7479
81,88,125,1e-05,2e-06,1e-06,0.130592,False,0,22.7483
81,89,125,3e-06,1e-06,0.0,0.130595,False,0,22.7479
81,90,125,1e-05,2e-06,1e-06,0.130568,False,0,22.7478
81,91,125,1e-06,0.0,0.0,0.130492,False,0,22.7479
81,92,125,5e-06,1e-06,1e-06,0.130458,False,0,22.747
81,93,125,3e-05,8e-06,3e-06,0.130436,False,0,22.7471
81,94,125,1.8e-05,5e-06,2e-06,0.130385,False,0,22.7465
81,95,125,2e-06,0.0,0.0,0.130337,False,0,22.7476
81,96,125,2.2e-05,6e-06,2e-06,0.130319,False,0,22.7483
81,97,124,1.6e-05,4e-06,2e-06,0.130374,False,0,22.7483
81,98,123,2.4e-05,6e-06,2e-06,0.130325,False,0,22.7486
81,99,122,1.3e-05,3e-06,1e-06,0.130348,False,0,22.7467
81,100,121,2e-05,5e-06,2e-06,0.13035,False,0,22.7473
81,101,120,1.6e-05,4e-06,2e-06,0.130375,False,0,22.7465
81,102,119,1.6e-05,4e-06,2e-06,0.130355,False,0,22.7466
81,103,118,4.4e-05,1.1e-05,5e-06,0.130368,False,0,22.7468
81,104,117,2.1e-05,5e-06,2e-06,0.130432,False,0,22.7462
81,105,116,4.2e-05,1.1e-05,5e-06,0.130499,False,0,22.746
81,106,115,2.5e-05,6e-06,3e-06,0.130568,False,0,22.7468
81,107,114,1.1e-05,3e-06,1e-06,0.13065,False,0,22.7466
81,108,113,1e-06,0.0,0.0,0.130714,False,0,22.7474
81,109,112,2.9e-05,7e-06,3e-06,0.130796,False,0,22.7473
81,110,111,6e-06,1e-06,0.0,0.130891,False,0,22.7478
81,111,110,3e-06,1e-06,0.0,0.130963,False,0,22.748
81,112,109,2e-06,0.0,0.0,0.131038,False,0,22.7479
81,113,108,5e-06,1e-06,0.0,0.131078,False,0,22.7482
81,114,107,1.5e-05,4e-06,1e-06,0.131141,False,0,22.7484
81,115,106,1.1e-05,3e-06,1e-06,0.131224,False,0,22.7487
81,116,105,2.9e-05,7e-06,3e-06,0.131289,False,0,22.7492
81,117,104,2.4e-05,6e-06,2e-06,0.131336,False,0,22.7492
81,118,103,5e-06,1e-06,0.0,0.131422,False,0,22.7483
81,119,102,1.7e-05,4e-06,2e-06,0.131503,False,0,22.749
81,120,101,3.5e-05,9e-06,3e-06,0.131564,False,0,22.7491
81,121,100,4e-05,1e-05,4e-06,0.131686,False,0,22.7493
81,122,99,2.4e-05,6e-06,2e-06,0.131813,False,0,22.7489
81,123,98,1e-05,2e-06,1e-06,0.131959,False,0,22.7485
81,124,97,5.8e-05,1.4e-05,6e-06,0.132122,False,0,22.7501
81,125,96,5.2e-05,1.3e-05,5e-06,0.132279,False,0,22.7497
81,126,95,8.1e-05,2e-05,8e-06,0.132364,False,0,22.7505
81,127,94,1.3e-05,4e-06,1e-06,0.132467,False,0,22.7488
81,128,93,3.5e-05,9e-06,4e-06,0.132575,False,0,22.7496
81,129,92,4.7e-05,1.2e-05,4e-06,0.132691,False,0,22.7494
81,130,91,1.4e-05,4e-06,1e-06,0.132808,False,0,22.7487
81,131,90,1.7e-05,4e-06,2e-06,0.132945,False,0,22.7489
81,132,89,7.1e-05,1.8e-05,8e-06,0.133067,False,0,22.7504
81,133,88,7.6e-05,1.9e-05,8e-06,0.13321,False,0,22.7503
81,134,87,4.7e-05,1.2e-05,4e-06,0.133363,False,0,22.7496
81,135,86,2.7e-05,7e-06,2e-06,0.133545,False,0,22.7489
81,136,85,5e-05,1.3e-05,6e-06,0.133707,False,0,22.75
81,137,84,4.9e-05,1.2e-05,5e-06,0.133796,False,0,22.7499
81,138,83,4.7e-05,1.2e-05,6e-06,0.133897,False,0,22.7499
81,139,82,9.3e-05,2.3e-05,9e-06,0.134008,False,0,22.7507
81,140,81,3.3e-05,8e-06,4e-06,0.134141,False,0,22.7495
81,141,80,0.000117,2.9e-05,1.3e-05,0.134265,False,0,22.7512
81,142,79,5.2e-05,1.3e-05,6e-06,0.134377,False,0,22.7499
81,143,78,7.8e-05,2e-05,9e-06,0.134499,False,0,22.7506
81,144,77,0.000131,3.3e-05,1.5e-05,0.134641,False,0,22.7514
81,145,76,5.9e-05,1.5e-05,7e-06,0.134868,False,0,22.7502
81,146,75,6.4e-05,1.6e-05,7e-06,0.135054,False,0,22.7503
81,147,74,9.8e-05,2.5e-05,1.1e-05,0.135231,False,0,22.7509
81,148,73,0.000186,4.6e-05,2.1e-05,0.135359,False,0,22.7522
81,149,72,0.000211,5.3e-05,2.5e-05,0.135557,False,0,22.7525
81,150,71,0.000106,2.6e-05,1.2e-05,0.135742,False,0,22.7511
81,151,70,0.000149,3.7e-05,1.7e-05,0.135931,False,0,22.7517
81,152,69,0.000123,3.1e-05,1.3e-05,0.136119,False,0,22.7511
81,153,68,8.9e-05,2.2e-05,1.1e-05,0.136317,False,0,22.7508
81,154,67,9.3e-05,2.4e-05,9e-06,0.136499,False,0,22.7503
81,155,66,9.9e-05,2.5e-05,1.2e-05,0.136741,False,0,22.7509
81,156,65,0.000182,4.6e-05,2.2e-05,0.136978,False,0,22.7521
81,157,64,0.000197,4.9e-05,2e-05,0.137268,False,0,22.752
81,158,63,8.4e-05,2.1e-05,1e-05,0.13747,False,0,22.7507
81,159,62,6.8e-05,1.7e-05,8e-06,0.137678,False,0,22.7504
81,160,61,1e-04,2.5e-05,1e-05,0.137885,False,0,22.7507
81,161,60,9.6e-05,2.4e-05,1.2e-05,0.138106,False,0,22.7508
81,162,59,0.000148,3.7e-05,1.7e-05,0.138296,False,0,22.7517
81,163,58,9.3e-05,2.3e-05,1.1e-05,0.138543,False,0,22.7509
81,164,57,0.000197,4.9e-05,2.2e-05,0.13884,False,0,22.7523
81,165,56,0.000159,4e-05,1.9e-05,0.139118,False,0,22.7518
81,166,55,0.000256,6.4e-05,2.8e-05,0.139365,False,0,22.7528
81,167,54,0.000216,5.4e-05,2.6e-05,0.139623,False,0,22.7524
81,168,53,0.000252,6.3e-05,3e-05,0.139902,False,0,22.7529
81,169,52,0.00038,9.5e-05,4.2e-05,0.140217,False,0,22.7541
81,170,51,0.000363,9.1e-05,4.2e-05,0.140566,False,0,22.754
81,171,50,0.000418,0.000105,4.8e-05,0.140927,False,0,22.7544
81,172,49,0.00049,0.000123,5.6e-05,0.141234,False,0,22.755
81,173,48,0.000357,8.9e-05,4e-05,0.141557,False,0,22.7539
81,174,47,0.000261,6.5e-05,3e-05,0.141808,False,0,22.753
81,175,46,0.000384,9.6e-05,4.2e-05,0.142172,False,0,22.7541
81,176,45,0.000415,0.000104,4.5e-05,0.142492,False,0,22.7543
81,177,44,0.000346,8.7e-05,4.1e-05,0.142875,False,0,22.7538
81,178,43,0.000238,6e-05,2.5e-05,0.143161,False,0,22.7525
81,179,42,0.00019,4.8e-05,2.2e-05,0.143517,False,0,22.7522
81,180,41,0.000265,6.7e-05,3.2e-05,0.143876,False,0,22.753
81,181,40,0.000424,0.000106,4.8e-05,0.144282,False,0,22.7545
81,182,39,0.000336,8.4e-05,3.8e-05,0.144674,False,0,22.7538
81,183,38,0.000312,7.8e-05,3.5e-05,0.145117,False,0,22.7535
81,184,37,0.000381,9.5e-05,4.3e-05,0.145599,False,0,22.7541
81,185,36,0.000302,7.5e-05,3.5e-05,0.146136,True,0,22.7534
81,186,35,0.000271,6.8e-05,3.2e-05,0.146611,True,0,22.7531
81,187,34,0.000247,6.2e-05,2.8e-05,0.147093,True,0,22.7529
81,188,33,0.000274,6.8e-05,3.2e-05,0.147537,True,0,22.7531
81,189,32,0.000394,9.9e-05,4.2e-05,0.148007,True,0,22.754
81,190,31,0.000428,0.000107,5.2e-05,0.148593,True,0,22.7544
81,191,30,0.00054,0.000135,5.8e-05,0.149119,True,0,22.7552
81,192,29,0.000462,0.000115,5.4e-05,0.149713,True,0,22.7548
81,193,28,0.000562,0.000141,6.5e-05,0.150288,True,0,22.7555
81,194,27,0.000453,0.000113,5.1e-05,0.150873,True,0,22.7547
81,195,26,0.000656,0.000164,7.7e-05,0.151453,True,0,22.7562
81,196,25,0.000553,0.000138,6.3e-05,0.152012,True,0,22.7555
81,197,24,0.000665,0.000166,7.9e-05,0.152705,True,0,22.7562
81,198,23,0.000633,0.000158,7.4e-05,0.153446,True,0,22.756
81,199,22,0.000697,0.000174,7.8e-05,0.154197,True,0,22.7564
81,200,21,0.000492,0.000123,5.7e-05,0.154864,True,0,22.755
81,201,20,0.000534,0.000134,6.1e-05,0.155512,True,0,22.7553
81,202,19,0.000598,0.00015,7.1e-05,0.156229,True,0,22.7558
81,203,18,0.000702,0.000176,8e-05,0.156968,True,0,22.7565
81,204,17,0.00078,0.000195,9.4e-05,0.157786,True,0,22.7568
81,205,16,0.000791,0.000198,8.9e-05,0.158601,True,0,22.757
81,206,15,0.000711,0.000178,8.2e-05,0.159416,True,0,22.7565
81,207,14,0.000687,0.000172,8e-05,0.160192,True,0,22.7564
81,208,13,0.000735,0.000184,8.4e-05,0.161059,True,0,22.7567
81,209,12,0.000799,0.0002,9.2e-05,0.161987,True,0,22.7571
81,210,11,0.000646,0.000161,7.6e-05,0.162974,True,0,22.7561
81,211,10,0.00081,0.000203,9.4e-05,0.164055,True,0,22.7571
81,212,9,0.000692,0.000173,7.9e-05,0.165217,True,0,22.7564
81,213,8,0.000747,0.000187,8.6e-05,0.166411,True,0,22.7568
82,52,119,0.000134,3.4e-05,1.6e-05,0.14623,True,0,22.7439
82,53,118,0.000141,3.5e-05,1.7e-05,0.144514,False,0,22.7438
82,54,117,0.000156,3.9e-05,1.9e-05,0.143063,False,0,22.7436
82,55,116,0.000142,3.5e-05,1.6e-05,0.141857,False,0,22.7437
82,56,115,9.5e-05,2.4e-05,1.2e-05,0.140801,False,0,22.7449
82,57,114,3.9e-05,1e-05,5e-06,0.139808,False,0,22.7457
82,58,113,5.6e-05,1.4e-05,7e-06,0.138917,False,0,22.7454
82,59,112,6.8e-05,1.7e-05,8e-06,0.138046,False,0,22.7458
82,60,111,0.000105,2.6e-05,1.3e-05,0.137304,False,0,22.7443
82,61,110,8.8e-05,2.2e-05,9e-06,0.136653,False,0,22.7446
82,62,109,8e-05,2e-05,1e-05,0.136076,False,0,22.7455
82,63,108,0.000102,2.5e-05,1.1e-05,0.135544,False,0,22.7444
82,64,107,2.2e-05,6e-06,3e-06,0.135059,False,0,22.7462
82,65,106,3.7e-05,9e-06,4e-06,0.134628,False,0,22.7458
82,66,105,6.2e-05,1.5e-05,7e-06,0.134191,False,0,22.7451
82,67,104,4.7e-05,1.2e-05,6e-06,0.133754,False,0,22.7458
82,68,103,9.1e-05,2.3e-05,1.1e-05,0.133363,False,0,22.7446
82,69,102,7.4e-05,1.9e-05,8e-06,0.133055,False,0,22.7448
82,70,101,6.1e-05,1.6e-05,7e-06,0.132759,False,0,22.7458
82,71,100,1.4e-05,4e-06,2e-06,0.132452,False,0,22.7465
82,72,99,2.2e-05,6e-06,3e-06,0.132181,False,0,22.7462
82,73,98,1.5e-05,4e-06,2e-06,0.131937,False,0,22.7469
82,74,97,1.7e-05,4e-06,2e-06,0.131713,False,0,22.7464
82,75,96,1e-05,2e-06,1e-06,0.131484,False,0,22.7485
82,76,95,3e-06,1e-06,0.0,0.13132,False,0,22.748
82,77,94,2.5e-05,6e-06,2e-06,0.13115,False,0,22.7487
82,78,93,9e-06,2e-06,1e-06,0.131013,False,0,22.7476
82,79,92,1e-05,2e-06,1e-06,0.130906,False,0,22.748
82,80,91,2.6e-05,7e-06,3e-06,0.13082,False,0,22.746
82,81,90,3e-06,1e-06,0.0,0.130763,False,0,22.7472
82,82,89,8e-06,2e-06,1e-06,0.130675,False,0,22.7479
82,83,88,4e-05,1e-05,4e-06,0.130636,False,0,22.7496
82,84,87,3e-06,1e-06,0.0,0.1306,False,0,22.748
82,85,86,1.2e-05,3e-06,1e-06,0.130574,False,0,22.7467
82,86,85,1e-06,0.0,0.0,0.130522,False,0,22.7477
82,87,84,8e-06,2e-06,1e-06,0.130476,False,0,22.748
82,88,83,5e-05,1.2e-05,4e-06,0.130455,False,0,22.7488
82,89,82,1.2e-05,3e-06,1e-06,0.130417,False,0,22.748
82,90,81,2.5e-05,6e-06,2e-06,0.130377,False,0,22.7482
82,91,80,4e-06,1e-06,1e-06,0.130341,False,0,22.7475
82,92,79,1.2e-05,3e-06,1e-06,0.130313,False,0,22.7485
82,93,78,6e-06,1e-06,1e-06,0.130291,False,0,22.7483
82,94,77,3e-06,1e-06,0.0,0.130265,False,0,22.748
82,95,76,5e-06,1e-06,0.0,0.130226,False,0,22.7481
82,96,75,6e-06,2e-06,1e-06,0.130185,False,0,22.7481
82,97,74,1.8e-05,5e-06,1e-06,0.130168,False,0,22.7484
82,98,73,5e-06,1e-06,1e-06,0.130203,False,0,22.7483
82,99,72,5.8e-05,1.5e-05,6e-06,0.130252,False,0,22.7501
82,100,71,8.9e-05,2.2e-05,9e-06,0.130282,False,0,22.7507
82,101,70,0.000109,2.7e-05,1.3e-05,0.130322,False,0,22.7511
82,102,69,9e-05,2.3e-05,1.1e-05,0.130324,False,0,22.7508
82,103,68,4.4e-05,1.1e-05,4e-06,0.130367,False,0,22.7496
82,104,67,4e-06,1e-06,0.0,0.130482,False,0,22.7482
82,105,66,5e-06,1e-06,1e-06,0.130562,False,0,22.7483
82,106,65,6e-06,1e-06,1e-06,0.130698,False,0,22.7479
82,107,64,1.8e-05,5e-06,2e-06,0.130852,False,0,22.748
82,108,63,4.4e-05,1.1e-05,5e-06,0.130999,False,0,22.7498
82,109,62,0.00011,2.8e-05,1e-05,0.131096,False,0,22.7505
82,110,61,1.5e-05,4e-06,2e-06,0.131202,False,0,22.7486
82,111,60,4.4e-05,1.1e-05,5e-06,0.13131,False,0,22.7498
82,112,59,2.2e-05,5e-06,2e-06,0.13145,False,0,22.7491
82,113,58,4.1e-05,1e-05,5e-06,0.131567,False,0,22.7498
82,114,57,5.2e-05,1.3e-05,6e-06,0.131651,False,0,22.75
82,115,56,5.5e-05,1.4e-05,6e-06,0.131759,False,0,22.75
82,116,55,6.6e-05,1.7e-05,7e-06,0.131889,False,0,22.7502
82,117,54,4.4e-05,1.1e-05,6e-06,0.13203,False,0,22.7498
82,118,53,3.3e-05,8e-06,4e-06,0.132158,False,0,22.7495
82,119,52,2.4e-05,6e-06,3e-06,0.132315,False,0,22.7493
82,120,51,2.7e-05,7e-06,3e-06,0.13245,False,0,22.7493
82,121,50,0.000104,2.6e-05,1.2e-05,0.132579,False,0,22.751
82,122,49,8.3e-05,2.1e-05,9e-06,0.132758,False,0,22.7507
82,123,48,7e-05,1.8e-05,8e-06,0.132918,False,0,22.7504
82,124,47,1.5e-05,4e-06,1e-06,0.133123,False,0,22.7485
82,125,46,2.2e-05,6e-06,3e-06,0.133292,False,0,22.749
82,126,45,3e-06,1e-06,0.0,0.133456,False,0,22.7481
82,127,44,5.6e-05,1.4e-05,7e-06,0.133619,False,0,22.75
82,128,43,5.5e-05,1.4e-05,6e-06,0.133797,False,0,22.7501
82,129,42,7e-05,1.8e-05,8e-06,0.133926,False,0,22.7504
82,130,41,8.5e-05,2.2e-05,1e-05,0.134118,False,0,22.7507
82,131,40,9.4e-05,2.4e-05,1e-05,0.134299,False,0,22.7508
82,132,39,8e-05,2e-05,9e-06,0.134529,False,0,22.7506
82,133,38,0.000106,2.7e-05,1.4e-05,0.134733,False,0,22.7506
82,134,37,6.1e-05,1.5e-05,6e-06,0.134925,False,0,22.7501
82,135,36,0.000103,2.6e-05,1.3e-05,0.135091,False,0,22.7509
82,136,35,6.2e-05,1.5e-05,7e-06,0.135312,False,0,22.7503
82,137,34,0.00016,4e-05,2e-05,0.135634,False,0,22.7517
82,138,33,0.000161,4e-05,1.9e-05,0.135949,False,0,22.7519
82,139,32,0.000172,4.3e-05,2.1e-05,0.136245,False,0,22.752
82,140,31,0.000134,3.4e-05,1.6e-05,0.136589,False,0,22.7515
82,141,30,0.000103,2.6e-05,1.3e-05,0.13697,False,0,22.751
82,142,29,0.000134,3.4e-05,1.4e-05,0.137382,False,0,22.7514
82,143,28,8.1e-05,2e-05,9e-06,0.137811,False,0,22.7506
82,144,27,0.000107,2.7e-05,1.3e-05,0.138234,False,0,22.7511
82,145,26,9.3e-05,2.3e-05,1.1e-05,0.138641,False,0,22.7508
82,146,25,0.000125,3.1e-05,1.5e-05,0.139063,False,0,22.7513
82,147,24,0.000137,3.4e-05,1.7e-05,0.139496,False,0,22.7515
82,148,23,0.000188,4.7e-05,2.3e-05,0.14003,False,0,22.7522
82,149,22,0.00026,6.5e-05,3.2e-05,0.140558,False,0,22.753
82,150,21,0.000247,6.2e-05,3e-05,0.141148,False,0,22.7528
82,151,20,0.00024,6e-05,2.7e-05,0.141665,False,0,22.7528
82,152,19,0.000292,7.3e-05,3.7e-05,0.142244,False,0,22.753
82,153,18,0.00042,0.000105,4.8e-05,0.142836,False,0,22.7545
82,154,17,0.000338,8.5e-05,3.9e-05,0.143409,False,0,22.7538
82,155,16,0.000346,8.7e-05,4.3e-05,0.143968,False,0,22.7537
82,156,15,0.000345,8.6e-05,4.1e-05,0.144603,False,0,22.7538
82,157,14,0.00034,8.5e-05,3.9e-05,0.1452,False,0,22.7538
82,158,13,0.000296,7.4e-05,3.4e-05,0.145896,True,0,22.7534
82,159,12,0.000437,0.00011,5.4e-05,0.146642,True,0,22.7544
82,160,11,0.000509,0.000127,5.7e-05,0.147526,True,0,22.7551
82,161,10,0.000643,0.000161,7.4e-05,0.148431,True,0,22.7561
82,162,9,0.000608,0.000152,7.4e-05,0.149393,True,0,22.7558
83,52,125,7.1e-05,1.8e-05,9e-06,0.145732,False,0,22.745
83,53,125,4.9e-05,1.2e-05,6e-06,0.144069,False,0,22.7453
83,54,125,4.2e-05,1.1e-05,5e-06,0.142625,False,0,22.7456
83,55,125,8.8e-05,2.2e-05,1.1e-05,0.141371,False,0,22.7448
83,56,125,8.5e-05,2.1e-05,1e-05,0.140222,False,0,22.7446
83,57,125,0.000147,3.7e-05,1.7e-05,0.139274,False,0,22.7437
83,58,125,0.00011,2.8e-05,1.3e-05,0.138444,False,0,22.7442
83,59,125,6.3e-05,1.6e-05,7e-06,0.137621,False,0,22.745
83,60,125,8.5e-05,2.1e-05,1.1e-05,0.136893,False,0,22.7451
83,61,125,2.6e-05,7e-06,3e-06,0.136267,False,0,22.7461
83,62,125,9e-06,2e-06,1e-06,0.135777,False,0,22.7469
83,63,125,2.4e-05,6e-06,3e-06,0.135306,False,0,22.7469
83,64,125,1.3e-05,3e-06,2e-06,0.134856,False,0,22.7466
83,65,125,1.6e-05,4e-06,2e-06,0.134378,False,0,22.7463
83,66,125,3.1e-05,8e-06,4e-06,0.133921,False,0,22.7461
83,67,125,5.5e-05,1.4e-05,7e-06,0.133499,False,0,22.7455
83,68,125,8.3e-05,2.1e-05,9e-06,0.13314,False,0,22.7447
83,69,125,2.5e-05,6e-06,3e-06,0.13282,False,0,22.746
83,70,125,1.3e-05,3e-06,1e-06,0.132578,False,0,22.7466
83,71,125,9e-06,3e-06,1e-06,0.132345,False,0,22.7471
83,72,125,7e-06,2e-06,1e-06,0.13213,False,0,22.7478
83,73,125,3e-06,1e-06,0.0,0.131924,False,0,22.7473
84,52,125,4.1e-05,1e-05,5e-06,0.145846,False,0,22.7459
84,53,125,0.000101,2.6e-05,1.2e-05,0.144127,False,0,22.7444
84,54,125,0.000121,3e-05,1.4e-05,0.14268,False,0,22.744
84,55,125,9.6e-05,2.4e-05,1.2e-05,0.141385,False,0,22.7447
84,56,125,5.5e-05,1.4e-05,7e-06,0.140201,False,0,22.7453
84,57,125,5e-05,1.2e-05,6e-06,0.139199,False,0,22.7454
84,58,125,0.000134,3.4e-05,1.6e-05,0.138377,False,0,22.744
84,59,125,9.5e-05,2.4e-05,1e-05,0.137643,False,0,22.7445
84,60,125,3.9e-05,1e-05,5e-06,0.136955,False,0,22.7456
84,61,125,2.9e-05,7e-06,3e-06,0.136292,False,0,22.7466
84,62,125,9.7e-05,2.4e-05,1.1e-05,0.135729,False,0,22.7444
84,63,125,6.2e-05,1.5e-05,8e-06,0.135171,False,0,22.7451
84,64,125,6.8e-05,1.7e-05,8e-06,0.134679,False,0,22.7449
84,65,125,2.8e-05,7e-06,3e-06,0.134263,False,0,22.746
84,66,125,3.4e-05,9e-06,4e-06,0.133916,False,0,22.746
84,67,125,1.3e-05,3e-06,2e-06,0.133625,False,0,22.7465
84,68,125,1.4e-05,3e-06,2e-06,0.133332,False,0,22.7466
84,69,125,3.6e-05,9e-06,4e-06,0.133035,False,0,22.746
84,70,125,2e-06,0.0,0.0,0.132759,False,0,22.7474
84,71,125,3e-06,1e-06,0.0,0.132515,False,0,22.7472
84,72,125,4e-06,1e-06,0.0,0.132255,False,0,22.7474
84,73,125,2.4e-05,6e-06,3e-06,0.132051,False,0,22.7464
84,74,125,8.1e-05,2e-05,9e-06,0.131918,False,0,22.7448
84,75,125,4.2e-05,1e-05,5e-06,0.131775,False,0,22.7456
84,76,125,3.5e-05,9e-06,4e-06,0.131622,False,0,22.7457
84,77,125,1.3e-05,3e-06,1e-06,0.131465,False,0,22.7474
84,78,125,5e-06,1e-06,1e-06,0.13131,False,0,22.7473
84,79,125,1e-06,0.0,0.0,0.131175,False,0,22.7477
84,80,125,9e-06,2e-06,1e-06,0.131053,False,0,22.7476
84,81,125,1.1e-05,3e-06,1e-06,0.130944,False,0,22.7469
84,82,125,2e-06,1e-06,0.0,0.130911,False,0,22.7478
84,83,125,6e-06,1e-06,0.0,0.130872,False,0,22.7478
84,84,125,3e-06,1e-06,0.0,0.130758,False,0,22.7477
84,85,125,1.1e-05,3e-06,1e-06,0.130653,False,0,22.7485
84,86,125,1e-06,0.0,0.0,0.130598,False,0,22.7474
84,87,125,3e-06,1e-06,0.0,0.130583,False,0,22.7474
84,88,125,1.5e-05,4e-06,2e-06,0.130554,False,0,22.7468
84,89,125,5.4e-05,1.3e-05,5e-06,0.130527,False,0,22.7467
84,90,125,1e-05,3e-06,1e-06,0.130527,False,0,22.7471
84,91,125,1e-05,2e-06,1e-06,0.130495,False,0,22.7467
84,92,125,2e-06,1e-06,0.0,0.130476,False,0,22.7479
84,93,125,6e-06,1e-06,1e-06,0.130519,False,0,22.7472
84,94,125,9e-06,2e-06,1e-06,0.130547,False,0,22.7468
84,95,125,2.4e-05,6e-06,3e-06,0.1306,False,0,22.7461
84,96,125,7e-06,2e-06,1e-06,0.13061,False,0,22.7469
84,97,125,1e-06,0.0,0.0,0.130659,False,0,22.7477
84,98,125,2.9e-05,7e-06,3e-06,0.130646,False,0,22.7494
84,99,125,1.6e-05,4e-06,2e-06,0.130694,False,0,22.7486
84,100,125,5.9e-05,1.5e-05,6e-06,0.130688,False,0,22.7502
84,101,125,5e-06,1e-06,1e-06,0.130753,False,0,22.7484
84,102,125,9e-06,2e-06,1e-06,0.130823,False,0,22.7473
84,103,125,3e-05,7e-06,3e-06,0.130895,False,0,22.746
84,104,125,6e-06,1e-06,1e-06,0.131015,False,0,22.747
84,105,125,2e-06,0.0,0.0,0.131093,False,0,22.7473
84,106,124,4e-06,1e-06,0.0,0.131161,False,0,22.7475
84,107,123,1.3e-05,3e-06,1e-06,0.131199,False,0,22.7483
84,108,122,2.1e-05,5e-06,3e-06,0.131305,False,0,22.7492
84,109,121,0.000103,2.6e-05,1.2e-05,0.131421,False,0,22.751
84,110,120,0.000101,2.5e-05,9e-06,0.131568,False,0,22.7504
84,111,119,8.9e-05,2.2e-05,1.1e-05,0.131665,False,0,22.7502
84,112,118,1.6e-05,4e-06,2e-06,0.131697,False,0,22.7488
84,113,117,2e-06,1e-06,0.0,0.13178,False,0,22.748
84,114,116,2.2e-05,6e-06,3e-06,0.131915,False,0,22.7491
84,115,115,2.4e-05,6e-06,3e-06,0.132036,False,0,22.7493
84,116,114,9e-05,2.3e-05,9e-06,0.132146,False,0,22.7506
84,117,113,3e-06,1e-06,0.0,0.13219,False,0,22.748
84,118,112,1.7e-05,4e-06,2e-06,0.132229,False,0,22.7485
84,119,111,1.7e-05,4e-06,1e-06,0.132309,False,0,22.7482
84,120,110,4e-05,1e-05,5e-06,0.132483,False,0,22.7485
84,121,109,3.9e-05,1e-05,3e-06,0.132633,False,0,22.7492
84,122,108,7.2e-05,1.8e-05,9e-06,0.132749,False,0,22.7498
84,123,107,7.8e-05,2e-05,7e-06,0.132825,False,0,22.75
84,124,106,2.8e-05,7e-06,3e-06,0.132936,False,0,22.7494
84,125,105,3.8e-05,1e-05,5e-06,0.133102,False,0,22.7491
84,126,104,6.8e-05,1.7e-05,8e-06,0.133279,False,0,22.7504
84,127,103,9e-06,2e-06,1e-06,0.133416,False,0,22.7487
84,128,102,5.5e-05,1.4e-05,6e-06,0.133595,False,0,22.7501
84,129,101,3.7e-05,1e-05,5e-06,0.133742,False,0,22.7496
84,130,100,0.000166,4.2e-05,1.8e-05,0.133937,False,0,22.7519
84,131,99,5e-05,1.2e-05,6e-06,0.134182,False,0,22.75
84,132,98,8.3e-05,2.1e-05,1.1e-05,0.134357,False,0,22.7502
84,133,97,4.2e-05,1e-05,5e-06,0.134501,False,0,22.7498
84,134,96,6.6e-05,1.6e-05,8e-06,0.134648,False,0,22.7503
84,135,95,5.3e-05,1.3e-05,7e-06,0.134765,False,0,22.7501
84,136,94,5.7e-05,1.4e-05,7e-06,0.134889,False,0,22.7502
84,137,93,7.1e-05,1.8e-05,9e-06,0.135034,False,0,22.7503
84,138,92,3.9e-05,1e-05,4e-06,0.13518,False,0,22.7497
84,139,91,4.3e-05,1.1e-05,6e-06,0.135328,False,0,22.7495
84,140,90,4.1e-05,1e-05,5e-06,0.135497,False,0,22.7497
84,141,89,6.5e-05,1.6e-05,8e-06,0.135683,False,0,22.7501
84,142,88,0.000116,2.9e-05,1.3e-05,0.135841,False,0,22.7512
84,143,87,0.000135,3.3e-05,1.6e-05,0.135985,False,0,22.7515
84,144,86,0.000143,3.6e-05,1.7e-05,0.13614,False,0,22.7516
84,145,85,9.3e-05,2.3e-05,1.1e-05,0.136327,False,0,22.7508
84,146,84,6.3e-05,1.6e-05,8e-06,0.13654,False,0,22.7503
84,147,83,8.5e-05,2.1e-05,1.1e-05,0.136775,False,0,22.7504
84,148,82,0.000154,3.8e-05,1.8e-05,0.13706,False,0,22.7517
84,149,81,0.000358,9e-05,4.3e-05,0.13741,False,0,22.7539
84,150,80,0.000298,7.5e-05,3.3e-05,0.137706,False,0,22.7533
84,151,79,0.000165,4.1e-05,2.1e-05,0.137912,False,0,22.7517
84,152,78,0.000129,3.2e-05,1.6e-05,0.138085,False,0,22.7513
84,153,77,0.000126,3.2e-05,1.5e-05,0.138318,False,0,22.7514
84,154,76,0.000139,3.5e-05,1.8e-05,0.13855,False,0,22.7514
84,155,75,9.6e-05,2.4e-05,1.1e-05,0.138797,False,0,22.7509
84,156,74,0.000102,2.5e-05,1.3e-05,0.139057,False,0,22.7508
84,157,73,0.000162,4.1e-05,1.9e-05,0.139338,False,0,22.7519
84,158,72,8e-05,2e-05,1e-05,0.13958,False,0,22.7506
84,159,71,0.000142,3.6e-05,1.5e-05,0.139752,False,0,22.7515
84,160,70,5.5e-05,1.4e-05,7e-06,0.139911,False,0,22.7501
84,161,69,0.000147,3.7e-05,1.8e-05,0.140067,False,0,22.7515
84,162,68,0.000207,5.2e-05,2.5e-05,0.140333,False,0,22.7525
84,163,67,0.000241,6e-05,2.8e-05,0.140636,False,0,22.7528
84,164,66,0.000198,5e-05,2.3e-05,0.140902,False,0,22.7523
84,165,65,8.7e-05,2.1e-05,1.1e-05,0.141179,False,0,22.7506
84,166,64,9.4e-05,2.3e-05,1.2e-05,0.141428,False,0,22.7508
84,167,63,9.7e-05,2.4e-05,1.2e-05,0.141732,False,0,22.7509
84,168,62,8.8e-05,2.2e-05,1.1e-05,0.142085,False,0,22.7507
84,169,61,9.6e-05,2.4e-05,1.1e-05,0.142439,False,0,22.7509
84,170,60,0.000104,2.6e-05,1.3e-05,0.142707,False,0,22.7508
84,171,59,6.5e-05,1.6e-05,8e-06,0.142984,False,0,22.7502
84,172,58,0.000136,3.4e-05,1.6e-05,0.143287,False,0,22.7515
86,52,125,2.1e-05,5e-06,2e-06,0.145773,False,0,22.7462
86,53,125,3e-05,7e-06,3e-06,0.144096,False,0,22.7468
86,54,125,6.5e-05,1.6e-05,8e-06,0.142646,False,0,22.7457
86,55,125,3.7e-05,9e-06,4e-06,0.141407,False,0,22.7457
86,56,125,2e-05,5e-06,2e-06,0.140316,False,0,22.7463
86,57,125,1.6e-05,4e-06,2e-06,0.139401,False,0,22.7464
86,58,125,2.9e-05,7e-06,3e-06,0.1386,False,0,22.7479
86,59,125,3.7e-05,9e-06,4e-06,0.137867,False,0,22.7461
86,60,125,1e-06,0.0,0.0,0.13717,False,0,22.7478
86,61,125,2.5e-05,6e-06,3e-06,0.136544,False,0,22.7467
86,62,125,1.2e-05,3e-06,1e-06,0.135987,False,0,22.7466
86,63,125,3e-05,8e-06,4e-06,0.135468,False,0,22.7459
86,64,125,1.3e-05,3e-06,2e-06,0.134979,False,0,22.7465
86,65,125,3e-06,1e-06,0.0,0.134571,False,0,22.7478
86,66,125,2.1e-05,5e-06,2e-06,0.134169,False,0,22.7475
86,67,125,1.4e-05,3e-06,2e-06,0.133825,False,0,22.7464
86,68,125,2.3e-05,6e-06,2e-06,0.133504,False,0,22.747
86,69,125,6e-06,1e-06,1e-06,0.133223,False,0,22.747
86,70,125,1.9e-05,5e-06,2e-06,0.13292,False,0,22.7474
86,71,125,2e-06,0.0,0.0,0.132683,False,0,22.7476
86,72,125,3e-06,1e-06,0.0,0.13245,False,0,22.7478
86,73,125,5.6e-05,1.4e-05,5e-06,0.132243,False,0,22.749
86,74,125,1.3e-05,3e-06,2e-06,0.132022,False,0,22.7488
86,75,124,9e-06,2e-06,1e-06,0.131817,False,0,22.7486
86,76,123,1.9e-05,5e-06,2e-06,0.131645,False,0,22.7483
86,77,122,3e-06,1e-06,0.0,0.131494,False,0,22.7473
86,78,121,4.8e-05,1.2e-05,4e-06,0.131331,False,0,22.7487
86,79,120,1.2e-05,3e-06,2e-06,0.131177,False,0,22.7486
86,80,119,6.3e-05,1.6e-05,7e-06,0.131018,False,0,22.7503
86,81,118,9.1e-05,2.3e-05,8e-06,0.130933,False,0,22.7501
86,82,117,1.4e-05,3e-06,2e-06,0.13085,False,0,22.7486
86,83,116,4e-06,1e-06,0.0,0.130745,False,0,22.7482
86,84,115,8e-06,2e-06,1e-06,0.130671,False,0,22.7486
86,85,114,1.2e-05,3e-06,2e-06,0.130639,False,0,22.7488
86,86,113,1.4e-05,3e-06,1e-06,0.13065,False,0,22.7484
86,87,112,1.5e-05,4e-06,1e-06,0.130639,False,0,22.7486
86,88,111,2.5e-05,6e-06,3e-06,0.130626,False,0,22.7489
86,89,110,4.5e-05,1.2e-05,4e-06,0.130612,False,0,22.7494
86,90,109,2.8e-05,7e-06,2e-06,0.130648,False,0,22.7481
86,91,108,2.4e-05,6e-06,3e-06,0.130638,False,0,22.7477
86,92,107,9.2e-05,2.3e-05,9e-06,0.130668,False,0,22.7504
86,93,106,4.9e-05,1.2e-05,5e-06,0.130675,False,0,22.7497
86,94,105,4.8e-05,1.2e-05,6e-06,0.130713,False,0,22.7499
86,95,104,8.4e-05,2.1e-05,8e-06,0.130708,False,0,22.7503
86,96,103,7.9e-05,2e-05,8e-06,0.130704,False,0,22.7505
86,97,102,4.4e-05,1.1e-05,6e-06,0.130724,False,0,22.7497
86,98,101,1.1e-05,3e-06,1e-06,0.130779,False,0,22.7486
86,99,100,2.8e-05,7e-06,3e-06,0.130866,False,0,22.7494
86,100,99,3.7e-05,9e-06,3e-06,0.130943,False,0,22.7488
86,101,98,4.9e-05,1.2e-05,6e-06,0.13098,False,0,22.7495
86,102,97,3e-05,8e-06,3e-06,0.131011,False,0,22.7483
86,103,96,7e-06,2e-06,1e-06,0.13102,False,0,22.7468
86,104,95,1.4e-05,3e-06,2e-06,0.131131,False,0,22.7466
86,105,94,1e-06,0.0,0.0,0.131236,False,0,22.7477
86,106,93,6.9e-05,1.7e-05,7e-06,0.131317,False,0,22.7501
86,107,92,7e-06,2e-06,1e-06,0.13137,False,0,22.7485
86,108,91,8e-06,2e-06,1e-06,0.131388,False,0,22.7485
86,109,90,2.2e-05,5e-06,2e-06,0.131467,False,0,22.7489
86,110,89,4.8e-05,1.2e-05,5e-06,0.131535,False,0,22.7499
87,52,120,0.000363,9.1e-05,4.2e-05,0.14818,True,0,22.7413
87,53,119,0.00025,6.2e-05,2.7e-05,0.146502,True,0,22.7426
87,54,118,0.000129,3.2e-05,1.6e-05,0.145045,False,0,22.7445
87,55,117,8.5e-05,2.1e-05,1e-05,0.143748,False,0,22.7446
87,56,116,8.6e-05,2.1e-05,1e-05,0.142626,False,0,22.7446
88,52,125,1.2e-05,3e-06,1e-06,0.149694,True,0,22.7467
88,53,125,9e-06,2e-06,1e-06,0.148004,True,0,22.7469
88,54,125,1e-05,2e-06,1e-06,0.146542,True,0,22.7471
88,55,125,1.5e-05,4e-06,2e-06,0.145304,False,0,22.7488
88,56,125,9e-06,3e-06,1e-06,0.144194,False,0,22.7483
88,57,125,1.4e-05,4e-06,1e-06,0.143257,False,0,22.7482
88,58,125,5.4e-05,1.4e-05,7e-06,0.142469,False,0,22.7492
88,59,124,2.2e-05,5e-06,2e-06,0.141841,False,0,22.7489
88,60,123,2e-06,0.0,0.0,0.141254,False,0,22.7476
88,61,122,3e-06,1e-06,0.0,0.14072,False,0,22.7475
88,62,121,1.3e-05,3e-06,2e-06,0.140172,False,0,22.7487
88,63,120,1e-05,2e-06,1e-06,0.139738,False,0,22.7484
88,64,119,7e-06,2e-06,1e-06,0.139373,False,0,22.7484
88,65,118,1e-05,2e-06,1e-06,0.138992,False,0,22.7469
88,66,117,1e-06,0.0,0.0,0.138604,False,0,22.7476
88,67,116,3.1e-05,8e-06,4e-06,0.138274,False,0,22.7485
88,68,115,3.5e-05,9e-06,4e-06,0.138008,False,0,22.7495
89,52,125,0.000197,4.9e-05,2.3e-05,0.146231,True,0,22.743
89,53,125,0.000109,2.7e-05,1.1e-05,0.144547,False,0,22.7444
89,54,125,6.3e-05,1.6e-05,8e-06,0.143162,False,0,22.7457
89,55,125,5.3e-05,1.3e-05,6e-06,0.141947,False,0,22.7454
89,56,125,0.000113,2.8e-05,1.2e-05,0.140905,False,0,22.7442
89,57,125,0.000182,4.5e-05,2.1e-05,0.139952,False,0,22.7432
89,58,125,0.000166,4.1e-05,1.9e-05,0.139112,False,0,22.7434
89,59,125,8.1e-05,2e-05,9e-06,0.138371,False,0,22.7447
89,60,125,3.2e-05,8e-06,4e-06,0.137724,False,0,22.7458
89,61,125,6e-05,1.5e-05,7e-06,0.137124,False,0,22.7457
89,62,125,0.000109,2.7e-05,1.2e-05,0.136554,False,0,22.7442
89,63,125,6.6e-05,1.7e-05,8e-06,0.136045,False,0,22.745
89,64,125,5e-05,1.3e-05,6e-06,0.135574,False,0,22.7453
89,65,125,6.4e-05,1.6e-05,7e-06,0.135181,False,0,22.7451
89,66,125,6e-06,1e-06,1e-06,0.134832,False,0,22.7469
89,67,125,1.4e-05,3e-06,2e-06,0.134488,False,0,22.7467
89,68,125,3e-05,7e-06,3e-06,0.134176,False,0,22.7459
89,69,125,1.1e-05,3e-06,1e-06,0.133831,False,0,22.7471
89,70,125,8e-06,2e-06,1e-06,0.133514,False,0,22.7475
89,71,125,7e-06,2e-06,1e-06,0.133269,False,0,22.7472
89,72,125,4e-06,1e-06,0.0,0.133061,False,0,22.747
89,73,125,8.2e-05,2e-05,8e-06,0.132827,False,0,22.7453
89,74,125,2e-05,5e-06,2e-06,0.132619,False,0,22.7467
89,75,125,2.1e-05,5e-06,2e-06,0.132399,False,0,22.7463
89,76,125,3e-06,1e-06,0.0,0.132271,False,0,22.7475
89,77,125,5e-06,1e-06,1e-06,0.132158,False,0,22.747
89,78,125,1.2e-05,3e-06,2e-06,0.13208,False,0,22.7486
89,79,125,3e-06,1e-06,0.0,0.131932,False,0,22.7479
89,80,125,1.7e-05,4e-06,2e-06,0.131879,False,0,22.7468
89,81,125,9e-06,2e-06,1e-06,0.131813,False,0,22.747
89,82,125,2.8e-05,7e-06,3e-06,0.131762,False,0,22.746
89,83,125,9e-06,2e-06,1e-06,0.131694,False,0,22.747
89,84,125,3.3e-05,8e-06,3e-06,0.131673,False,0,22.746
89,85,125,2.1e-05,5e-06,2e-06,0.13158,False,0,22.7464
89,86,125,1e-06,1e-06,0.0,0.131529,False,0,22.7474
89,87,125,9e-06,2e-06,1e-06,0.131456,False,0,22.7486
89,88,125,9e-06,2e-06,1e-06,0.131372,False,0,22.7483
89,89,125,7e-06,2e-06,1e-06,0.131331,False,0,22.747
89,90,125,1.1e-05,3e-06,1e-06,0.131354,False,0,22.7467
89,91,125,1.1e-05,3e-06,1e-06,0.131382,False,0,22.7468
89,92,125,1e-06,0.0,0.0,0.131403,False,0,22.7477
89,93,125,9e-06,2e-06,1e-06,0.131364,False,0,22.7467
89,94,125,3.8e-05,9e-06,4e-06,0.131363,False,0,22.7468
89,95,125,1.6e-05,4e-06,2e-06,0.131378,False,0,22.7485
89,96,125,0.000101,2.5e-05,9e-06,0.13149,False,0,22.7506
89,97,125,6.7e-05,1.7e-05,8e-06,0.131572,False,0,22.7502
89,98,125,1.2e-05,3e-06,1e-06,0.131612,False,0,22.7488
89,99,125,2.3e-05,6e-06,3e-06,0.131611,False,0,22.7488
89,100,125,1.3e-05,3e-06,2e-06,0.131682,False,0,22.7465
89,101,125,3e-06,1e-06,0.0,0.131755,False,0,22.7478
89,102,125,1.6e-05,4e-06,2e-06,0.131833,False,0,22.7474
89,103,125,3e-05,7e-06,3e-06,0.131932,False,0,22.7494
89,104,125,3.6e-05,9e-06,4e-06,0.131993,False,0,22.7496
89,105,125,2.4e-05,6e-06,3e-06,0.13203,False,0,22.7493
89,106,125,5.1e-05,1.3e-05,7e-06,0.132056,False,0,22.7496
89,107,125,1.1e-05,3e-06,1e-06,0.132125,False,0,22.7486
89,108,125,3e-06,1e-06,0.0,0.132255,False,0,22.7481
89,109,125,1e-05,2e-06,1e-06,0.132314,False,0,22.7477
89,110,125,9e-06,2e-06,1e-06,0.132362,False,0,22.7478
89,111,125,5.4e-05,1.3e-05,5e-06,0.132417,False,0,22.7496
89,112,125,7e-06,2e-06,1e-06,0.132497,False,0,22.7482
89,113,125,2e-06,0.0,0.0,0.132576,False,0,22.7478
89,114,125,1.2e-05,3e-06,2e-06,0.132637,False,0,22.7488
89,115,125,1.1e-05,3e-06,1e-06,0.132714,False,0,22.7487
89,116,125,7e-06,2e-06,1e-06,0.132789,False,0,22.7478
89,117,125,1.1e-05,3e-06,1e-06,0.132884,False,0,22.7474
89,118,125,5e-06,1e-06,1e-06,0.132998,False,0,22.7474
89,119,125,1e-06,0.0,0.0,0.133098,False,0,22.7476
89,120,125,7e-06,2e-06,1e-06,0.133204,False,0,22.7484
89,121,125,1.4e-05,4e-06,2e-06,0.133298,False,0,22.7488
89,122,125,9.6e-05,2.4e-05,1.2e-05,0.133441,False,0,22.7506
89,123,125,1.4e-05,4e-06,2e-06,0.13357,False,0,22.7489
89,124,125,7e-06,2e-06,1e-06,0.133698,False,0,22.7475
89,125,125,7e-06,2e-06,1e-06,0.133815,False,0,22.7476
89,126,125,6e-06,1e-06,1e-06,0.133918,False,0,22.7481
89,127,125,2.4e-05,6e-06,3e-06,0.133992,False,0,22.7488
89,128,125,9.5e-05,2.4e-05,1e-05,0.134061,False,0,22.7508
89,129,125,6.9e-05,1.7e-05,9e-06,0.134175,False,0,22.7496
89,130,125,4.7e-05,1.2e-05,5e-06,0.134247,False,0,22.7499
89,131,125,2.2e-05,6e-06,3e-06,0.1343,False,0,22.748
89,132,125,3e-05,7e-06,4e-06,0.134467,False,0,22.7493
89,133,125,4e-06,1e-06,0.0,0.134608,False,0,22.748
89,134,125,3e-06,1e-06,0.0,0.134743,False,0,22.7476
89,135,125,2.1e-05,5e-06,2e-06,0.134869,False,0,22.747
89,136,125,3e-06,1e-06,0.0,0.13497,False,0,22.7473
89,137,125,1.1e-05,3e-06,1e-06,0.13507,False,0,22.7487
89,138,125,1.6e-05,4e-06,2e-06,0.135158,False,0,22.7487
89,139,125,2.6e-05,6e-06,3e-06,0.135298,False,0,22.7492
89,140,125,6.5e-05,1.6e-05,8e-06,0.13544,False,0,22.75
89,141,125,5.7e-05,1.4e-05,7e-06,0.135558,False,0,22.7499
89,142,125,6.4e-05,1.6e-05,8e-06,0.135662,False,0,22.75
89,143,125,8e-06,2e-06,1e-06,0.135825,False,0,22.7485
89,144,125,3.5e-05,9e-06,4e-06,0.136014,False,0,22.7495
89,145,125,1.7e-05,4e-06,2e-06,0.136196,False,0,22.7484
89,146,125,8.5e-05,2.1e-05,9e-06,0.136321,False,0,22.7507
89,147,125,7.3e-05,1.8e-05,1e-05,0.136415,False,0,22.7497
89,148,125,0.00011,2.8e-05,1.4e-05,0.136532,False,0,22.7508
89,149,125,6.1e-05,1.6e-05,8e-06,0.136609,False,0,22.7502
89,150,125,4.1e-05,1e-05,4e-06,0.136762,False,0,22.7497
89,151,125,3.4e-05,8e-06,4e-06,0.136867,False,0,22.7493
89,152,125,2.7e-05,7e-06,4e-06,0.137049,False,0,22.7489
89,153,125,1e-05,3e-06,1e-06,0.137161,False,0,22.7487
89,154,125,3.7e-05,9e-06,4e-06,0.137245,False,0,22.7481
89,155,125,7.8e-05,2e-05,9e-06,0.137349,False,0,22.7506
89,156,125,6.5e-05,1.6e-05,8e-06,0.137433,False,0,22.7501
89,157,125,0.000121,3e-05,1.6e-05,0.137492,False,0,22.7509
89,158,125,7.6e-05,1.9e-05,9e-06,0.137591,False,0,22.7505
89,159,125,8.3e-05,2.1e-05,1e-05,0.137717,False,0,22.7507
89,160,125,5.3e-05,1.3e-05,6e-06,0.137875,False,0,22.7501
89,161,125,0.000122,3.1e-05,1.4e-05,0.137959,False,0,22.7492
89,162,125,5e-05,1.2e-05,6e-06,0.138075,False,0,22.75
89,163,125,2.9e-05,7e-06,4e-06,0.138235,False,0,22.7493
89,164,125,8e-06,2e-06,1e-06,0.138402,False,0,22.748
89,165,125,4.6e-05,1.2e-05,5e-06,0.138552,False,0,22.7499
89,166,125,6.7e-05,1.7e-05,8e-06,0.13869,False,0,22.7501
89,167,125,8.2e-05,2.1e-05,1e-05,0.138844,False,0,22.7504
89,168,125,4.6e-05,1.2e-05,6e-06,0.138956,False,0,22.7498
89,169,125,6e-05,1.5e-05,8e-06,0.139158,False,0,22.7497
89,170,125,4.4e-05,1.1e-05,5e-06,0.139399,False,0,22.7498
89,171,125,0.000136,3.4e-05,1.7e-05,0.1396,False,0,22.751
89,172,125,0.000121,3e-05,1.3e-05,0.139694,False,0,22.7513
89,173,125,7.1e-05,1.8e-05,9e-06,0.1398,False,0,22.7502
89,174,125,7.4e-05,1.8e-05,8e-06,0.139923,False,0,22.7505
89,175,125,4.9e-05,1.2e-05,6e-06,0.140121,False,0,22.7498
89,176,125,8.3e-05,2.1e-05,1e-05,0.140302,False,0,22.7506
89,177,125,7e-05,1.7e-05,9e-06,0.140471,False,0,22.7504
90,52,122,6.3e-05,1.6e-05,6e-06,0.146562,True,0,22.7455
90,53,121,2.3e-05,6e-06,3e-06,0.144853,False,0,22.7462
90,54,120,3.5e-05,9e-06,4e-06,0.143381,False,0,22.7458
90,55,119,1.9e-05,5e-06,2e-06,0.142074,False,0,22.7463
90,56,118,2.2e-05,5e-06,3e-06,0.140964,False,0,22.7461
90,57,117,3.6e-05,9e-06,4e-06,0.139983,False,0,22.7457
90,58,116,1.1e-05,3e-06,1e-06,0.139125,False,0,22.7468
90,59,115,4.4e-05,1.1e-05,5e-06,0.138363,False,0,22.7459
90,60,114,9.9e-05,2.5e-05,1.1e-05,0.137627,False,0,22.7444
90,61,113,6.3e-05,1.6e-05,7e-06,0.137038,False,0,22.745
90,62,112,5.5e-05,1.3e-05,7e-06,0.136473,False,0,22.7455
90,63,111,1.2e-05,3e-06,1e-06,0.135993,False,0,22.7466
90,64,110,2e-05,5e-06,2e-06,0.135463,False,0,22.7474
90,65,109,1e-05,3e-06,1e-06,0.134968,False,0,22.7467
90,66,108,5.5e-05,1.4e-05,7e-06,0.134514,False,0,22.7453
90,67,107,0.000152,3.8e-05,1.6e-05,0.134144,False,0,22.7438
90,68,106,3.5e-05,9e-06,4e-06,0.133814,False,0,22.7458
90,69,105,6e-06,1e-06,1e-06,0.133469,False,0,22.7471
90,70,104,9e-06,2e-06,1e-06,0.133125,False,0,22.7475
90,71,103,6e-06,1e-06,1e-06,0.132861,False,0,22.7477
90,72,102,7.1e-05,1.8e-05,8e-06,0.132676,False,0,22.7449
90,73,101,3.4e-05,8e-06,4e-06,0.132509,False,0,22.7458
90,74,100,3.7e-05,9e-06,5e-06,0.132305,False,0,22.7457
90,75,99,2.3e-05,6e-06,2e-06,0.132117,False,0,22.7463
90,76,98,3.7e-05,9e-06,3e-06,0.132009,False,0,22.7462
90,77,97,1.8e-05,5e-06,2e-06,0.131899,False,0,22.7471
90,78,96,1.5e-05,3e-06,2e-06,0.131843,False,0,22.7477
90,79,95,2.3e-05,6e-06,2e-06,0.131693,False,0,22.7486
90,80,94,6e-06,2e-06,1e-06,0.13157,False,0,22.748
90,81,93,1e-06,0.0,0.0,0.131399,False,0,22.7475
90,82,92,1.1e-05,3e-06,1e-06,0.131293,False,0,22.7484
90,83,91,5.9e-05,1.5e-05,5e-06,0.131247,False,0,22.7494
90,84,90,8e-06,2e-06,1e-06,0.131215,False,0,22.7486
90,85,89,8e-06,2e-06,1e-06,0.131233,False,0,22.7485
90,86,88,2.3e-05,6e-06,2e-06,0.131228,False,0,22.7492
90,87,87,3e-06,1e-06,0.0,0.131235,False,0,22.7474
90,88,86,5e-06,1e-06,1e-06,0.131255,False,0,22.7479
90,89,85,1.4e-05,3e-06,2e-06,0.131279,False,0,22.7487
90,90,84,2e-05,5e-06,2e-06,0.131287,False,0,22.7491
90,91,83,2.3e-05,6e-06,2e-06,0.131307,False,0,22.7492
90,92,82,1e-05,2e-06,1e-06,0.131302,False,0,22.7486
90,93,81,3e-06,1e-06,0.0,0.131332,False,0,22.7481
90,94,80,1.6e-05,4e-06,2e-06,0.131333,False,0,22.749
90,95,79,1.9e-05,5e-06,2e-06,0.131269,False,0,22.7489
90,96,78,1.2e-05,3e-06,1e-06,0.131217,False,0,22.7488
90,97,77,4.4e-05,1.1e-05,5e-06,0.13122,False,0,22.7499
90,98,76,0.000106,2.7e-05,1.1e-05,0.131247,False,0,22.751
90,99,75,7.8e-05,2e-05,9e-06,0.131311,False,0,22.7506
90,100,74,2.3e-05,6e-06,3e-06,0.1314,False,0,22.7492
90,101,73,2.8e-05,7e-06,4e-06,0.13145,False,0,22.7492
90,102,72,2.7e-05,7e-06,3e-06,0.131489,False,0,22.7493
90,103,71,2.6e-05,7e-06,3e-06,0.131546,False,0,22.7493
90,104,70,3e-06,1e-06,0.0,0.131638,False,0,22.7481
90,105,69,5.6e-05,1.4e-05,5e-06,0.13176,False,0,22.7496
90,106,68,6.8e-05,1.7e-05,8e-06,0.131894,False,0,22.7504
90,107,67,4.1e-05,1e-05,5e-06,0.132081,False,0,22.7498
90,108,66,4.5e-05,1.1e-05,6e-06,0.132171,False,0,22.7496
90,109,65,1.8e-05,5e-06,2e-06,0.132266,False,0,22.749
90,110,64,9.4e-05,2.4e-05,1.1e-05,0.132396,False,0,22.7509
90,111,63,0.000155,3.9e-05,1.8e-05,0.132553,False,0,22.7518
90,112,62,0.000137,3.4e-05,1.4e-05,0.132698,False,0,22.7512
90,113,61,6.3e-05,1.6e-05,8e-06,0.132871,False,0,22.7503
90,114,60,5.7e-05,1.4e-05,7e-06,0.132994,False,0,22.7501
90,115,59,7.8e-05,2e-05,8e-06,0.133108,False,0,22.7504
90,116,58,6e-05,1.5e-05,7e-06,0.13327,False,0,22.7502
90,117,57,0.000111,2.8e-05,1.3e-05,0.133503,False,0,22.7511
90,118,56,0.000123,3.1e-05,1.2e-05,0.133759,False,0,22.7511
90,119,55,0.000137,3.4e-05,1.6e-05,0.134009,False,0,22.7516
90,120,54,9.2e-05,2.3e-05,1e-05,0.134183,False,0,22.7508
90,121,53,9.9e-05,2.5e-05,1.2e-05,0.1343,False,0,22.751
90,122,52,0.000128,3.2e-05,1.5e-05,0.13444,False,0,22.7514
90,123,51,0.000152,3.8e-05,1.7e-05,0.134599,False,0,22.7517
90,124,50,0.000147,3.7e-05,1.6e-05,0.134817,False,0,22.7517
90,125,49,0.00021,5.2e-05,2.2e-05,0.135019,False,0,22.7523
90,126,48,0.000229,5.7e-05,2.5e-05,0.13522,False,0,22.7526
90,127,47,0.000288,7.2e-05,3.3e-05,0.135477,False,0,22.7533
90,128,46,0.000252,6.3e-05,2.8e-05,0.13576,False,0,22.7529
90,129,45,0.000247,6.2e-05,2.7e-05,0.136069,False,0,22.7528
90,130,44,0.000262,6.5e-05,3.1e-05,0.136386,False,0,22.753
90,131,43,0.000313,7.8e-05,3.6e-05,0.136747,False,0,22.7535
90,132,42,0.000287,7.2e-05,3e-05,0.137089,False,0,22.7531
90,133,41,0.000194,4.9e-05,2.3e-05,0.137382,False,0,22.7523
90,134,40,0.000245,6.1e-05,2.8e-05,0.137677,False,0,22.7529
90,135,39,0.000275,6.9e-05,3e-05,0.137937,False,0,22.7531
90,136,38,0.000242,6.1e-05,2.9e-05,0.138206,False,0,22.7528
90,137,37,0.000223,5.6e-05,2.6e-05,0.138486,False,0,22.7526
90,138,36,0.00029,7.3e-05,3.3e-05,0.1388,False,0,22.7533
90,139,35,0.000254,6.4e-05,3e-05,0.139191,False,0,22.7529
90,140,34,0.000393,9.9e-05,4.5e-05,0.139576,False,0,22.7542
90,141,33,0.000321,8e-05,3.7e-05,0.139925,False,0,22.7536
90,142,32,0.000551,0.000138,6.6e-05,0.14038,False,0,22.7554
90,143,31,0.000562,0.000141,6e-05,0.140829,False,0,22.7553
90,144,30,0.000382,9.6e-05,4.6e-05,0.141404,False,0,22.7541
90,145,29,0.000404,0.000101,4.5e-05,0.142032,False,0,22.7543
90,146,28,0.000326,8.2e-05,3.6e-05,0.142719,False,0,22.7536
91,52,125,2e-06,0.0,0.0,0.150067,True,0,22.7479
91,53,125,1e-05,2e-06,1e-06,0.148386,True,0,22.7473
91,54,125,8e-06,2e-06,1e-06,0.146986,True,0,22.7474
91,55,125,1.2e-05,3e-06,2e-06,0.145818,False,0,22.7483
91,56,125,3.6e-05,9e-06,4e-06,0.144786,False,0,22.7496
91,57,125,2.4e-05,6e-06,3e-06,0.143906,False,0,22.7493
91,58,125,3.2e-05,8e-06,3e-06,0.143114,False,0,22.7483
91,59,125,1.7e-05,4e-06,2e-06,0.142405,False,0,22.7469
91,60,125,1.3e-05,3e-06,2e-06,0.141712,False,0,22.7465
91,61,125,2e-06,0.0,0.0,0.141154,False,0,22.7479
91,62,125,3e-06,1e-06,0.0,0.140578,False,0,22.7478
91,63,125,1.5e-05,4e-06,2e-06,0.14009,False,0,22.7489
91,64,125,3e-06,1e-06,0.0,0.139593,False,0,22.7478
91,65,125,5e-06,1e-06,1e-06,0.139127,False,0,22.7474
91,66,125,8e-06,2e-06,1e-06,0.138732,False,0,22.7481
91,67,125,8e-06,2e-06,1e-06,0.138352,False,0,22.7483
91,68,125,3.4e-05,8e-06,4e-06,0.138007,False,0,22.7495
91,69,125,1.3e-05,3e-06,1e-06,0.137675,False,0,22.7488
91,70,125,9e-06,2e-06,1e-06,0.137357,False,0,22.7485
91,71,125,3.1e-05,8e-06,3e-06,0.137109,False,0,22.7493
91,72,125,4e-06,1e-06,0.0,0.13693,False,0,22.7478
91,73,125,7e-06,2e-06,1e-06,0.136691,False,0,22.7475
91,74,125,1.6e-05,4e-06,2e-06,0.13645,False,0,22.7468
91,75,125,2.7e-05,7e-06,3e-06,0.136245,False,0,22.7494
91,76,125,5.7e-05,1.4e-05,6e-06,0.136119,False,0,22.7499
91,77,125,5.5e-05,1.4e-05,5e-06,0.13602,False,0,22.7499
91,78,125,5e-05,1.2e-05,6e-06,0.135943,False,0,22.75
91,79,125,2.4e-05,6e-06,3e-06,0.135929,False,0,22.7492
91,80,125,4.3e-05,1.1e-05,6e-06,0.135907,False,0,22.7496
91,81,125,3.9e-05,1e-05,3e-06,0.135857,False,0,22.7488
91,82,125,4.4e-05,1.1e-05,6e-06,0.135758,False,0,22.7492
91,83,125,3e-05,7e-06,4e-06,0.135675,False,0,22.7495
91,84,125,2.7e-05,7e-06,3e-06,0.135699,False,0,22.7493
91,85,125,1.5e-05,4e-06,2e-06,0.135758,False,0,22.7488
91,86,125,2.2e-05,5e-06,3e-06,0.135821,False,0,22.7492
91,87,125,0.000115,2.9e-05,1.1e-05,0.135787,False,0,22.7508
91,88,125,4.3e-05,1.1e-05,5e-06,0.135761,False,0,22.7495
91,89,125,1.8e-05,5e-06,2e-06,0.135729,False,0,22.7489
91,90,125,2.4e-05,6e-06,3e-06,0.135669,False,0,22.7477
91,91,125,3.2e-05,8e-06,3e-06,0.13564,False,0,22.7492
91,92,125,2.5e-05,6e-06,3e-06,0.135619,False,0,22.7493
91,93,125,3.8e-05,1e-05,5e-06,0.135608,False,0,22.7497
91,94,125,2.1e-05,5e-06,3e-06,0.135671,False,0,22.7491
91,95,125,3.7e-05,9e-06,5e-06,0.135715,False,0,22.7494
91,96,125,3.9e-05,1e-05,5e-06,0.135717,False,0,22.7496
91,97,125,4.6e-05,1.2e-05,6e-06,0.135727,False,0,22.7499
91,98,125,5.8e-05,1.5e-05,7e-06,0.135781,False,0,22.7502
91,99,125,8e-05,2e-05,8e-06,0.135875,False,0,22.7504
91,100,125,5.2e-05,1.3e-05,6e-06,0.135927,False,0,22.75
91,101,125,3.9e-05,1e-05,5e-06,0.135943,False,0,22.7497
91,102,125,1.9e-05,5e-06,3e-06,0.135971,False,0,22.749
91,103,125,5.8e-05,1.5e-05,7e-06,0.136076,False,0,22.7499
91,104,125,7.9e-05,2e-05,9e-06,0.136168,False,0,22.7506
91,105,125,6.8e-05,1.7e-05,8e-06,0.136183,False,0,22.7503
91,106,125,0.000134,3.4e-05,1.5e-05,0.136243,False,0,22.7515
91,107,125,0.000102,2.5e-05,1.2e-05,0.136299,False,0,22.751
91,108,125,0.000123,3.1e-05,1.5e-05,0.136326,False,0,22.7513
91,109,125,6.7e-05,1.7e-05,7e-06,0.136409,False,0,22.7504
91,110,125,2.3e-05,5e-06,3e-06,0.136563,False,0,22.7492
91,111,125,4e-06,1e-06,1e-06,0.136661,False,0,22.748
91,112,125,2e-05,5e-06,2e-06,0.136803,False,0,22.7483
91,113,125,3.6e-05,9e-06,4e-06,0.136961,False,0,22.7495
91,114,125,0.000115,2.9e-05,1.4e-05,0.137129,False,0,22.7512
91,115,125,0.000119,3e-05,1.3e-05,0.137346,False,0,22.7513
91,116,125,4.2e-05,1.1e-05,6e-06,0.137503,False,0,22.7496
91,117,125,4.9e-05,1.2e-05,6e-06,0.137583,False,0,22.7499
91,118,125,4.5e-05,1.1e-05,5e-06,0.137621,False,0,22.7499
91,119,125,1.8e-05,4e-06,2e-06,0.137736,False,0,22.7488
91,120,125,5.2e-05,1.3e-05,7e-06,0.137896,False,0,22.7498
91,121,125,3.7e-05,9e-06,5e-06,0.138019,False,0,22.7496
91,122,125,0.000137,3.4e-05,1.7e-05,0.138191,False,0,22.7514
91,123,125,9.6e-05,2.4e-05,1.2e-05,0.13835,False,0,22.7508
91,124,125,8.7e-05,2.2e-05,1.1e-05,0.138555,False,0,22.7506
91,125,125,0.00011,2.8e-05,1.3e-05,0.138729,False,0,22.7512
91,126,125,5.2e-05,1.3e-05,7e-06,0.13888,False,0,22.7495
91,127,125,7.4e-05,1.9e-05,8e-06,0.13907,False,0,22.7504
91,128,125,3.4e-05,9e-06,4e-06,0.139173,False,0,22.7494
91,129,125,6.1e-05,1.5e-05,8e-06,0.139284,False,0,22.7501
91,130,125,3.5e-05,9e-06,5e-06,0.139378,False,0,22.7495
91,131,125,9.7e-05,2.4e-05,1.2e-05,0.139531,False,0,22.7508
91,132,125,0.000134,3.4e-05,1.7e-05,0.139675,False,0,22.7514
91,133,125,0.000168,4.2e-05,2.1e-05,0.139824,False,0,22.7518
91,134,125,0.000122,3e-05,1.5e-05,0.139923,False,0,22.7512
91,135,125,0.000118,3e-05,1.5e-05,0.140029,False,0,22.751
91,136,125,0.000142,3.5e-05,1.7e-05,0.140158,False,0,22.7515
91,137,125,0.000192,4.8e-05,2.2e-05,0.140229,False,0,22.7523
91,138,125,0.000113,2.8e-05,1.5e-05,0.140316,False,0,22.7507
91,139,125,0.000206,5.2e-05,2.5e-05,0.140482,False,0,22.7524
91,140,125,0.000145,3.6e-05,1.6e-05,0.140702,False,0,22.7516
91,141,125,0.000131,3.3e-05,1.6e-05,0.140876,False,0,22.7515
91,142,125,6.4e-05,1.6e-05,8e-06,0.141046,False,0,22.7498
91,143,125,5.2e-05,1.3e-05,7e-06,0.141252,False,0,22.7499
91,144,125,9.7e-05,2.4e-05,1.2e-05,0.14155,False,0,22.7509
91,145,125,0.000207,5.2e-05,2.5e-05,0.141794,False,0,22.7523
91,146,125,0.000258,6.4e-05,3.1e-05,0.14205,False,0,22.753
91,147,125,0.000216,5.4e-05,2.6e-05,0.142264,False,0,22.7525
91,148,124,0.000302,7.6e-05,3.6e-05,0.142511,False,0,22.7534
91,149,123,0.000213,5.3e-05,2.5e-05,0.142712,False,0,22.7525
91,150,122,0.000179,4.5e-05,2.2e-05,0.142915,False,0,22.752
91,151,121,8.1e-05,2e-05,1e-05,0.143147,False,0,22.7504
91,152,120,0.000128,3.2e-05,1.7e-05,0.143384,False,0,22.7504
91,153,119,0.00013,3.2e-05,1.5e-05,0.143592,False,0,22.7515
91,154,118,0.000128,3.2e-05,1.7e-05,0.14381,False,0,22.7509
91,155,117,0.000135,3.4e-05,1.6e-05,0.143997,False,0,22.7515
91,156,116,0.000146,3.7e-05,1.9e-05,0.144149,False,0,22.7513
91,157,115,0.000268,6.7e-05,3.2e-05,0.144316,False,0,22.753
91,158,114,0.000286,7.1e-05,3.5e-05,0.144534,False,0,22.7532
91,159,113,0.000192,4.8e-05,2.2e-05,0.144749,False,0,22.7522
91,160,112,0.00016,4e-05,1.9e-05,0.144945,False,0,22.7518
91,161,111,0.000113,2.8e-05,1.4e-05,0.145143,False,0,22.7511
91,162,110,0.000214,5.3e-05,2.4e-05,0.145375,False,0,22.7525
91,163,109,0.000229,5.7e-05,3e-05,0.145584,False,0,22.7517
91,164,108,0.000232,5.8e-05,2.7e-05,0.145756,False,0,22.7527
91,165,107,0.000227,5.7e-05,2.7e-05,0.145941,True,0,22.7526
91,166,106,0.000139,3.5e-05,1.7e-05,0.146132,True,0,22.7515
91,167,105,0.000187,4.7e-05,2.3e-05,0.146416,True,0,22.752
91,168,104,0.000231,5.8e-05,2.6e-05,0.146728,True,0,22.7527
91,169,103,0.000186,4.7e-05,2.2e-05,0.14709,True,0,22.7522
91,170,102,0.000214,5.4e-05,2.8e-05,0.147395,True,0,22.7517
91,171,101,0.000194,4.8e-05,2.5e-05,0.147649,True,0,22.7519
91,172,100,0.000231,5.8e-05,2.6e-05,0.147836,True,0,22.7527
91,173,99,0.000192,4.8e-05,2.4e-05,0.148073,True,0,22.752
91,174,98,0.000255,6.4e-05,3.1e-05,0.148298,True,0,22.7529
91,175,97,0.000229,5.7e-05,2.8e-05,0.14847,True,0,22.7525
91,176,96,0.000227,5.7e-05,2.6e-05,0.148715,True,0,22.7527
91,177,95,0.000154,3.8e-05,2e-05,0.148958,True,0,22.7512
91,178,94,0.000133,3.3e-05,1.6e-05,0.149239,True,0,22.7515
91,179,93,0.000134,3.4e-05,1.7e-05,0.14956,True,0,22.7513
91,180,92,0.000145,3.6e-05,1.7e-05,0.149904,True,0,22.7516
91,181,91,0.000158,4e-05,1.8e-05,0.150286,True,0,22.7518
91,182,90,0.000101,2.6e-05,1.2e-05,0.150648,True,0,22.751
91,183,89,0.000143,3.6e-05,1.9e-05,0.150994,True,0,22.751
91,184,88,0.000235,5.9e-05,2.8e-05,0.151309,True,0,22.7527
91,185,87,0.000241,6e-05,3e-05,0.151586,True,0,22.7526
91,186,86,0.000296,7.4e-05,3.6e-05,0.15184,True,0,22.7532
91,187,85,0.000227,5.7e-05,2.8e-05,0.152114,True,0,22.7526
91,188,84,0.000213,5.3e-05,2.6e-05,0.152439,True,0,22.7523
91,189,83,0.000186,4.7e-05,2.2e-05,0.152655,True,0,22.7522
91,190,82,0.000161,4e-05,2e-05,0.15291,True,0,22.7515
91,191,81,0.000185,4.7e-05,2.2e-05,0.153139,True,0,22.7522
91,192,80,0.0002,5e-05,2.4e-05,0.153467,True,0,22.7523
91,193,79,0.000238,6e-05,3e-05,0.153856,True,0,22.7524
91,194,78,0.000185,4.6e-05,2.1e-05,0.154188,True,0,22.7522
91,195,77,0.000176,4.4e-05,2.3e-05,0.1545,True,0,22.7518
91,196,76,0.000209,5.2e-05,2.7e-05,0.154772,True,0,22.752
91,197,75,0.000247,6.2e-05,3.1e-05,0.155074,True,0,22.7527
91,198,74,0.000306,7.7e-05,3.6e-05,0.155372,True,0,22.7535
91,199,73,0.000243,6.1e-05,3.1e-05,0.155679,True,0,22.7524
91,200,72,0.000281,7e-05,3.4e-05,0.155991,True,0,22.7532
91,201,71,0.000247,6.2e-05,3e-05,0.156326,True,0,22.7527
91,202,70,0.000257,6.4e-05,3.2e-05,0.156656,True,0,22.7527
91,203,69,0.000221,5.5e-05,2.8e-05,0.156901,True,0,22.7524
91,204,68,0.000435,0.000109,5.3e-05,0.157246,True,0,22.7545
91,205,67,0.000367,9.2e-05,4.5e-05,0.157648,True,0,22.7538
91,206,66,0.000526,0.000132,6.2e-05,0.158154,True,0,22.7553
91,207,65,0.000385,9.6e-05,4.5e-05,0.158545,True,0,22.7542
91,208,64,0.000409,0.000102,4.9e-05,0.158905,True,0,22.7543
91,209,63,0.000363,9.1e-05,4.3e-05,0.159218,True,0,22.754
91,210,62,0.000355,8.9e-05,4.5e-05,0.159599,True,0,22.7536
91,211,61,0.000365,9.1e-05,4.3e-05,0.160035,True,0,22.754
91,212,60,0.000382,9.6e-05,4.7e-05,0.16046,True,0,22.7541
91,213,59,0.000299,7.5e-05,3.7e-05,0.160854,True,0,22.7532
91,214,58,0.000259,6.5e-05,3e-05,0.161213,True,0,22.753
91,215,57,0.00029,7.3e-05,3.7e-05,0.161524,True,0,22.752
91,216,56,0.000292,7.3e-05,3.6e-05,0.161923,True,0,22.7532
91,217,55,0.000346,8.6e-05,4.2e-05,0.162299,True,0,22.7537
91,218,54,0.00037,9.2e-05,4.5e-05,0.162662,True,0,22.754
91,219,53,0.000331,8.3e-05,4.1e-05,0.162945,True,0,22.7535
91,220,52,0.000376,9.4e-05,4.7e-05,0.163292,True,0,22.7539
91,221,51,0.000464,0.000116,5.5e-05,0.163801,True,0,22.7548
91,222,50,0.000442,0.000111,5.3e-05,0.164322,True,0,22.7546
91,223,49,0.00056,0.00014,6.5e-05,0.164852,True,0,22.7556
91,224,48,0.000441,0.00011,5.6e-05,0.165393,True,0,22.7542
91,225,47,0.000535,0.000134,6.5e-05,0.165861,True,0,22.7553
91,226,46,0.000431,0.000108,5.3e-05,0.166328,True,0,22.7544
91,227,45,0.000495,0.000124,5.8e-05,0.166784,True,0,22.7551
91,228,44,0.000492,0.000123,6.1e-05,0.1673,True,0,22.7548
91,229,43,0.000559,0.00014,6.6e-05,0.167763,True,0,22.7555
91,230,42,0.000438,0.00011,5.4e-05,0.168231,True,0,22.7544
91,231,41,0.000389,9.7e-05,4.7e-05,0.16872,True,0,22.7542
91,232,40,0.000338,8.4e-05,4.1e-05,0.169231,True,0,22.7537
91,233,39,0.000269,6.7e-05,3.2e-05,0.16979,True,0,22.7531
91,234,38,0.000402,1e-04,5e-05,0.170344,True,0,22.7541
92,52,118,8e-06,2e-06,1e-06,0.149595,True,0,22.7468
92,53,117,3e-06,1e-06,0.0,0.147937,True,0,22.748
92,54,116,2.5e-05,6e-06,2e-06,0.14664,True,0,22.7485
92,55,115,3e-06,1e-06,0.0,0.145513,False,0,22.748
92,56,114,2e-06,1e-06,0.0,0.144468,False,0,22.7474
92,57,113,1.6e-05,4e-06,2e-06,0.143516,False,0,22.7465
92,58,112,4e-06,1e-06,1e-06,0.142696,False,0,22.748
92,59,111,1e-05,2e-06,1e-06,0.142002,False,0,22.7471
92,60,110,6e-06,1e-06,1e-06,0.141398,False,0,22.7471
92,61,109,1.9e-05,4e-06,2e-06,0.140777,False,0,22.7466
92,62,108,2e-06,0.0,0.0,0.140192,False,0,22.7475
92,63,107,4e-06,1e-06,1e-06,0.1397,False,0,22.7481
92,64,106,6e-06,1e-06,1e-06,0.139251,False,0,22.7472
92,65,105,4e-06,1e-06,0.0,0.138872,False,0,22.7478
92,66,104,4e-06,1e-06,1e-06,0.138481,False,0,22.747
92,67,103,1.4e-05,4e-06,2e-06,0.13818,False,0,22.7477
92,68,102,1.7e-05,4e-06,2e-06,0.137887,False,0,22.747
92,69,101,3e-06,1e-06,0.0,0.137614,False,0,22.7481
92,70,100,1.3e-05,3e-06,1e-06,0.137427,False,0,22.7471
92,71,99,2.5e-05,6e-06,3e-06,0.13723,False,0,22.7466
92,72,98,4.6e-05,1.2e-05,5e-06,0.137055,False,0,22.7459
92,73,97,4e-06,1e-06,0.0,0.136832,False,0,22.7472
92,74,96,3e-05,8e-06,3e-06,0.136575,False,0,22.7464
92,75,95,1.2e-05,3e-06,1e-06,0.136407,False,0,22.7488
92,76,94,4e-06,1e-06,0.0,0.136358,False,0,22.7479
92,77,93,6.2e-05,1.6e-05,7e-06,0.136328,False,0,22.7503
92,78,92,5.6e-05,1.4e-05,6e-06,0.136297,False,0,22.75
92,79,91,1e-05,3e-06,1e-06,0.13631,False,0,22.7485
92,80,90,4e-06,1e-06,0.0,0.136289,False,0,22.7473
92,81,89,8e-06,2e-06,1e-06,0.136254,False,0,22.7473
92,82,88,5e-06,1e-06,1e-06,0.136202,False,0,22.7476
92,83,87,1.5e-05,4e-06,2e-06,0.136243,False,0,22.7489
92,84,86,9e-06,2e-06,1e-06,0.136269,False,0,22.7481
92,85,85,8.5e-05,2.2e-05,1e-05,0.136338,False,0,22.7507
92,86,84,0.000126,3.1e-05,1.6e-05,0.136439,False,0,22.7512
92,87,83,0.000129,3.2e-05,1.4e-05,0.13659,False,0,22.7514
92,88,82,3.1e-05,8e-06,4e-06,0.136713,False,0,22.7494
92,89,81,3.3e-05,8e-06,4e-06,0.136805,False,0,22.7491
92,90,80,1.8e-05,5e-06,2e-06,0.136838,False,0,22.749
92,91,79,2.2e-05,6e-06,3e-06,0.13688,False,0,22.7486
92,92,78,4e-05,1e-05,5e-06,0.136997,False,0,22.749
92,93,77,3.8e-05,9e-06,5e-06,0.13711,False,0,22.7495
92,94,76,5.5e-05,1.4e-05,7e-06,0.137202,False,0,22.7497
92,95,75,3.1e-05,8e-06,4e-06,0.137319,False,0,22.7495
92,96,74,5.2e-05,1.3e-05,6e-06,0.137481,False,0,22.75
92,97,73,2.6e-05,7e-06,3e-06,0.137699,False,0,22.7493
92,98,72,4e-05,1e-05,5e-06,0.137865,False,0,22.7497
92,99,71,3.4e-05,9e-06,4e-06,0.13797,False,0,22.7496
92,100,70,4.6e-05,1.2e-05,5e-06,0.138126,False,0,22.7499
92,101,69,2.9e-05,7e-06,4e-06,0.138354,False,0,22.7494
92,102,68,6.1e-05,1.5e-05,8e-06,0.138553,False,0,22.75
92,103,67,3.6e-05,9e-06,5e-06,0.138746,False,0,22.7494
92,104,66,4.6e-05,1.1e-05,5e-06,0.138858,False,0,22.7499
92,105,65,2.6e-05,7e-06,4e-06,0.13898,False,0,22.7487
92,106,64,6.2e-05,1.6e-05,8e-06,0.139116,False,0,22.7502
92,107,63,7.7e-05,1.9e-05,9e-06,0.139336,False,0,22.7506
92,108,62,8.1e-05,2e-05,1e-05,0.139549,False,0,22.7506
92,109,61,5.5e-05,1.4e-05,7e-06,0.139783,False,0,22.7498
92,110,60,0.000105,2.6e-05,1.1e-05,0.13994,False,0,22.7509
92,111,59,0.000121,3e-05,1.6e-05,0.140171,False,0,22.751
92,112,58,0.000125,3.1e-05,1.5e-05,0.140451,False,0,22.7514
92,113,57,0.000109,2.7e-05,1.4e-05,0.140696,False,0,22.7509
92,114,56,0.000116,2.9e-05,1.5e-05,0.140956,False,0,22.751
92,115,55,5.6e-05,1.4e-05,6e-06,0.141168,False,0,22.7501
92,116,54,0.000119,3e-05,1.5e-05,0.141454,False,0,22.7511
92,117,53,0.000198,5e-05,2.5e-05,0.141704,False,0,22.7521
92,118,52,0.000262,6.6e-05,3e-05,0.141961,False,0,22.7531
92,119,51,0.000219,5.5e-05,2.7e-05,0.142214,False,0,22.7525
92,120,50,0.000285,7.1e-05,3.5e-05,0.14248,False,0,22.7532
92,121,49,0.000328,8.2e-05,3.9e-05,0.14277,False,0,22.7537
92,122,48,0.000265,6.6e-05,3.3e-05,0.143182,False,0,22.7529
92,123,47,0.000224,5.6e-05,2.7e-05,0.143598,False,0,22.7526
92,124,46,0.000185,4.6e-05,2.3e-05,0.144026,False,0,22.7521
92,125,45,0.000192,4.8e-05,2.2e-05,0.144349,False,0,22.7523
92,126,44,0.000171,4.3e-05,2e-05,0.144659,False,0,22.752
92,127,43,0.000194,4.9e-05,2.2e-05,0.144875,False,0,22.7523
92,128,42,0.000243,6.1e-05,3e-05,0.14514,False,0,22.7528
92,129,41,0.000355,8.9e-05,4.4e-05,0.145504,False,0,22.7537
92,130,40,0.000326,8.2e-05,3.9e-05,0.145933,True,0,22.7536
92,131,39,0.000309,7.8e-05,3.5e-05,0.146387,True,0,22.7535
92,132,38,0.000229,5.7e-05,2.9e-05,0.146812,True,0,22.7525
92,133,37,0.000232,5.8e-05,2.7e-05,0.14727,True,0,22.7527
92,134,36,0.000182,4.5e-05,2.1e-05,0.147756,True,0,22.7521
92,135,35,0.000148,3.7e-05,1.8e-05,0.148146,True,0,22.7517
92,136,34,0.000261,6.5e-05,3.3e-05,0.14854,True,0,22.7528
92,137,33,0.000291,7.3e-05,3.4e-05,0.148951,True,0,22.7533
92,138,32,0.000386,9.7e-05,4.8e-05,0.149472,True,0,22.754
92,139,31,0.000331,8.3e-05,3.9e-05,0.150023,True,0,22.7537
92,140,30,0.000335,8.4e-05,4.1e-05,0.15056,True,0,22.7536
92,141,29,0.000401,1e-04,4.8e-05,0.15105,True,0,22.7543
92,142,28,0.000458,0.000115,5e-05,0.151586,True,0,22.7547
92,143,27,0.00037,9.2e-05,4.5e-05,0.152187,True,0,22.754
92,144,26,0.000431,0.000108,5.2e-05,0.152763,True,0,22.7545
92,145,25,0.000296,7.4e-05,3.5e-05,0.15327,True,0,22.7534
92,146,24,0.000219,5.5e-05,2.5e-05,0.153705,True,0,22.7526
92,147,23,0.000298,7.4e-05,3.8e-05,0.154253,True,0,22.7531
92,148,22,0.000334,8.4e-05,4e-05,0.154845,True,0,22.7537
92,149,21,0.000447,0.000112,5.2e-05,0.155579,True,0,22.7547
92,150,20,0.000355,8.9e-05,4.3e-05,0.156298,True,0,22.7538
93,52,125,3e-06,1e-06,0.0,0.148295,True,0,22.7479
93,53,125,5.3e-05,1.3e-05,5e-06,0.146619,True,0,22.7487
93,54,125,2e-06,1e-06,0.0,0.145188,False,0,22.7478
93,55,125,2e-06,1e-06,0.0,0.14393,False,0,22.7477
93,56,125,6e-06,1e-06,1e-06,0.142807,False,0,22.7469
93,57,125,5e-06,1e-06,0.0,0.141878,False,0,22.7477
93,58,125,1.1e-05,2e-06,1e-06,0.140994,False,0,22.7473
93,59,125,3e-06,1e-06,0.0,0.140236,False,0,22.7482
93,60,125,8e-06,2e-06,1e-06,0.139465,False,0,22.7485
93,61,125,5e-06,1e-06,0.0,0.13883,False,0,22.7478
93,62,125,1.1e-05,3e-06,1e-06,0.13823,False,0,22.7479
93,63,125,2e-06,1e-06,0.0,0.137714,False,0,22.7481
93,64,125,2e-06,0.0,0.0,0.137251,False,0,22.7477
93,65,125,1e-05,3e-06,1e-06,0.136773,False,0,22.7471
93,66,125,2.9e-05,7e-06,4e-06,0.13632,False,0,22.7459
93,67,125,2.6e-05,6e-06,3e-06,0.135905,False,0,22.7462
93,68,125,1.3e-05,3e-06,2e-06,0.135569,False,0,22.7465
93,69,125,3e-06,1e-06,0.0,0.135277,False,0,22.7473
93,70,125,1.9e-05,5e-06,2e-06,0.134961,False,0,22.7489
93,71,125,6.4e-05,1.6e-05,7e-06,0.13466,False,0,22.7502
93,72,125,8.4e-05,2.1e-05,9e-06,0.134376,False,0,22.7506
93,73,125,8e-06,2e-06,1e-06,0.134112,False,0,22.7485
93,74,125,2e-06,0.0,0.0,0.133912,False,0,22.7477
93,75,125,3e-06,1e-06,0.0,0.133761,False,0,22.7478
93,76,125,4.5e-05,1.1e-05,5e-06,0.133656,False,0,22.7499
93,77,125,7.7e-05,1.9e-05,9e-06,0.1336,False,0,22.7505
93,78,125,5.4e-05,1.4e-05,5e-06,0.133482,False,0,22.7498
93,79,125,6.3e-05,1.6e-05,8e-06,0.133373,False,0,22.7501
93,80,125,3.7e-05,9e-06,4e-06,0.133314,False,0,22.7495
93,81,125,2.7e-05,7e-06,3e-06,0.133274,False,0,22.7493
93,82,125,1e-06,0.0,0.0,0.133227,False,0,22.7476
93,83,125,1.7e-05,4e-06,2e-06,0.133173,False,0,22.7489
93,84,125,2.2e-05,6e-06,3e-06,0.133101,False,0,22.7491
93,85,125,3e-06,1e-06,0.0,0.133042,False,0,22.7482
93,86,125,1.4e-05,4e-06,1e-06,0.133049,False,0,22.7486
93,87,125,1.2e-05,3e-06,1e-06,0.133047,False,0,22.7484
93,88,125,2.5e-05,6e-06,3e-06,0.133044,False,0,22.7493
93,89,125,1.2e-05,3e-06,1e-06,0.133033,False,0,22.7486
93,90,125,3.8e-05,1e-05,4e-06,0.133059,False,0,22.7497
93,91,125,5.5e-05,1.4e-05,6e-06,0.133119,False,0,22.7501
93,92,125,8.9e-05,2.2e-05,1e-05,0.133227,False,0,22.7508
93,93,125,7e-05,1.8e-05,8e-06,0.133312,False,0,22.7504
93,94,125,4.3e-05,1.1e-05,4e-06,0.133469,False,0,22.7496
93,95,125,2.7e-05,7e-06,3e-06,0.133574,False,0,22.7493
93,96,125,2.3e-05,6e-06,3e-06,0.13368,False,0,22.749
93,97,125,3.5e-05,9e-06,3e-06,0.133768,False,0,22.7487
93,98,125,1.3e-05,3e-06,2e-06,0.133922,False,0,22.7484
93,99,125,3.7e-05,9e-06,4e-06,0.134013,False,0,22.7497
93,100,125,7.8e-05,1.9e-05,8e-06,0.134054,False,0,22.7505
93,101,125,5e-05,1.3e-05,5e-06,0.134067,False,0,22.7497
93,102,125,1.1e-05,3e-06,1e-06,0.134108,False,0,22.7484
93,103,125,1.8e-05,5e-06,2e-06,0.134153,False,0,22.749
93,104,125,2.4e-05,6e-06,3e-06,0.134204,False,0,22.7492
93,105,125,6.1e-05,1.5e-05,7e-06,0.134282,False,0,22.7502
93,106,125,4.6e-05,1.2e-05,6e-06,0.134368,False,0,22.7499
93,107,125,8.5e-05,2.1e-05,1e-05,0.134418,False,0,22.7507
93,108,125,5.2e-05,1.3e-05,6e-06,0.134566,False,0,22.75
93,109,125,3.4e-05,9e-06,4e-06,0.134652,False,0,22.7495
93,110,125,1.6e-05,4e-06,2e-06,0.134739,False,0,22.7487
93,111,125,7.8e-05,2e-05,9e-06,0.134868,False,0,22.7506
93,112,125,0.000169,4.2e-05,1.9e-05,0.135007,False,0,22.7519
93,113,125,0.000228,5.7e-05,2.6e-05,0.135119,False,0,22.7527
93,114,125,0.000117,2.9e-05,1.3e-05,0.135204,False,0,22.7512
93,115,125,0.00014,3.5e-05,1.5e-05,0.13534,False,0,22.7515
93,116,125,4e-05,1e-05,5e-06,0.135501,False,0,22.7496
93,117,125,0.000141,3.5e-05,1.5e-05,0.135669,False,0,22.7515
93,118,125,4.2e-05,1e-05,5e-06,0.135805,False,0,22.7497
93,119,125,7e-05,1.7e-05,8e-06,0.135977,False,0,22.7504
93,120,125,1.4e-05,3e-06,2e-06,0.136151,False,0,22.7488
93,121,125,2.3e-05,6e-06,3e-06,0.13632,False,0,22.7492
93,122,125,3.6e-05,9e-06,4e-06,0.136427,False,0,22.7496
93,123,125,6.3e-05,1.6e-05,7e-06,0.136525,False,0,22.7503
93,124,125,3.5e-05,9e-06,4e-06,0.136646,False,0,22.7495
93,125,125,0.000144,3.6e-05,1.8e-05,0.136811,False,0,22.7516
93,126,125,0.000165,4.1e-05,1.7e-05,0.136961,False,0,22.7518
93,127,125,0.000194,4.9e-05,2.3e-05,0.137064,False,0,22.7523
93,128,125,0.000149,3.7e-05,1.8e-05,0.137169,False,0,22.7517
93,129,125,0.000201,5.1e-05,2.3e-05,0.13729,False,0,22.7524
93,130,125,0.000143,3.6e-05,1.7e-05,0.137434,False,0,22.7516
93,131,125,0.000221,5.5e-05,2.6e-05,0.137589,False,0,22.7526
93,132,125,8.2e-05,2.1e-05,1e-05,0.13774,False,0,22.7506
93,133,125,0.000109,2.7e-05,1.3e-05,0.137883,False,0,22.7511
93,134,125,5.5e-05,1.4e-05,5e-06,0.138027,False,0,22.7497
93,135,125,6e-05,1.5e-05,8e-06,0.138203,False,0,22.7494
93,136,125,5.4e-05,1.4e-05,5e-06,0.138316,False,0,22.7498
93,137,125,7.7e-05,1.9e-05,1e-05,0.138472,False,0,22.7504
93,138,125,0.000132,3.3e-05,1.4e-05,0.13857,False,0,22.7514
93,139,125,0.000189,4.7e-05,2e-05,0.138762,False,0,22.7521
93,140,125,9.2e-05,2.3e-05,1.1e-05,0.138933,False,0,22.7507
93,141,125,0.000134,3.4e-05,1.5e-05,0.13908,False,0,22.7514
93,142,125,7.2e-05,1.8e-05,8e-06,0.139171,False,0,22.7504
93,143,125,7e-05,1.8e-05,9e-06,0.139241,False,0,22.7499
93,144,125,5.5e-05,1.4e-05,7e-06,0.139233,False,0,22.7501
93,145,125,4.7e-05,1.2e-05,5e-06,0.139297,False,0,22.7499
93,146,125,9e-05,2.3e-05,1.1e-05,0.13938,False,0,22.7508
93,147,125,0.000156,3.9e-05,1.8e-05,0.139556,False,0,22.7518
93,148,125,0.000189,4.7e-05,2.2e-05,0.139736,False,0,22.7522
93,149,125,0.000151,3.8e-05,1.8e-05,0.139922,False,0,22.7517
93,150,125,0.000106,2.7e-05,1.2e-05,0.140067,False,0,22.7511
93,151,125,0.000117,2.9e-05,1.4e-05,0.140208,False,0,22.7513
93,152,125,0.000105,2.6e-05,1.2e-05,0.140373,False,0,22.751
93,153,125,0.000107,2.7e-05,1.3e-05,0.140548,False,0,22.751
93,154,125,0.00015,3.8e-05,1.8e-05,0.140735,False,0,22.7517
93,155,125,9e-05,2.3e-05,1.1e-05,0.140885,False,0,22.7507
93,156,125,8.1e-05,2e-05,9e-06,0.141059,False,0,22.7506
93,157,125,6.3e-05,1.6e-05,8e-06,0.141213,False,0,22.7502
93,158,125,7.8e-05,2e-05,9e-06,0.141313,False,0,22.7506
93,159,125,0.000137,3.4e-05,1.6e-05,0.141467,False,0,22.7515
93,160,125,0.00011,2.8e-05,1.2e-05,0.141682,False,0,22.751
93,161,125,0.000109,2.8e-05,1.3e-05,0.141824,False,0,22.751
93,162,125,0.000126,3.2e-05,1.5e-05,0.141936,False,0,22.7513
93,163,125,0.000165,4.1e-05,1.7e-05,0.142057,False,0,22.7517
93,164,125,0.000104,2.6e-05,1.2e-05,0.142193,False,0,22.751
93,165,125,0.000162,4e-05,1.9e-05,0.142296,False,0,22.7519
93,166,125,9.9e-05,2.4e-05,1.1e-05,0.142448,False,0,22.751
93,167,125,0.000148,3.7e-05,1.9e-05,0.14257,False,0,22.751
93,168,125,0.000146,3.6e-05,1.6e-05,0.142706,False,0,22.7516
93,169,125,0.000128,3.2e-05,1.5e-05,0.142845,False,0,22.7514
93,170,125,9.8e-05,2.4e-05,1.1e-05,0.142974,False,0,22.7509
93,171,125,0.000219,5.5e-05,2.8e-05,0.143112,False,0,22.7521
93,172,125,0.000277,7e-05,3e-05,0.143316,False,0,22.7531
93,173,125,0.000262,6.6e-05,3.2e-05,0.143478,False,0,22.753
93,174,125,0.000223,5.6e-05,2.7e-05,0.143634,False,0,22.7525
93,175,125,0.000142,3.6e-05,1.6e-05,0.143744,False,0,22.7516
93,176,125,6.9e-05,1.7e-05,8e-06,0.143865,False,0,22.7504
93,177,125,7.8e-05,1.9e-05,9e-06,0.143987,False,0,22.7506
93,178,125,0.00016,4e-05,1.9e-05,0.144161,False,0,22.7518
93,179,125,0.000162,4.1e-05,2e-05,0.144338,False,0,22.7517
93,180,125,0.000193,4.9e-05,2.2e-05,0.14446,False,0,22.7523
93,181,125,0.000242,6.1e-05,2.9e-05,0.144533,False,0,22.7527
93,182,125,0.000201,5e-05,2.3e-05,0.144683,False,0,22.7523
93,183,125,0.000255,6.4e-05,2.9e-05,0.144829,False,0,22.753
93,184,125,0.000238,6e-05,2.6e-05,0.145005,False,0,22.7527
93,185,125,0.000182,4.6e-05,2.2e-05,0.145149,False,0,22.752
93,186,125,0.000271,6.8e-05,3.2e-05,0.145384,False,0,22.7531
93,187,125,0.000174,4.4e-05,2.1e-05,0.145594,False,0,22.752
93,188,125,0.00026,6.5e-05,3.1e-05,0.145855,True,0,22.753
93,189,125,0.000151,3.8e-05,1.9e-05,0.146016,True,0,22.7516
93,190,125,0.000184,4.6e-05,2.2e-05,0.146164,True,0,22.7522
93,191,125,0.000221,5.5e-05,2.4e-05,0.146241,True,0,22.7525
93,192,125,0.000261,6.5e-05,3.2e-05,0.146382,True,0,22.7529
93,193,125,0.000281,7e-05,3.1e-05,0.146588,True,0,22.7532
93,194,125,0.000205,5.1e-05,2.5e-05,0.146852,True,0,22.7524
93,195,125,0.000164,4.1e-05,2e-05,0.147082,True,0,22.7519
93,196,125,0.00016,4e-05,1.9e-05,0.14727,True,0,22.7518
93,197,125,0.000206,5.2e-05,2.3e-05,0.147459,True,0,22.7524
93,198,125,0.000214,5.4e-05,2.6e-05,0.147589,True,0,22.7525
93,199,125,0.000243,6.1e-05,3e-05,0.147755,True,0,22.7527
93,200,125,0.000224,5.6e-05,2.6e-05,0.147945,True,0,22.7526
93,201,125,0.00025,6.3e-05,2.9e-05,0.148205,True,0,22.7529
93,202,125,0.000193,4.8e-05,2.2e-05,0.148442,True,0,22.7522
93,203,125,0.000194,4.8e-05,2.2e-05,0.148676,True,0,22.7523
93,204,125,0.000278,6.9e-05,3.4e-05,0.14886,True,0,22.7531
93,205,124,0.000355,8.9e-05,3.9e-05,0.149102,True,0,22.7539
93,206,123,0.000284,7.1e-05,3.4e-05,0.149335,True,0,22.7532
93,207,122,0.000238,6e-05,2.9e-05,0.149556,True,0,22.7527
93,208,121,0.000231,5.8e-05,2.5e-05,0.149798,True,0,22.7526
93,209,120,0.00025,6.3e-05,3e-05,0.149987,True,0,22.7528
93,210,119,0.000271,6.8e-05,3.3e-05,0.150178,True,0,22.753
93,211,118,0.000388,9.7e-05,4.6e-05,0.150392,True,0,22.7542
93,212,117,0.000317,7.9e-05,3.8e-05,0.150661,True,0,22.7536
93,213,116,0.000305,7.6e-05,3.9e-05,0.150938,True,0,22.7531
93,214,115,0.000351,8.8e-05,3.9e-05,0.151243,True,0,22.7538
93,215,114,0.000332,8.3e-05,3.8e-05,0.151523,True,0,22.7537
93,216,113,0.00034,8.5e-05,3.8e-05,0.151793,True,0,22.7537
93,217,112,0.000297,7.4e-05,3.6e-05,0.152063,True,0,22.7532
93,218,111,0.000384,9.6e-05,4.4e-05,0.152319,True,0,22.7542
93,219,110,0.000388,9.7e-05,4.7e-05,0.152586,True,0,22.7541
93,220,109,0.000362,9.1e-05,4.1e-05,0.152871,True,0,22.754
93,221,108,0.000316,7.9e-05,3.8e-05,0.15313,True,0,22.7535
93,222,107,0.00033,8.3e-05,3.6e-05,0.153386,True,0,22.7536
93,223,106,0.000316,7.9e-05,3.8e-05,0.153715,True,0,22.7535
93,224,105,0.000438,0.00011,5.2e-05,0.154071,True,0,22.7546
93,225,104,0.000461,0.000116,5.1e-05,0.154413,True,0,22.7547
93,226,103,0.000534,0.000134,6.1e-05,0.15475,True,0,22.7554
93,227,102,0.000522,0.000131,6.4e-05,0.155106,True,0,22.7551
93,228,101,0.000538,0.000134,6.2e-05,0.155446,True,0,22.7554
93,229,100,0.000396,9.9e-05,4.6e-05,0.155756,True,0,22.7543
93,230,99,0.000343,8.6e-05,3.8e-05,0.15608,True,0,22.7538
93,231,98,0.000209,5.2e-05,2.5e-05,0.156437,True,0,22.7524
93,232,97,0.000339,8.5e-05,4e-05,0.156732,True,0,22.7538
93,233,96,0.000361,9e-05,4.2e-05,0.156999,True,0,22.754
93,234,95,0.000447,0.000112,5.2e-05,0.157273,True,0,22.7547
93,235,94,0.000577,0.000145,6.8e-05,0.157591,True,0,22.7557
93,236,93,0.000512,0.000128,6e-05,0.157882,True,0,22.7552
93,237,92,0.00044,0.00011,5.2e-05,0.158194,True,0,22.7546
93,238,91,0.000432,0.000108,5e-05,0.15839,True,0,22.7546
93,239,90,0.000463,0.000116,5.6e-05,0.158669,True,0,22.7548
93,240,89,0.00058,0.000145,6.6e-05,0.159035,True,0,22.7557
93,241,88,0.00051,0.000127,5.9e-05,0.159473,True,0,22.7552
93,242,87,0.000553,0.000138,6.3e-05,0.159848,True,0,22.7555
93,243,86,0.000463,0.000116,5.4e-05,0.160141,True,0,22.7548
93,244,85,0.000432,0.000108,5.1e-05,0.160447,True,0,22.7546
94,52,125,5.3e-05,1.3e-05,6e-06,0.14707,True,0,22.7454
94,53,125,1.9e-05,5e-06,2e-06,0.145358,False,0,22.7482
94,54,125,7e-06,2e-06,1e-06,0.143859,False,0,22.7482
94,55,125,3.9e-05,1e-05,3e-06,0.142608,False,0,22.749
94,56,125,4e-06,1e-06,0.0,0.141594,False,0,22.7472
94,57,125,1e-05,2e-06,1e-06,0.140707,False,0,22.7468
94,58,125,6e-06,1e-06,1e-06,0.139913,False,0,22.7475
94,59,125,2e-06,1e-06,0.0,0.139138,False,0,22.7478
94,60,125,3.6e-05,9e-06,3e-06,0.138429,False,0,22.7494
94,61,125,8e-06,2e-06,1e-06,0.137792,False,0,22.7485
94,62,125,3e-06,1e-06,0.0,0.137202,False,0,22.7476
94,63,125,2e-05,5e-06,2e-06,0.136681,False,0,22.7483
94,64,124,9e-06,2e-06,1e-06,0.136234,False,0,22.7469
94,65,123,1.3e-05,3e-06,2e-06,0.135832,False,0,22.7478
94,66,122,1.4e-05,3e-06,2e-06,0.135468,False,0,22.747
94,67,121,4e-06,1e-06,0.0,0.135124,False,0,22.7478
94,68,120,8e-06,2e-06,1e-06,0.134811,False,0,22.7486
94,69,119,1.8e-05,5e-06,2e-06,0.134528,False,0,22.749
94,70,118,2.3e-05,6e-06,2e-06,0.134294,False,0,22.7489
94,71,117,1.5e-05,4e-06,2e-06,0.134065,False,0,22.7489
94,72,116,2.5e-05,6e-06,2e-06,0.133826,False,0,22.749
94,73,115,5e-06,1e-06,1e-06,0.133616,False,0,22.7479
94,74,114,3.2e-05,8e-06,3e-06,0.133413,False,0,22.7493
94,75,113,2.6e-05,6e-06,3e-06,0.133293,False,0,22.7493
94,76,112,1.6e-05,4e-06,2e-06,0.133173,False,0,22.7489
94,77,111,1.9e-05,5e-06,2e-06,0.133055,False,0,22.7486
94,78,110,2.8e-05,7e-06,3e-06,0.132945,False,0,22.7494
94,79,109,5.5e-05,1.4e-05,5e-06,0.13287,False,0,22.7497
94,80,108,3.2e-05,8e-06,4e-06,0.132807,False,0,22.7495
94,81,107,4e-06,1e-06,0.0,0.132789,False,0,22.7474
94,82,106,9e-06,2e-06,1e-06,0.132776,False,0,22.7486
94,83,105,2.7e-05,7e-06,3e-06,0.132746,False,0,22.7491
94,84,104,6.8e-05,1.7e-05,8e-06,0.132694,False,0,22.7504
94,85,103,2.7e-05,7e-06,3e-06,0.132707,False,0,22.7493
94,86,102,3.7e-05,9e-06,3e-06,0.132679,False,0,22.7493
94,87,101,1.4e-05,4e-06,2e-06,0.132677,False,0,22.7489
94,88,100,4.7e-05,1.2e-05,4e-06,0.132694,False,0,22.7496
94,89,99,3.8e-05,9e-06,4e-06,0.132697,False,0,22.7496
94,90,98,1.4e-05,3e-06,1e-06,0.132677,False,0,22.7487
94,91,97,2.3e-05,6e-06,3e-06,0.132653,False,0,22.7492
94,92,96,2.6e-05,7e-06,3e-06,0.132638,False,0,22.7492
94,93,95,9e-06,2e-06,1e-06,0.132699,False,0,22.7486
94,94,94,3.8e-05,9e-06,4e-06,0.132839,False,0,22.7494
94,95,93,1.5e-05,4e-06,1e-06,0.132998,False,0,22.7476
94,96,92,3.5e-05,9e-06,4e-06,0.133122,False,0,22.7487
94,97,91,3e-05,7e-06,3e-06,0.133211,False,0,22.7485
94,98,90,2.1e-05,5e-06,3e-06,0.133315,False,0,22.7491
94,99,89,6.1e-05,1.5e-05,7e-06,0.133389,False,0,22.7502
94,100,88,4.4e-05,1.1e-05,4e-06,0.133488,False,0,22.7497
94,101,87,2.1e-05,5e-06,2e-06,0.133578,False,0,22.7491
94,102,86,1.3e-05,4e-06,1e-06,0.133721,False,0,22.7488
94,103,85,2.8e-05,7e-06,3e-06,0.133809,False,0,22.7494
94,104,84,0.000101,2.5e-05,1.1e-05,0.133974,False,0,22.7509
94,105,83,0.000126,3.2e-05,1.4e-05,0.134132,False,0,22.7514
94,106,82,0.000101,2.5e-05,1.2e-05,0.134307,False,0,22.751
94,107,81,8.1e-05,2e-05,1e-05,0.134482,False,0,22.7506
94,108,80,5e-05,1.2e-05,6e-06,0.134609,False,0,22.7499
94,109,79,0.000116,2.9e-05,1.2e-05,0.134764,False,0,22.7512
94,110,78,8.4e-05,2.1e-05,9e-06,0.134933,False,0,22.7506
94,111,77,0.000107,2.7e-05,1.2e-05,0.13512,False,0,22.751
94,112,76,9.9e-05,2.5e-05,1.3e-05,0.13532,False,0,22.7509
94,113,75,9.1e-05,2.3e-05,1e-05,0.135479,False,0,22.7508
94,114,74,5.9e-05,1.5e-05,8e-06,0.135596,False,0,22.75
94,115,73,8.8e-05,2.2e-05,1e-05,0.135712,False,0,22.7507
94,116,72,0.000142,3.6e-05,1.5e-05,0.135867,False,0,22.7515
94,117,71,0.000144,3.6e-05,1.7e-05,0.13606,False,0,22.7517
94,118,70,7.9e-05,2e-05,9e-06,0.136277,False,0,22.7506
94,119,69,5.6e-05,1.4e-05,7e-06,0.136499,False,0,22.7499
94,120,68,8.7e-05,2.2e-05,1e-05,0.136775,False,0,22.7508
94,121,67,0.000199,5e-05,2.1e-05,0.137089,False,0,22.7522
94,122,66,0.000139,3.5e-05,1.6e-05,0.137398,False,0,22.7515
94,123,65,7.4e-05,1.9e-05,9e-06,0.137635,False,0,22.7505
94,124,64,4e-05,1e-05,5e-06,0.137842,False,0,22.7494
94,125,63,8e-05,2e-05,9e-06,0.138005,False,0,22.7506
94,126,62,0.000113,2.8e-05,1.4e-05,0.138216,False,0,22.7511
94,127,61,0.000194,4.9e-05,2.1e-05,0.138442,False,0,22.7522
94,128,60,0.00013,3.2e-05,1.6e-05,0.138696,False,0,22.7513
94,129,59,0.000138,3.5e-05,1.6e-05,0.138914,False,0,22.7515
94,130,58,0.000109,2.7e-05,1.2e-05,0.139127,False,0,22.751
94,131,57,0.000103,2.6e-05,1.3e-05,0.13941,False,0,22.7506
94,132,56,8.6e-05,2.2e-05,1.1e-05,0.139697,False,0,22.7507
94,133,55,0.00013,3.2e-05,1.4e-05,0.140093,False,0,22.7513
95,52,125,0.000185,4.6e-05,2.1e-05,0.146363,True,0,22.7432
95,53,125,0.000183,4.6e-05,2.2e-05,0.144638,False,0,22.7432
95,54,125,0.000377,9.4e-05,4.4e-05,0.143221,False,0,22.7412
95,55,125,0.000224,5.6e-05,2.4e-05,0.141988,False,0,22.7428
95,56,125,0.000294,7.3e-05,3.6e-05,0.140922,False,0,22.7421
95,57,125,0.000179,4.5e-05,2e-05,0.139981,False,0,22.7433
95,58,125,0.000243,6.1e-05,2.8e-05,0.139135,False,0,22.7425
95,59,125,0.000174,4.3e-05,2e-05,0.138365,False,0,22.7433
95,60,125,0.000153,3.8e-05,1.8e-05,0.137667,False,0,22.7436
95,61,125,0.000138,3.5e-05,1.6e-05,0.137037,False,0,22.7438
95,62,125,9.1e-05,2.2e-05,1e-05,0.136463,False,0,22.7446
95,63,125,8e-05,2e-05,1e-05,0.135938,False,0,22.7451
95,64,125,0.000108,2.7e-05,1.2e-05,0.135472,False,0,22.7442
95,65,125,0.000162,4.1e-05,1.9e-05,0.135014,False,0,22.7434
95,66,125,0.00017,4.3e-05,1.9e-05,0.13457,False,0,22.7434
95,67,125,0.000118,3e-05,1.4e-05,0.134182,False,0,22.7442
95,68,125,8.9e-05,2.2e-05,1e-05,0.133778,False,0,22.7446
95,69,125,3e-05,7e-06,4e-06,0.133418,False,0,22.7459
95,70,125,0.00012,3e-05,1.4e-05,0.133092,False,0,22.7441
95,71,125,0.000181,4.5e-05,1.9e-05,0.132823,False,0,22.7434
95,72,125,0.000227,5.7e-05,2.6e-05,0.132535,False,0,22.7427
95,73,125,0.000165,4.1e-05,1.9e-05,0.132236,False,0,22.7434
95,74,125,0.000121,3e-05,1.4e-05,0.131969,False,0,22.7441
95,75,125,7.9e-05,2e-05,8e-06,0.13179,False,0,22.745
95,76,125,8.9e-05,2.2e-05,1.1e-05,0.131678,False,0,22.7448
95,77,125,0.000122,3e-05,1.4e-05,0.131533,False,0,22.744
95,78,125,4.7e-05,1.2e-05,6e-06,0.131405,False,0,22.7454
95,79,125,2.3e-05,6e-06,2e-06,0.131312,False,0,22.7462
95,80,125,2.6e-05,6e-06,3e-06,0.13121,False,0,22.7461
95,81,125,6.1e-05,1.5e-05,6e-06,0.131099,False,0,22.7454
95,82,125,0.000127,3.2e-05,1.5e-05,0.130984,False,0,22.7441
95,83,125,0.000129,3.2e-05,1.4e-05,0.130823,False,0,22.7441
95,84,125,5.3e-05,1.3e-05,7e-06,0.130705,False,0,22.7453
95,85,125,3.2e-05,8e-06,3e-06,0.130603,False,0,22.746
95,86,125,2.3e-05,6e-06,3e-06,0.130551,False,0,22.7462
95,87,125,5.8e-05,1.5e-05,6e-06,0.130529,False,0,22.7454
95,88,125,4e-05,1e-05,5e-06,0.130466,False,0,22.7456
95,89,125,6.8e-05,1.7e-05,8e-06,0.130405,False,0,22.745
96,52,125,6.8e-05,1.7e-05,8e-06,0.149786,True,0,22.745
96,53,125,0.000251,6.3e-05,3e-05,0.148113,True,0,22.7424
96,54,125,0.000222,5.6e-05,2.6e-05,0.146747,True,0,22.7428
96,55,125,0.000252,6.3e-05,3e-05,0.145479,False,0,22.7424
96,56,125,0.000166,4.1e-05,2e-05,0.144321,False,0,22.7435
96,57,125,5.7e-05,1.4e-05,7e-06,0.143283,False,0,22.7452
96,58,125,0.000116,2.9e-05,1.4e-05,0.142425,False,0,22.7443
96,59,125,7.2e-05,1.8e-05,9e-06,0.141629,False,0,22.7449
96,60,125,0.000206,5.2e-05,2.4e-05,0.140919,False,0,22.7429
96,61,125,0.000111,2.8e-05,1.3e-05,0.140226,False,0,22.7442
96,62,125,8.4e-05,2.1e-05,1e-05,0.139598,False,0,22.7448
96,63,125,8.3e-05,2.1e-05,1e-05,0.139039,False,0,22.7452
96,64,125,0.000161,4.1e-05,1.8e-05,0.138541,False,0,22.7435
96,65,125,0.000125,3.1e-05,1.5e-05,0.138085,False,0,22.744
96,66,125,0.000194,4.8e-05,2.4e-05,0.137636,False,0,22.7431
96,67,125,5.1e-05,1.3e-05,6e-06,0.137259,False,0,22.7454
96,68,125,7.5e-05,1.9e-05,9e-06,0.136874,False,0,22.7452
96,69,125,0.000162,4e-05,1.7e-05,0.136572,False,0,22.7436
96,70,125,0.000208,5.2e-05,2.6e-05,0.136277,False,0,22.7432
96,71,125,0.000191,4.8e-05,2.3e-05,0.135996,False,0,22.7431
96,72,125,0.000121,3e-05,1.4e-05,0.135754,False,0,22.744
96,73,125,0.000139,3.5e-05,1.7e-05,0.135517,False,0,22.7439
96,74,125,0.000144,3.6e-05,1.7e-05,0.13534,False,0,22.7437
96,75,125,9e-05,2.2e-05,1e-05,0.135169,False,0,22.7445
96,76,125,4.9e-05,1.2e-05,6e-06,0.134967,False,0,22.7454
96,77,125,2.2e-05,5e-06,2e-06,0.134765,False,0,22.7461
96,78,125,6.1e-05,1.6e-05,7e-06,0.1346,False,0,22.746
96,79,125,4.5e-05,1.1e-05,5e-06,0.134438,False,0,22.7455
96,80,125,2.8e-05,7e-06,3e-06,0.134237,False,0,22.746
96,81,125,1.3e-05,3e-06,2e-06,0.134144,False,0,22.7467
96,82,125,3.6e-05,9e-06,5e-06,0.1341,False,0,22.7459
96,83,125,5.8e-05,1.5e-05,7e-06,0.134017,False,0,22.7454
96,84,125,5.4e-05,1.4e-05,6e-06,0.133901,False,0,22.7452
96,85,125,3e-05,8e-06,4e-06,0.133777,False,0,22.746
96,86,125,5e-05,1.2e-05,6e-06,0.133648,False,0,22.7453
96,87,125,4.3e-05,1.1e-05,5e-06,0.133558,False,0,22.7455
96,88,125,8e-06,2e-06,1e-06,0.13345,False,0,22.7468
96,89,125,3.3e-05,8e-06,4e-06,0.133356,False,0,22.7468
96,90,125,1.7e-05,4e-06,2e-06,0.133266,False,0,22.7464
96,91,125,6.3e-05,1.6e-05,8e-06,0.133237,False,0,22.7453
96,92,125,5.7e-05,1.5e-05,7e-06,0.133185,False,0,22.7452
96,93,125,0.000106,2.7e-05,1.2e-05,0.133117,False,0,22.7443
96,94,125,4.3e-05,1.1e-05,5e-06,0.132996,False,0,22.7455
96,95,125,1.4e-05,4e-06,2e-06,0.132939,False,0,22.7465
96,96,125,2.5e-05,6e-06,2e-06,0.132928,False,0,22.7491
96,97,125,5e-06,1e-06,0.0,0.132933,False,0,22.748
97,52,125,7.5e-05,1.9e-05,9e-06,0.147805,True,0,22.745
97,53,125,4.3e-05,1.1e-05,5e-06,0.146073,True,0,22.7455
97,54,125,6.9e-05,1.7e-05,8e-06,0.144594,False,0,22.7451
97,55,125,0.000124,3.1e-05,1.5e-05,0.143313,False,0,22.7441
97,56,125,7.6e-05,1.9e-05,9e-06,0.142193,False,0,22.7448
97,57,125,0.000104,2.6e-05,1.3e-05,0.141191,False,0,22.7451
97,58,125,0.00014,3.5e-05,1.7e-05,0.140259,False,0,22.7438
97,59,125,0.000135,3.4e-05,1.5e-05,0.139476,False,0,22.7438
97,60,125,0.000129,3.2e-05,1.6e-05,0.138733,False,0,22.744
97,61,125,7.3e-05,1.8e-05,9e-06,0.138052,False,0,22.745
97,62,125,9e-05,2.2e-05,1.1e-05,0.137439,False,0,22.7448
97,63,125,4.2e-05,1.1e-05,5e-06,0.136894,False,0,22.7457
97,64,125,3.6e-05,9e-06,5e-06,0.1364,False,0,22.7458
97,65,125,3.7e-05,9e-06,5e-06,0.135935,False,0,22.7459
97,66,125,8.8e-05,2.2e-05,1.1e-05,0.135493,False,0,22.7446
97,67,125,7.8e-05,1.9e-05,1e-05,0.135134,False,0,22.7451
97,68,125,4.8e-05,1.2e-05,5e-06,0.134759,False,0,22.7454
97,69,125,3.1e-05,8e-06,4e-06,0.13439,False,0,22.7461
97,70,125,7.7e-05,1.9e-05,1e-05,0.134078,False,0,22.745
97,71,125,6.1e-05,1.6e-05,8e-06,0.133803,False,0,22.7452
97,72,125,0.000102,2.5e-05,1.2e-05,0.133558,False,0,22.7444
97,73,125,5.6e-05,1.4e-05,7e-06,0.133334,False,0,22.7451
97,74,125,7.9e-05,2e-05,9e-06,0.133097,False,0,22.746
97,75,125,1.5e-05,4e-06,2e-06,0.132884,False,0,22.7464
97,76,125,7.6e-05,1.9e-05,9e-06,0.132685,False,0,22.7454
97,77,125,2.8e-05,7e-06,3e-06,0.132523,False,0,22.7463
97,78,125,5.5e-05,1.4e-05,7e-06,0.132396,False,0,22.7452
97,79,125,7.8e-05,1.9e-05,9e-06,0.132235,False,0,22.7448
97,80,125,7.5e-05,1.9e-05,9e-06,0.132102,False,0,22.7448
97,81,125,7.9e-05,2e-05,9e-06,0.131914,False,0,22.7447
97,82,125,5.2e-05,1.3e-05,6e-06,0.131791,False,0,22.7461
97,83,125,7.6e-05,1.9e-05,9e-06,0.131696,False,0,22.7448
97,84,125,6.4e-05,1.6e-05,7e-06,0.131639,False,0,22.7451
97,85,125,5e-06,1e-06,1e-06,0.131562,False,0,22.7473
97,86,125,1.9e-05,5e-06,2e-06,0.13148,False,0,22.7481
97,87,125,1.4e-05,4e-06,1e-06,0.131418,False,0,22.7482
97,88,125,2e-06,0.0,0.0,0.131357,False,0,22.7474
97,89,125,1.8e-05,4e-06,2e-06,0.131306,False,0,22.7463
97,90,125,2.4e-05,6e-06,3e-06,0.131257,False,0,22.7461
97,91,125,4.1e-05,1e-05,5e-06,0.131235,False,0,22.7461
97,92,124,6e-05,1.5e-05,7e-06,0.131227,False,0,22.7451
97,93,123,3.7e-05,9e-06,5e-06,0.131197,False,0,22.746
97,94,122,1e-06,0.0,0.0,0.13117,False,0,22.7477
97,95,121,1.9e-05,5e-06,2e-06,0.131122,False,0,22.7472
97,96,120,5e-06,1e-06,1e-06,0.131094,False,0,22.7476
97,97,119,1.2e-05,3e-06,1e-06,0.131068,False,0,22.7473
97,98,118,2.4e-05,6e-06,3e-06,0.131039,False,0,22.7465
97,99,117,1.3e-05,3e-06,2e-06,0.131024,False,0,22.7465
97,100,116,2.2e-05,5e-06,3e-06,0.131087,False,0,22.7467
97,101,115,5e-06,1e-06,1e-06,0.131126,False,0,22.7472
97,102,114,2e-06,0.0,0.0,0.131122,False,0,22.7479
97,103,113,2.2e-05,6e-06,2e-06,0.131132,False,0,22.7486
97,104,112,2e-06,0.0,0.0,0.131126,False,0,22.748
97,105,111,2.2e-05,6e-06,2e-06,0.131126,False,0,22.7486
97,106,110,6e-06,1e-06,0.0,0.131126,False,0,22.7481
97,107,109,4e-06,1e-06,0.0,0.131105,False,0,22.7482
97,108,108,1.3e-05,3e-06,1e-06,0.131128,False,0,22.7488
97,109,107,2.9e-05,7e-06,3e-06,0.131173,False,0,22.749
97,110,106,5e-06,2e-06,1e-06,0.131258,False,0,22.7484
97,111,105,4e-06,1e-06,0.0,0.131303,False,0,22.748
97,112,104,1e-06,0.0,0.0,0.131356,False,0,22.7476
97,113,103,6e-06,1e-06,0.0,0.131403,False,0,22.7479
97,114,102,2.2e-05,6e-06,2e-06,0.131489,False,0,22.7477
97,115,101,1.3e-05,3e-06,1e-06,0.131544,False,0,22.7469
97,116,100,1.4e-05,4e-06,2e-06,0.131626,False,0,22.7471
97,117,99,1.4e-05,3e-06,1e-06,0.13169,False,0,22.7466
97,118,98,4e-06,1e-06,1e-06,0.131769,False,0,22.747
97,119,97,6e-06,1e-06,1e-06,0.131843,False,0,22.748
97,120,96,1.1e-05,3e-06,1e-06,0.13191,False,0,22.7484
97,121,95,5e-06,1e-06,1e-06,0.131958,False,0,22.7483
97,122,94,4e-06,1e-06,1e-06,0.132014,False,0,22.7472
97,123,93,1.2e-05,3e-06,1e-06,0.132071,False,0,22.7482
97,124,92,2e-06,0.0,0.0,0.132141,False,0,22.748
97,125,91,4.5e-05,1.2e-05,4e-06,0.132189,False,0,22.7496
97,126,90,7.1e-05,1.8e-05,7e-06,0.132229,False,0,22.7502
97,127,89,4e-05,1e-05,5e-06,0.132248,False,0,22.7497
97,128,88,4.2e-05,1e-05,4e-06,0.132274,False,0,22.7495
97,129,87,4.3e-05,1.1e-05,4e-06,0.132343,False,0,22.7493
97,130,86,4.3e-05,1.1e-05,5e-06,0.132423,False,0,22.7493
97,131,85,7.4e-05,1.9e-05,8e-06,0.132546,False,0,22.7503
97,132,84,1.3e-05,3e-06,1e-06,0.132662,False,0,22.7484
97,133,83,3.7e-05,1e-05,3e-06,0.132769,False,0,22.7493
97,134,82,5.6e-05,1.4e-05,6e-06,0.132909,False,0,22.7501
98,52,125,7e-06,2e-06,1e-06,0.145538,False,0,22.747
98,53,125,4.8e-05,1.2e-05,6e-06,0.143829,False,0,22.7456
98,54,125,3.9e-05,1e-05,4e-06,0.142395,False,0,22.7457
98,55,125,7e-05,1.7e-05,8e-06,0.141212,False,0,22.7449
98,56,124,4.7e-05,1.2e-05,6e-06,0.14015,False,0,22.7455
98,57,123,6.1e-05,1.5e-05,7e-06,0.139216,False,0,22.7454
98,58,122,2.9e-05,7e-06,3e-06,0.13843,False,0,22.7459
98,59,121,1e-06,0.0,0.0,0.137711,False,0,22.7477
98,60,120,1.5e-05,4e-06,1e-06,0.137049,False,0,22.7475
98,61,119,2.4e-05,6e-06,3e-06,0.136409,False,0,22.7463
98,62,118,2.8e-05,7e-06,3e-06,0.13584,False,0,22.746
98,63,117,1.7e-05,4e-06,2e-06,0.135302,False,0,22.7465
98,64,116,7e-06,2e-06,1e-06,0.134819,False,0,22.7472
98,65,115,2.8e-05,7e-06,3e-06,0.134373,False,0,22.7469
98,66,114,2.4e-05,6e-06,2e-06,0.134006,False,0,22.7469
98,67,113,2.8e-05,7e-06,3e-06,0.133634,False,0,22.7468
98,68,112,3e-06,1e-06,0.0,0.133306,False,0,22.7472
98,69,111,4.1e-05,1e-05,5e-06,0.133014,False,0,22.7456
98,70,110,3.2e-05,8e-06,3e-06,0.132764,False,0,22.746
98,71,109,3.9e-05,1e-05,5e-06,0.13254,False,0,22.7464
98,72,108,1.2e-05,3e-06,1e-06,0.132334,False,0,22.7466
98,73,107,1e-06,0.0,0.0,0.132184,False,0,22.7478
98,74,106,6e-06,1e-06,1e-06,0.132019,False,0,22.747
98,75,105,2.7e-05,7e-06,3e-06,0.1319,False,0,22.7462
98,76,104,1.2e-05,3e-06,1e-06,0.131752,False,0,22.7468
98,77,103,1e-05,2e-06,1e-06,0.131585,False,0,22.7467
98,78,102,3e-06,1e-06,0.0,0.131451,False,0,22.7481
98,79,101,2.2e-05,5e-06,2e-06,0.131358,False,0,22.7483
98,80,100,6e-06,2e-06,1e-06,0.131318,False,0,22.7474
98,81,99,2e-06,1e-06,0.0,0.131226,False,0,22.7475
98,82,98,6e-06,2e-06,1e-06,0.13116,False,0,22.7472
98,83,97,2e-06,1e-06,0.0,0.131029,False,0,22.748
98,84,96,6e-06,1e-06,1e-06,0.13093,False,0,22.7483
98,85,95,7e-06,2e-06,1e-06,0.130824,False,0,22.7485
98,86,94,7e-06,2e-06,1e-06,0.130811,False,0,22.7484
98,87,93,4.2e-05,1.1e-05,4e-06,0.130859,False,0,22.749
98,88,92,2.8e-05,7e-06,3e-06,0.130903,False,0,22.7493
98,89,91,4.6e-05,1.2e-05,5e-06,0.130942,False,0,22.7499
98,90,90,3.6e-05,9e-06,4e-06,0.130949,False,0,22.7496
98,91,89,4e-06,1e-06,1e-06,0.130956,False,0,22.7481
98,92,88,1.2e-05,3e-06,1e-06,0.130983,False,0,22.7478
98,93,87,9e-06,2e-06,1e-06,0.130989,False,0,22.7484
98,94,86,1.6e-05,4e-06,2e-06,0.130974,False,0,22.749
98,95,85,3.7e-05,9e-06,5e-06,0.131056,False,0,22.7493
98,96,84,2.8e-05,7e-06,3e-06,0.131145,False,0,22.7492
98,97,83,5e-06,1e-06,0.0,0.131222,False,0,22.7483
98,98,82,1.6e-05,4e-06,2e-06,0.131216,False,0,22.749
98,99,81,1.2e-05,3e-06,1e-06,0.131201,False,0,22.7488
98,100,80,5.2e-05,1.3e-05,6e-06,0.131207,False,0,22.75
98,101,79,0.000106,2.7e-05,1.2e-05,0.13128,False,0,22.751
98,102,78,6.8e-05,1.7e-05,8e-06,0.131383,False,0,22.7504
98,103,77,5.7e-05,1.4e-05,7e-06,0.131479,False,0,22.7502
98,104,76,2.3e-05,6e-06,2e-06,0.13159,False,0,22.7492
98,105,75,7e-06,2e-06,1e-06,0.131641,False,0,22.7484
98,106,74,2.9e-05,7e-06,4e-06,0.131707,False,0,22.7489
98,107,73,2.2e-05,5e-06,3e-06,0.131817,False,0,22.7492
98,108,72,6.3e-05,1.6e-05,6e-06,0.131875,False,0,22.7501
98,109,71,2.8e-05,7e-06,3e-06,0.131934,False,0,22.7494
98,110,70,3.9e-05,1e-05,5e-06,0.132034,False,0,22.7497
98,111,69,6.4e-05,1.6e-05,7e-06,0.132161,False,0,22.7503
98,112,68,9.5e-05,2.4e-05,1.1e-05,0.132306,False,0,22.7509
98,113,67,0.000128,3.2e-05,1.2e-05,0.132515,False,0,22.751
98,114,66,9.4e-05,2.3e-05,1.1e-05,0.132659,False,0,22.7508
98,115,65,8.2e-05,2.1e-05,9e-06,0.132795,False,0,22.7507
98,116,64,8.1e-05,2e-05,1e-05,0.132877,False,0,22.7506
98,117,63,9e-05,2.3e-05,1e-05,0.133016,False,0,22.7508
98,118,62,0.000139,3.5e-05,1.7e-05,0.133117,False,0,22.7515
98,119,61,0.000251,6.3e-05,2.8e-05,0.133298,False,0,22.7529
98,120,60,0.000165,4.1e-05,1.8e-05,0.133457,False,0,22.7519
98,121,59,0.000152,3.8e-05,1.8e-05,0.133654,False,0,22.7517
99,52,125,0.0003,7.5e-05,3.6e-05,0.152739,True,0,22.742
99,53,125,0.000167,4.2e-05,2e-05,0.150967,True,0,22.7434
99,54,125,0.000203,5.1e-05,2.4e-05,0.149423,True,0,22.743
99,55,125,0.000241,6e-05,2.8e-05,0.148042,True,0,22.7425
99,56,125,0.000287,7.2e-05,3.4e-05,0.146792,True,0,22.7421
99,57,125,0.000185,4.6e-05,2.1e-05,0.145734,False,0,22.7432
99,58,125,0.000241,6e-05,2.9e-05,0.144792,False,0,22.7426
99,59,125,0.000153,3.8e-05,1.9e-05,0.143954,False,0,22.7437
99,60,125,0.000179,4.5e-05,2.1e-05,0.143227,False,0,22.7432
99,61,125,0.000166,4.2e-05,1.9e-05,0.142563,False,0,22.7434
99,62,125,0.000304,7.6e-05,3.5e-05,0.141884,False,0,22.7419
99,63,125,0.000425,0.000106,4.8e-05,0.141329,False,0,22.7408
99,64,125,0.000317,7.9e-05,3.7e-05,0.140864,False,0,22.7418
99,65,125,0.000502,0.000125,6e-05,0.140501,False,0,22.7403
99,66,125,0.000414,0.000103,4.8e-05,0.140131,False,0,22.7409
99,67,125,0.000544,0.000136,6.5e-05,0.139802,False,0,22.7399
99,68,125,0.000283,7.1e-05,3.2e-05,0.139434,False,0,22.7421
99,69,125,0.000371,9.3e-05,4.3e-05,0.139127,False,0,22.7412
99,70,125,0.000201,5e-05,2.5e-05,0.138855,False,0,22.7431
99,71,125,0.000266,6.7e-05,3.1e-05,0.138626,False,0,22.7423
99,72,125,0.000125,3.1e-05,1.4e-05,0.138384,False,0,22.744
99,73,125,0.000155,3.9e-05,1.9e-05,0.138166,False,0,22.7437
99,74,125,0.000148,3.7e-05,1.7e-05,0.137967,False,0,22.7436
99,75,125,0.000113,2.8e-05,1.4e-05,0.137804,False,0,22.7441
99,76,125,5.8e-05,1.4e-05,7e-06,0.137669,False,0,22.7456
99,77,125,3.4e-05,9e-06,4e-06,0.137466,False,0,22.746
99,78,125,3.1e-05,8e-06,4e-06,0.137338,False,0,22.7459
99,79,125,6.9e-05,1.7e-05,7e-06,0.137118,False,0,22.745
99,80,125,9.5e-05,2.4e-05,1.2e-05,0.136934,False,0,22.7447
99,81,125,0.000142,3.6e-05,1.6e-05,0.13674,False,0,22.7437
99,82,125,0.000135,3.4e-05,1.6e-05,0.136544,False,0,22.7439
99,83,125,0.000169,4.2e-05,2e-05,0.136374,False,0,22.7433
99,84,125,0.000181,4.5e-05,2.1e-05,0.136201,False,0,22.7432
99,85,125,0.000195,4.9e-05,2.4e-05,0.136067,False,0,22.7431
99,86,125,0.000262,6.6e-05,3.1e-05,0.13596,False,0,22.7423
99,87,125,0.000178,4.4e-05,2e-05,0.135839,False,0,22.7433
99,88,125,0.000141,3.5e-05,1.7e-05,0.135756,False,0,22.7437
99,89,125,6.6e-05,1.7e-05,8e-06,0.135631,False,0,22.745
99,90,124,9.3e-05,2.4e-05,1.2e-05,0.13557,False,0,22.7446
99,91,123,9.5e-05,2.4e-05,1.1e-05,0.135391,False,0,22.7444
99,92,122,4.2e-05,1e-05,5e-06,0.135222,False,0,22.7456
99,93,121,2.5e-05,6e-06,3e-06,0.135077,False,0,22.7463
99,94,120,4.1e-05,1e-05,5e-06,0.134956,False,0,22.7455
99,95,119,4.8e-05,1.2e-05,6e-06,0.134899,False,0,22.7459
99,96,118,0.000151,3.8e-05,1.9e-05,0.13488,False,0,22.7439
99,97,117,0.000179,4.5e-05,1.9e-05,0.13488,False,0,22.7433
100,52,125,0.000196,4.9e-05,2.1e-05,0.147672,True,0,22.7432
100,53,125,0.000202,5.1e-05,2.5e-05,0.146032,True,0,22.7431
100,54,125,0.000165,4.1e-05,2e-05,0.144638,False,0,22.7435
100,55,125,0.000178,4.5e-05,2.1e-05,0.143415,False,0,22.7432
100,56,125,0.000258,6.5e-05,3e-05,0.142355,False,0,22.7423
100,57,125,0.000131,3.3e-05,1.5e-05,0.1414,False,0,22.7439
100,58,125,0.000182,4.6e-05,2e-05,0.140521,False,0,22.7432
100,59,125,0.000204,5.1e-05,2.5e-05,0.139699,False,0,22.743
100,60,125,0.00045,0.000112,5.1e-05,0.138979,False,0,22.7406
100,61,125,0.000371,9.3e-05,4.1e-05,0.138373,False,0,22.7413
100,62,125,0.000285,7.1e-05,3.4e-05,0.137827,False,0,22.7421
100,63,125,0.000103,2.5e-05,1.2e-05,0.137366,False,0,22.7443
100,64,125,6.7e-05,1.7e-05,8e-06,0.136865,False,0,22.745
100,65,125,2.9e-05,7e-06,4e-06,0.136402,False,0,22.7459
100,66,125,0.000101,2.5e-05,1.1e-05,0.135981,False,0,22.7443
100,67,125,0.000115,2.9e-05,1.3e-05,0.13564,False,0,22.7441
100,68,125,0.00013,3.2e-05,1.4e-05,0.135308,False,0,22.744
100,69,125,0.00011,2.7e-05,1.3e-05,0.134991,False,0,22.7442
100,70,125,5.9e-05,1.5e-05,7e-06,0.134651,False,0,22.7454
100,71,125,8.5e-05,2.1e-05,1e-05,0.134354,False,0,22.7446
100,72,125,7.9e-05,2e-05,8e-06,0.134084,False,0,22.7449
100,73,125,7.2e-05,1.8e-05,9e-06,0.133874,False,0,22.7449
100,74,125,8.1e-05,2e-05,9e-06,0.13365,False,0,22.7447
100,75,125,0.000104,2.6e-05,1.3e-05,0.133474,False,0,22.7446
100,76,125,5.7e-05,1.4e-05,6e-06,0.133271,False,0,22.7454
100,77,125,3.9e-05,1e-05,4e-06,0.133061,False,0,22.7467
100,78,125,7.2e-05,1.8e-05,8e-06,0.132889,False,0,22.7449
100,79,125,2.9e-05,7e-06,3e-06,0.132747,False,0,22.7459
100,80,125,0.000129,3.2e-05,1.4e-05,0.132648,False,0,22.744
100,81,125,3.7e-05,9e-06,4e-06,0.132536,False,0,22.7457
100,82,125,4.7e-05,1.2e-05,6e-06,0.132419,False,0,22.7454
100,83,125,2.2e-05,5e-06,3e-06,0.132317,False,0,22.7464
100,84,125,5e-05,1.2e-05,6e-06,0.132221,False,0,22.7453
100,85,125,3.9e-05,1e-05,4e-06,0.132176,False,0,22.7457
100,86,125,4.4e-05,1.1e-05,5e-06,0.132134,False,0,22.7455
100,87,125,8e-05,2e-05,9e-06,0.132093,False,0,22.7447
100,88,125,9.8e-05,2.5e-05,1.2e-05,0.13206,False,0,22.7446
100,89,125,5.4e-05,1.4e-05,6e-06,0.132036,False,0,22.7452
100,90,125,3.1e-05,8e-06,3e-06,0.131986,False,0,22.7459
100,91,125,2.1e-05,5e-06,3e-06,0.131919,False,0,22.7462
100,92,125,2.5e-05,6e-06,3e-06,0.131834,False,0,22.7461
100,93,125,3.6e-05,9e-06,4e-06,0.131824,False,0,22.7472
100,94,124,1.3e-05,3e-06,2e-06,0.131785,False,0,22.7465
100,95,123,2e-06,0.0,0.0,0.131735,False,0,22.748
100,96,122,1.7e-05,4e-06,2e-06,0.131677,False,0,22.7464
100,97,121,0.0,0.0,0.0,0.131677,False,0,22.7476
100,98,120,3.2e-05,8e-06,4e-06,0.131695,False,0,22.7458
100,99,119,1.1e-05,3e-06,1e-06,0.131742,False,0,22.7466
100,100,118,1e-05,2e-06,1e-06,0.131743,False,0,22.7467
100,101,117,8.9e-05,2.2e-05,1e-05,0.131803,False,0,22.7446
100,102,116,4.3e-05,1.1e-05,5e-06,0.131822,False,0,22.7456
100,103,115,9.8e-05,2.5e-05,1.1e-05,0.131809,False,0,22.7444
100,104,114,5.4e-05,1.3e-05,6e-06,0.131775,False,0,22.7452
100,105,113,9.9e-05,2.5e-05,1.1e-05,0.131735,False,0,22.7444
100,106,112,2.6e-05,7e-06,3e-06,0.131697,False,0,22.746
100,107,111,2.3e-05,6e-06,3e-06,0.131646,False,0,22.7463
100,108,110,3.6e-05,9e-06,4e-06,0.131669,False,0,22.7457
100,109,109,3.1e-05,8e-06,4e-06,0.131679,False,0,22.7459
100,110,108,5.8e-05,1.5e-05,7e-06,0.13172,False,0,22.7452
100,111,107,8.9e-05,2.2e-05,1.1e-05,0.13177,False,0,22.7446
100,112,106,4.6e-05,1.1e-05,5e-06,0.131846,False,0,22.7456
100,113,105,2e-06,0.0,0.0,0.131883,False,0,22.7475
100,114,104,5e-06,1e-06,1e-06,0.131947,False,0,22.747
100,115,103,3e-06,1e-06,0.0,0.131909,False,0,22.7471
100,116,102,2.2e-05,6e-06,3e-06,0.131924,False,0,22.7467
100,117,101,1.1e-05,3e-06,1e-06,0.131964,False,0,22.7466
100,118,100,2.8e-05,7e-06,3e-06,0.132039,False,0,22.7462
100,119,99,7e-06,2e-06,1e-06,0.132142,False,0,22.7472
100,120,98,1e-06,0.0,0.0,0.132226,False,0,22.7474
100,121,97,2.4e-05,6e-06,2e-06,0.13236,False,0,22.7472
100,122,96,9e-06,2e-06,1e-06,0.132405,False,0,22.7486
100,123,95,9e-06,3e-06,1e-06,0.132503,False,0,22.7485
100,124,94,6e-06,2e-06,0.0,0.132537,False,0,22.7481
100,125,93,3e-06,1e-06,0.0,0.132601,False,0,22.7481
100,126,92,6e-06,1e-06,1e-06,0.132729,False,0,22.747
100,127,91,8e-06,2e-06,1e-06,0.132852,False,0,22.7473
100,128,90,6e-06,1e-06,1e-06,0.132973,False,0,22.747
100,129,89,1.5e-05,4e-06,1e-06,0.133105,False,0,22.7487
100,130,88,6e-06,1e-06,1e-06,0.133221,False,0,22.7484
100,131,87,1.8e-05,5e-06,2e-06,0.133302,False,0,22.749
100,132,86,5e-06,1e-06,1e-06,0.133368,False,0,22.7482
100,133,85,1.6e-05,4e-06,2e-06,0.133436,False,0,22.749
100,134,84,1.7e-05,4e-06,2e-06,0.133543,False,0,22.7478
100,135,83,6e-06,1e-06,1e-06,0.133628,False,0,22.7483
100,136,82,2e-05,5e-06,2e-06,0.133695,False,0,22.7481
100,137,81,2e-05,5e-06,2e-06,0.133805,False,0,22.7481
100,138,80,1e-05,3e-06,1e-06,0.133976,False,0,22.7481
100,139,79,1.4e-05,3e-06,1e-06,0.134116,False,0,22.7474
100,140,78,2e-06,0.0,0.0,0.134235,False,0,22.7475
100,141,77,1.3e-05,3e-06,1e-06,0.134325,False,0,22.7483
100,142,76,2.4e-05,6e-06,2e-06,0.134419,False,0,22.7488
100,143,75,3.6e-05,9e-06,3e-06,0.134472,False,0,22.7494
100,144,74,6.9e-05,1.7e-05,8e-06,0.134578,False,0,22.7504
100,145,73,4.8e-05,1.2e-05,5e-06,0.134658,False,0,22.7499
100,146,72,4.1e-05,1e-05,5e-06,0.13477,False,0,22.7498
100,147,71,0.000115,2.9e-05,1.1e-05,0.134903,False,0,22.751
100,148,70,5.5e-05,1.4e-05,7e-06,0.134993,False,0,22.75
100,149,69,6.7e-05,1.7e-05,7e-06,0.135092,False,0,22.7503
100,150,68,5.4e-05,1.4e-05,6e-06,0.13515,False,0,22.7501
100,151,67,6.4e-05,1.6e-05,7e-06,0.135216,False,0,22.7502
100,152,66,0.000133,3.3e-05,1.4e-05,0.135295,False,0,22.7514
100,153,65,4.9e-05,1.2e-05,5e-06,0.135454,False,0,22.7496
100,154,64,5.8e-05,1.5e-05,7e-06,0.13563,False,0,22.7499
100,155,63,0.000126,3.2e-05,1.2e-05,0.135788,False,0,22.751
100,156,62,0.000124,3.1e-05,1.3e-05,0.135957,False,0,22.7511
100,157,61,0.000162,4.1e-05,1.9e-05,0.136123,False,0,22.7519
100,158,60,0.000144,3.6e-05,1.5e-05,0.136237,False,0,22.7514
100,159,59,8.4e-05,2.1e-05,1e-05,0.136368,False,0,22.7507
100,160,58,5.4e-05,1.3e-05,6e-06,0.136545,False,0,22.7501
100,161,57,4.2e-05,1.1e-05,4e-06,0.136722,False,0,22.7497
100,162,56,0.000107,2.7e-05,1e-05,0.136869,False,0,22.7507
100,163,55,0.000167,4.2e-05,1.8e-05,0.137,False,0,22.7518
100,164,54,0.000242,6.1e-05,2.6e-05,0.137164,False,0,22.7527
100,165,53,0.000226,5.6e-05,2.5e-05,0.137383,False,0,22.7526
100,166,52,0.000188,4.7e-05,1.9e-05,0.137599,False,0,22.7518
100,167,51,0.000281,7e-05,3e-05,0.137807,False,0,22.7531
100,168,50,0.000362,9e-05,3.7e-05,0.137985,False,0,22.7537
100,169,49,0.000318,8e-05,3.5e-05,0.138128,False,0,22.7535
100,170,48,0.000256,6.4e-05,2.9e-05,0.138275,False,0,22.7529
100,171,47,0.000274,6.9e-05,2.8e-05,0.138451,False,0,22.7528
100,172,46,0.00031,7.7e-05,3.5e-05,0.138641,False,0,22.7535
100,173,45,0.000399,1e-04,4.3e-05,0.138798,False,0,22.7542
100,174,44,0.00029,7.3e-05,3.2e-05,0.138996,False,0,22.7533
100,175,43,0.000257,6.4e-05,2.6e-05,0.139169,False,0,22.7526
100,176,42,0.000342,8.6e-05,3.5e-05,0.139399,False,0,22.7534
100,177,41,0.000394,9.9e-05,4.2e-05,0.139616,False,0,22.7541
100,178,40,0.000475,0.000119,5.3e-05,0.139917,False,0,22.7548
100,179,39,0.000403,0.000101,4.3e-05,0.140139,False,0,22.7541
100,180,38,0.000413,0.000104,4.4e-05,0.140408,False,0,22.7542
100,181,37,0.000373,9.3e-05,4.1e-05,0.140732,False,0,22.754
100,182,36,0.00056,0.00014,6.2e-05,0.141074,False,0,22.7554
100,183,35,0.000513,0.000129,5.7e-05,0.141347,False,0,22.7551
100,184,34,0.000621,0.000156,6.8e-05,0.141687,False,0,22.7558
100,185,33,0.000712,0.000178,7.4e-05,0.141997,False,0,22.7561
100,186,32,0.000732,0.000183,7.9e-05,0.142377,False,0,22.7565
100,187,31,0.000807,0.000202,8.8e-05,0.142713,False,0,22.757
100,188,30,0.000891,0.000223,9.8e-05,0.143085,False,0,22.7574
100,189,29,0.000837,0.000209,9.1e-05,0.143473,False,0,22.7571
100,190,28,0.001002,0.000251,0.000107,0.14392,False,0,22.7579
100,191,27,0.001225,0.000307,0.00013,0.144403,False,0,22.7589
100,192,26,0.001035,0.000259,0.000115,0.144925,False,0,22.7583
100,193,25,0.001004,0.000251,0.000109,0.145427,False,0,22.758
100,194,24,0.000966,0.000242,0.000104,0.145976,True,0,22.7578
100,195,23,0.001077,0.000269,0.000115,0.146543,True,0,22.7583
100,196,22,0.001009,0.000253,0.000109,0.147168,True,0,22.758
100,197,21,0.001219,0.000305,0.000129,0.147709,True,0,22.7589
100,198,20,0.001266,0.000317,0.000136,0.148348,True,0,22.7592
