unit_number,cycle,true_rul,pred_rul,pred_std,lower_90,upper_90,prob_failure_20,prob_failure_50,alert_tier,residual
3,52,125,118.24,13.61,95.85,140.62,0.0002,0.0002,NOMINAL,-6.76
3,53,125,118.25,13.61,95.86,140.63,0.0002,0.0002,NOMINAL,-6.75
3,54,125,118.78,13.64,96.35,141.2,0.0002,0.0002,NOMINAL,-6.22
3,55,125,119.31,13.64,96.88,141.74,0.0002,0.0002,NOMINAL,-5.69
3,56,125,119.62,13.64,97.19,142.04,0.0002,0.0002,NOMINAL,-5.38
3,57,125,119.43,13.64,97.01,141.86,0.0002,0.0002,NOMINAL,-5.57
3,58,125,119.3,13.64,96.87,141.73,0.0002,0.0002,NOMINAL,-5.7
3,59,125,119.62,13.64,97.19,142.04,0.0002,0.0002,NOMINAL,-5.38
3,60,125,119.3,13.64,96.87,141.73,0.0002,0.0002,NOMINAL,-5.7
3,61,125,119.3,13.64,96.87,141.73,0.0002,0.0002,NOMINAL,-5.7
3,62,125,119.42,13.28,97.58,141.26,0.0002,0.0002,NOMINAL,-5.58
3,63,125,118.57,13.69,96.05,141.09,0.0002,0.0002,NOMINAL,-6.43
3,64,125,118.57,13.64,96.14,141.0,0.0002,0.0002,NOMINAL,-6.43
3,65,125,118.57,13.64,96.14,141.0,0.0002,0.0002,NOMINAL,-6.43
3,66,125,119.28,13.53,97.02,141.55,0.0002,0.0002,NOMINAL,-5.72
3,67,125,119.87,13.28,98.03,141.71,0.0002,0.0002,NOMINAL,-5.13
3,68,125,121.35,11.57,102.32,140.38,0.0002,0.0002,NOMINAL,-3.65
3,69,125,120.17,11.57,101.14,139.2,0.0002,0.0002,NOMINAL,-4.83
3,70,125,120.5,13.28,98.66,142.34,0.0002,0.0002,NOMINAL,-4.5
3,71,124,121.95,10.66,104.42,139.48,0.0002,0.0002,NOMINAL,-2.05
3,72,123,121.35,11.57,102.32,140.38,0.0002,0.0002,NOMINAL,-1.65
3,73,122,120.71,11.57,101.69,139.74,0.0002,0.0002,NOMINAL,-1.29
3,74,121,121.95,10.11,105.33,138.57,0.0002,0.0002,NOMINAL,0.95
3,75,120,121.88,10.11,105.26,138.51,0.0002,0.0002,NOMINAL,1.88
3,76,119,121.56,10.11,104.94,138.18,0.0002,0.0002,NOMINAL,2.56
3,77,118,120.71,11.57,101.69,139.74,0.0002,0.0002,NOMINAL,2.71
3,78,117,121.37,10.98,103.3,139.43,0.0002,0.0002,NOMINAL,4.37
3,79,116,121.35,11.88,101.81,140.89,0.0002,0.0002,NOMINAL,5.35
3,80,115,121.71,7.79,108.89,134.53,0.0002,0.0002,NOMINAL,6.71
3,81,114,122.2,7.19,110.38,134.02,0.0002,0.0002,NOMINAL,8.2
3,82,113,122.88,6.94,111.47,134.3,0.0002,0.0002,NOMINAL,9.88
3,83,112,122.18,6.94,110.76,133.59,0.0002,0.0002,NOMINAL,10.18
3,84,111,121.76,6.94,110.35,133.17,0.0002,0.0002,NOMINAL,10.76
3,85,110,122.67,6.94,111.25,134.08,0.0002,0.0002,NOMINAL,12.67
3,86,109,122.11,6.94,110.7,133.53,0.0002,0.0002,NOMINAL,13.11
3,87,108,120.04,10.97,101.99,138.08,0.0002,0.0002,NOMINAL,12.04
3,88,107,120.07,8.95,105.36,134.79,0.0002,0.0002,NOMINAL,13.07
3,89,106,121.01,8.25,107.44,134.57,0.0002,0.0002,NOMINAL,15.01
3,90,105,122.09,7.78,109.29,134.89,0.0002,0.0002,NOMINAL,17.09
3,91,104,123.05,6.94,111.64,134.46,0.0002,0.0002,NOMINAL,19.05
3,92,103,121.76,7.19,109.94,133.58,0.0002,0.0002,NOMINAL,18.76
3,93,102,121.46,7.79,108.64,134.29,0.0002,0.0002,NOMINAL,19.46
3,94,101,120.42,11.68,101.2,139.64,0.0002,0.0002,NOMINAL,19.42
3,95,100,118.74,13.53,96.48,141.0,0.0002,0.0002,NOMINAL,18.74
3,96,99,118.38,13.56,96.07,140.69,0.0002,0.0002,NOMINAL,19.38
3,97,98,118.6,13.53,96.34,140.87,0.0002,0.0002,NOMINAL,20.6
3,98,97,118.6,13.53,96.34,140.87,0.0002,0.0002,NOMINAL,21.6
3,99,96,118.57,13.65,96.12,141.02,0.0002,0.0002,NOMINAL,22.57
3,100,95,116.17,13.66,93.69,138.64,0.0002,0.0002,NOMINAL,21.17
3,101,94,114.84,13.67,92.35,137.33,0.0002,0.0002,NOMINAL,20.84
3,102,93,112.62,13.43,90.53,134.7,0.0002,0.0002,NOMINAL,19.62
3,103,92,112.59,13.43,90.5,134.68,0.0002,0.0002,NOMINAL,20.59
3,104,91,107.97,11.99,88.24,127.69,0.0002,0.0002,NOMINAL,16.97
3,105,90,104.55,11.72,85.27,123.82,0.0002,0.0002,NOMINAL,14.55
3,106,89,105.41,11.72,86.14,124.69,0.0002,0.0002,NOMINAL,16.41
3,107,88,108.38,12.08,88.51,128.25,0.0002,0.0002,NOMINAL,20.38
3,108,87,104.54,11.72,85.26,123.82,0.0002,0.0002,NOMINAL,17.54
3,109,86,100.32,11.52,81.37,119.26,0.0002,0.0003,NOMINAL,14.32
3,110,85,101.78,11.58,82.72,120.83,0.0002,0.0002,NOMINAL,16.78
3,111,84,98.55,11.58,79.49,117.6,0.0002,0.0003,NOMINAL,14.55
3,112,83,91.05,11.27,72.51,109.59,0.0002,0.0013,NOMINAL,8.05
3,113,82,87.81,10.88,69.91,105.7,0.0002,0.0022,NOMINAL,5.81
3,114,81,86.09,10.27,69.2,102.99,0.0002,0.0019,NOMINAL,5.09
3,115,80,86.88,10.27,69.99,103.77,0.0002,0.0015,NOMINAL,6.88
3,116,79,85.99,10.27,69.1,102.88,0.0002,0.002,NOMINAL,6.99
3,117,78,85.59,9.89,69.33,101.86,0.0002,0.0015,NOMINAL,7.59
3,118,77,81.67,9.54,65.98,97.37,0.0002,0.0038,NOMINAL,4.67
3,119,76,79.15,9.15,64.1,94.19,0.0002,0.0045,NOMINAL,3.15
3,120,75,73.58,8.49,59.62,87.54,0.0002,0.008,NOMINAL,-1.42
3,121,74,71.65,8.49,57.69,85.61,0.0002,0.0152,NOMINAL,-2.35
3,122,73,70.19,8.3,56.53,83.84,0.0002,0.0198,NOMINAL,-2.81
3,123,72,67.47,7.5,55.13,79.81,0.0002,0.0256,NOMINAL,-4.53
3,124,71,67.33,7.3,55.32,79.34,0.0002,0.0215,NOMINAL,-3.67
3,125,70,63.35,6.67,52.39,74.32,0.0002,0.0416,NOMINAL,-6.65
3,126,69,62.83,6.61,51.96,73.71,0.0002,0.0444,NOMINAL,-6.17
4,52,125,118.94,13.53,96.68,141.2,0.0002,0.0002,NOMINAL,-6.06
4,53,125,118.01,13.64,95.58,140.44,0.0002,0.0002,NOMINAL,-6.99
4,54,125,118.53,13.56,96.22,140.84,0.0002,0.0002,NOMINAL,-6.47
4,55,125,118.11,13.64,95.69,140.54,0.0002,0.0002,NOMINAL,-6.89
4,56,125,117.54,13.71,94.99,140.08,0.0002,0.0002,NOMINAL,-7.46
4,57,125,115.01,13.51,92.78,137.24,0.0002,0.0002,NOMINAL,-9.99
4,58,125,113.53,13.44,91.42,135.65,0.0002,0.0002,NOMINAL,-11.47
4,59,125,115.85,13.69,93.34,138.36,0.0002,0.0002,NOMINAL,-9.15
4,60,125,112.08,13.09,90.55,133.6,0.0002,0.0002,NOMINAL,-12.92
4,61,125,118.4,13.68,95.9,140.9,0.0002,0.0002,NOMINAL,-6.6
4,62,125,113.73,13.44,91.62,135.85,0.0002,0.0002,NOMINAL,-11.27
4,63,125,106.04,11.85,86.55,125.54,0.0002,0.0002,NOMINAL,-18.96
4,64,124,109.65,12.64,88.87,130.44,0.0002,0.0002,NOMINAL,-14.35
4,65,123,99.74,11.58,80.69,118.8,0.0002,0.0003,NOMINAL,-23.26
4,66,122,99.1,11.58,80.05,118.16,0.0002,0.0003,NOMINAL,-22.9
4,67,121,101.07,11.6,81.99,120.15,0.0002,0.0003,NOMINAL,-19.93
4,68,120,102.17,11.18,83.78,120.56,0.0002,0.0002,NOMINAL,-17.83
4,69,119,104.53,12.04,84.73,124.33,0.0002,0.0002,NOMINAL,-14.47
4,70,118,96.25,11.0,78.15,114.35,0.0002,0.0003,NOMINAL,-21.75
4,71,117,94.24,10.88,76.35,112.14,0.0002,0.0004,NOMINAL,-22.76
4,72,116,87.97,10.88,70.08,105.87,0.0002,0.0021,NOMINAL,-28.03
4,73,115,86.42,10.37,69.37,103.47,0.0002,0.002,NOMINAL,-28.58
4,74,114,83.02,10.06,66.48,99.56,0.0002,0.0042,NOMINAL,-30.98
4,75,113,80.88,9.76,64.82,96.93,0.0002,0.0047,NOMINAL,-32.12
4,76,112,77.57,8.58,63.45,91.69,0.0002,0.0044,NOMINAL,-34.43
4,77,111,79.75,8.58,65.64,93.87,0.0002,0.0023,NOMINAL,-31.25
4,78,110,81.03,9.4,65.57,96.5,0.0002,0.004,NOMINAL,-28.97
4,79,109,79.91,8.45,66.01,93.81,0.0002,0.0018,NOMINAL,-29.09
4,80,108,75.12,8.45,61.22,89.02,0.0002,0.0062,NOMINAL,-32.88
4,81,107,73.21,8.45,59.31,87.11,0.0002,0.0081,NOMINAL,-33.79
4,82,106,73.45,8.45,59.55,87.34,0.0002,0.008,NOMINAL,-32.55
4,83,105,78.9,9.1,63.92,93.87,0.0002,0.0046,NOMINAL,-26.1
4,84,104,82.66,10.08,66.08,99.23,0.0002,0.0043,NOMINAL,-21.34
4,85,103,83.48,10.08,66.9,100.05,0.0002,0.0037,NOMINAL,-19.52
4,86,102,85.78,10.08,69.2,102.35,0.0002,0.0017,NOMINAL,-16.22
4,87,101,92.01,10.36,74.98,109.05,0.0002,0.0004,NOMINAL,-8.99
4,88,100,98.73,10.57,81.34,116.12,0.0002,0.0002,NOMINAL,-1.27
4,89,99,109.19,11.63,90.05,128.32,0.0002,0.0002,NOMINAL,10.19
4,90,98,112.45,12.15,92.45,132.44,0.0002,0.0002,NOMINAL,14.45
4,91,97,115.19,12.86,94.05,136.34,0.0002,0.0002,NOMINAL,18.19
4,92,96,116.87,13.48,94.7,139.05,0.0002,0.0002,NOMINAL,20.87
4,93,95,116.88,13.48,94.71,139.05,0.0002,0.0002,NOMINAL,21.88
4,94,94,117.93,13.51,95.72,140.14,0.0002,0.0002,NOMINAL,23.93
4,95,93,118.24,13.58,95.91,140.57,0.0002,0.0002,NOMINAL,25.24
4,96,92,117.85,13.69,95.33,140.37,0.0002,0.0002,NOMINAL,25.85
4,97,91,117.49,13.73,94.9,140.08,0.0002,0.0002,NOMINAL,26.49
4,98,90,111.77,13.09,90.25,133.29,0.0002,0.0002,NOMINAL,21.77
4,99,89,108.2,12.09,88.31,128.09,0.0002,0.0002,NOMINAL,19.2
4,100,88,105.8,11.73,86.5,125.1,0.0002,0.0002,NOMINAL,17.8
4,101,87,100.78,11.72,81.51,120.06,0.0002,0.0003,NOMINAL,13.78
4,102,86,104.8,11.72,85.52,124.07,0.0002,0.0002,NOMINAL,18.8
4,103,85,107.15,12.18,87.12,127.19,0.0002,0.0002,NOMINAL,22.15
4,104,84,102.26,11.72,82.98,121.53,0.0002,0.0002,NOMINAL,18.26
4,105,83,97.24,11.4,78.49,116.0,0.0002,0.0003,NOMINAL,14.24
4,106,82,94.79,11.32,76.17,113.41,0.0002,0.0005,NOMINAL,12.79
5,52,125,120.67,13.31,98.77,142.57,0.0002,0.0002,NOMINAL,-4.33
5,53,125,119.99,13.53,97.73,142.25,0.0002,0.0002,NOMINAL,-5.01
5,54,125,121.31,12.77,100.31,142.31,0.0002,0.0002,NOMINAL,-3.69
5,55,125,119.1,13.56,96.79,141.41,0.0002,0.0002,NOMINAL,-5.9
5,56,125,119.42,13.28,97.58,141.26,0.0002,0.0002,NOMINAL,-5.58
5,57,125,121.05,12.23,100.94,141.17,0.0002,0.0002,NOMINAL,-3.95
5,58,125,121.06,10.81,103.28,138.84,0.0002,0.0002,NOMINAL,-3.94
5,59,125,120.89,10.81,103.11,138.67,0.0002,0.0002,NOMINAL,-4.11
5,60,125,121.05,10.83,103.23,138.86,0.0002,0.0002,NOMINAL,-3.95
5,61,125,121.1,10.16,104.39,137.8,0.0002,0.0002,NOMINAL,-3.9
5,62,125,119.64,12.59,98.93,140.36,0.0002,0.0002,NOMINAL,-5.36
5,63,125,119.21,12.43,98.76,139.66,0.0002,0.0002,NOMINAL,-5.79
5,64,125,119.34,13.28,97.5,141.18,0.0002,0.0002,NOMINAL,-5.66
5,65,124,120.23,11.79,100.83,139.62,0.0002,0.0002,NOMINAL,-3.77
5,66,123,120.18,12.43,99.73,140.63,0.0002,0.0002,NOMINAL,-2.82
5,67,122,119.32,11.79,99.93,138.71,0.0002,0.0002,NOMINAL,-2.68
5,68,121,119.38,13.28,97.54,141.21,0.0002,0.0002,NOMINAL,-1.62
5,69,120,119.38,13.28,97.54,141.21,0.0002,0.0002,NOMINAL,-0.62
5,70,119,119.28,13.53,97.02,141.54,0.0002,0.0002,NOMINAL,0.28
5,71,118,118.57,13.56,96.26,140.88,0.0002,0.0002,NOMINAL,0.57
5,72,117,118.4,13.56,96.09,140.71,0.0002,0.0002,NOMINAL,1.4
5,73,116,119.45,13.53,97.19,141.71,0.0002,0.0002,NOMINAL,3.45
5,74,115,117.46,13.73,94.87,140.05,0.0002,0.0002,NOMINAL,2.46
5,75,114,115.97,13.66,93.5,138.45,0.0002,0.0002,NOMINAL,1.97
5,76,113,113.29,13.44,91.17,135.4,0.0002,0.0002,NOMINAL,0.29
5,77,112,117.49,13.73,94.9,140.08,0.0002,0.0002,NOMINAL,5.49
5,78,111,117.54,13.56,95.23,139.85,0.0002,0.0002,NOMINAL,6.54
5,79,110,113.06,13.43,90.98,135.15,0.0002,0.0002,NOMINAL,3.06
5,80,109,115.27,13.62,92.87,137.67,0.0002,0.0002,NOMINAL,6.27
5,81,108,110.83,12.9,89.6,132.06,0.0002,0.0002,NOMINAL,2.83
5,82,107,111.46,13.09,89.93,132.98,0.0002,0.0002,NOMINAL,4.46
5,83,106,113.53,13.43,91.44,135.62,0.0002,0.0002,NOMINAL,7.53
5,84,105,115.86,13.62,93.46,138.26,0.0002,0.0002,NOMINAL,10.86
5,85,104,118.52,13.73,95.93,141.11,0.0002,0.0002,NOMINAL,14.52
5,86,103,118.57,13.56,96.26,140.88,0.0002,0.0002,NOMINAL,15.57
5,87,102,113.89,13.43,91.8,135.97,0.0002,0.0002,NOMINAL,11.89
5,88,101,105.25,11.69,86.02,124.48,0.0002,0.0002,NOMINAL,4.25
5,89,100,102.52,11.63,83.39,121.65,0.0002,0.0002,NOMINAL,2.52
5,90,99,104.01,11.58,84.96,123.07,0.0002,0.0002,NOMINAL,5.01
5,91,98,103.13,11.58,84.08,122.19,0.0002,0.0002,NOMINAL,5.13
5,92,97,104.53,11.72,85.26,123.8,0.0002,0.0002,NOMINAL,7.53
5,93,96,104.09,11.58,85.04,123.15,0.0002,0.0002,NOMINAL,8.09
5,94,95,103.85,11.58,84.8,122.91,0.0002,0.0002,NOMINAL,8.85
5,95,94,101.55,11.61,82.46,120.65,0.0002,0.0002,NOMINAL,7.55
5,96,93,99.79,11.65,80.62,118.96,0.0002,0.0003,NOMINAL,6.79
5,97,92,102.44,11.67,83.24,121.63,0.0002,0.0002,NOMINAL,10.44
5,98,91,105.61,11.67,86.42,124.8,0.0002,0.0002,NOMINAL,14.61
6,52,125,123.82,2.98,118.91,128.72,0.0002,0.0002,NOMINAL,-1.18
6,53,125,123.31,2.98,118.4,128.21,0.0002,0.0002,NOMINAL,-1.69
6,54,125,123.23,2.98,118.32,128.13,0.0002,0.0002,NOMINAL,-1.77
6,55,125,122.96,2.98,118.06,127.86,0.0002,0.0002,NOMINAL,-2.04
6,56,125,123.31,2.98,118.4,128.21,0.0002,0.0002,NOMINAL,-1.69
6,57,125,123.72,2.98,118.82,128.62,0.0002,0.0002,NOMINAL,-1.28
6,58,125,123.31,2.98,118.4,128.21,0.0002,0.0002,NOMINAL,-1.69
6,59,125,123.27,2.98,118.37,128.17,0.0002,0.0002,NOMINAL,-1.73
6,60,125,123.03,2.98,118.13,127.93,0.0002,0.0002,NOMINAL,-1.97
6,61,125,123.35,2.98,118.45,128.25,0.0002,0.0002,NOMINAL,-1.65
6,62,125,122.93,2.98,118.03,127.83,0.0002,0.0002,NOMINAL,-2.07
6,63,125,123.51,2.98,118.61,128.41,0.0002,0.0002,NOMINAL,-1.49
6,64,125,122.79,2.98,117.89,127.69,0.0002,0.0002,NOMINAL,-2.21
6,65,125,121.22,7.59,108.74,133.71,0.0002,0.0002,NOMINAL,-3.78
6,66,125,120.58,6.67,109.6,131.55,0.0002,0.0002,NOMINAL,-4.42
6,67,125,119.99,11.11,101.72,138.26,0.0002,0.0002,NOMINAL,-5.01
6,68,125,120.07,8.95,105.35,134.78,0.0002,0.0002,NOMINAL,-4.93
6,69,125,120.94,7.19,109.11,132.77,0.0002,0.0002,NOMINAL,-4.06
6,70,125,122.07,7.45,109.81,134.32,0.0002,0.0002,NOMINAL,-2.93
6,71,125,120.01,13.06,98.53,141.5,0.0002,0.0002,NOMINAL,-4.99
6,72,125,119.58,13.28,97.74,141.42,0.0002,0.0002,NOMINAL,-5.42
6,73,125,118.58,13.06,97.09,140.06,0.0002,0.0002,NOMINAL,-6.42
6,74,124,118.56,13.22,96.81,140.32,0.0002,0.0002,NOMINAL,-5.44
6,75,123,119.26,13.06,97.78,140.75,0.0002,0.0002,NOMINAL,-3.74
6,76,122,119.05,13.28,97.21,140.89,0.0002,0.0002,NOMINAL,-2.95
6,77,121,119.96,13.28,98.12,141.8,0.0002,0.0002,NOMINAL,-1.04
6,78,120,119.47,13.28,97.63,141.31,0.0002,0.0002,NOMINAL,-0.53
6,79,119,119.38,13.06,97.9,140.87,0.0002,0.0002,NOMINAL,0.38
6,80,118,119.28,13.53,97.02,141.55,0.0002,0.0002,NOMINAL,1.28
6,81,117,118.94,13.06,97.46,140.43,0.0002,0.0002,NOMINAL,1.94
6,82,116,119.71,13.28,97.87,141.55,0.0002,0.0002,NOMINAL,3.71
6,83,115,118.57,13.56,96.26,140.88,0.0002,0.0002,NOMINAL,3.57
6,84,114,119.28,13.28,97.44,141.12,0.0002,0.0002,NOMINAL,5.28
6,85,113,119.1,13.56,96.79,141.41,0.0002,0.0002,NOMINAL,6.1
6,86,112,118.56,13.64,96.13,140.99,0.0002,0.0002,NOMINAL,6.56
6,87,111,118.11,13.56,95.81,140.42,0.0002,0.0002,NOMINAL,7.11
6,88,110,118.5,13.56,96.19,140.81,0.0002,0.0002,NOMINAL,8.5
6,89,109,118.5,13.56,96.19,140.81,0.0002,0.0002,NOMINAL,9.5
6,90,108,118.5,13.56,96.19,140.81,0.0002,0.0002,NOMINAL,10.5
6,91,107,118.77,13.56,96.47,141.08,0.0002,0.0002,NOMINAL,11.77
6,92,106,119.06,13.56,96.75,141.37,0.0002,0.0002,NOMINAL,13.06
6,93,105,118.2,13.28,96.37,140.04,0.0002,0.0002,NOMINAL,13.2
6,94,104,119.3,13.06,97.82,140.78,0.0002,0.0002,NOMINAL,15.3
6,95,103,120.64,11.57,101.61,139.67,0.0002,0.0002,NOMINAL,17.64
6,96,102,120.04,12.52,99.44,140.64,0.0002,0.0002,NOMINAL,18.04
6,97,101,119.38,12.23,99.27,139.5,0.0002,0.0002,NOMINAL,18.38
6,98,100,119.72,11.38,101.0,138.44,0.0002,0.0002,NOMINAL,19.72
6,99,99,120.04,10.11,103.42,136.67,0.0002,0.0002,NOMINAL,21.04
6,100,98,120.13,10.79,102.38,137.89,0.0002,0.0002,NOMINAL,22.13
6,101,97,118.77,12.48,98.25,139.29,0.0002,0.0002,NOMINAL,21.77
6,102,96,119.26,13.28,97.42,141.1,0.0002,0.0002,NOMINAL,23.26
6,103,95,119.88,13.28,98.04,141.72,0.0002,0.0002,NOMINAL,24.88
6,104,94,118.82,13.06,97.33,140.3,0.0002,0.0002,NOMINAL,24.82
6,105,93,119.38,13.22,97.62,141.13,0.0002,0.0002,NOMINAL,26.38
7,52,125,121.71,5.27,113.05,130.38,0.0002,0.0002,NOMINAL,-3.29
7,53,125,121.71,5.69,112.35,131.07,0.0002,0.0002,NOMINAL,-3.29
7,54,125,122.17,3.17,116.96,127.38,0.0002,0.0002,NOMINAL,-2.83
7,55,125,122.34,2.86,117.64,127.04,0.0002,0.0002,NOMINAL,-2.66
7,56,125,121.56,3.52,115.77,127.35,0.0002,0.0002,NOMINAL,-3.44
7,57,125,121.71,5.58,112.53,130.9,0.0002,0.0002,NOMINAL,-3.29
7,58,125,123.17,5.48,114.15,132.18,0.0002,0.0002,NOMINAL,-1.83
7,59,125,123.4,5.48,114.38,132.41,0.0002,0.0002,NOMINAL,-1.6
7,60,125,123.4,5.48,114.38,132.41,0.0002,0.0002,NOMINAL,-1.6
7,61,125,121.42,6.17,111.26,131.57,0.0002,0.0002,NOMINAL,-3.58
7,62,125,123.55,5.48,114.54,132.57,0.0002,0.0002,NOMINAL,-1.45
7,63,125,122.75,5.06,114.42,131.08,0.0002,0.0002,NOMINAL,-2.25
7,64,125,122.75,8.72,108.41,137.1,0.0002,0.0002,NOMINAL,-2.25
7,65,125,123.13,5.07,114.8,131.46,0.0002,0.0002,NOMINAL,-1.87
7,66,125,123.17,5.04,114.88,131.46,0.0002,0.0002,NOMINAL,-1.83
7,67,125,122.67,5.07,114.34,131.0,0.0002,0.0002,NOMINAL,-2.33
7,68,125,122.25,8.72,107.9,136.6,0.0002,0.0002,NOMINAL,-2.75
7,69,125,120.01,11.75,100.68,139.35,0.0002,0.0002,NOMINAL,-4.99
7,70,125,122.37,5.89,112.69,132.05,0.0002,0.0002,NOMINAL,-2.63
7,71,125,122.25,9.53,106.58,137.92,0.0002,0.0002,NOMINAL,-2.75
7,72,125,123.39,5.07,115.06,131.72,0.0002,0.0002,NOMINAL,-1.61
7,73,125,121.71,9.53,106.04,137.38,0.0002,0.0002,NOMINAL,-3.29
7,74,125,119.91,10.5,102.64,137.19,0.0002,0.0002,NOMINAL,-5.09
7,75,125,121.96,9.95,105.6,138.33,0.0002,0.0002,NOMINAL,-3.04
7,76,125,121.85,9.11,106.86,136.83,0.0002,0.0002,NOMINAL,-3.15
7,77,125,122.25,9.11,107.27,137.23,0.0002,0.0002,NOMINAL,-2.75
7,78,125,123.6,3.97,117.07,130.14,0.0002,0.0002,NOMINAL,-1.4
7,79,125,123.01,5.43,114.08,131.93,0.0002,0.0002,NOMINAL,-1.99
7,80,125,122.37,5.89,112.69,132.05,0.0002,0.0002,NOMINAL,-2.63
7,81,125,121.42,10.5,104.14,138.69,0.0002,0.0002,NOMINAL,-3.58
7,82,125,122.25,8.72,107.9,136.6,0.0002,0.0002,NOMINAL,-2.75
7,83,125,122.75,8.72,108.41,137.1,0.0002,0.0002,NOMINAL,-2.25
7,84,125,122.37,5.89,112.69,132.05,0.0002,0.0002,NOMINAL,-2.63
7,85,125,124.03,4.3,116.96,131.11,0.0002,0.0002,NOMINAL,-0.97
7,86,125,123.77,3.97,117.24,130.31,0.0002,0.0002,NOMINAL,-1.23
7,87,125,122.92,7.01,111.4,134.44,0.0002,0.0002,NOMINAL,-2.08
7,88,125,122.71,9.53,107.04,138.38,0.0002,0.0002,NOMINAL,-2.29
7,89,125,121.71,9.53,106.04,137.38,0.0002,0.0002,NOMINAL,-3.29
7,90,125,123.35,7.8,110.52,136.19,0.0002,0.0002,NOMINAL,-1.65
7,91,125,123.35,7.8,110.52,136.19,0.0002,0.0002,NOMINAL,-1.65
7,92,125,122.83,7.5,110.5,135.16,0.0002,0.0002,NOMINAL,-2.17
7,93,125,123.35,6.31,112.98,133.73,0.0002,0.0002,NOMINAL,-1.65
7,94,125,121.69,9.53,106.03,137.36,0.0002,0.0002,NOMINAL,-3.31
7,95,125,123.35,7.47,111.07,135.64,0.0002,0.0002,NOMINAL,-1.65
7,96,125,123.54,5.99,113.7,133.39,0.0002,0.0002,NOMINAL,-1.46
7,97,125,123.35,7.09,111.7,135.01,0.0002,0.0002,NOMINAL,-1.65
7,98,125,121.55,8.08,108.26,134.84,0.0002,0.0002,NOMINAL,-3.45
7,99,125,121.42,9.26,106.18,136.65,0.0002,0.0002,NOMINAL,-3.58
7,100,125,120.48,11.81,101.06,139.91,0.0002,0.0002,NOMINAL,-4.52
7,101,125,120.81,9.3,105.51,136.11,0.0002,0.0002,NOMINAL,-4.19
7,102,125,120.24,11.81,100.82,139.67,0.0002,0.0002,NOMINAL,-4.76
7,103,125,119.44,13.32,97.53,141.36,0.0002,0.0002,NOMINAL,-5.56
7,104,125,119.39,12.09,99.51,139.27,0.0002,0.0002,NOMINAL,-5.61
7,105,125,121.53,9.26,106.29,136.77,0.0002,0.0002,NOMINAL,-3.47
7,106,125,123.28,7.8,110.44,136.11,0.0002,0.0002,NOMINAL,-1.72
7,107,125,121.82,9.26,106.58,137.06,0.0002,0.0002,NOMINAL,-3.18
7,108,125,120.21,12.09,100.33,140.1,0.0002,0.0002,NOMINAL,-4.79
7,109,125,121.08,9.26,105.84,136.31,0.0002,0.0002,NOMINAL,-3.92
7,110,125,121.11,11.81,101.68,140.53,0.0002,0.0002,NOMINAL,-3.89
7,111,125,120.12,11.86,100.62,139.63,0.0002,0.0002,NOMINAL,-4.88
7,112,125,120.35,11.86,100.85,139.85,0.0002,0.0002,NOMINAL,-4.65
7,113,125,119.95,13.56,97.64,142.25,0.0002,0.0002,NOMINAL,-5.05
7,114,125,117.3,13.57,94.98,139.63,0.0002,0.0002,NOMINAL,-7.7
7,115,125,117.57,13.57,95.25,139.9,0.0002,0.0002,NOMINAL,-7.43
7,116,125,117.69,13.57,95.36,140.01,0.0002,0.0002,NOMINAL,-7.31
7,117,125,120.31,13.56,98.01,142.62,0.0002,0.0002,NOMINAL,-4.69
7,118,125,119.7,13.56,97.39,142.01,0.0002,0.0002,NOMINAL,-5.3
7,119,125,113.55,13.35,91.59,135.5,0.0002,0.0002,NOMINAL,-11.45
7,120,125,110.47,13.01,89.08,131.86,0.0002,0.0002,NOMINAL,-14.53
7,121,125,115.46,13.58,93.13,137.79,0.0002,0.0002,NOMINAL,-9.54
7,122,125,116.94,13.64,94.49,139.38,0.0002,0.0002,NOMINAL,-8.06
7,123,125,117.63,13.57,95.31,139.96,0.0002,0.0002,NOMINAL,-7.37
7,124,125,117.59,13.57,95.27,139.91,0.0002,0.0002,NOMINAL,-7.41
7,125,125,117.69,13.57,95.37,140.02,0.0002,0.0002,NOMINAL,-7.31
7,126,125,117.13,13.64,94.69,139.57,0.0002,0.0002,NOMINAL,-7.87
7,127,124,113.84,13.47,91.68,136.0,0.0002,0.0002,NOMINAL,-10.16
7,128,123,117.0,13.64,94.55,139.44,0.0002,0.0002,NOMINAL,-6.0
7,129,122,117.78,13.57,95.45,140.1,0.0002,0.0002,NOMINAL,-4.22
7,130,121,119.68,13.56,97.38,141.99,0.0002,0.0002,NOMINAL,-1.32
7,131,120,119.66,13.56,97.35,141.96,0.0002,0.0002,NOMINAL,-0.34
7,132,119,117.13,13.64,94.69,139.57,0.0002,0.0002,NOMINAL,-1.87
7,133,118,110.98,13.01,89.59,132.37,0.0002,0.0002,NOMINAL,-7.02
7,134,117,114.62,13.53,92.37,136.87,0.0002,0.0002,NOMINAL,-2.38
7,135,116,119.8,13.56,97.49,142.1,0.0002,0.0002,NOMINAL,3.8
7,136,115,119.36,9.3,104.06,134.65,0.0002,0.0002,NOMINAL,4.36
7,137,114,119.01,12.11,99.09,138.93,0.0002,0.0002,NOMINAL,5.01
7,138,113,119.66,13.56,97.35,141.96,0.0002,0.0002,NOMINAL,6.66
7,139,112,118.61,13.56,96.3,140.92,0.0002,0.0002,NOMINAL,6.61
7,140,111,119.63,13.56,97.32,141.93,0.0002,0.0002,NOMINAL,8.63
7,141,110,111.8,13.01,90.41,133.2,0.0002,0.0002,NOMINAL,1.8
7,142,109,106.94,11.71,87.68,126.2,0.0002,0.0002,NOMINAL,-2.06
7,143,108,105.95,11.73,86.65,125.25,0.0002,0.0002,NOMINAL,-2.05
7,144,107,105.09,12.19,85.03,125.15,0.0002,0.0002,NOMINAL,-1.91
7,145,106,99.11,11.42,80.33,117.89,0.0002,0.0003,NOMINAL,-6.89
7,146,105,99.34,11.58,80.29,118.39,0.0002,0.0003,NOMINAL,-5.66
7,147,104,96.79,11.31,78.19,115.39,0.0002,0.0003,NOMINAL,-7.21
7,148,103,96.08,11.31,77.48,114.69,0.0002,0.0004,NOMINAL,-6.92
7,149,102,97.57,11.62,78.45,116.69,0.0002,0.0004,NOMINAL,-4.43
7,150,101,97.37,11.31,78.77,115.98,0.0002,0.0003,NOMINAL,-3.63
7,151,100,102.61,11.62,83.5,121.73,0.0002,0.0002,NOMINAL,2.61
7,152,99,104.66,11.6,85.58,123.74,0.0002,0.0002,NOMINAL,5.66
7,153,98,106.72,12.2,86.64,126.79,0.0002,0.0002,NOMINAL,8.72
7,154,97,110.26,12.68,89.4,131.12,0.0002,0.0002,NOMINAL,13.26
7,155,96,107.94,12.08,88.07,127.81,0.0002,0.0002,NOMINAL,11.94
7,156,95,108.8,12.08,88.93,128.67,0.0002,0.0002,NOMINAL,13.8
7,157,94,116.69,13.43,94.6,138.78,0.0002,0.0002,NOMINAL,22.69
7,158,93,117.79,13.64,95.34,140.23,0.0002,0.0002,NOMINAL,24.79
7,159,92,113.45,13.07,91.94,134.95,0.0002,0.0002,NOMINAL,21.45
7,160,91,109.73,12.32,89.46,129.99,0.0002,0.0002,NOMINAL,18.73
8,52,125,123.62,2.61,119.33,127.91,0.0002,0.0002,NOMINAL,-1.38
8,53,125,122.16,3.09,117.08,127.24,0.0002,0.0002,NOMINAL,-2.84
8,54,125,122.3,3.34,116.81,127.79,0.0002,0.0002,NOMINAL,-2.7
8,55,125,120.67,6.87,109.37,131.98,0.0002,0.0002,NOMINAL,-4.33
8,56,125,119.94,11.42,101.17,138.72,0.0002,0.0002,NOMINAL,-5.06
8,57,125,119.95,10.45,102.75,137.14,0.0002,0.0002,NOMINAL,-5.05
8,58,125,119.63,11.77,100.26,138.99,0.0002,0.0002,NOMINAL,-5.37
8,59,125,119.66,11.02,101.53,137.79,0.0002,0.0002,NOMINAL,-5.34
8,60,125,120.17,11.02,102.04,138.3,0.0002,0.0002,NOMINAL,-4.83
8,61,125,119.37,11.77,100.01,138.74,0.0002,0.0002,NOMINAL,-5.63
8,62,125,119.5,12.2,99.44,139.57,0.0002,0.0002,NOMINAL,-5.5
8,63,125,118.7,13.56,96.39,141.01,0.0002,0.0002,NOMINAL,-6.3
8,64,125,119.28,12.2,99.22,139.35,0.0002,0.0002,NOMINAL,-5.72
8,65,125,119.3,12.2,99.24,139.37,0.0002,0.0002,NOMINAL,-5.7
8,66,125,119.39,12.2,99.32,139.45,0.0002,0.0002,NOMINAL,-5.61
8,67,125,119.09,13.53,96.83,141.35,0.0002,0.0002,NOMINAL,-5.91
8,68,125,119.13,13.53,96.87,141.39,0.0002,0.0002,NOMINAL,-5.87
8,69,125,119.06,13.56,96.75,141.37,0.0002,0.0002,NOMINAL,-5.94
8,70,125,117.98,13.64,95.56,140.41,0.0002,0.0002,NOMINAL,-7.02
8,71,125,117.65,13.65,95.2,140.1,0.0002,0.0002,NOMINAL,-7.35
8,72,125,118.2,13.64,95.78,140.63,0.0002,0.0002,NOMINAL,-6.8
8,73,125,118.2,13.64,95.78,140.63,0.0002,0.0002,NOMINAL,-6.8
8,74,125,118.59,13.56,96.28,140.9,0.0002,0.0002,NOMINAL,-6.41
8,75,125,118.59,13.56,96.28,140.9,0.0002,0.0002,NOMINAL,-6.41
8,76,125,119.12,13.56,96.81,141.42,0.0002,0.0002,NOMINAL,-5.88
8,77,125,120.9,11.97,101.22,140.59,0.0002,0.0002,NOMINAL,-4.1
8,78,125,120.08,11.97,100.4,139.76,0.0002,0.0002,NOMINAL,-4.92
8,79,125,118.33,11.05,100.14,136.51,0.0002,0.0002,NOMINAL,-6.67
8,80,125,119.16,11.92,99.56,138.77,0.0002,0.0002,NOMINAL,-5.84
8,81,125,118.92,11.97,99.23,138.6,0.0002,0.0002,NOMINAL,-6.08
8,82,125,119.11,11.97,99.42,138.79,0.0002,0.0002,NOMINAL,-5.89
8,83,125,118.37,11.97,98.69,138.06,0.0002,0.0002,NOMINAL,-6.63
8,84,125,119.2,12.2,99.14,139.27,0.0002,0.0002,NOMINAL,-5.8
8,85,125,118.16,11.97,98.47,137.84,0.0002,0.0002,NOMINAL,-6.84
8,86,125,119.02,13.53,96.75,141.28,0.0002,0.0002,NOMINAL,-5.98
8,87,125,118.55,13.53,96.29,140.81,0.0002,0.0002,NOMINAL,-6.45
8,88,125,118.55,11.97,98.86,138.23,0.0002,0.0002,NOMINAL,-6.45
8,89,125,121.25,11.59,102.19,140.32,0.0002,0.0002,NOMINAL,-3.75
8,90,125,118.6,11.97,98.91,138.28,0.0002,0.0002,NOMINAL,-6.4
8,91,125,119.89,11.92,100.28,139.49,0.0002,0.0002,NOMINAL,-5.11
8,92,125,118.27,11.92,98.66,137.87,0.0002,0.0002,NOMINAL,-6.73
8,93,125,118.77,11.92,99.16,138.37,0.0002,0.0002,NOMINAL,-6.23
8,94,125,119.03,13.53,96.77,141.29,0.0002,0.0002,NOMINAL,-5.97
8,95,125,118.77,13.56,96.47,141.08,0.0002,0.0002,NOMINAL,-6.23
8,96,125,119.03,13.56,96.72,141.34,0.0002,0.0002,NOMINAL,-5.97
8,97,125,119.07,13.53,96.81,141.34,0.0002,0.0002,NOMINAL,-5.93
8,98,125,119.1,13.56,96.79,141.41,0.0002,0.0002,NOMINAL,-5.9
8,99,125,119.06,13.53,96.8,141.32,0.0002,0.0002,NOMINAL,-5.94
8,100,125,118.83,13.56,96.52,141.14,0.0002,0.0002,NOMINAL,-6.17
8,101,125,118.11,13.56,95.81,140.42,0.0002,0.0002,NOMINAL,-6.89
8,102,125,117.54,13.64,95.11,139.96,0.0002,0.0002,NOMINAL,-7.46
8,103,125,118.39,13.56,96.08,140.7,0.0002,0.0002,NOMINAL,-6.61
8,104,125,118.11,13.56,95.81,140.42,0.0002,0.0002,NOMINAL,-6.89
8,105,125,117.92,13.56,95.61,140.23,0.0002,0.0002,NOMINAL,-7.08
8,106,125,118.11,13.56,95.81,140.42,0.0002,0.0002,NOMINAL,-6.89
8,107,125,118.77,13.56,96.47,141.08,0.0002,0.0002,NOMINAL,-6.23
8,108,125,118.85,13.56,96.54,141.15,0.0002,0.0002,NOMINAL,-6.15
8,109,125,117.6,13.73,95.01,140.19,0.0002,0.0002,NOMINAL,-7.4
8,110,125,118.11,13.56,95.81,140.42,0.0002,0.0002,NOMINAL,-6.89
8,111,125,116.2,13.49,94.02,138.39,0.0002,0.0002,NOMINAL,-8.8
8,112,125,105.73,11.73,86.44,125.03,0.0002,0.0002,NOMINAL,-19.27
8,113,125,102.75,11.72,83.47,122.02,0.0002,0.0002,NOMINAL,-22.25
8,114,125,98.69,11.72,79.41,117.96,0.0002,0.0003,NOMINAL,-26.31
8,115,125,98.7,11.48,79.82,117.59,0.0002,0.0003,NOMINAL,-26.3
8,116,125,96.64,11.02,78.52,114.77,0.0002,0.0003,NOMINAL,-28.36
8,117,125,96.63,11.31,78.03,115.22,0.0002,0.0004,NOMINAL,-28.37
8,118,125,102.43,11.61,83.34,121.53,0.0002,0.0002,NOMINAL,-22.57
8,119,125,105.14,11.62,86.02,124.26,0.0002,0.0002,NOMINAL,-19.86
8,120,125,110.38,12.61,89.64,131.12,0.0002,0.0002,NOMINAL,-14.62
8,121,125,109.28,12.78,88.26,130.31,0.0002,0.0002,NOMINAL,-15.72
8,122,125,109.01,12.45,88.53,129.49,0.0002,0.0002,NOMINAL,-15.99
8,123,125,110.47,12.78,89.44,131.5,0.0002,0.0002,NOMINAL,-14.53
8,124,125,118.57,13.56,96.26,140.87,0.0002,0.0002,NOMINAL,-6.43
8,125,125,119.56,13.69,97.05,142.08,0.0002,0.0002,NOMINAL,-5.44
8,126,125,119.38,13.59,97.03,141.74,0.0002,0.0002,NOMINAL,-5.62
8,127,125,118.77,13.64,96.34,141.2,0.0002,0.0002,NOMINAL,-6.23
8,128,125,119.98,12.55,99.33,140.62,0.0002,0.0002,NOMINAL,-5.02
8,129,125,120.12,11.59,101.05,139.19,0.0002,0.0002,NOMINAL,-4.88
8,130,125,119.59,12.55,98.95,140.24,0.0002,0.0002,NOMINAL,-5.41
8,131,125,118.6,13.28,96.76,140.44,0.0002,0.0002,NOMINAL,-6.4
8,132,125,119.19,11.12,100.9,137.48,0.0002,0.0002,NOMINAL,-5.81
8,133,125,120.28,10.27,103.38,137.18,0.0002,0.0002,NOMINAL,-4.72
8,134,125,120.5,7.79,107.68,133.32,0.0002,0.0002,NOMINAL,-4.5
8,135,125,120.84,6.21,110.63,131.05,0.0002,0.0002,NOMINAL,-4.16
8,136,125,119.81,7.92,106.78,132.84,0.0002,0.0002,NOMINAL,-5.19
8,137,124,118.41,12.59,97.7,139.12,0.0002,0.0002,NOMINAL,-5.59
8,138,123,118.12,13.28,96.28,139.96,0.0002,0.0002,NOMINAL,-4.88
8,139,122,117.92,13.28,96.08,139.76,0.0002,0.0002,NOMINAL,-4.08
8,140,121,119.18,13.53,96.92,141.44,0.0002,0.0002,NOMINAL,-1.82
8,141,120,118.75,13.28,96.91,140.59,0.0002,0.0002,NOMINAL,-1.25
8,142,119,118.53,13.06,97.05,140.02,0.0002,0.0002,NOMINAL,-0.47
8,143,118,118.54,12.18,98.51,138.57,0.0002,0.0002,NOMINAL,0.54
8,144,117,119.74,10.79,101.99,137.5,0.0002,0.0002,NOMINAL,2.74
8,145,116,118.88,13.28,97.04,140.72,0.0002,0.0002,NOMINAL,2.88
8,146,115,119.93,12.39,99.56,140.31,0.0002,0.0002,NOMINAL,4.93
8,147,114,120.03,8.95,105.31,134.74,0.0002,0.0002,NOMINAL,6.03
8,148,113,121.43,7.55,109.01,133.85,0.0002,0.0002,NOMINAL,8.43
8,149,112,120.45,11.38,101.73,139.17,0.0002,0.0002,NOMINAL,8.45
8,150,111,121.68,7.78,108.88,134.48,0.0002,0.0002,NOMINAL,10.68
8,151,110,122.61,6.02,112.71,132.52,0.0002,0.0002,NOMINAL,12.61
8,152,109,121.76,6.88,110.44,133.08,0.0002,0.0002,NOMINAL,12.76
8,153,108,120.25,11.68,101.03,139.47,0.0002,0.0002,NOMINAL,12.25
8,154,107,118.36,13.28,96.52,140.2,0.0002,0.0002,NOMINAL,11.36
8,155,106,118.81,13.28,96.97,140.65,0.0002,0.0002,NOMINAL,12.81
8,156,105,119.21,13.22,97.45,140.96,0.0002,0.0002,NOMINAL,14.21
8,157,104,115.21,13.59,92.86,137.57,0.0002,0.0002,NOMINAL,11.21
8,158,103,112.21,13.43,90.12,134.3,0.0002,0.0002,NOMINAL,9.21
8,159,102,112.92,13.43,90.83,135.01,0.0002,0.0002,NOMINAL,10.92
8,160,101,108.09,11.87,88.57,127.62,0.0002,0.0002,NOMINAL,7.09
8,161,100,105.71,11.72,86.43,124.98,0.0002,0.0002,NOMINAL,5.71
8,162,99,102.58,11.72,83.3,121.85,0.0002,0.0002,NOMINAL,3.58
8,163,98,101.0,11.4,82.24,119.76,0.0002,0.0002,NOMINAL,3.0
8,164,97,101.57,11.72,82.29,120.84,0.0002,0.0003,NOMINAL,4.57
8,165,96,98.42,11.38,79.71,117.14,0.0002,0.0003,NOMINAL,2.42
8,166,95,94.99,11.3,76.41,113.57,0.0002,0.0005,NOMINAL,-0.01
9,52,114,123.88,2.99,118.97,128.79,0.0002,0.0002,NOMINAL,9.88
9,53,113,121.92,7.46,109.64,134.2,0.0002,0.0002,NOMINAL,8.92
9,54,112,121.05,11.2,102.62,139.47,0.0002,0.0002,NOMINAL,9.05
9,55,111,121.07,12.52,100.47,141.67,0.0002,0.0002,NOMINAL,10.07
10,52,125,117.11,13.57,94.78,139.43,0.0002,0.0002,NOMINAL,-7.89
10,53,125,118.11,13.57,95.79,140.44,0.0002,0.0002,NOMINAL,-6.89
10,54,125,118.53,13.32,96.61,140.44,0.0002,0.0002,NOMINAL,-6.47
10,55,125,118.99,13.33,97.06,140.92,0.0002,0.0002,NOMINAL,-6.01
10,56,125,118.98,13.32,97.07,140.9,0.0002,0.0002,NOMINAL,-6.02
10,57,125,118.81,13.36,96.84,140.79,0.0002,0.0002,NOMINAL,-6.19
10,58,125,117.69,13.57,95.37,140.02,0.0002,0.0002,NOMINAL,-7.31
10,59,125,118.7,13.57,96.38,141.03,0.0002,0.0002,NOMINAL,-6.3
10,60,125,119.71,13.57,97.38,142.03,0.0002,0.0002,NOMINAL,-5.29
10,61,125,119.16,13.33,97.23,141.09,0.0002,0.0002,NOMINAL,-5.84
10,62,125,119.16,13.33,97.23,141.09,0.0002,0.0002,NOMINAL,-5.84
10,63,125,120.54,13.32,98.62,142.45,0.0002,0.0002,NOMINAL,-4.46
10,64,125,120.92,13.27,99.09,142.75,0.0002,0.0002,NOMINAL,-4.08
10,65,125,120.92,13.02,99.51,142.34,0.0002,0.0002,NOMINAL,-4.08
10,66,125,120.54,13.32,98.62,142.45,0.0002,0.0002,NOMINAL,-4.46
10,67,125,121.07,13.27,99.25,142.9,0.0002,0.0002,NOMINAL,-3.93
10,68,125,119.77,13.32,97.86,141.69,0.0002,0.0002,NOMINAL,-5.23
10,69,125,120.39,11.81,100.97,139.82,0.0002,0.0002,NOMINAL,-4.61
10,70,125,120.54,13.02,99.12,141.95,0.0002,0.0002,NOMINAL,-4.46
10,71,125,121.32,11.61,102.22,140.41,0.0002,0.0002,NOMINAL,-3.68
10,72,125,120.74,10.97,102.7,138.78,0.0002,0.0002,NOMINAL,-4.26
10,73,125,122.55,9.61,106.75,138.34,0.0002,0.0002,NOMINAL,-2.45
10,74,125,121.76,10.59,104.34,139.17,0.0002,0.0002,NOMINAL,-3.24
10,75,125,122.21,10.5,104.94,139.49,0.0002,0.0002,NOMINAL,-2.79
10,76,125,122.56,7.63,110.01,135.12,0.0002,0.0002,NOMINAL,-2.44
10,77,125,124.22,4.67,116.54,131.9,0.0002,0.0002,NOMINAL,-0.78
10,78,125,124.22,2.33,120.39,128.05,0.0002,0.0002,NOMINAL,-0.78
10,79,125,124.03,2.33,120.21,127.86,0.0002,0.0002,NOMINAL,-0.97
10,80,125,124.26,2.52,120.12,128.4,0.0002,0.0002,NOMINAL,-0.74
10,81,125,124.34,1.99,121.05,127.62,0.0002,0.0002,NOMINAL,-0.66
10,82,125,124.03,2.33,120.21,127.86,0.0002,0.0002,NOMINAL,-0.97
10,83,125,123.98,2.54,119.8,128.17,0.0002,0.0002,NOMINAL,-1.02
10,84,125,124.73,1.83,121.72,127.73,0.0002,0.0002,NOMINAL,-0.27
10,85,125,124.42,1.83,121.42,127.43,0.0002,0.0002,NOMINAL,-0.58
10,86,125,124.26,2.33,120.43,128.09,0.0002,0.0002,NOMINAL,-0.74
10,87,125,124.03,2.33,120.21,127.86,0.0002,0.0002,NOMINAL,-0.97
10,88,125,124.42,1.83,121.42,127.43,0.0002,0.0002,NOMINAL,-0.58
10,89,125,124.42,1.83,121.42,127.43,0.0002,0.0002,NOMINAL,-0.58
10,90,125,124.26,2.54,120.08,128.44,0.0002,0.0002,NOMINAL,-0.74
10,91,125,124.73,1.83,121.72,127.73,0.0002,0.0002,NOMINAL,-0.27
10,92,125,124.73,1.99,121.45,128.01,0.0002,0.0002,NOMINAL,-0.27
10,93,125,124.65,1.99,121.37,127.93,0.0002,0.0002,NOMINAL,-0.35
10,94,125,124.26,2.54,120.08,128.44,0.0002,0.0002,NOMINAL,-0.74
10,95,125,124.65,1.78,121.73,127.57,0.0002,0.0002,NOMINAL,-0.35
10,96,125,124.73,1.83,121.72,127.73,0.0002,0.0002,NOMINAL,-0.27
10,97,125,124.73,1.83,121.72,127.73,0.0002,0.0002,NOMINAL,-0.27
10,98,125,123.64,2.5,119.52,127.76,0.0002,0.0002,NOMINAL,-1.36
10,99,125,124.24,3.97,117.7,130.77,0.0002,0.0002,NOMINAL,-0.76
10,100,125,124.32,3.69,118.26,130.38,0.0002,0.0002,NOMINAL,-0.68
10,101,125,124.96,3.26,119.6,130.33,0.0002,0.0002,NOMINAL,-0.04
10,102,125,124.8,3.26,119.43,130.16,0.0002,0.0002,NOMINAL,-0.2
10,103,125,124.8,3.24,119.46,130.13,0.0002,0.0002,NOMINAL,-0.2
10,104,125,123.43,4.62,115.83,131.02,0.0002,0.0002,NOMINAL,-1.57
10,105,125,121.65,8.44,107.77,135.53,0.0002,0.0002,NOMINAL,-3.35
10,106,125,119.32,11.86,99.82,138.82,0.0002,0.0002,NOMINAL,-5.68
10,107,125,119.44,13.32,97.53,141.36,0.0002,0.0002,NOMINAL,-5.56
10,108,125,119.93,13.56,97.62,142.24,0.0002,0.0002,NOMINAL,-5.07
10,109,125,117.93,13.56,95.62,140.23,0.0002,0.0002,NOMINAL,-7.07
10,110,125,119.94,13.35,97.97,141.9,0.0002,0.0002,NOMINAL,-5.06
10,111,125,119.67,13.32,97.75,141.58,0.0002,0.0002,NOMINAL,-5.33
10,112,125,119.7,13.32,97.78,141.62,0.0002,0.0002,NOMINAL,-5.3
10,113,125,121.43,9.26,106.2,136.67,0.0002,0.0002,NOMINAL,-3.57
10,114,125,121.44,9.26,106.2,136.68,0.0002,0.0002,NOMINAL,-3.56
10,115,125,121.87,9.26,106.63,137.11,0.0002,0.0002,NOMINAL,-3.13
10,116,125,122.09,8.54,108.05,136.14,0.0002,0.0002,NOMINAL,-2.91
10,117,125,122.78,7.9,109.79,135.78,0.0002,0.0002,NOMINAL,-2.22
10,118,125,121.59,9.3,106.29,136.88,0.0002,0.0002,NOMINAL,-3.41
10,119,125,119.66,11.86,100.16,139.16,0.0002,0.0002,NOMINAL,-5.34
10,120,125,119.63,12.09,99.75,139.51,0.0002,0.0002,NOMINAL,-5.37
10,121,125,120.97,9.3,105.68,136.27,0.0002,0.0002,NOMINAL,-4.03
10,122,125,123.4,7.71,110.71,136.09,0.0002,0.0002,NOMINAL,-1.6
10,123,125,124.18,6.59,113.35,135.02,0.0002,0.0002,NOMINAL,-0.82
10,124,125,124.18,6.03,114.26,134.11,0.0002,0.0002,NOMINAL,-0.82
10,125,125,121.8,10.76,104.11,139.5,0.0002,0.0002,NOMINAL,-3.2
10,126,125,122.27,8.44,108.4,136.15,0.0002,0.0002,NOMINAL,-2.73
10,127,125,121.58,8.44,107.7,135.45,0.0002,0.0002,NOMINAL,-3.42
10,128,125,121.94,8.33,108.23,135.64,0.0002,0.0002,NOMINAL,-3.06
10,129,125,121.17,9.3,105.87,136.46,0.0002,0.0002,NOMINAL,-3.83
10,130,125,121.07,8.47,107.14,135.0,0.0002,0.0002,NOMINAL,-3.93
10,131,125,118.15,13.56,95.85,140.46,0.0002,0.0002,NOMINAL,-6.85
10,132,125,118.26,13.56,95.95,140.57,0.0002,0.0002,NOMINAL,-6.74
10,133,125,117.68,13.56,95.37,139.99,0.0002,0.0002,NOMINAL,-7.32
10,134,125,117.07,13.57,94.75,139.39,0.0002,0.0002,NOMINAL,-7.93
10,135,125,116.91,13.64,94.46,139.35,0.0002,0.0002,NOMINAL,-8.09
10,136,125,111.56,13.01,90.17,132.96,0.0002,0.0002,NOMINAL,-13.44
10,137,125,115.97,13.43,93.88,138.06,0.0002,0.0002,NOMINAL,-9.03
10,138,125,117.07,13.57,94.75,139.39,0.0002,0.0002,NOMINAL,-7.93
10,139,125,115.97,13.43,93.88,138.06,0.0002,0.0002,NOMINAL,-9.03
10,140,125,116.91,13.59,94.55,139.26,0.0002,0.0002,NOMINAL,-8.09
10,141,125,117.07,13.64,94.63,139.51,0.0002,0.0002,NOMINAL,-7.93
10,142,125,117.71,13.57,95.39,140.03,0.0002,0.0002,NOMINAL,-7.29
10,143,125,120.28,11.86,100.77,139.78,0.0002,0.0002,NOMINAL,-4.72
10,144,125,120.83,9.04,105.96,135.7,0.0002,0.0002,NOMINAL,-4.17
10,145,125,121.57,9.04,106.7,136.44,0.0002,0.0002,NOMINAL,-3.43
10,146,125,121.42,9.3,106.12,136.72,0.0002,0.0002,NOMINAL,-3.58
10,147,125,121.0,9.3,105.71,136.3,0.0002,0.0002,NOMINAL,-4.0
10,148,125,120.97,9.3,105.67,136.26,0.0002,0.0002,NOMINAL,-4.03
10,149,125,121.92,8.44,108.04,135.79,0.0002,0.0002,NOMINAL,-3.08
10,150,125,120.41,9.3,105.12,135.71,0.0002,0.0002,NOMINAL,-4.59
10,151,125,122.19,8.44,108.31,136.06,0.0002,0.0002,NOMINAL,-2.81
10,152,125,121.38,8.47,107.45,135.31,0.0002,0.0002,NOMINAL,-3.62
10,153,125,121.75,8.2,108.26,135.24,0.0002,0.0002,NOMINAL,-3.25
10,154,125,120.1,11.86,100.6,139.61,0.0002,0.0002,NOMINAL,-4.9
10,155,125,120.72,11.94,101.07,140.36,0.0002,0.0002,NOMINAL,-4.28
10,156,125,121.15,7.69,108.49,133.81,0.0002,0.0002,NOMINAL,-3.85
10,157,125,120.88,7.69,108.22,133.53,0.0002,0.0002,NOMINAL,-4.12
10,158,125,120.06,10.54,102.72,137.39,0.0002,0.0002,NOMINAL,-4.94
10,159,125,118.31,13.56,96.0,140.62,0.0002,0.0002,NOMINAL,-6.69
10,160,125,117.68,13.56,95.37,139.99,0.0002,0.0002,NOMINAL,-7.32
10,161,125,117.68,13.56,95.37,139.99,0.0002,0.0002,NOMINAL,-7.32
10,162,125,117.52,13.65,95.06,139.97,0.0002,0.0002,NOMINAL,-7.48
10,163,125,111.9,13.01,90.51,133.29,0.0002,0.0002,NOMINAL,-13.1
10,164,124,116.07,13.43,93.98,138.16,0.0002,0.0002,NOMINAL,-7.93
10,165,123,118.21,13.56,95.9,140.52,0.0002,0.0002,NOMINAL,-4.79
10,166,122,117.68,13.56,95.37,139.99,0.0002,0.0002,NOMINAL,-4.32
10,167,121,117.68,13.64,95.25,140.11,0.0002,0.0002,NOMINAL,-3.32
10,168,120,111.9,13.06,90.41,133.38,0.0002,0.0002,NOMINAL,-8.1
10,169,119,107.09,11.73,87.8,126.39,0.0002,0.0002,NOMINAL,-11.91
10,170,118,107.22,12.19,87.17,127.28,0.0002,0.0002,NOMINAL,-10.78
10,171,117,106.31,12.19,86.25,126.36,0.0002,0.0002,NOMINAL,-10.69
10,172,116,101.81,12.19,81.75,121.87,0.0002,0.0003,NOMINAL,-14.19
10,173,115,96.45,11.39,77.72,115.19,0.0002,0.0004,NOMINAL,-18.55
10,174,114,95.13,11.31,76.53,113.73,0.0002,0.0005,NOMINAL,-18.87
10,175,113,92.31,11.31,73.71,110.91,0.0002,0.0009,NOMINAL,-20.69
10,176,112,94.04,11.31,75.43,112.64,0.0002,0.0006,NOMINAL,-17.96
10,177,111,88.41,10.51,71.12,105.7,0.0002,0.0012,NOMINAL,-22.59
10,178,110,93.9,10.9,75.97,111.83,0.0002,0.0004,NOMINAL,-16.1
10,179,109,93.65,10.88,75.76,111.55,0.0002,0.0004,NOMINAL,-15.35
10,180,108,93.65,10.88,75.76,111.55,0.0002,0.0004,NOMINAL,-14.35
10,181,107,93.45,10.88,75.56,111.35,0.0002,0.0005,NOMINAL,-13.55
10,182,106,93.52,10.88,75.63,111.42,0.0002,0.0005,NOMINAL,-12.48
10,183,105,93.74,10.88,75.85,111.64,0.0002,0.0004,NOMINAL,-11.26
10,184,104,93.74,10.88,75.85,111.64,0.0002,0.0004,NOMINAL,-10.26
10,185,103,93.74,10.88,75.85,111.64,0.0002,0.0004,NOMINAL,-9.26
10,186,102,96.1,11.31,77.51,114.7,0.0002,0.0004,NOMINAL,-5.9
10,187,101,89.06,10.56,71.7,106.43,0.0002,0.0011,NOMINAL,-11.94
10,188,100,87.9,10.49,70.64,105.15,0.0002,0.0014,NOMINAL,-12.1
10,189,99,83.53,9.75,67.49,99.57,0.0002,0.0025,NOMINAL,-15.47
10,190,98,88.63,10.08,72.05,105.21,0.0002,0.0007,NOMINAL,-9.37
10,191,97,92.38,10.27,75.49,109.27,0.0002,0.0004,NOMINAL,-4.62
10,192,96,91.68,10.08,75.11,108.26,0.0002,0.0004,NOMINAL,-4.32
11,52,125,123.33,5.0,115.11,131.55,0.0002,0.0002,NOMINAL,-1.67
11,53,125,123.21,6.2,113.01,133.41,0.0002,0.0002,NOMINAL,-1.79
11,54,125,123.21,6.2,113.01,133.41,0.0002,0.0002,NOMINAL,-1.79
11,55,125,123.15,6.2,112.95,133.35,0.0002,0.0002,NOMINAL,-1.85
11,56,124,123.33,5.44,114.39,132.27,0.0002,0.0002,NOMINAL,-0.67
11,57,123,123.87,5.02,115.61,132.13,0.0002,0.0002,NOMINAL,0.87
11,58,122,123.87,5.02,115.61,132.13,0.0002,0.0002,NOMINAL,1.87
11,59,121,123.87,5.43,114.95,132.8,0.0002,0.0002,NOMINAL,2.87
11,60,120,122.09,7.37,109.97,134.21,0.0002,0.0002,NOMINAL,2.09
11,61,119,121.69,7.96,108.59,134.79,0.0002,0.0002,NOMINAL,2.69
11,62,118,123.11,7.51,110.75,135.46,0.0002,0.0002,NOMINAL,5.11
11,63,117,122.43,10.11,105.81,139.05,0.0002,0.0002,NOMINAL,5.43
11,64,116,121.33,12.32,101.06,141.6,0.0002,0.0002,NOMINAL,5.33
11,65,115,122.5,10.94,104.5,140.49,0.0002,0.0002,NOMINAL,7.5
11,66,114,123.1,6.94,111.69,134.51,0.0002,0.0002,NOMINAL,9.1
11,67,113,123.62,6.2,113.42,133.83,0.0002,0.0002,NOMINAL,10.62
11,68,112,123.12,6.94,111.71,134.54,0.0002,0.0002,NOMINAL,11.12
11,69,111,122.79,7.11,111.11,134.48,0.0002,0.0002,NOMINAL,11.79
11,70,110,122.43,7.79,109.61,135.25,0.0002,0.0002,NOMINAL,12.43
11,71,109,122.66,6.94,111.25,134.07,0.0002,0.0002,NOMINAL,13.66
11,72,108,122.95,6.94,111.54,134.37,0.0002,0.0002,NOMINAL,14.95
11,73,107,122.22,7.83,109.35,135.09,0.0002,0.0002,NOMINAL,15.22
11,74,106,120.92,10.27,104.03,137.82,0.0002,0.0002,NOMINAL,14.92
11,75,105,120.96,11.12,102.67,139.26,0.0002,0.0002,NOMINAL,15.96
11,76,104,120.45,9.09,105.49,135.41,0.0002,0.0002,NOMINAL,16.45
11,77,103,119.16,12.66,98.34,139.98,0.0002,0.0002,NOMINAL,16.16
11,78,102,118.71,13.64,96.28,141.13,0.0002,0.0002,NOMINAL,16.71
11,79,101,119.53,13.64,97.1,141.96,0.0002,0.0002,NOMINAL,18.53
11,80,100,118.86,13.72,96.29,141.43,0.0002,0.0002,NOMINAL,18.86
11,81,99,119.06,13.53,96.8,141.32,0.0002,0.0002,NOMINAL,20.06
11,82,98,119.27,13.53,97.01,141.54,0.0002,0.0002,NOMINAL,21.27
11,83,97,118.53,13.72,95.96,141.1,0.0002,0.0002,NOMINAL,21.53
12,52,125,121.84,5.39,112.98,130.69,0.0002,0.0002,NOMINAL,-3.16
12,53,125,121.71,5.49,112.68,130.74,0.0002,0.0002,NOMINAL,-3.29
12,54,125,122.06,5.17,113.56,130.56,0.0002,0.0002,NOMINAL,-2.94
12,55,125,122.59,4.34,115.45,129.73,0.0002,0.0002,NOMINAL,-2.41
12,56,125,124.26,2.52,120.12,128.41,0.0002,0.0002,NOMINAL,-0.74
12,57,125,124.03,2.52,119.89,128.18,0.0002,0.0002,NOMINAL,-0.97
12,58,125,122.92,2.57,118.7,127.15,0.0002,0.0002,NOMINAL,-2.08
12,59,125,123.91,2.33,120.08,127.74,0.0002,0.0002,NOMINAL,-1.09
12,60,125,124.03,2.52,119.89,128.18,0.0002,0.0002,NOMINAL,-0.97
12,61,125,122.65,2.57,118.42,126.87,0.0002,0.0002,NOMINAL,-2.35
12,62,125,121.82,3.23,116.51,127.13,0.0002,0.0002,NOMINAL,-3.18
12,63,125,123.28,2.76,118.74,127.82,0.0002,0.0002,NOMINAL,-1.72
12,64,125,124.03,2.52,119.89,128.18,0.0002,0.0002,NOMINAL,-0.97
12,65,125,124.26,2.52,120.12,128.41,0.0002,0.0002,NOMINAL,-0.74
12,66,125,122.92,2.57,118.7,127.15,0.0002,0.0002,NOMINAL,-2.08
12,67,125,122.57,2.57,118.35,126.8,0.0002,0.0002,NOMINAL,-2.43
12,68,125,123.91,2.57,119.69,128.14,0.0002,0.0002,NOMINAL,-1.09
12,69,125,123.71,2.75,119.19,128.24,0.0002,0.0002,NOMINAL,-1.29
12,70,125,124.22,2.52,120.07,128.36,0.0002,0.0002,NOMINAL,-0.78
12,71,125,123.51,2.98,118.6,128.42,0.0002,0.0002,NOMINAL,-1.49
12,72,125,122.17,3.17,116.96,127.38,0.0002,0.0002,NOMINAL,-2.83
12,73,125,123.04,5.48,114.02,132.05,0.0002,0.0002,NOMINAL,-1.96
12,74,125,124.0,4.15,117.18,130.82,0.0002,0.0002,NOMINAL,-1.0
12,75,125,120.88,11.64,101.74,140.03,0.0002,0.0002,NOMINAL,-4.12
12,76,125,120.57,10.31,103.61,137.53,0.0002,0.0002,NOMINAL,-4.43
12,77,125,118.71,13.02,97.3,140.12,0.0002,0.0002,NOMINAL,-6.29
12,78,125,119.37,13.32,97.46,141.29,0.0002,0.0002,NOMINAL,-5.63
12,79,125,119.41,13.57,97.08,141.73,0.0002,0.0002,NOMINAL,-5.59
12,80,125,119.47,13.35,97.5,141.43,0.0002,0.0002,NOMINAL,-5.53
12,81,125,118.45,13.32,96.54,140.37,0.0002,0.0002,NOMINAL,-6.55
12,82,125,120.81,11.66,101.62,139.99,0.0002,0.0002,NOMINAL,-4.19
12,83,125,118.59,13.27,96.76,140.42,0.0002,0.0002,NOMINAL,-6.41
12,84,125,119.37,13.32,97.46,141.29,0.0002,0.0002,NOMINAL,-5.63
12,85,125,118.94,13.27,97.11,140.77,0.0002,0.0002,NOMINAL,-6.06
12,86,125,120.06,12.04,100.25,139.86,0.0002,0.0002,NOMINAL,-4.94
12,87,125,120.49,11.81,101.06,139.91,0.0002,0.0002,NOMINAL,-4.51
12,88,125,120.35,11.81,100.93,139.78,0.0002,0.0002,NOMINAL,-4.65
12,89,125,119.44,13.32,97.53,141.36,0.0002,0.0002,NOMINAL,-5.56
12,90,125,120.21,13.07,98.71,141.71,0.0002,0.0002,NOMINAL,-4.79
12,91,125,119.67,13.32,97.75,141.58,0.0002,0.0002,NOMINAL,-5.33
12,92,125,119.67,13.35,97.71,141.63,0.0002,0.0002,NOMINAL,-5.33
12,93,125,119.44,13.32,97.53,141.36,0.0002,0.0002,NOMINAL,-5.56
12,94,125,119.67,13.32,97.75,141.58,0.0002,0.0002,NOMINAL,-5.33
12,95,125,117.04,13.57,94.71,139.36,0.0002,0.0002,NOMINAL,-7.96
12,96,125,110.53,13.01,89.14,131.92,0.0002,0.0002,NOMINAL,-14.47
12,97,125,117.54,13.57,95.22,139.87,0.0002,0.0002,NOMINAL,-7.46
12,98,125,117.62,13.57,95.29,139.94,0.0002,0.0002,NOMINAL,-7.38
12,99,125,116.81,13.64,94.37,139.26,0.0002,0.0002,NOMINAL,-8.19
12,100,125,113.61,13.4,91.56,135.65,0.0002,0.0002,NOMINAL,-11.39
12,101,125,117.16,13.64,94.72,139.6,0.0002,0.0002,NOMINAL,-7.84
12,102,125,118.21,13.57,95.89,140.54,0.0002,0.0002,NOMINAL,-6.79
12,103,125,118.81,13.36,96.84,140.79,0.0002,0.0002,NOMINAL,-6.19
12,104,125,118.81,13.36,96.84,140.79,0.0002,0.0002,NOMINAL,-6.19
12,105,125,119.77,13.32,97.86,141.69,0.0002,0.0002,NOMINAL,-5.23
12,106,125,120.98,13.32,99.07,142.9,0.0002,0.0002,NOMINAL,-4.02
12,107,125,121.07,11.81,101.64,140.49,0.0002,0.0002,NOMINAL,-3.93
12,108,125,122.27,8.67,108.01,136.54,0.0002,0.0002,NOMINAL,-2.73
12,109,125,123.18,6.98,111.69,134.66,0.0002,0.0002,NOMINAL,-1.82
12,110,125,124.52,6.03,114.6,134.44,0.0002,0.0002,NOMINAL,-0.48
12,111,125,124.68,3.35,119.17,130.2,0.0002,0.0002,NOMINAL,-0.32
12,112,125,124.96,1.97,121.72,128.21,0.0002,0.0002,NOMINAL,-0.04
12,113,125,125.16,3.34,119.67,130.65,0.0002,0.0002,NOMINAL,0.16
12,114,125,124.44,2.33,120.61,128.27,0.0002,0.0002,NOMINAL,-0.56
12,115,125,124.88,1.97,121.64,128.13,0.0002,0.0002,NOMINAL,-0.12
12,116,125,124.8,1.99,121.52,128.08,0.0002,0.0002,NOMINAL,-0.2
12,117,125,124.96,1.83,121.96,127.97,0.0002,0.0002,NOMINAL,-0.04
12,118,125,124.96,1.83,121.96,127.97,0.0002,0.0002,NOMINAL,-0.04
12,119,125,124.96,1.83,121.96,127.97,0.0002,0.0002,NOMINAL,-0.04
12,120,125,124.96,1.83,121.96,127.97,0.0002,0.0002,NOMINAL,-0.04
12,121,125,124.9,1.83,121.9,127.9,0.0002,0.0002,NOMINAL,-0.1
12,122,125,124.96,1.83,121.96,127.97,0.0002,0.0002,NOMINAL,-0.04
12,123,125,124.96,1.83,121.96,127.97,0.0002,0.0002,NOMINAL,-0.04
12,124,125,124.96,1.83,121.96,127.97,0.0002,0.0002,NOMINAL,-0.04
12,125,125,124.96,1.83,121.96,127.97,0.0002,0.0002,NOMINAL,-0.04
12,126,125,124.97,1.76,122.08,127.86,0.0002,0.0002,NOMINAL,-0.03
12,127,125,125.05,1.9,121.92,128.17,0.0002,0.0002,NOMINAL,0.05
12,128,125,125.05,1.9,121.92,128.17,0.0002,0.0002,NOMINAL,0.05
12,129,125,125.05,1.8,122.09,128.0,0.0002,0.0002,NOMINAL,0.05
12,130,125,125.05,1.77,122.14,127.96,0.0002,0.0002,NOMINAL,0.05
12,131,125,125.52,1.77,122.61,128.44,0.0002,0.0002,NOMINAL,0.52
12,132,125,125.05,1.77,122.14,127.96,0.0002,0.0002,NOMINAL,0.05
12,133,125,125.52,1.77,122.61,128.44,0.0002,0.0002,NOMINAL,0.52
12,134,125,125.52,1.77,122.61,128.44,0.0002,0.0002,NOMINAL,0.52
12,135,125,125.52,1.77,122.61,128.44,0.0002,0.0002,NOMINAL,0.52
12,136,125,125.05,1.77,122.14,127.96,0.0002,0.0002,NOMINAL,0.05
12,137,125,124.98,1.77,122.07,127.9,0.0002,0.0002,NOMINAL,-0.02
12,138,125,125.05,1.77,122.14,127.96,0.0002,0.0002,NOMINAL,0.05
12,139,125,125.05,1.77,122.14,127.96,0.0002,0.0002,NOMINAL,0.05
12,140,125,125.05,1.77,122.14,127.96,0.0002,0.0002,NOMINAL,0.05
12,141,125,125.05,1.77,122.14,127.96,0.0002,0.0002,NOMINAL,0.05
12,142,125,125.52,1.77,122.61,128.44,0.0002,0.0002,NOMINAL,0.52
12,143,125,125.05,1.77,122.14,127.96,0.0002,0.0002,NOMINAL,0.05
12,144,125,124.98,1.77,122.07,127.9,0.0002,0.0002,NOMINAL,-0.02
12,145,125,125.05,1.77,122.14,127.96,0.0002,0.0002,NOMINAL,0.05
12,146,125,124.41,2.1,120.96,127.85,0.0002,0.0002,NOMINAL,-0.59
12,147,125,124.41,2.1,120.96,127.85,0.0002,0.0002,NOMINAL,-0.59
12,148,125,124.32,3.61,118.39,130.26,0.0002,0.0002,NOMINAL,-0.68
12,149,125,123.87,3.87,117.51,130.23,0.0002,0.0002,NOMINAL,-1.13
12,150,125,123.94,3.87,117.58,130.3,0.0002,0.0002,NOMINAL,-1.06
12,151,125,124.39,3.56,118.54,130.24,0.0002,0.0002,NOMINAL,-0.61
12,152,125,122.97,7.88,110.01,135.93,0.0002,0.0002,NOMINAL,-2.03
12,153,125,123.28,7.12,111.57,134.99,0.0002,0.0002,NOMINAL,-1.72
12,154,125,123.62,7.12,111.92,135.33,0.0002,0.0002,NOMINAL,-1.38
12,155,125,123.55,7.12,111.85,135.26,0.0002,0.0002,NOMINAL,-1.45
12,156,125,123.74,7.5,111.4,136.09,0.0002,0.0002,NOMINAL,-1.26
12,157,125,123.49,7.55,111.08,135.9,0.0002,0.0002,NOMINAL,-1.51
12,158,125,120.2,13.56,97.89,142.51,0.0002,0.0002,NOMINAL,-4.8
12,159,125,116.18,13.56,93.87,138.49,0.0002,0.0002,NOMINAL,-8.82
12,160,125,119.87,13.56,97.56,142.17,0.0002,0.0002,NOMINAL,-5.13
12,161,125,116.74,13.57,94.42,139.06,0.0002,0.0002,NOMINAL,-8.26
12,162,125,117.93,13.56,95.62,140.23,0.0002,0.0002,NOMINAL,-7.07
12,163,125,117.35,13.56,95.04,139.66,0.0002,0.0002,NOMINAL,-7.65
12,164,125,116.77,13.59,94.42,139.12,0.0002,0.0002,NOMINAL,-8.23
12,165,125,111.06,13.01,89.67,132.45,0.0002,0.0002,NOMINAL,-13.94
12,166,125,103.93,11.73,84.63,123.23,0.0002,0.0002,NOMINAL,-21.07
12,167,125,108.48,12.19,88.42,128.53,0.0002,0.0002,NOMINAL,-16.52
12,168,125,109.56,12.19,89.5,129.62,0.0002,0.0002,NOMINAL,-15.44
12,169,125,111.15,13.01,89.76,132.54,0.0002,0.0002,NOMINAL,-13.85
12,170,125,117.0,13.64,94.55,139.44,0.0002,0.0002,NOMINAL,-8.0
12,171,125,117.16,13.64,94.72,139.6,0.0002,0.0002,NOMINAL,-7.84
12,172,125,117.74,13.64,95.29,140.18,0.0002,0.0002,NOMINAL,-7.26
12,173,125,117.86,13.57,95.53,140.18,0.0002,0.0002,NOMINAL,-7.14
12,174,125,118.33,13.64,95.89,140.78,0.0002,0.0002,NOMINAL,-6.67
12,175,125,118.62,13.57,96.3,140.95,0.0002,0.0002,NOMINAL,-6.38
12,176,125,118.75,13.35,96.79,140.72,0.0002,0.0002,NOMINAL,-6.25
12,177,125,118.7,9.32,103.37,134.03,0.0002,0.0002,NOMINAL,-6.3
12,178,125,120.13,9.3,104.83,135.42,0.0002,0.0002,NOMINAL,-4.87
12,179,125,121.72,7.78,108.93,134.52,0.0002,0.0002,NOMINAL,-3.28
12,180,125,122.7,6.67,111.73,133.66,0.0002,0.0002,NOMINAL,-2.3
12,181,125,123.82,6.03,113.9,133.74,0.0002,0.0002,NOMINAL,-1.18
12,182,125,123.8,6.25,113.53,134.08,0.0002,0.0002,NOMINAL,-1.2
12,183,125,123.13,7.19,111.3,134.96,0.0002,0.0002,NOMINAL,-1.87
12,184,125,122.65,7.19,110.82,134.48,0.0002,0.0002,NOMINAL,-2.35
12,185,125,122.67,8.2,109.18,136.16,0.0002,0.0002,NOMINAL,-2.33
12,186,125,121.76,8.12,108.41,135.11,0.0002,0.0002,NOMINAL,-3.24
12,187,125,122.22,8.02,109.04,135.41,0.0002,0.0002,NOMINAL,-2.78
12,188,125,121.88,8.12,108.53,135.23,0.0002,0.0002,NOMINAL,-3.12
12,189,125,121.11,7.59,108.63,133.59,0.0002,0.0002,NOMINAL,-3.89
12,190,125,120.43,12.03,100.64,140.23,0.0002,0.0002,NOMINAL,-4.57
12,191,125,121.79,7.59,109.31,134.27,0.0002,0.0002,NOMINAL,-3.21
12,192,125,121.99,7.46,109.71,134.26,0.0002,0.0002,NOMINAL,-3.01
12,193,125,122.98,7.46,110.7,135.25,0.0002,0.0002,NOMINAL,-2.02
12,194,125,121.5,7.56,109.07,133.93,0.0002,0.0002,NOMINAL,-3.5
12,195,125,121.48,7.56,109.05,133.91,0.0002,0.0002,NOMINAL,-3.52
12,196,125,118.95,13.56,96.65,141.26,0.0002,0.0002,NOMINAL,-6.05
12,197,125,120.14,12.22,100.03,140.25,0.0002,0.0002,NOMINAL,-4.86
12,198,125,118.05,13.56,95.74,140.36,0.0002,0.0002,NOMINAL,-6.95
12,199,125,117.93,13.56,95.62,140.23,0.0002,0.0002,NOMINAL,-7.07
12,200,125,111.8,13.01,90.4,133.19,0.0002,0.0002,NOMINAL,-13.2
12,201,125,116.02,13.41,93.96,138.09,0.0002,0.0002,NOMINAL,-8.98
12,202,125,117.41,13.65,94.96,139.86,0.0002,0.0002,NOMINAL,-7.59
12,203,125,117.57,13.56,95.27,139.88,0.0002,0.0002,NOMINAL,-7.43
12,204,125,112.04,13.06,90.56,133.52,0.0002,0.0002,NOMINAL,-12.96
12,205,125,109.44,12.19,89.38,129.5,0.0002,0.0002,NOMINAL,-15.56
12,206,125,106.1,11.73,86.8,125.4,0.0002,0.0002,NOMINAL,-18.9
12,207,125,106.24,12.19,86.18,126.3,0.0002,0.0002,NOMINAL,-18.76
12,208,125,102.08,11.69,82.84,121.31,0.0002,0.0002,NOMINAL,-22.92
12,209,125,106.11,11.69,86.88,125.34,0.0002,0.0002,NOMINAL,-18.89
12,210,125,111.27,12.9,90.04,132.49,0.0002,0.0002,NOMINAL,-13.73
12,211,125,117.79,13.66,95.32,140.25,0.0002,0.0002,NOMINAL,-7.21
12,212,125,117.79,13.66,95.32,140.25,0.0002,0.0002,NOMINAL,-7.21
12,213,125,117.79,13.6,95.41,140.16,0.0002,0.0002,NOMINAL,-7.21
12,214,125,116.09,13.41,94.02,138.15,0.0002,0.0002,NOMINAL,-8.91
12,215,125,112.0,13.09,90.47,133.52,0.0002,0.0002,NOMINAL,-13.0
12,216,125,117.62,13.6,95.25,140.0,0.0002,0.0002,NOMINAL,-7.38
12,217,124,111.67,13.09,90.14,133.19,0.0002,0.0002,NOMINAL,-12.33
13,52,125,118.59,13.27,96.76,140.42,0.0002,0.0002,NOMINAL,-6.41
13,53,125,118.45,13.27,96.62,140.28,0.0002,0.0002,NOMINAL,-6.55
13,54,125,118.74,13.27,96.91,140.57,0.0002,0.0002,NOMINAL,-6.26
13,55,125,119.19,13.02,97.78,140.61,0.0002,0.0002,NOMINAL,-5.81
13,56,125,119.26,13.27,97.43,141.09,0.0002,0.0002,NOMINAL,-5.74
13,57,125,120.46,11.06,102.27,138.65,0.0002,0.0002,NOMINAL,-4.54
13,58,125,119.04,13.27,97.21,140.87,0.0002,0.0002,NOMINAL,-5.96
13,59,125,119.19,13.02,97.78,140.61,0.0002,0.0002,NOMINAL,-5.81
13,60,125,119.46,11.81,100.04,138.89,0.0002,0.0002,NOMINAL,-5.54
13,61,125,119.68,11.61,100.58,138.78,0.0002,0.0002,NOMINAL,-5.32
13,62,125,118.81,13.27,96.98,140.64,0.0002,0.0002,NOMINAL,-6.19
13,63,125,120.43,13.07,98.94,141.93,0.0002,0.0002,NOMINAL,-4.57
13,64,125,119.1,13.27,97.27,140.93,0.0002,0.0002,NOMINAL,-5.9
13,65,125,121.04,10.92,103.08,139.01,0.0002,0.0002,NOMINAL,-3.96
13,66,125,119.58,12.27,99.39,139.77,0.0002,0.0002,NOMINAL,-5.42
13,67,125,119.38,13.02,97.97,140.8,0.0002,0.0002,NOMINAL,-5.62
13,68,125,120.06,12.04,100.25,139.86,0.0002,0.0002,NOMINAL,-4.94
13,69,125,120.43,13.27,98.6,142.26,0.0002,0.0002,NOMINAL,-4.57
13,70,125,120.11,11.81,100.69,139.54,0.0002,0.0002,NOMINAL,-4.89
13,71,125,120.21,11.61,101.11,139.31,0.0002,0.0002,NOMINAL,-4.79
13,72,125,119.73,13.02,98.32,141.15,0.0002,0.0002,NOMINAL,-5.27
13,73,125,122.49,9.61,106.69,138.29,0.0002,0.0002,NOMINAL,-2.51
13,74,125,120.84,11.81,101.41,140.27,0.0002,0.0002,NOMINAL,-4.16
13,75,125,121.58,9.26,106.34,136.81,0.0002,0.0002,NOMINAL,-3.42
13,76,125,120.64,11.81,101.21,140.06,0.0002,0.0002,NOMINAL,-4.36
13,77,125,121.95,9.95,105.59,138.31,0.0002,0.0002,NOMINAL,-3.05
13,78,125,120.81,13.02,99.4,142.23,0.0002,0.0002,NOMINAL,-4.19
13,79,125,121.09,11.81,101.66,140.52,0.0002,0.0002,NOMINAL,-3.91
13,80,125,120.21,13.02,98.79,141.62,0.0002,0.0002,NOMINAL,-4.79
13,81,125,120.51,11.81,101.09,139.94,0.0002,0.0002,NOMINAL,-4.49
13,82,125,121.08,10.76,103.38,138.77,0.0002,0.0002,NOMINAL,-3.92
13,83,125,122.42,9.95,106.06,138.79,0.0002,0.0002,NOMINAL,-2.58
13,84,125,121.08,11.81,101.66,140.51,0.0002,0.0002,NOMINAL,-3.92
13,85,125,120.53,11.81,101.1,139.95,0.0002,0.0002,NOMINAL,-4.47
13,86,125,121.08,10.76,103.38,138.77,0.0002,0.0002,NOMINAL,-3.92
13,87,125,121.7,10.62,104.22,139.17,0.0002,0.0002,NOMINAL,-3.3
13,88,125,121.37,11.81,101.95,140.8,0.0002,0.0002,NOMINAL,-3.63
13,89,125,122.86,7.8,110.03,135.69,0.0002,0.0002,NOMINAL,-2.14
13,90,125,120.74,12.09,100.86,140.62,0.0002,0.0002,NOMINAL,-4.26
13,91,125,120.64,11.81,101.21,140.06,0.0002,0.0002,NOMINAL,-4.36
13,92,125,121.12,9.26,105.88,136.35,0.0002,0.0002,NOMINAL,-3.88
13,93,125,121.54,9.26,106.3,136.77,0.0002,0.0002,NOMINAL,-3.46
13,94,125,122.66,7.8,109.83,135.49,0.0002,0.0002,NOMINAL,-2.34
13,95,125,122.51,8.29,108.87,136.16,0.0002,0.0002,NOMINAL,-2.49
13,96,125,123.31,7.8,110.48,136.14,0.0002,0.0002,NOMINAL,-1.69
13,97,125,122.93,7.8,110.09,135.76,0.0002,0.0002,NOMINAL,-2.07
13,98,125,124.0,6.25,113.72,134.28,0.0002,0.0002,NOMINAL,-1.0
13,99,125,124.51,5.52,115.44,133.59,0.0002,0.0002,NOMINAL,-0.49
13,100,125,124.6,3.35,119.08,130.12,0.0002,0.0002,NOMINAL,-0.4
13,101,125,124.14,4.26,117.14,131.14,0.0002,0.0002,NOMINAL,-0.86
13,102,125,122.82,7.47,110.53,135.11,0.0002,0.0002,NOMINAL,-2.18
13,103,125,123.66,4.62,116.07,131.26,0.0002,0.0002,NOMINAL,-1.34
13,104,125,124.04,3.97,117.51,130.58,0.0002,0.0002,NOMINAL,-0.96
13,105,125,124.38,4.67,116.7,132.06,0.0002,0.0002,NOMINAL,-0.62
13,106,125,124.95,3.09,119.87,130.03,0.0002,0.0002,NOMINAL,-0.05
13,107,125,124.96,1.83,121.96,127.97,0.0002,0.0002,NOMINAL,-0.04
13,108,125,124.96,1.83,121.96,127.97,0.0002,0.0002,NOMINAL,-0.04
13,109,125,124.96,1.97,121.72,128.21,0.0002,0.0002,NOMINAL,-0.04
13,110,125,124.26,2.34,120.42,128.1,0.0002,0.0002,NOMINAL,-0.74
13,111,125,124.32,2.16,120.76,127.88,0.0002,0.0002,NOMINAL,-0.68
13,112,125,124.96,1.83,121.96,127.97,0.0002,0.0002,NOMINAL,-0.04
13,113,125,124.9,1.78,121.98,127.82,0.0002,0.0002,NOMINAL,-0.1
13,114,125,124.96,1.78,122.04,127.88,0.0002,0.0002,NOMINAL,-0.04
13,115,125,124.96,1.78,122.04,127.88,0.0002,0.0002,NOMINAL,-0.04
13,116,125,125.05,1.76,122.16,127.94,0.0002,0.0002,NOMINAL,0.05
13,117,125,124.96,1.78,122.04,127.88,0.0002,0.0002,NOMINAL,-0.04
13,118,125,124.41,2.08,120.98,127.83,0.0002,0.0002,NOMINAL,-0.59
13,119,125,124.88,1.92,121.73,128.04,0.0002,0.0002,NOMINAL,-0.12
13,120,125,125.05,1.76,122.16,127.94,0.0002,0.0002,NOMINAL,0.05
13,121,125,125.05,1.64,122.36,127.74,0.0002,0.0002,NOMINAL,0.05
13,122,125,125.05,1.66,122.32,127.78,0.0002,0.0002,NOMINAL,0.05
13,123,125,124.97,1.64,122.28,127.66,0.0002,0.0002,NOMINAL,-0.03
13,124,125,123.52,5.26,114.87,132.17,0.0002,0.0002,NOMINAL,-1.48
13,125,125,122.01,7.85,109.09,134.93,0.0002,0.0002,NOMINAL,-2.99
13,126,125,121.46,8.2,107.97,134.95,0.0002,0.0002,NOMINAL,-3.54
13,127,125,121.51,8.12,108.17,134.86,0.0002,0.0002,NOMINAL,-3.49
13,128,125,122.61,7.46,110.34,134.89,0.0002,0.0002,NOMINAL,-2.39
13,129,125,122.67,7.57,110.22,135.12,0.0002,0.0002,NOMINAL,-2.33
13,130,125,121.88,7.46,109.6,134.16,0.0002,0.0002,NOMINAL,-3.12
13,131,125,121.44,7.66,108.83,134.05,0.0002,0.0002,NOMINAL,-3.56
13,132,125,120.46,7.59,107.98,132.94,0.0002,0.0002,NOMINAL,-4.54
13,133,125,121.34,7.66,108.73,133.95,0.0002,0.0002,NOMINAL,-3.66
13,134,125,121.31,7.66,108.7,133.92,0.0002,0.0002,NOMINAL,-3.69
13,135,125,121.23,7.66,108.63,133.84,0.0002,0.0002,NOMINAL,-3.77
13,136,125,121.2,8.12,107.85,134.55,0.0002,0.0002,NOMINAL,-3.8
13,137,125,120.3,8.42,106.45,134.14,0.0002,0.0002,NOMINAL,-4.7
13,138,125,117.65,13.57,95.32,139.97,0.0002,0.0002,NOMINAL,-7.35
13,139,125,117.07,13.57,94.75,139.39,0.0002,0.0002,NOMINAL,-7.93
13,140,125,118.26,13.56,95.95,140.57,0.0002,0.0002,NOMINAL,-6.74
13,141,125,119.5,13.56,97.19,141.81,0.0002,0.0002,NOMINAL,-5.5
13,142,125,119.54,13.35,97.58,141.5,0.0002,0.0002,NOMINAL,-5.46
13,143,125,119.59,13.56,97.29,141.9,0.0002,0.0002,NOMINAL,-5.41
13,144,125,118.26,13.56,95.95,140.57,0.0002,0.0002,NOMINAL,-6.74
13,145,125,118.53,13.56,96.22,140.84,0.0002,0.0002,NOMINAL,-6.47
13,146,125,119.11,13.35,97.15,141.07,0.0002,0.0002,NOMINAL,-5.89
13,147,125,119.59,13.56,97.29,141.9,0.0002,0.0002,NOMINAL,-5.41
13,148,125,119.54,13.56,97.24,141.85,0.0002,0.0002,NOMINAL,-5.46
13,149,125,119.05,11.86,99.55,138.55,0.0002,0.0002,NOMINAL,-5.95
13,150,125,119.16,13.35,97.2,141.13,0.0002,0.0002,NOMINAL,-5.84
13,151,125,116.06,13.43,93.97,138.16,0.0002,0.0002,NOMINAL,-8.94
13,152,125,117.16,13.64,94.72,139.6,0.0002,0.0002,NOMINAL,-7.84
13,153,125,117.16,13.64,94.72,139.6,0.0002,0.0002,NOMINAL,-7.84
13,154,125,118.32,13.56,96.01,140.63,0.0002,0.0002,NOMINAL,-6.68
13,155,125,120.18,11.69,100.95,139.41,0.0002,0.0002,NOMINAL,-4.82
13,156,125,119.96,11.92,100.36,139.57,0.0002,0.0002,NOMINAL,-5.04
13,157,125,120.53,8.42,106.68,134.37,0.0002,0.0002,NOMINAL,-4.47
13,158,125,120.06,8.42,106.22,133.91,0.0002,0.0002,NOMINAL,-4.94
13,159,125,118.26,13.56,95.95,140.57,0.0002,0.0002,NOMINAL,-6.74
13,160,125,117.07,13.64,94.63,139.51,0.0002,0.0002,NOMINAL,-7.93
13,161,125,111.63,13.01,90.23,133.02,0.0002,0.0002,NOMINAL,-13.37
13,162,125,111.06,13.06,89.58,132.54,0.0002,0.0002,NOMINAL,-13.94
13,163,125,117.68,13.64,95.25,140.11,0.0002,0.0002,NOMINAL,-7.32
13,164,125,118.3,13.56,95.99,140.61,0.0002,0.0002,NOMINAL,-6.7
13,165,125,117.68,13.64,95.25,140.11,0.0002,0.0002,NOMINAL,-7.32
13,166,124,116.07,13.41,94.0,138.13,0.0002,0.0002,NOMINAL,-7.93
13,167,123,115.5,13.43,93.41,137.59,0.0002,0.0002,NOMINAL,-7.5
13,168,122,113.98,13.35,92.02,135.94,0.0002,0.0002,NOMINAL,-8.02
13,169,121,117.68,13.56,95.37,139.99,0.0002,0.0002,NOMINAL,-3.32
13,170,120,119.53,13.56,97.23,141.84,0.0002,0.0002,NOMINAL,-0.47
13,171,119,120.55,10.54,103.22,137.89,0.0002,0.0002,NOMINAL,1.55
13,172,118,119.21,13.56,96.9,141.52,0.0002,0.0002,NOMINAL,1.21
13,173,117,117.74,13.64,95.31,140.17,0.0002,0.0002,NOMINAL,0.74
13,174,116,117.77,13.64,95.34,140.2,0.0002,0.0002,NOMINAL,1.77
13,175,115,116.16,13.41,94.09,138.22,0.0002,0.0002,NOMINAL,1.16
13,176,114,111.99,13.09,90.46,133.51,0.0002,0.0002,NOMINAL,-2.01
13,177,113,112.13,13.09,90.61,133.65,0.0002,0.0002,NOMINAL,-0.87
13,178,112,111.99,13.09,90.46,133.51,0.0002,0.0002,NOMINAL,-0.01
13,179,111,111.28,12.9,90.06,132.51,0.0002,0.0002,NOMINAL,0.28
13,180,110,106.09,11.73,86.79,125.38,0.0002,0.0002,NOMINAL,-3.91
13,181,109,111.65,13.09,90.13,133.18,0.0002,0.0002,NOMINAL,2.65
13,182,108,116.07,13.49,93.88,138.25,0.0002,0.0002,NOMINAL,8.07
13,183,107,118.35,13.56,96.04,140.66,0.0002,0.0002,NOMINAL,11.35
13,184,106,117.68,13.64,95.25,140.11,0.0002,0.0002,NOMINAL,11.68
13,185,105,112.13,13.09,90.61,133.66,0.0002,0.0002,NOMINAL,7.13
13,186,104,116.6,13.53,94.35,138.85,0.0002,0.0002,NOMINAL,12.6
13,187,103,116.51,13.46,94.37,138.65,0.0002,0.0002,NOMINAL,13.51
13,188,102,115.9,13.46,93.76,138.05,0.0002,0.0002,NOMINAL,13.9
13,189,101,110.59,12.8,89.54,131.65,0.0002,0.0002,NOMINAL,9.59
13,190,100,110.82,12.63,90.04,131.59,0.0002,0.0002,NOMINAL,10.82
13,191,99,110.82,12.8,89.76,131.88,0.0002,0.0002,NOMINAL,11.82
13,192,98,111.1,12.57,90.42,131.77,0.0002,0.0002,NOMINAL,13.1
13,193,97,109.99,12.35,89.68,130.31,0.0002,0.0002,NOMINAL,12.99
13,194,96,103.28,11.73,83.98,122.58,0.0002,0.0002,NOMINAL,7.28
13,195,95,97.26,11.72,77.99,116.54,0.0002,0.0004,NOMINAL,2.26
15,52,107,118.7,13.57,96.38,141.03,0.0002,0.0002,NOMINAL,11.7
15,53,106,119.25,13.57,96.93,141.58,0.0002,0.0002,NOMINAL,13.25
15,54,105,119.19,13.57,96.87,141.51,0.0002,0.0002,NOMINAL,14.19
15,55,104,118.64,13.57,96.32,140.96,0.0002,0.0002,NOMINAL,14.64
15,56,103,119.12,13.57,96.79,141.44,0.0002,0.0002,NOMINAL,16.12
15,57,102,119.1,13.57,96.78,141.43,0.0002,0.0002,NOMINAL,17.1
15,58,101,117.55,13.57,95.22,139.87,0.0002,0.0002,NOMINAL,16.55
15,59,100,117.75,13.57,95.42,140.07,0.0002,0.0002,NOMINAL,17.75
15,60,99,114.96,13.58,92.63,137.29,0.0002,0.0002,NOMINAL,15.96
15,61,98,117.16,13.64,94.72,139.6,0.0002,0.0002,NOMINAL,19.16
15,62,97,111.53,12.99,90.16,132.9,0.0002,0.0002,NOMINAL,14.53
15,63,96,109.09,12.79,88.05,130.13,0.0002,0.0002,NOMINAL,13.09
15,64,95,104.38,11.66,85.2,123.56,0.0002,0.0002,NOMINAL,9.38
15,65,94,102.06,11.66,82.88,121.24,0.0002,0.0002,NOMINAL,8.06
15,66,93,86.96,11.35,68.29,105.62,0.0002,0.0043,NOMINAL,-6.04
15,67,92,89.64,11.35,70.97,108.3,0.0002,0.0021,NOMINAL,-2.36
15,68,91,89.18,11.26,70.66,107.71,0.0002,0.0022,NOMINAL,-1.82
15,69,90,86.95,11.24,68.46,105.44,0.0002,0.0042,NOMINAL,-3.05
15,70,89,84.79,11.24,66.31,103.28,0.0002,0.005,NOMINAL,-4.21
15,71,88,83.96,11.03,65.81,102.11,0.0002,0.0051,NOMINAL,-4.04
15,72,87,82.18,10.62,64.72,99.65,0.0002,0.0056,NOMINAL,-4.82
15,73,86,83.27,10.44,66.11,100.44,0.0002,0.0045,NOMINAL,-2.73
15,74,85,82.82,10.61,65.36,100.28,0.0002,0.005,NOMINAL,-2.18
15,75,84,84.13,10.61,66.67,101.59,0.0002,0.0044,NOMINAL,0.13
15,76,83,83.03,10.61,65.57,100.49,0.0002,0.0049,NOMINAL,0.03
16,52,125,118.45,13.57,96.13,140.78,0.0002,0.0002,NOMINAL,-6.55
16,53,125,118.97,13.57,96.64,141.29,0.0002,0.0002,NOMINAL,-6.03
16,54,125,120.0,13.32,98.09,141.92,0.0002,0.0002,NOMINAL,-5.0
16,55,125,119.37,13.32,97.46,141.29,0.0002,0.0002,NOMINAL,-5.63
16,56,125,119.01,13.57,96.68,141.33,0.0002,0.0002,NOMINAL,-5.99
16,57,125,120.14,13.27,98.31,141.97,0.0002,0.0002,NOMINAL,-4.86
16,58,125,120.05,13.32,98.14,141.97,0.0002,0.0002,NOMINAL,-4.95
16,59,125,119.67,13.32,97.75,141.58,0.0002,0.0002,NOMINAL,-5.33
16,60,125,120.19,13.32,98.27,142.1,0.0002,0.0002,NOMINAL,-4.81
16,61,125,120.89,13.02,99.48,142.31,0.0002,0.0002,NOMINAL,-4.11
16,62,125,120.89,13.32,98.98,142.81,0.0002,0.0002,NOMINAL,-4.11
16,63,125,121.07,12.19,101.02,141.12,0.0002,0.0002,NOMINAL,-3.93
16,64,125,120.19,13.32,98.27,142.1,0.0002,0.0002,NOMINAL,-4.81
16,65,125,119.67,13.32,97.75,141.58,0.0002,0.0002,NOMINAL,-5.33
16,66,125,119.77,13.35,97.81,141.73,0.0002,0.0002,NOMINAL,-5.23
16,67,125,120.54,13.32,98.62,142.45,0.0002,0.0002,NOMINAL,-4.46
16,68,125,120.09,13.32,98.17,142.0,0.0002,0.0002,NOMINAL,-4.91
16,69,125,119.85,13.32,97.93,141.77,0.0002,0.0002,NOMINAL,-5.15
16,70,125,117.91,13.57,95.59,140.23,0.0002,0.0002,NOMINAL,-7.09
16,71,125,116.78,13.64,94.34,139.22,0.0002,0.0002,NOMINAL,-8.22
16,72,125,117.07,13.64,94.63,139.51,0.0002,0.0002,NOMINAL,-7.93
16,73,124,117.87,13.57,95.55,140.19,0.0002,0.0002,NOMINAL,-6.13
16,74,123,117.6,13.57,95.28,139.93,0.0002,0.0002,NOMINAL,-5.4
16,75,122,113.55,13.35,91.59,135.5,0.0002,0.0002,NOMINAL,-8.45
16,76,121,110.96,13.01,89.57,132.35,0.0002,0.0002,NOMINAL,-10.04
16,77,120,105.76,11.66,86.58,124.94,0.0002,0.0002,NOMINAL,-14.24
16,78,119,105.71,11.99,86.0,125.43,0.0002,0.0002,NOMINAL,-13.29
16,79,118,105.96,11.91,86.37,125.54,0.0002,0.0002,NOMINAL,-12.04
16,80,117,105.82,11.99,86.1,125.54,0.0002,0.0002,NOMINAL,-11.18
16,81,116,105.96,11.78,86.58,125.33,0.0002,0.0002,NOMINAL,-10.04
16,82,115,115.17,13.58,92.84,137.5,0.0002,0.0002,NOMINAL,0.17
16,83,114,117.62,13.57,95.29,139.94,0.0002,0.0002,NOMINAL,3.62
16,84,113,117.62,13.57,95.29,139.94,0.0002,0.0002,NOMINAL,4.62
16,85,112,118.05,13.57,95.73,140.38,0.0002,0.0002,NOMINAL,6.05
16,86,111,117.62,13.57,95.29,139.94,0.0002,0.0002,NOMINAL,6.62
16,87,110,117.13,13.64,94.69,139.57,0.0002,0.0002,NOMINAL,7.13
16,88,109,110.72,13.01,89.33,132.11,0.0002,0.0002,NOMINAL,1.72
16,89,108,111.08,13.01,89.69,132.47,0.0002,0.0002,NOMINAL,3.08
16,90,107,117.13,13.64,94.69,139.57,0.0002,0.0002,NOMINAL,10.13
16,91,106,113.45,12.99,92.08,134.82,0.0002,0.0002,NOMINAL,7.45
16,92,105,110.37,13.01,88.98,131.76,0.0002,0.0002,NOMINAL,5.37
16,93,104,105.4,11.66,86.22,124.58,0.0002,0.0002,NOMINAL,1.4
16,94,103,97.7,11.66,78.52,116.88,0.0002,0.0004,NOMINAL,-5.3
16,95,102,97.96,11.66,78.78,117.14,0.0002,0.0004,NOMINAL,-4.04
16,96,101,95.7,11.35,77.04,114.37,0.0002,0.0004,NOMINAL,-5.3
16,97,100,98.4,11.57,79.38,117.43,0.0002,0.0003,NOMINAL,-1.6
16,98,99,93.54,11.57,74.5,112.57,0.0002,0.0009,NOMINAL,-5.46
16,99,98,91.75,11.24,73.26,110.24,0.0002,0.001,NOMINAL,-6.25
16,100,97,87.18,11.24,68.69,105.67,0.0002,0.0039,NOMINAL,-9.82
16,101,96,86.99,10.97,68.95,105.04,0.0002,0.0032,NOMINAL,-9.01
16,102,95,84.35,10.46,67.15,101.55,0.0002,0.0042,NOMINAL,-10.65
16,103,94,84.66,10.57,67.27,102.05,0.0002,0.0042,NOMINAL,-9.34
16,104,93,81.87,10.61,64.41,99.33,0.0002,0.0058,NOMINAL,-11.13
16,105,92,86.11,10.61,68.65,103.57,0.0002,0.0028,NOMINAL,-5.89
16,106,91,85.14,10.55,67.79,102.49,0.0002,0.0036,NOMINAL,-5.86
16,107,90,84.08,10.55,66.72,101.43,0.0002,0.0044,NOMINAL,-5.92
16,108,89,85.66,10.61,68.2,103.11,0.0002,0.0033,NOMINAL,-3.34
16,109,88,86.6,10.61,69.14,104.05,0.0002,0.0024,NOMINAL,-1.4
16,110,87,86.31,10.61,68.85,103.77,0.0002,0.0027,NOMINAL,-0.69
16,111,86,85.67,10.61,68.21,103.13,0.0002,0.0033,NOMINAL,-0.33
16,112,85,80.78,10.55,63.43,98.13,0.0002,0.0065,NOMINAL,-4.22
16,113,84,79.44,9.71,63.48,95.41,0.0002,0.0055,NOMINAL,-4.56
17,52,125,118.65,13.57,96.33,140.97,0.0002,0.0002,NOMINAL,-6.35
17,53,125,118.79,13.57,96.46,141.11,0.0002,0.0002,NOMINAL,-6.21
17,54,125,118.93,13.57,96.61,141.26,0.0002,0.0002,NOMINAL,-6.07
17,55,125,120.6,13.32,98.68,142.52,0.0002,0.0002,NOMINAL,-4.4
17,56,125,120.99,13.32,99.07,142.9,0.0002,0.0002,NOMINAL,-4.01
17,57,125,120.56,13.32,98.65,142.48,0.0002,0.0002,NOMINAL,-4.44
17,58,125,120.54,13.27,98.71,142.37,0.0002,0.0002,NOMINAL,-4.46
17,59,125,120.92,13.32,99.01,142.84,0.0002,0.0002,NOMINAL,-4.08
17,60,125,119.77,13.32,97.86,141.69,0.0002,0.0002,NOMINAL,-5.23
17,61,125,119.44,13.56,97.13,141.75,0.0002,0.0002,NOMINAL,-5.56
17,62,125,119.77,13.32,97.86,141.69,0.0002,0.0002,NOMINAL,-5.23
17,63,125,119.48,13.56,97.17,141.79,0.0002,0.0002,NOMINAL,-5.52
17,64,125,119.77,13.35,97.81,141.73,0.0002,0.0002,NOMINAL,-5.23
17,65,125,119.86,13.35,97.9,141.83,0.0002,0.0002,NOMINAL,-5.14
17,66,125,119.75,13.56,97.44,142.06,0.0002,0.0002,NOMINAL,-5.25
17,67,125,119.42,13.35,97.46,141.39,0.0002,0.0002,NOMINAL,-5.58
17,68,125,119.95,13.32,98.04,141.87,0.0002,0.0002,NOMINAL,-5.05
17,69,125,120.4,13.32,98.49,142.32,0.0002,0.0002,NOMINAL,-4.6
17,70,125,119.77,13.32,97.86,141.69,0.0002,0.0002,NOMINAL,-5.23
17,71,125,119.83,13.56,97.52,142.14,0.0002,0.0002,NOMINAL,-5.17
17,72,125,117.9,13.57,95.58,140.22,0.0002,0.0002,NOMINAL,-7.1
17,73,125,116.91,13.58,94.58,139.24,0.0002,0.0002,NOMINAL,-8.09
17,74,125,116.94,13.58,94.61,139.27,0.0002,0.0002,NOMINAL,-8.06
17,75,125,115.33,13.58,93.0,137.66,0.0002,0.0002,NOMINAL,-9.67
17,76,125,111.8,13.01,90.41,133.2,0.0002,0.0002,NOMINAL,-13.2
17,77,125,117.03,13.58,94.7,139.36,0.0002,0.0002,NOMINAL,-7.97
17,78,125,119.48,13.56,97.17,141.79,0.0002,0.0002,NOMINAL,-5.52
17,79,125,119.86,13.32,97.95,141.78,0.0002,0.0002,NOMINAL,-5.14
17,80,125,119.46,13.32,97.54,141.37,0.0002,0.0002,NOMINAL,-5.54
17,81,125,119.72,11.86,100.22,139.22,0.0002,0.0002,NOMINAL,-5.28
17,82,125,119.91,13.32,97.99,141.82,0.0002,0.0002,NOMINAL,-5.09
17,83,125,120.55,9.3,105.25,135.85,0.0002,0.0002,NOMINAL,-4.45
17,84,125,118.82,11.86,99.32,138.32,0.0002,0.0002,NOMINAL,-6.18
17,85,125,120.09,13.07,98.59,141.59,0.0002,0.0002,NOMINAL,-4.91
17,86,125,119.82,11.86,100.32,139.32,0.0002,0.0002,NOMINAL,-5.18
17,87,125,119.94,9.3,104.64,135.23,0.0002,0.0002,NOMINAL,-5.06
17,88,125,121.1,9.3,105.81,136.4,0.0002,0.0002,NOMINAL,-3.9
17,89,125,120.75,11.86,101.25,140.26,0.0002,0.0002,NOMINAL,-4.25
17,90,125,122.76,7.8,109.93,135.59,0.0002,0.0002,NOMINAL,-2.24
17,91,124,121.57,10.76,103.87,139.26,0.0002,0.0002,NOMINAL,-2.43
17,92,123,122.35,9.95,105.98,138.71,0.0002,0.0002,NOMINAL,-0.65
17,93,122,122.32,8.44,108.45,136.2,0.0002,0.0002,NOMINAL,0.32
17,94,121,121.72,8.44,107.84,135.59,0.0002,0.0002,NOMINAL,0.72
17,95,120,122.13,8.44,108.25,136.01,0.0002,0.0002,NOMINAL,2.13
17,96,119,120.4,10.8,102.64,138.17,0.0002,0.0002,NOMINAL,1.4
17,97,118,119.36,13.56,97.06,141.67,0.0002,0.0002,NOMINAL,1.36
17,98,117,119.33,13.56,97.02,141.64,0.0002,0.0002,NOMINAL,2.33
17,99,116,118.13,13.56,95.82,140.43,0.0002,0.0002,NOMINAL,2.13
17,100,115,117.68,13.56,95.37,139.99,0.0002,0.0002,NOMINAL,2.68
17,101,114,116.91,13.64,94.46,139.35,0.0002,0.0002,NOMINAL,2.91
17,102,113,111.06,13.01,89.67,132.45,0.0002,0.0002,NOMINAL,-1.94
17,103,112,110.67,12.89,89.46,131.88,0.0002,0.0002,NOMINAL,-1.33
17,104,111,108.39,12.19,88.33,128.44,0.0002,0.0002,NOMINAL,-2.61
17,105,110,105.19,11.73,85.89,124.48,0.0002,0.0002,NOMINAL,-4.81
17,106,109,105.24,12.19,85.18,125.3,0.0002,0.0002,NOMINAL,-3.76
17,107,108,96.98,11.42,78.2,115.76,0.0002,0.0004,NOMINAL,-11.02
17,108,107,90.03,10.73,72.38,107.69,0.0002,0.001,NOMINAL,-16.97
17,109,106,89.36,10.75,71.67,107.05,0.0002,0.0012,NOMINAL,-16.64
17,110,105,90.08,10.75,72.39,107.77,0.0002,0.001,NOMINAL,-14.92
17,111,104,87.36,10.56,69.99,104.72,0.0002,0.0018,NOMINAL,-16.64
17,112,103,85.42,10.42,68.28,102.55,0.0002,0.0029,NOMINAL,-17.58
17,113,102,84.92,9.65,69.05,100.8,0.0002,0.0014,NOMINAL,-17.08
17,114,101,85.04,10.36,68.01,102.08,0.0002,0.003,NOMINAL,-15.96
17,115,100,87.64,10.51,70.35,104.94,0.0002,0.0016,NOMINAL,-12.36
17,116,99,85.81,10.49,68.55,103.07,0.0002,0.0028,NOMINAL,-13.19
17,117,98,85.45,10.19,68.69,102.21,0.0002,0.0022,NOMINAL,-12.55
17,118,97,85.09,9.92,68.77,101.42,0.0002,0.0018,NOMINAL,-11.91
17,119,96,83.65,9.54,67.97,99.33,0.0002,0.0019,NOMINAL,-12.35
17,120,95,81.85,9.43,66.35,97.36,0.0002,0.0031,NOMINAL,-13.15
17,121,94,83.12,9.43,67.61,98.62,0.0002,0.002,NOMINAL,-10.88
17,122,93,78.2,9.4,62.73,93.66,0.0002,0.0059,NOMINAL,-14.8
17,123,92,76.14,8.45,62.25,90.04,0.0002,0.005,NOMINAL,-15.86
17,124,91,73.09,9.37,57.68,88.5,0.0002,0.0182,NOMINAL,-17.91
17,125,90,73.49,9.29,58.2,88.78,0.0002,0.0161,NOMINAL,-16.51
17,126,89,69.22,7.92,56.19,82.25,0.0002,0.0201,NOMINAL,-19.78
17,127,88,67.9,7.92,54.88,80.93,0.0002,0.0274,NOMINAL,-20.1
17,128,87,68.94,7.93,55.89,81.99,0.0002,0.0211,NOMINAL,-18.06
17,129,86,68.06,7.92,55.04,81.09,0.0002,0.027,NOMINAL,-17.94
17,130,85,67.98,7.92,54.95,81.0,0.0002,0.0273,NOMINAL,-17.02
17,131,84,66.4,7.85,53.49,79.32,0.0002,0.0363,NOMINAL,-17.6
17,132,83,65.49,7.67,52.86,78.11,0.0002,0.0408,NOMINAL,-17.51
17,133,82,64.32,7.67,51.7,76.94,0.0002,0.0482,NOMINAL,-17.68
17,134,81,68.39,7.85,55.48,81.31,0.0002,0.0241,NOMINAL,-12.61
17,135,80,66.51,7.67,53.89,79.13,0.0002,0.0325,NOMINAL,-13.49
17,136,79,65.27,7.08,53.63,76.91,0.0002,0.0323,NOMINAL,-13.73
17,137,78,66.28,7.85,53.37,79.19,0.0002,0.0368,NOMINAL,-11.72
17,138,77,67.69,7.91,54.69,80.69,0.0002,0.0279,NOMINAL,-9.31
17,139,76,63.76,7.22,51.88,75.63,0.0002,0.046,NOMINAL,-12.24
17,140,75,64.24,7.73,51.53,76.95,0.0002,0.0489,NOMINAL,-10.76
17,141,74,61.71,7.0,50.2,73.22,0.0002,0.0644,NOMINAL,-12.29
17,142,73,64.24,7.33,52.18,76.3,0.0002,0.0444,NOMINAL,-8.76
17,143,72,64.18,7.33,52.12,76.24,0.0002,0.0445,NOMINAL,-7.82
17,144,71,61.67,6.48,51.02,72.32,0.0002,0.052,NOMINAL,-9.33
17,145,70,64.55,7.78,51.76,77.34,0.0002,0.0477,NOMINAL,-5.45
17,146,69,64.0,7.33,51.94,76.06,0.0002,0.0457,NOMINAL,-5.0
17,147,68,66.2,7.78,53.41,78.99,0.0002,0.0364,NOMINAL,-1.8
17,148,67,63.13,6.92,51.75,74.51,0.0002,0.0466,NOMINAL,-3.87
17,149,66,64.2,6.92,52.82,75.58,0.0002,0.0389,NOMINAL,-1.8
17,150,65,65.49,7.33,53.43,77.55,0.0002,0.0357,NOMINAL,0.49
17,151,64,61.7,6.78,50.54,72.86,0.0002,0.0591,NOMINAL,-2.3
17,152,63,59.53,6.36,49.07,70.0,0.0002,0.0838,NOMINAL,-3.47
17,153,62,59.69,6.33,49.28,70.1,0.0002,0.0799,NOMINAL,-2.31
17,154,61,57.63,6.17,47.47,67.78,0.0002,0.1228,NOMINAL,-3.37
17,155,60,57.48,6.17,47.33,67.64,0.0002,0.1292,NOMINAL,-2.52
17,156,59,57.59,6.17,47.43,67.74,0.0002,0.1257,NOMINAL,-1.41
17,157,58,56.64,6.17,46.48,66.79,0.0002,0.1612,NOMINAL,-1.36
17,158,57,54.47,6.04,44.54,64.4,0.0002,0.2626,NOMINAL,-2.53
17,159,56,54.26,5.93,44.5,64.03,0.0002,0.2688,NOMINAL,-1.74
17,160,55,54.58,5.93,44.82,64.34,0.0002,0.2519,NOMINAL,-0.42
17,161,54,54.21,5.93,44.45,63.97,0.0002,0.2718,NOMINAL,0.21
17,162,53,54.31,6.05,44.36,64.26,0.0002,0.271,NOMINAL,1.31
17,163,52,52.18,5.78,42.67,61.7,0.0002,0.4032,NOMINAL,0.18
17,164,51,53.7,5.9,43.99,63.41,0.0002,0.3036,NOMINAL,2.7
17,165,50,52.95,5.9,43.24,62.66,0.0002,0.3568,NOMINAL,2.95
18,52,109,118.78,13.36,96.81,140.76,0.0002,0.0002,NOMINAL,9.78
18,53,108,120.0,13.32,98.08,141.91,0.0002,0.0002,NOMINAL,12.0
18,54,107,120.0,13.32,98.08,141.91,0.0002,0.0002,NOMINAL,13.0
18,55,106,120.99,13.32,99.07,142.9,0.0002,0.0002,NOMINAL,14.99
18,56,105,120.15,13.32,98.23,142.07,0.0002,0.0002,NOMINAL,15.15
18,57,104,121.01,13.32,99.1,142.93,0.0002,0.0002,NOMINAL,17.01
18,58,103,120.99,13.32,99.07,142.9,0.0002,0.0002,NOMINAL,17.99
18,59,102,120.15,13.32,98.23,142.07,0.0002,0.0002,NOMINAL,18.15
18,60,101,119.83,13.32,97.92,141.75,0.0002,0.0002,NOMINAL,18.83
18,61,100,119.77,13.32,97.86,141.69,0.0002,0.0002,NOMINAL,19.77
18,62,99,119.77,13.32,97.86,141.69,0.0002,0.0002,NOMINAL,20.77
18,63,98,116.91,13.58,94.58,139.24,0.0002,0.0002,NOMINAL,18.91
18,64,97,111.35,12.99,89.98,132.72,0.0002,0.0002,NOMINAL,14.35
18,65,96,104.09,11.66,84.91,123.27,0.0002,0.0002,NOMINAL,8.09
18,66,95,104.42,11.66,85.24,123.6,0.0002,0.0002,NOMINAL,9.42
18,67,94,110.17,13.01,88.78,131.57,0.0002,0.0002,NOMINAL,16.17
18,68,93,109.46,12.97,88.12,130.8,0.0002,0.0002,NOMINAL,16.46
18,69,92,111.13,12.99,89.76,132.5,0.0002,0.0002,NOMINAL,19.13
18,70,91,117.13,13.64,94.69,139.57,0.0002,0.0002,NOMINAL,26.13
18,71,90,117.71,13.64,95.26,140.15,0.0002,0.0002,NOMINAL,27.71
18,72,89,119.23,13.57,96.91,141.56,0.0002,0.0002,NOMINAL,30.23
18,73,88,118.91,13.57,96.59,141.24,0.0002,0.0002,NOMINAL,30.91
18,74,87,119.32,13.57,97.0,141.64,0.0002,0.0002,NOMINAL,32.32
18,75,86,118.72,13.36,96.74,140.7,0.0002,0.0002,NOMINAL,32.72
18,76,85,118.96,13.57,96.64,141.29,0.0002,0.0002,NOMINAL,33.96
18,77,84,119.36,13.35,97.4,141.32,0.0002,0.0002,NOMINAL,35.36
18,78,83,120.55,13.32,98.63,142.46,0.0002,0.0002,NOMINAL,37.55
18,79,82,119.04,13.35,97.08,141.01,0.0002,0.0002,NOMINAL,37.04
18,80,81,119.24,13.35,97.28,141.2,0.0002,0.0002,NOMINAL,38.24
18,81,80,118.09,13.56,95.78,140.4,0.0002,0.0002,NOMINAL,38.09
18,82,79,117.16,13.64,94.72,139.6,0.0002,0.0002,NOMINAL,38.16
18,83,78,111.15,13.01,89.76,132.54,0.0002,0.0002,NOMINAL,33.15
18,84,77,109.51,12.46,89.02,130.01,0.0002,0.0002,NOMINAL,32.51
18,85,76,109.52,12.79,88.47,130.56,0.0002,0.0002,NOMINAL,33.52
18,86,75,108.41,12.19,88.35,128.47,0.0002,0.0002,NOMINAL,33.41
18,87,74,108.41,12.19,88.35,128.47,0.0002,0.0002,NOMINAL,34.41
18,88,73,103.89,11.73,84.59,123.18,0.0002,0.0002,NOMINAL,30.89
18,89,72,108.02,12.32,87.75,128.28,0.0002,0.0002,NOMINAL,36.02
18,90,71,111.15,13.01,89.76,132.54,0.0002,0.0002,NOMINAL,40.15
18,91,70,104.15,11.73,84.85,123.45,0.0002,0.0002,NOMINAL,34.15
18,92,69,109.5,12.51,88.92,130.08,0.0002,0.0002,NOMINAL,40.5
18,93,68,103.9,11.73,84.6,123.2,0.0002,0.0002,NOMINAL,35.9
18,94,67,100.24,11.71,80.98,119.49,0.0002,0.0003,NOMINAL,33.24
18,95,66,94.95,11.6,75.87,114.03,0.0002,0.0006,NOMINAL,28.95
18,96,65,96.18,11.73,76.88,115.47,0.0002,0.0005,NOMINAL,31.18
18,97,64,94.18,11.36,75.5,112.86,0.0002,0.0006,NOMINAL,30.18
18,98,63,86.95,11.31,68.34,105.55,0.0002,0.0042,NOMINAL,23.95
18,99,62,85.67,10.3,68.73,102.62,0.0002,0.0023,NOMINAL,23.67
18,100,61,85.57,10.11,68.94,102.21,0.0002,0.0019,NOMINAL,24.57
18,101,60,81.98,9.82,65.82,98.14,0.0002,0.0043,NOMINAL,21.98
18,102,59,80.08,9.59,64.3,95.86,0.0002,0.0048,NOMINAL,21.08
18,103,58,78.52,9.46,62.96,94.07,0.0002,0.0057,NOMINAL,20.52
18,104,57,72.73,8.9,58.08,87.38,0.0002,0.0152,NOMINAL,15.73
18,105,56,73.27,8.9,58.62,87.91,0.0002,0.0118,NOMINAL,17.27
18,106,55,68.23,8.5,54.24,82.21,0.0002,0.0327,NOMINAL,13.23
18,107,54,70.89,9.32,55.57,86.21,0.0002,0.0276,NOMINAL,16.89
18,108,53,71.16,8.45,57.27,85.06,0.0002,0.0169,NOMINAL,18.16
18,109,52,71.74,7.98,58.62,84.87,0.0002,0.0087,NOMINAL,19.74
18,110,51,69.23,7.95,56.14,82.31,0.0002,0.0205,NOMINAL,18.23
18,111,50,67.74,7.95,54.65,80.82,0.0002,0.0283,NOMINAL,17.74
18,112,49,66.02,7.78,53.23,78.81,0.0002,0.038,NOMINAL,17.02
18,113,48,61.26,6.9,49.91,72.61,0.0002,0.0676,NOMINAL,13.26
18,114,47,62.18,7.04,50.61,73.76,0.0002,0.0585,NOMINAL,15.18
18,115,46,61.73,7.0,50.22,73.24,0.0002,0.0643,NOMINAL,15.73
18,116,45,60.37,6.86,49.09,71.66,0.0002,0.0817,NOMINAL,15.37
18,117,44,56.62,6.66,45.67,67.58,0.0002,0.1846,NOMINAL,12.62
18,118,43,55.19,6.66,44.24,66.15,0.0002,0.2494,NOMINAL,12.19
18,119,42,53.18,6.57,42.37,63.99,0.0002,0.3624,NOMINAL,11.18
18,120,41,51.89,6.57,41.08,62.7,0.0002,0.4397,NOMINAL,10.89
18,121,40,48.28,5.78,38.77,57.8,0.0002,0.6747,MONITOR,8.28
18,122,39,47.47,5.8,37.94,57.01,0.0002,0.7289,MONITOR,8.47
18,123,38,48.25,5.92,38.52,57.99,0.0002,0.6746,MONITOR,10.25
18,124,37,46.64,5.69,37.27,56.0,0.0002,0.7793,WARNING,9.64
18,125,36,46.62,5.8,37.08,56.16,0.0002,0.7768,WARNING,10.62
18,126,35,41.51,5.29,32.8,50.21,0.0004,0.9384,WARNING,6.51
18,127,34,41.74,5.22,33.15,50.32,0.0003,0.936,WARNING,7.74
18,128,33,41.71,5.22,33.13,50.3,0.0003,0.9371,WARNING,8.71
18,129,32,40.11,4.74,32.3,47.91,0.0003,0.9678,WARNING,8.11
18,130,31,39.21,4.69,31.49,46.93,0.0004,0.9748,WARNING,8.21
18,131,30,38.81,4.68,31.11,46.5,0.0004,0.9775,WARNING,8.81
18,132,29,37.14,4.65,29.49,44.79,0.0011,0.9902,WARNING,8.14
18,133,28,33.73,3.91,27.29,40.16,0.002,0.9998,WARNING,5.73
19,52,125,120.08,12.27,99.9,140.27,0.0002,0.0002,NOMINAL,-4.92
19,53,125,120.63,11.63,101.5,139.75,0.0002,0.0002,NOMINAL,-4.37
19,54,125,119.85,12.04,100.05,139.65,0.0002,0.0002,NOMINAL,-5.15
19,55,125,121.05,10.92,103.08,139.01,0.0002,0.0002,NOMINAL,-3.95
19,56,125,122.25,9.11,107.27,137.23,0.0002,0.0002,NOMINAL,-2.75
19,57,125,120.63,11.85,101.13,140.12,0.0002,0.0002,NOMINAL,-4.37
19,58,125,120.48,11.53,101.52,139.45,0.0002,0.0002,NOMINAL,-4.52
19,59,125,120.08,12.04,100.28,139.89,0.0002,0.0002,NOMINAL,-4.92
19,60,125,120.37,10.97,102.33,138.41,0.0002,0.0002,NOMINAL,-4.63
19,61,125,120.04,12.27,99.85,140.23,0.0002,0.0002,NOMINAL,-4.96
19,62,125,120.08,12.27,99.9,140.27,0.0002,0.0002,NOMINAL,-4.92
19,63,125,120.91,9.62,105.1,136.73,0.0002,0.0002,NOMINAL,-4.09
19,64,125,119.3,13.02,97.89,140.72,0.0002,0.0002,NOMINAL,-5.7
19,65,125,122.24,9.95,105.87,138.6,0.0002,0.0002,NOMINAL,-2.76
19,66,125,119.07,13.02,97.65,140.48,0.0002,0.0002,NOMINAL,-5.93
19,67,125,118.59,13.27,96.76,140.42,0.0002,0.0002,NOMINAL,-6.41
19,68,125,120.25,11.18,101.86,138.63,0.0002,0.0002,NOMINAL,-4.75
19,69,125,118.81,13.02,97.39,140.22,0.0002,0.0002,NOMINAL,-6.19
19,70,125,118.59,13.02,97.17,140.0,0.0002,0.0002,NOMINAL,-6.41
19,71,125,119.65,11.51,100.71,138.59,0.0002,0.0002,NOMINAL,-5.35
19,72,125,119.19,13.02,97.78,140.61,0.0002,0.0002,NOMINAL,-5.81
19,73,125,120.21,13.02,98.79,141.62,0.0002,0.0002,NOMINAL,-4.79
19,74,125,119.54,12.09,99.66,139.42,0.0002,0.0002,NOMINAL,-5.46
19,75,125,120.3,13.07,98.8,141.8,0.0002,0.0002,NOMINAL,-4.7
19,76,125,117.63,13.57,95.3,139.95,0.0002,0.0002,NOMINAL,-7.37
19,77,125,120.27,13.56,97.96,142.58,0.0002,0.0002,NOMINAL,-4.73
19,78,125,119.67,13.32,97.75,141.58,0.0002,0.0002,NOMINAL,-5.33
19,79,125,120.49,13.27,98.67,142.32,0.0002,0.0002,NOMINAL,-4.51
19,80,125,119.77,13.35,97.81,141.73,0.0002,0.0002,NOMINAL,-5.23
19,81,125,120.31,13.56,98.01,142.62,0.0002,0.0002,NOMINAL,-4.69
19,82,125,119.71,13.57,97.38,142.03,0.0002,0.0002,NOMINAL,-5.29
19,83,125,117.04,13.57,94.71,139.36,0.0002,0.0002,NOMINAL,-7.96
19,84,125,115.33,13.58,93.0,137.66,0.0002,0.0002,NOMINAL,-9.67
19,85,125,110.17,13.01,88.78,131.56,0.0002,0.0002,NOMINAL,-14.83
19,86,125,108.84,12.79,87.8,129.89,0.0002,0.0002,NOMINAL,-16.16
19,87,125,103.93,11.66,84.75,123.11,0.0002,0.0002,NOMINAL,-21.07
19,88,125,101.64,11.66,82.46,120.82,0.0002,0.0002,NOMINAL,-23.36
19,89,125,102.58,11.66,83.4,121.76,0.0002,0.0002,NOMINAL,-22.42
19,90,125,108.32,12.46,87.82,128.81,0.0002,0.0002,NOMINAL,-16.68
19,91,125,111.06,12.98,89.72,132.4,0.0002,0.0002,NOMINAL,-13.94
19,92,125,108.56,12.35,88.25,128.86,0.0002,0.0002,NOMINAL,-16.44
19,93,125,108.19,12.52,87.6,128.77,0.0002,0.0002,NOMINAL,-16.81
19,94,125,110.15,13.01,88.76,131.54,0.0002,0.0002,NOMINAL,-14.85
19,95,125,115.03,13.58,92.7,137.36,0.0002,0.0002,NOMINAL,-9.97
19,96,125,108.88,12.46,88.39,129.38,0.0002,0.0002,NOMINAL,-16.12
19,97,125,110.37,13.01,88.98,131.76,0.0002,0.0002,NOMINAL,-14.63
19,98,124,111.89,13.01,90.5,133.28,0.0002,0.0002,NOMINAL,-12.11
19,99,123,104.81,11.66,85.63,123.99,0.0002,0.0002,NOMINAL,-18.19
19,100,122,104.52,11.66,85.34,123.7,0.0002,0.0002,NOMINAL,-17.48
19,101,121,99.58,11.66,80.4,118.76,0.0002,0.0003,NOMINAL,-21.42
19,102,120,113.85,13.47,91.69,136.01,0.0002,0.0002,NOMINAL,-6.15
19,103,119,117.75,13.64,95.31,140.2,0.0002,0.0002,NOMINAL,-1.25
19,104,118,117.62,13.58,95.29,139.95,0.0002,0.0002,NOMINAL,-0.38
19,105,117,118.05,13.57,95.73,140.38,0.0002,0.0002,NOMINAL,1.05
19,106,116,117.75,13.64,95.31,140.2,0.0002,0.0002,NOMINAL,1.75
19,107,115,109.1,12.46,88.61,129.6,0.0002,0.0002,NOMINAL,-5.9
19,108,114,105.04,11.66,85.86,124.22,0.0002,0.0002,NOMINAL,-8.96
19,109,113,106.95,11.66,87.77,126.13,0.0002,0.0002,NOMINAL,-6.05
19,110,112,111.36,13.01,89.97,132.75,0.0002,0.0002,NOMINAL,-0.64
19,111,111,109.3,12.24,89.16,129.43,0.0002,0.0002,NOMINAL,-1.7
19,112,110,115.31,13.42,93.24,137.38,0.0002,0.0002,NOMINAL,5.31
19,113,109,110.77,13.01,89.38,132.16,0.0002,0.0002,NOMINAL,1.77
19,114,108,109.1,12.46,88.61,129.6,0.0002,0.0002,NOMINAL,1.1
19,115,107,95.15,11.66,75.97,114.33,0.0002,0.0006,NOMINAL,-11.85
19,116,106,93.66,11.35,74.99,112.32,0.0002,0.0007,NOMINAL,-12.34
19,117,105,91.31,11.24,72.82,109.8,0.0002,0.0012,NOMINAL,-13.69
19,118,104,88.79,11.24,70.3,107.27,0.0002,0.0024,NOMINAL,-15.21
19,119,103,93.66,11.24,75.17,112.15,0.0002,0.0006,NOMINAL,-9.34
19,120,102,96.25,11.29,77.68,114.81,0.0002,0.0004,NOMINAL,-5.75
19,121,101,100.88,11.62,81.76,120.0,0.0002,0.0003,NOMINAL,-0.12
19,122,100,110.67,12.49,90.13,131.22,0.0002,0.0002,NOMINAL,10.67
19,123,99,117.71,13.64,95.26,140.15,0.0002,0.0002,NOMINAL,18.71
19,124,98,115.35,13.37,93.36,137.34,0.0002,0.0002,NOMINAL,17.35
19,125,97,98.55,11.69,79.32,117.79,0.0002,0.0003,NOMINAL,1.55
19,126,96,102.6,11.62,83.48,121.72,0.0002,0.0002,NOMINAL,6.6
19,127,95,106.23,12.17,86.22,126.24,0.0002,0.0002,NOMINAL,11.23
19,128,94,95.43,11.33,76.79,114.07,0.0002,0.0005,NOMINAL,1.43
19,129,93,89.23,11.29,70.66,107.79,0.0002,0.0022,NOMINAL,-3.77
19,130,92,91.25,11.29,72.68,109.81,0.0002,0.0012,NOMINAL,-0.75
19,131,91,88.58,10.99,70.49,106.66,0.0002,0.002,NOMINAL,-2.42
19,132,90,88.29,10.95,70.28,106.3,0.0002,0.0021,NOMINAL,-1.71
19,133,89,85.88,10.11,69.24,102.51,0.0002,0.0017,NOMINAL,-3.12
19,134,88,83.24,10.11,66.6,99.87,0.0002,0.0042,NOMINAL,-4.76
19,135,87,79.1,9.71,63.14,95.07,0.0002,0.0059,NOMINAL,-7.9
20,52,125,121.58,11.18,103.19,139.96,0.0002,0.0002,NOMINAL,-3.42
20,53,125,121.9,10.97,103.87,139.94,0.0002,0.0002,NOMINAL,-3.1
20,54,125,121.46,11.86,101.95,140.96,0.0002,0.0002,NOMINAL,-3.54
20,55,125,121.42,12.09,101.53,141.3,0.0002,0.0002,NOMINAL,-3.58
20,56,125,121.32,12.09,101.44,141.2,0.0002,0.0002,NOMINAL,-3.68
20,57,125,122.04,10.97,104.0,140.07,0.0002,0.0002,NOMINAL,-2.96
20,58,125,121.28,11.86,101.77,140.78,0.0002,0.0002,NOMINAL,-3.72
20,59,125,120.31,13.53,98.05,142.57,0.0002,0.0002,NOMINAL,-4.69
20,60,125,120.58,13.32,98.67,142.5,0.0002,0.0002,NOMINAL,-4.42
20,61,125,121.14,11.66,101.97,140.32,0.0002,0.0002,NOMINAL,-3.86
20,62,125,121.0,13.07,99.5,142.5,0.0002,0.0002,NOMINAL,-4.0
20,63,125,120.04,13.56,97.73,142.35,0.0002,0.0002,NOMINAL,-4.96
20,64,125,118.37,13.56,96.06,140.68,0.0002,0.0002,NOMINAL,-6.63
20,65,125,119.87,13.32,97.96,141.79,0.0002,0.0002,NOMINAL,-5.13
20,66,125,120.75,13.07,99.25,142.24,0.0002,0.0002,NOMINAL,-4.25
20,67,125,121.4,11.1,103.13,139.66,0.0002,0.0002,NOMINAL,-3.6
20,68,125,121.5,10.97,103.45,139.55,0.0002,0.0002,NOMINAL,-3.5
20,69,125,121.42,11.1,103.16,139.68,0.0002,0.0002,NOMINAL,-3.58
20,70,125,122.7,8.85,108.14,137.27,0.0002,0.0002,NOMINAL,-2.3
20,71,125,123.48,7.69,110.83,136.12,0.0002,0.0002,NOMINAL,-1.52
20,72,125,121.93,10.24,105.09,138.76,0.0002,0.0002,NOMINAL,-3.07
20,73,125,121.09,11.73,101.79,140.39,0.0002,0.0002,NOMINAL,-3.91
20,74,125,121.63,11.73,102.33,140.93,0.0002,0.0002,NOMINAL,-3.37
20,75,125,122.36,9.2,107.22,137.5,0.0002,0.0002,NOMINAL,-2.64
20,76,124,122.36,9.71,106.4,138.33,0.0002,0.0002,NOMINAL,-1.64
20,77,123,122.94,9.2,107.79,138.08,0.0002,0.0002,NOMINAL,-0.06
20,78,122,121.77,11.59,102.71,140.84,0.0002,0.0002,NOMINAL,-0.23
20,79,121,123.16,6.0,113.3,133.03,0.0002,0.0002,NOMINAL,2.16
20,80,120,122.02,10.5,104.76,139.28,0.0002,0.0002,NOMINAL,2.02
20,81,119,118.36,13.56,96.05,140.67,0.0002,0.0002,NOMINAL,-0.64
20,82,118,118.02,13.56,95.71,140.33,0.0002,0.0002,NOMINAL,0.02
20,83,117,119.73,11.78,100.35,139.11,0.0002,0.0002,NOMINAL,2.73
20,84,116,119.76,11.78,100.39,139.14,0.0002,0.0002,NOMINAL,3.76
20,85,115,119.73,12.01,99.98,139.49,0.0002,0.0002,NOMINAL,4.73
20,86,114,119.6,12.01,99.84,139.35,0.0002,0.0002,NOMINAL,5.6
20,87,113,118.15,13.56,95.84,140.46,0.0002,0.0002,NOMINAL,5.15
20,88,112,120.34,11.78,100.96,139.72,0.0002,0.0002,NOMINAL,8.34
20,89,111,119.12,13.53,96.86,141.38,0.0002,0.0002,NOMINAL,8.12
20,90,110,117.68,13.64,95.25,140.11,0.0002,0.0002,NOMINAL,7.68
20,91,109,117.07,13.66,94.6,139.54,0.0002,0.0002,NOMINAL,8.07
20,92,108,110.8,12.9,89.57,132.03,0.0002,0.0002,NOMINAL,2.8
20,93,107,109.62,12.45,89.14,130.1,0.0002,0.0002,NOMINAL,2.62
20,94,106,109.22,12.38,88.85,129.58,0.0002,0.0002,NOMINAL,3.22
20,95,105,108.22,12.32,87.96,128.49,0.0002,0.0002,NOMINAL,3.22
20,96,104,110.79,12.54,90.16,131.42,0.0002,0.0002,NOMINAL,6.79
20,97,103,109.54,12.32,89.28,129.8,0.0002,0.0002,NOMINAL,6.54
20,98,102,107.54,12.15,87.55,127.53,0.0002,0.0002,NOMINAL,5.54
20,99,101,98.79,11.62,79.67,117.9,0.0002,0.0003,NOMINAL,-2.21
20,100,100,100.49,12.07,80.64,120.33,0.0002,0.0003,NOMINAL,0.49
20,101,99,106.31,12.08,86.45,126.18,0.0002,0.0002,NOMINAL,7.31
20,102,98,95.27,11.29,76.7,113.83,0.0002,0.0005,NOMINAL,-2.73
20,103,97,109.28,12.45,88.8,129.76,0.0002,0.0002,NOMINAL,12.28
20,104,96,109.28,12.78,88.26,130.31,0.0002,0.0002,NOMINAL,13.28
20,105,95,106.05,12.08,86.18,125.92,0.0002,0.0002,NOMINAL,11.05
20,106,94,105.01,12.2,84.93,125.08,0.0002,0.0002,NOMINAL,11.01
20,107,93,100.66,11.6,81.58,119.74,0.0002,0.0003,NOMINAL,7.66
20,108,92,107.62,12.08,87.75,127.49,0.0002,0.0002,NOMINAL,15.62
20,109,91,112.17,13.06,90.69,133.64,0.0002,0.0002,NOMINAL,21.17
20,110,90,110.55,12.9,89.32,131.78,0.0002,0.0002,NOMINAL,20.55
20,111,89,112.17,13.09,90.64,133.69,0.0002,0.0002,NOMINAL,23.17
20,112,88,102.9,11.71,83.64,122.15,0.0002,0.0002,NOMINAL,14.9
20,113,87,102.44,11.69,83.21,121.67,0.0002,0.0002,NOMINAL,15.44
20,114,86,95.32,11.36,76.63,114.02,0.0002,0.0005,NOMINAL,9.32
20,115,85,94.13,11.29,75.57,112.7,0.0002,0.0006,NOMINAL,9.13
20,116,84,98.13,11.6,79.05,117.21,0.0002,0.0003,NOMINAL,14.13
20,117,83,103.0,12.08,83.13,122.87,0.0002,0.0003,NOMINAL,20.0
20,118,82,107.85,12.21,87.76,127.93,0.0002,0.0002,NOMINAL,25.85
20,119,81,108.81,12.94,87.53,130.09,0.0002,0.0002,NOMINAL,27.81
20,120,80,110.18,12.96,88.86,131.5,0.0002,0.0002,NOMINAL,30.18
20,121,79,118.56,13.62,96.16,140.96,0.0002,0.0002,NOMINAL,39.56
20,122,78,118.22,13.64,95.79,140.64,0.0002,0.0002,NOMINAL,40.22
20,123,77,118.39,13.64,95.97,140.82,0.0002,0.0002,NOMINAL,41.39
20,124,76,112.26,13.09,90.74,133.79,0.0002,0.0002,NOMINAL,36.26
20,125,75,111.05,12.57,90.38,131.73,0.0002,0.0002,NOMINAL,36.05
20,126,74,97.93,11.72,78.66,117.21,0.0002,0.0004,NOMINAL,23.93
20,127,73,95.74,11.38,77.03,114.46,0.0002,0.0004,NOMINAL,22.74
20,128,72,90.99,10.93,73.02,108.96,0.0002,0.0009,NOMINAL,18.99
20,129,71,88.18,10.75,70.49,105.87,0.0002,0.0017,NOMINAL,17.18
20,130,70,86.88,10.75,69.2,104.57,0.0002,0.0026,NOMINAL,16.88
20,131,69,83.41,10.75,65.72,101.1,0.0002,0.0049,NOMINAL,14.41
20,132,68,82.03,10.37,64.98,99.08,0.0002,0.005,NOMINAL,14.03
20,133,67,81.19,10.01,64.72,97.66,0.0002,0.0049,NOMINAL,14.19
20,134,66,77.83,9.28,62.57,93.09,0.0002,0.0059,NOMINAL,11.83
20,135,65,77.6,8.45,63.7,91.5,0.0002,0.0042,NOMINAL,12.6
20,136,64,77.73,8.45,63.83,91.63,0.0002,0.0042,NOMINAL,13.73
20,137,63,77.41,8.45,63.52,91.31,0.0002,0.0043,NOMINAL,14.41
20,138,62,74.86,8.45,60.97,88.76,0.0002,0.0064,NOMINAL,12.86
20,139,61,73.2,8.45,59.3,87.1,0.0002,0.0082,NOMINAL,12.2
20,140,60,71.95,8.45,58.05,85.85,0.0002,0.0129,NOMINAL,11.95
20,141,59,70.52,8.45,56.62,84.41,0.0002,0.02,NOMINAL,11.52
20,142,58,69.16,8.44,55.29,83.04,0.0002,0.0273,NOMINAL,11.16
20,143,57,67.92,8.25,54.35,81.48,0.0002,0.0318,NOMINAL,10.92
20,144,56,66.2,6.78,55.04,77.36,0.0002,0.0211,NOMINAL,10.2
20,145,55,63.25,6.78,52.1,74.41,0.0002,0.0442,NOMINAL,8.25
20,146,54,65.36,6.92,53.98,76.74,0.0002,0.0287,NOMINAL,11.36
20,147,53,61.06,6.57,50.25,71.87,0.0002,0.0633,NOMINAL,8.06
20,148,52,56.4,6.33,45.99,66.81,0.0002,0.1798,NOMINAL,4.4
20,149,51,55.31,6.31,44.93,65.69,0.0002,0.2303,NOMINAL,4.31
20,150,50,53.15,6.16,43.03,63.28,0.0002,0.3515,NOMINAL,3.15
20,151,49,53.36,6.07,43.37,63.35,0.0002,0.3333,NOMINAL,4.36
20,152,48,49.7,5.71,40.31,59.09,0.0002,0.5721,MONITOR,1.7
20,153,47,46.91,5.13,38.47,55.35,0.0002,0.7843,WARNING,-0.09
20,154,46,45.73,5.17,37.23,54.24,0.0002,0.8343,WARNING,-0.27
20,155,45,44.97,4.77,37.12,52.82,0.0002,0.873,WARNING,-0.03
20,156,44,41.93,4.44,34.63,49.23,0.0002,0.9552,WARNING,-2.07
20,157,43,41.14,4.44,33.84,48.44,0.0002,0.9621,WARNING,-1.86
20,158,42,39.34,4.32,32.24,46.44,0.0002,0.9801,WARNING,-2.66
20,159,41,38.58,4.32,31.48,45.68,0.0003,0.9866,WARNING,-2.42
20,160,40,36.95,4.32,29.84,44.06,0.0006,0.9959,WARNING,-3.05
20,161,39,38.16,4.33,31.03,45.29,0.0003,0.9895,WARNING,-0.84
20,162,38,35.07,4.17,28.21,41.92,0.0014,0.9997,WARNING,-2.93
20,163,37,36.2,4.3,29.12,43.28,0.0009,0.9985,WARNING,-0.8
20,164,36,35.57,4.2,28.66,42.47,0.001,0.9996,WARNING,-0.43
20,165,35,35.87,4.38,28.65,43.08,0.0014,0.9987,WARNING,0.87
20,166,34,35.57,4.18,28.7,42.43,0.001,0.9996,WARNING,1.57
20,167,33,35.49,4.2,28.57,42.4,0.0011,0.9996,WARNING,2.49
20,168,32,32.74,4.17,25.88,39.59,0.0053,0.9998,WARNING,0.74
20,169,31,31.23,4.22,24.28,38.17,0.0097,0.9998,WARNING,0.23
20,170,30,30.8,4.29,23.74,37.87,0.0166,0.9998,WARNING,0.8
20,171,29,29.98,4.4,22.74,37.21,0.0273,0.9998,WARNING,0.98
20,172,28,29.27,4.44,21.96,36.57,0.0364,0.9998,WARNING,1.27
20,173,27,28.4,3.94,21.92,34.88,0.0336,0.9998,WARNING,1.4
20,174,26,27.13,4.01,20.54,33.73,0.0537,0.9998,WARNING,1.13
20,175,25,27.14,4.01,20.54,33.73,0.0536,0.9998,WARNING,2.14
20,176,24,26.07,3.88,19.69,32.45,0.0756,0.9998,WARNING,2.07
20,177,23,26.18,3.76,20.0,32.36,0.0664,0.9998,WARNING,3.18
20,178,22,25.23,3.67,19.2,31.27,0.0907,0.9998,WARNING,3.23
20,179,21,23.63,3.41,18.03,29.23,0.1638,0.9998,WARNING,2.63
20,180,20,20.0,3.12,14.86,25.13,0.5496,0.9998,WARNING,-0.0
20,181,19,19.66,2.95,14.8,24.52,0.5964,0.9998,WARNING,0.66
20,182,18,18.96,2.76,14.43,23.49,0.7067,0.9998,WARNING,0.96
20,183,17,15.67,2.4,11.73,19.62,0.9542,0.9998,CRITICAL,-1.33
20,184,16,14.15,2.47,10.09,18.2,0.9768,0.9998,CRITICAL,-1.85
21,52,125,118.27,13.32,96.35,140.19,0.0002,0.0002,NOMINAL,-6.73
21,53,125,118.79,13.32,96.87,140.71,0.0002,0.0002,NOMINAL,-6.21
21,54,125,119.37,13.32,97.46,141.29,0.0002,0.0002,NOMINAL,-5.63
21,55,125,118.17,13.32,96.26,140.09,0.0002,0.0002,NOMINAL,-6.83
21,56,125,118.99,13.33,97.06,140.92,0.0002,0.0002,NOMINAL,-6.01
21,57,125,118.97,13.02,97.56,140.39,0.0002,0.0002,NOMINAL,-6.03
21,58,125,118.81,13.27,96.98,140.64,0.0002,0.0002,NOMINAL,-6.19
21,59,125,119.37,13.32,97.46,141.29,0.0002,0.0002,NOMINAL,-5.63
21,60,125,118.75,13.57,96.43,141.08,0.0002,0.0002,NOMINAL,-6.25
21,61,125,119.67,13.32,97.75,141.58,0.0002,0.0002,NOMINAL,-5.33
21,62,125,119.37,13.32,97.46,141.29,0.0002,0.0002,NOMINAL,-5.63
21,63,125,118.88,13.27,97.05,140.71,0.0002,0.0002,NOMINAL,-6.12
21,64,125,119.67,13.32,97.75,141.58,0.0002,0.0002,NOMINAL,-5.33
21,65,125,118.88,13.27,97.05,140.71,0.0002,0.0002,NOMINAL,-6.12
21,66,125,119.65,12.04,99.84,139.45,0.0002,0.0002,NOMINAL,-5.35
21,67,125,119.56,13.02,98.14,140.97,0.0002,0.0002,NOMINAL,-5.44
21,68,125,119.81,12.19,99.76,139.86,0.0002,0.0002,NOMINAL,-5.19
21,69,125,120.61,11.06,102.43,138.8,0.0002,0.0002,NOMINAL,-4.39
21,70,125,120.61,11.63,101.49,139.73,0.0002,0.0002,NOMINAL,-4.39
21,71,125,120.11,11.63,100.99,139.23,0.0002,0.0002,NOMINAL,-4.89
21,72,125,122.25,8.72,107.9,136.6,0.0002,0.0002,NOMINAL,-2.75
21,73,125,123.65,4.67,115.97,131.33,0.0002,0.0002,NOMINAL,-1.35
21,74,125,122.47,5.15,114.0,130.93,0.0002,0.0002,NOMINAL,-2.53
21,75,125,122.42,3.03,117.44,127.4,0.0002,0.0002,NOMINAL,-2.58
21,76,125,122.34,3.03,117.36,127.32,0.0002,0.0002,NOMINAL,-2.66
21,77,125,121.82,3.29,116.42,127.22,0.0002,0.0002,NOMINAL,-3.18
21,78,125,123.17,4.66,115.5,130.85,0.0002,0.0002,NOMINAL,-1.83
21,79,125,123.91,2.33,120.08,127.74,0.0002,0.0002,NOMINAL,-1.09
21,80,125,124.26,2.33,120.43,128.09,0.0002,0.0002,NOMINAL,-0.74
21,81,124,124.73,1.83,121.72,127.73,0.0002,0.0002,NOMINAL,0.73
21,82,123,124.19,2.33,120.36,128.02,0.0002,0.0002,NOMINAL,1.19
21,83,122,123.51,2.98,118.61,128.41,0.0002,0.0002,NOMINAL,1.51
21,84,121,123.39,4.24,116.43,130.36,0.0002,0.0002,NOMINAL,2.39
21,85,120,123.57,3.83,117.26,129.87,0.0002,0.0002,NOMINAL,3.57
21,86,119,123.17,4.69,115.46,130.88,0.0002,0.0002,NOMINAL,4.17
21,87,118,123.8,3.94,117.33,130.28,0.0002,0.0002,NOMINAL,5.8
21,88,117,123.4,4.86,115.4,131.4,0.0002,0.0002,NOMINAL,6.4
21,89,116,123.05,4.66,115.38,130.72,0.0002,0.0002,NOMINAL,7.05
21,90,115,124.26,2.54,120.08,128.44,0.0002,0.0002,NOMINAL,9.26
21,91,114,123.78,2.16,120.22,127.34,0.0002,0.0002,NOMINAL,9.78
21,92,113,124.0,4.28,116.97,131.04,0.0002,0.0002,NOMINAL,11.0
21,93,112,123.35,5.07,115.02,131.69,0.0002,0.0002,NOMINAL,11.35
21,94,111,124.0,3.68,117.95,130.05,0.0002,0.0002,NOMINAL,13.0
21,95,110,124.0,3.68,117.95,130.05,0.0002,0.0002,NOMINAL,14.0
21,96,109,123.83,4.67,116.15,131.51,0.0002,0.0002,NOMINAL,14.83
21,97,108,124.0,3.86,117.65,130.35,0.0002,0.0002,NOMINAL,16.0
21,98,107,123.36,4.62,115.76,130.95,0.0002,0.0002,NOMINAL,16.36
21,99,106,123.94,3.86,117.59,130.29,0.0002,0.0002,NOMINAL,17.94
21,100,105,123.14,7.09,111.48,134.79,0.0002,0.0002,NOMINAL,18.14
21,101,104,120.62,10.76,102.93,138.31,0.0002,0.0002,NOMINAL,16.62
21,102,103,120.38,11.81,100.95,139.8,0.0002,0.0002,NOMINAL,17.38
21,103,102,121.38,8.44,107.5,135.25,0.0002,0.0002,NOMINAL,19.38
21,104,101,120.98,9.26,105.74,136.21,0.0002,0.0002,NOMINAL,19.98
21,105,100,122.72,7.8,109.89,135.55,0.0002,0.0002,NOMINAL,22.72
21,106,99,121.2,9.26,105.96,136.43,0.0002,0.0002,NOMINAL,22.2
21,107,98,119.44,13.32,97.53,141.36,0.0002,0.0002,NOMINAL,21.44
21,108,97,119.36,11.86,99.85,138.86,0.0002,0.0002,NOMINAL,22.36
21,109,96,117.51,13.57,95.19,139.84,0.0002,0.0002,NOMINAL,21.51
21,110,95,116.97,13.57,94.64,139.29,0.0002,0.0002,NOMINAL,21.97
21,111,94,116.68,13.64,94.23,139.12,0.0002,0.0002,NOMINAL,22.68
21,112,93,104.1,11.66,84.92,123.28,0.0002,0.0002,NOMINAL,11.1
21,113,92,100.47,11.66,81.29,119.65,0.0002,0.0003,NOMINAL,8.47
21,114,91,97.58,11.66,78.4,116.76,0.0002,0.0004,NOMINAL,6.58
21,115,90,100.78,11.66,81.6,119.96,0.0002,0.0003,NOMINAL,10.78
21,116,89,94.02,11.32,75.4,112.64,0.0002,0.0006,NOMINAL,5.02
21,117,88,91.71,11.24,73.23,110.2,0.0002,0.001,NOMINAL,3.71
21,118,87,87.64,11.24,69.15,106.13,0.0002,0.0034,NOMINAL,0.64
21,119,86,86.48,11.05,68.31,104.66,0.0002,0.004,NOMINAL,0.48
21,120,85,86.62,11.24,68.14,105.11,0.0002,0.0043,NOMINAL,1.62
21,121,84,85.84,10.62,68.37,103.3,0.0002,0.0031,NOMINAL,1.84
21,122,83,80.08,10.11,63.45,96.72,0.0002,0.0061,NOMINAL,-2.92
21,123,82,78.77,10.11,62.14,95.41,0.0002,0.0072,NOMINAL,-3.23
21,124,81,77.71,9.41,62.24,93.18,0.0002,0.0063,NOMINAL,-3.29
21,125,80,74.15,9.96,57.77,90.53,0.0002,0.0201,NOMINAL,-5.85
21,126,79,73.32,9.96,56.94,89.69,0.0002,0.0242,NOMINAL,-5.68
21,127,78,71.47,9.17,56.39,86.55,0.0002,0.0242,NOMINAL,-6.53
21,128,77,69.71,8.93,55.02,84.4,0.0002,0.0291,NOMINAL,-7.29
21,129,76,70.13,8.93,55.43,84.82,0.0002,0.0275,NOMINAL,-5.87
21,130,75,71.6,8.88,56.99,86.22,0.0002,0.0198,NOMINAL,-3.4
21,131,74,67.12,8.9,52.48,81.77,0.0002,0.0451,NOMINAL,-6.88
21,132,73,65.44,8.62,51.25,79.62,0.0002,0.053,NOMINAL,-7.56
21,133,72,67.16,8.89,52.54,81.78,0.0002,0.0448,NOMINAL,-4.84
21,134,71,68.41,8.84,53.87,82.95,0.0002,0.0365,NOMINAL,-2.59
21,135,70,68.62,8.79,54.17,83.08,0.0002,0.0353,NOMINAL,-1.38
21,136,69,71.12,9.41,55.64,86.59,0.0002,0.0276,NOMINAL,2.12
21,137,68,77.81,9.71,61.84,93.78,0.0002,0.007,NOMINAL,9.81
21,138,67,77.24,9.88,60.98,93.49,0.0002,0.0081,NOMINAL,10.24
21,139,66,75.07,9.43,59.56,90.57,0.0002,0.0097,NOMINAL,9.07
21,140,65,68.91,8.86,54.35,83.48,0.0002,0.0334,NOMINAL,3.91
21,141,64,68.77,8.9,54.12,83.41,0.0002,0.036,NOMINAL,4.77
21,142,63,67.36,8.85,52.8,81.92,0.0002,0.044,NOMINAL,4.36
21,143,62,66.4,8.75,52.02,80.79,0.0002,0.0475,NOMINAL,4.4
21,144,61,63.49,7.88,50.53,76.45,0.0002,0.0595,NOMINAL,2.49
21,145,60,63.52,7.83,50.63,76.4,0.0002,0.0591,NOMINAL,3.52
21,146,59,62.12,6.95,50.69,73.55,0.0002,0.0575,NOMINAL,3.12
21,147,58,58.9,6.85,47.64,70.17,0.0002,0.109,NOMINAL,0.9
21,148,57,56.94,6.49,46.27,67.61,0.0002,0.163,NOMINAL,-0.06
23,52,125,123.72,2.5,119.62,127.82,0.0002,0.0002,NOMINAL,-1.28
23,53,125,123.59,2.7,119.16,128.03,0.0002,0.0002,NOMINAL,-1.41
23,54,125,122.25,2.8,117.65,126.86,0.0002,0.0002,NOMINAL,-2.75
23,55,125,122.25,2.8,117.66,126.85,0.0002,0.0002,NOMINAL,-2.75
23,56,125,123.71,2.49,119.62,127.81,0.0002,0.0002,NOMINAL,-1.29
23,57,125,124.1,2.51,119.97,128.23,0.0002,0.0002,NOMINAL,-0.9
23,58,125,124.22,2.51,120.09,128.35,0.0002,0.0002,NOMINAL,-0.78
23,59,125,123.57,2.69,119.14,127.99,0.0002,0.0002,NOMINAL,-1.43
23,60,125,123.59,2.49,119.5,127.68,0.0002,0.0002,NOMINAL,-1.41
23,61,125,123.99,2.69,119.58,128.41,0.0002,0.0002,NOMINAL,-1.01
23,62,125,123.24,3.09,118.16,128.33,0.0002,0.0002,NOMINAL,-1.76
23,63,125,123.99,2.68,119.59,128.4,0.0002,0.0002,NOMINAL,-1.01
23,64,125,123.99,2.41,120.03,127.96,0.0002,0.0002,NOMINAL,-1.01
23,65,125,125.08,1.89,121.96,128.19,0.0002,0.0002,NOMINAL,0.08
23,66,125,124.5,1.87,121.43,127.58,0.0002,0.0002,NOMINAL,-0.5
23,67,125,124.12,2.44,120.1,128.14,0.0002,0.0002,NOMINAL,-0.88
23,68,125,123.99,2.44,119.97,128.01,0.0002,0.0002,NOMINAL,-1.01
23,69,125,123.99,2.6,119.73,128.26,0.0002,0.0002,NOMINAL,-1.01
23,70,125,123.99,2.39,120.06,127.93,0.0002,0.0002,NOMINAL,-1.01
23,71,125,124.81,1.97,121.56,128.05,0.0002,0.0002,NOMINAL,-0.19
23,72,125,123.99,2.63,119.67,128.32,0.0002,0.0002,NOMINAL,-1.01
23,73,125,122.66,2.76,118.11,127.2,0.0002,0.0002,NOMINAL,-2.34
23,74,125,122.66,2.71,118.2,127.12,0.0002,0.0002,NOMINAL,-2.34
23,75,125,124.07,2.62,119.76,128.39,0.0002,0.0002,NOMINAL,-0.93
23,76,125,124.49,1.93,121.31,127.67,0.0002,0.0002,NOMINAL,-0.51
23,77,125,124.81,1.89,121.7,127.92,0.0002,0.0002,NOMINAL,-0.19
23,78,125,124.58,1.89,121.48,127.69,0.0002,0.0002,NOMINAL,-0.42
23,79,125,123.86,2.24,120.18,127.54,0.0002,0.0002,NOMINAL,-1.14
23,80,125,124.49,1.92,121.34,127.64,0.0002,0.0002,NOMINAL,-0.51
23,81,125,123.05,5.39,114.19,131.91,0.0002,0.0002,NOMINAL,-1.95
23,82,125,124.17,2.4,120.22,128.12,0.0002,0.0002,NOMINAL,-0.83
23,83,125,123.05,5.72,113.65,132.45,0.0002,0.0002,NOMINAL,-1.95
23,84,125,123.77,4.32,116.66,130.89,0.0002,0.0002,NOMINAL,-1.23
23,85,125,123.7,4.15,116.87,130.52,0.0002,0.0002,NOMINAL,-1.3
23,86,125,123.17,5.48,114.16,132.19,0.0002,0.0002,NOMINAL,-1.83
23,87,125,122.67,5.87,113.01,132.33,0.0002,0.0002,NOMINAL,-2.33
23,88,125,120.47,12.24,100.34,140.6,0.0002,0.0002,NOMINAL,-4.53
23,89,125,122.64,8.62,108.45,136.82,0.0002,0.0002,NOMINAL,-2.36
23,90,125,123.7,4.49,116.31,131.08,0.0002,0.0002,NOMINAL,-1.3
23,91,125,124.0,4.07,117.31,130.69,0.0002,0.0002,NOMINAL,-1.0
23,92,125,124.51,3.96,117.99,131.03,0.0002,0.0002,NOMINAL,-0.49
23,93,125,122.75,9.44,107.23,138.28,0.0002,0.0002,NOMINAL,-2.25
23,94,125,122.46,7.67,109.85,135.07,0.0002,0.0002,NOMINAL,-2.54
23,95,125,120.17,12.78,99.15,141.19,0.0002,0.0002,NOMINAL,-4.83
23,96,125,120.92,10.76,103.22,138.62,0.0002,0.0002,NOMINAL,-4.08
23,97,125,121.85,10.21,105.06,138.64,0.0002,0.0002,NOMINAL,-3.15
23,98,125,122.54,7.73,109.83,135.26,0.0002,0.0002,NOMINAL,-2.46
23,99,125,122.37,8.11,109.03,135.71,0.0002,0.0002,NOMINAL,-2.63
23,100,125,122.75,10.76,105.05,140.46,0.0002,0.0002,NOMINAL,-2.25
23,101,125,122.9,8.44,109.01,136.78,0.0002,0.0002,NOMINAL,-2.1
23,102,125,119.33,11.86,99.83,138.83,0.0002,0.0002,NOMINAL,-5.67
23,103,125,119.15,12.09,99.27,139.03,0.0002,0.0002,NOMINAL,-5.85
23,104,125,119.05,12.09,99.17,138.93,0.0002,0.0002,NOMINAL,-5.95
23,105,125,118.59,13.02,97.17,140.0,0.0002,0.0002,NOMINAL,-6.41
23,106,125,119.31,13.57,96.98,141.63,0.0002,0.0002,NOMINAL,-5.69
23,107,125,117.29,13.57,94.96,139.61,0.0002,0.0002,NOMINAL,-7.71
23,108,125,119.92,13.56,97.61,142.22,0.0002,0.0002,NOMINAL,-5.08
23,109,125,119.38,13.57,97.05,141.7,0.0002,0.0002,NOMINAL,-5.62
23,110,125,120.28,13.32,98.36,142.19,0.0002,0.0002,NOMINAL,-4.72
23,111,125,120.27,13.35,98.31,142.24,0.0002,0.0002,NOMINAL,-4.73
23,112,125,119.67,13.32,97.75,141.58,0.0002,0.0002,NOMINAL,-5.33
23,113,125,119.85,13.32,97.93,141.77,0.0002,0.0002,NOMINAL,-5.15
23,114,125,119.67,13.32,97.75,141.58,0.0002,0.0002,NOMINAL,-5.33
23,115,125,119.95,13.56,97.64,142.25,0.0002,0.0002,NOMINAL,-5.05
23,116,125,119.73,13.32,97.81,141.64,0.0002,0.0002,NOMINAL,-5.27
23,117,125,120.72,9.26,105.49,135.96,0.0002,0.0002,NOMINAL,-4.28
23,118,125,120.95,11.81,101.52,140.37,0.0002,0.0002,NOMINAL,-4.05
23,119,124,120.95,11.81,101.52,140.38,0.0002,0.0002,NOMINAL,-3.05
23,120,123,121.38,9.26,106.14,136.61,0.0002,0.0002,NOMINAL,-1.62
23,121,122,121.81,9.26,106.57,137.04,0.0002,0.0002,NOMINAL,-0.19
23,122,121,121.55,9.26,106.32,136.79,0.0002,0.0002,NOMINAL,0.55
23,123,120,120.94,9.26,105.7,136.18,0.0002,0.0002,NOMINAL,0.94
23,124,119,120.39,11.81,100.97,139.82,0.0002,0.0002,NOMINAL,1.39
23,125,118,119.77,13.32,97.86,141.69,0.0002,0.0002,NOMINAL,1.77
23,126,117,120.26,11.86,100.76,139.76,0.0002,0.0002,NOMINAL,3.26
23,127,116,120.29,13.35,98.33,142.25,0.0002,0.0002,NOMINAL,4.29
23,128,115,119.8,13.32,97.89,141.72,0.0002,0.0002,NOMINAL,4.8
23,129,114,120.48,11.86,100.97,139.98,0.0002,0.0002,NOMINAL,6.48
23,130,113,120.21,11.86,100.71,139.72,0.0002,0.0002,NOMINAL,7.21
24,52,125,119.79,9.8,103.67,135.91,0.0002,0.0002,NOMINAL,-5.21
24,53,125,121.18,9.22,106.01,136.34,0.0002,0.0002,NOMINAL,-3.82
24,54,125,121.56,9.85,105.37,137.76,0.0002,0.0002,NOMINAL,-3.44
24,55,125,122.16,7.82,109.3,135.02,0.0002,0.0002,NOMINAL,-2.84
24,56,125,121.63,10.55,104.28,138.99,0.0002,0.0002,NOMINAL,-3.37
24,57,125,122.5,7.34,110.42,134.57,0.0002,0.0002,NOMINAL,-2.5
24,58,125,122.37,7.26,110.43,134.31,0.0002,0.0002,NOMINAL,-2.63
24,59,125,123.57,5.05,115.26,131.88,0.0002,0.0002,NOMINAL,-1.43
24,60,125,122.94,9.74,106.93,138.96,0.0002,0.0002,NOMINAL,-2.06
24,61,125,122.45,5.89,112.77,132.13,0.0002,0.0002,NOMINAL,-2.55
24,62,125,122.25,9.44,106.72,137.78,0.0002,0.0002,NOMINAL,-2.75
24,63,125,121.35,10.46,104.15,138.55,0.0002,0.0002,NOMINAL,-3.65
24,64,125,122.01,6.91,110.65,133.36,0.0002,0.0002,NOMINAL,-2.99
24,65,125,123.77,4.3,116.7,130.85,0.0002,0.0002,NOMINAL,-1.23
24,66,125,123.17,4.69,115.46,130.88,0.0002,0.0002,NOMINAL,-1.83
24,67,125,124.15,4.63,116.54,131.76,0.0002,0.0002,NOMINAL,-0.85
24,68,125,123.98,2.75,119.46,128.51,0.0002,0.0002,NOMINAL,-1.02
24,69,125,123.94,2.75,119.41,128.46,0.0002,0.0002,NOMINAL,-1.06
24,70,125,123.98,2.97,119.09,128.87,0.0002,0.0002,NOMINAL,-1.02
24,71,125,122.71,6.37,112.23,133.19,0.0002,0.0002,NOMINAL,-2.29
24,72,125,122.18,9.44,106.65,137.71,0.0002,0.0002,NOMINAL,-2.82
24,73,125,123.02,5.0,114.8,131.24,0.0002,0.0002,NOMINAL,-1.98
24,74,125,123.65,4.61,116.08,131.23,0.0002,0.0002,NOMINAL,-1.35
24,75,125,122.92,5.0,114.71,131.14,0.0002,0.0002,NOMINAL,-2.08
24,76,125,123.4,5.48,114.38,132.41,0.0002,0.0002,NOMINAL,-1.6
24,77,125,123.05,5.87,113.39,132.71,0.0002,0.0002,NOMINAL,-1.95
24,78,125,122.9,7.4,110.72,135.07,0.0002,0.0002,NOMINAL,-2.1
24,79,125,121.39,10.82,103.59,139.19,0.0002,0.0002,NOMINAL,-3.61
24,80,125,120.14,11.81,100.72,139.57,0.0002,0.0002,NOMINAL,-4.86
24,81,125,120.12,10.02,103.63,136.6,0.0002,0.0002,NOMINAL,-4.88
24,82,124,118.17,13.32,96.26,140.09,0.0002,0.0002,NOMINAL,-5.83
24,83,123,121.25,9.26,106.01,136.48,0.0002,0.0002,NOMINAL,-1.75
24,84,122,119.61,11.81,100.19,139.04,0.0002,0.0002,NOMINAL,-2.39
24,85,121,119.37,13.32,97.46,141.29,0.0002,0.0002,NOMINAL,-1.63
24,86,120,116.15,13.57,93.82,138.47,0.0002,0.0002,NOMINAL,-3.85
24,87,119,116.32,13.58,93.99,138.65,0.0002,0.0002,NOMINAL,-2.68
24,88,118,115.68,13.59,93.32,138.03,0.0002,0.0002,NOMINAL,-2.32
24,89,117,107.62,12.56,86.96,128.28,0.0002,0.0002,NOMINAL,-9.38
24,90,116,105.06,11.78,85.68,124.43,0.0002,0.0002,NOMINAL,-10.94
24,91,115,104.29,11.66,85.11,123.47,0.0002,0.0002,NOMINAL,-10.71
24,92,114,100.75,11.66,81.57,119.93,0.0002,0.0003,NOMINAL,-13.25
24,93,113,103.37,11.63,84.24,122.51,0.0002,0.0002,NOMINAL,-9.63
24,94,112,104.27,11.63,85.14,123.41,0.0002,0.0002,NOMINAL,-7.73
24,95,111,103.94,11.57,84.9,122.98,0.0002,0.0002,NOMINAL,-7.06
24,96,110,107.94,12.2,87.87,128.01,0.0002,0.0002,NOMINAL,-2.06
24,97,109,106.9,12.75,85.93,127.87,0.0002,0.0002,NOMINAL,-2.1
24,98,108,99.43,11.62,80.32,118.55,0.0002,0.0003,NOMINAL,-8.57
24,99,107,94.7,11.66,75.52,113.88,0.0002,0.0007,NOMINAL,-12.3
24,100,106,88.64,11.31,70.04,107.24,0.0002,0.0027,NOMINAL,-17.36
24,101,105,88.97,11.55,69.97,107.96,0.0002,0.0031,NOMINAL,-16.03
24,102,104,96.94,11.55,77.94,115.94,0.0002,0.0004,NOMINAL,-7.06
24,103,103,95.69,11.55,76.69,114.68,0.0002,0.0005,NOMINAL,-7.31
24,104,102,88.22,11.55,69.22,107.22,0.0002,0.0039,NOMINAL,-13.78
24,105,101,86.87,11.24,68.38,105.36,0.0002,0.0042,NOMINAL,-14.13
24,106,100,87.54,11.55,68.54,106.54,0.0002,0.0043,NOMINAL,-12.46
24,107,99,91.78,11.27,73.24,110.32,0.0002,0.001,NOMINAL,-7.22
24,108,98,95.42,11.13,77.11,113.73,0.0002,0.0004,NOMINAL,-2.58
24,109,97,97.27,11.55,78.27,116.27,0.0002,0.0004,NOMINAL,0.27
24,110,96,93.36,11.55,74.36,112.36,0.0002,0.0009,NOMINAL,-2.64
24,111,95,102.03,11.55,83.03,121.03,0.0002,0.0002,NOMINAL,7.03
24,112,94,93.44,11.13,75.13,111.75,0.0002,0.0006,NOMINAL,-0.56
24,113,93,96.47,11.55,77.47,115.47,0.0002,0.0004,NOMINAL,3.47
24,114,92,98.78,11.55,79.78,117.78,0.0002,0.0003,NOMINAL,6.78
24,115,91,88.74,10.83,70.92,106.56,0.0002,0.0016,NOMINAL,-2.26
24,116,90,88.54,10.83,70.72,106.36,0.0002,0.0017,NOMINAL,-1.46
24,117,89,88.13,10.64,70.64,105.63,0.0002,0.0015,NOMINAL,-0.87
24,118,88,86.74,10.7,69.13,104.35,0.0002,0.0026,NOMINAL,-1.26
24,119,87,85.25,10.57,67.86,102.63,0.0002,0.0036,NOMINAL,-1.75
24,120,86,84.04,9.98,67.63,100.46,0.0002,0.0028,NOMINAL,-1.96
24,121,85,85.32,9.76,69.26,101.37,0.0002,0.0014,NOMINAL,0.32
24,122,84,82.66,9.76,66.61,98.72,0.0002,0.0034,NOMINAL,-1.34
24,123,83,82.33,9.83,66.16,98.49,0.0002,0.0042,NOMINAL,-0.67
24,124,82,83.61,9.96,67.24,99.99,0.0002,0.0031,NOMINAL,1.61
24,125,81,83.98,9.96,67.6,100.36,0.0002,0.0028,NOMINAL,2.98
24,126,80,83.49,9.9,67.21,99.77,0.0002,0.003,NOMINAL,3.49
24,127,79,81.6,9.37,66.19,97.01,0.0002,0.0031,NOMINAL,2.6
24,128,78,78.43,9.61,62.63,94.24,0.0002,0.0063,NOMINAL,0.43
24,129,77,77.15,9.13,62.14,92.16,0.0002,0.0061,NOMINAL,0.15
24,130,76,75.01,9.3,59.71,90.31,0.0002,0.0095,NOMINAL,-0.99
24,131,75,76.56,9.43,61.05,92.06,0.0002,0.0077,NOMINAL,1.56
24,132,74,75.8,8.85,61.24,90.35,0.0002,0.0065,NOMINAL,1.8
24,133,73,69.05,8.79,54.6,83.5,0.0002,0.0319,NOMINAL,-3.95
24,134,72,70.15,8.75,55.77,84.54,0.0002,0.0265,NOMINAL,-1.85
24,135,71,67.64,8.67,53.38,81.9,0.0002,0.0399,NOMINAL,-3.36
24,136,70,67.15,7.94,54.09,80.22,0.0002,0.0322,NOMINAL,-2.85
24,137,69,66.62,7.86,53.69,79.55,0.0002,0.0356,NOMINAL,-2.38
24,138,68,64.07,7.5,51.73,76.42,0.0002,0.0475,NOMINAL,-3.93
24,139,67,59.22,6.62,48.34,70.1,0.0002,0.0966,NOMINAL,-7.78
24,140,66,57.69,6.49,47.02,68.36,0.0002,0.1367,NOMINAL,-8.31
24,141,65,58.01,6.49,47.34,68.68,0.0002,0.1229,NOMINAL,-6.99
24,142,64,57.04,6.38,46.56,67.53,0.0002,0.1544,NOMINAL,-6.96
24,143,63,55.86,6.38,45.37,66.35,0.0002,0.2055,NOMINAL,-7.14
24,144,62,54.82,6.22,44.6,65.05,0.0002,0.2506,NOMINAL,-7.18
24,145,61,54.48,6.22,44.26,64.7,0.0002,0.2677,NOMINAL,-6.52
24,146,60,50.38,6.16,40.25,60.52,0.0002,0.524,MONITOR,-9.62
24,147,59,49.96,6.22,39.73,60.18,0.0002,0.5512,MONITOR,-9.04
24,148,58,50.66,6.17,40.51,60.81,0.0002,0.505,MONITOR,-7.34
24,149,57,48.2,6.1,38.16,58.24,0.0002,0.6746,MONITOR,-8.8
24,150,56,46.6,5.4,37.71,55.48,0.0002,0.7904,WARNING,-9.4
24,151,55,43.41,5.03,35.13,51.68,0.0002,0.9101,WARNING,-11.59
24,152,54,44.98,4.95,36.84,53.12,0.0002,0.865,WARNING,-9.02
24,153,53,45.76,5.2,37.2,54.32,0.0002,0.8328,WARNING,-7.24
24,154,52,43.84,4.81,35.92,51.76,0.0002,0.9072,WARNING,-8.16
24,155,51,43.16,4.83,35.22,51.1,0.0002,0.919,WARNING,-7.84
24,156,50,43.14,4.48,35.77,50.52,0.0002,0.9315,WARNING,-6.86
24,157,49,42.08,4.51,34.66,49.49,0.0002,0.9517,WARNING,-6.92
24,158,48,41.67,4.44,34.37,48.97,0.0002,0.959,WARNING,-6.33
24,159,47,42.62,4.47,35.26,49.98,0.0002,0.9438,WARNING,-4.38
24,160,46,39.83,4.16,32.98,46.68,0.0002,0.9793,WARNING,-6.17
24,161,45,40.65,4.47,33.29,48.01,0.0002,0.9679,WARNING,-4.35
24,162,44,39.23,4.11,32.47,45.99,0.0002,0.9864,WARNING,-4.77
24,163,43,38.94,3.97,32.41,45.47,0.0002,0.9906,WARNING,-4.06
24,164,42,38.87,3.99,32.31,45.44,0.0002,0.9906,WARNING,-3.13
24,165,41,39.32,4.14,32.5,46.14,0.0002,0.9849,WARNING,-1.68
24,166,40,38.59,4.13,31.8,45.39,0.0002,0.9901,WARNING,-1.41
24,167,39,37.43,4.09,30.7,44.16,0.0003,0.9965,WARNING,-1.57
24,168,38,36.97,4.09,30.24,43.7,0.0003,0.9982,WARNING,-1.03
24,169,37,35.45,3.57,29.58,41.32,0.0003,0.9998,WARNING,-1.55
24,170,36,33.97,3.29,28.55,39.38,0.0003,0.9998,WARNING,-2.03
24,171,35,35.17,3.42,29.55,40.79,0.0002,0.9998,WARNING,0.17
24,172,34,32.87,3.29,27.47,38.27,0.0006,0.9998,WARNING,-1.13
24,173,33,31.07,3.13,25.93,36.21,0.0018,0.9998,WARNING,-1.93
24,174,32,29.62,3.01,24.67,34.57,0.0045,0.9998,WARNING,-2.38
24,175,31,27.87,2.61,23.57,32.16,0.0057,0.9998,WARNING,-3.13
24,176,30,27.62,2.62,23.31,31.93,0.0066,0.9998,WARNING,-2.38
24,177,29,26.43,2.66,22.06,30.81,0.0205,0.9998,WARNING,-2.57
24,178,28,25.65,2.54,21.47,29.83,0.0287,0.9998,WARNING,-2.35
24,179,27,25.76,2.4,21.81,29.71,0.021,0.9998,WARNING,-1.24
24,180,26,24.79,2.37,20.9,28.69,0.0404,0.9998,WARNING,-1.21
24,181,25,23.48,2.26,19.76,27.21,0.0797,0.9998,WARNING,-1.52
24,182,24,23.39,2.42,19.41,27.37,0.0948,0.9998,WARNING,-0.61
24,183,23,23.0,2.31,19.21,26.8,0.1089,0.9998,WARNING,0.0
24,184,22,22.6,2.32,18.78,26.42,0.1478,0.9998,WARNING,0.6
24,185,21,21.2,2.32,17.39,25.02,0.3474,0.9998,WARNING,0.2
24,186,20,20.68,2.35,16.81,24.55,0.4397,0.9998,WARNING,0.68
26,52,125,119.48,13.33,97.56,141.41,0.0002,0.0002,NOMINAL,-5.52
26,53,125,119.72,13.57,97.4,142.04,0.0002,0.0002,NOMINAL,-5.28
26,54,125,120.29,13.56,97.98,142.6,0.0002,0.0002,NOMINAL,-4.71
26,55,125,120.63,13.32,98.71,142.54,0.0002,0.0002,NOMINAL,-4.37
26,56,125,120.45,13.1,98.91,142.0,0.0002,0.0002,NOMINAL,-4.55
26,57,125,120.44,13.32,98.53,142.36,0.0002,0.0002,NOMINAL,-4.56
26,58,125,120.44,13.32,98.53,142.36,0.0002,0.0002,NOMINAL,-4.56
26,59,125,120.18,13.32,98.26,142.09,0.0002,0.0002,NOMINAL,-4.82
26,60,125,121.47,12.43,101.03,141.91,0.0002,0.0002,NOMINAL,-3.53
26,61,125,121.0,13.07,99.5,142.49,0.0002,0.0002,NOMINAL,-4.0
26,62,125,121.74,11.1,103.48,140.01,0.0002,0.0002,NOMINAL,-3.26
26,63,125,121.07,13.02,99.66,142.49,0.0002,0.0002,NOMINAL,-3.93
26,64,125,120.54,13.07,99.04,142.04,0.0002,0.0002,NOMINAL,-4.46
26,65,125,120.54,13.07,99.04,142.04,0.0002,0.0002,NOMINAL,-4.46
26,66,125,119.71,13.56,97.4,142.02,0.0002,0.0002,NOMINAL,-5.29
26,67,125,118.26,13.56,95.95,140.57,0.0002,0.0002,NOMINAL,-6.74
26,68,125,118.73,13.56,96.42,141.04,0.0002,0.0002,NOMINAL,-6.27
26,69,125,119.78,13.32,97.86,141.69,0.0002,0.0002,NOMINAL,-5.22
26,70,125,119.95,13.32,98.04,141.87,0.0002,0.0002,NOMINAL,-5.05
26,71,124,119.68,13.32,97.76,141.59,0.0002,0.0002,NOMINAL,-4.32
26,72,123,120.92,13.07,99.42,142.42,0.0002,0.0002,NOMINAL,-2.08
26,73,122,121.66,10.76,103.97,139.36,0.0002,0.0002,NOMINAL,-0.34
26,74,121,119.81,13.32,97.89,141.73,0.0002,0.0002,NOMINAL,-1.19
26,75,120,119.76,13.07,98.26,141.26,0.0002,0.0002,NOMINAL,-0.24
26,76,119,119.38,13.32,97.46,141.3,0.0002,0.0002,NOMINAL,0.38
27,52,125,122.57,3.05,117.56,127.59,0.0002,0.0002,NOMINAL,-2.43
27,53,125,122.7,2.99,117.78,127.62,0.0002,0.0002,NOMINAL,-2.3
27,54,125,121.82,3.24,116.48,127.16,0.0002,0.0002,NOMINAL,-3.18
27,55,125,122.69,2.92,117.88,127.49,0.0002,0.0002,NOMINAL,-2.31
27,56,125,122.57,2.98,117.67,127.47,0.0002,0.0002,NOMINAL,-2.43
27,57,125,122.3,2.99,117.38,127.22,0.0002,0.0002,NOMINAL,-2.7
27,58,125,122.57,2.68,118.17,126.98,0.0002,0.0002,NOMINAL,-2.43
27,59,125,122.7,2.92,117.89,127.5,0.0002,0.0002,NOMINAL,-2.3
27,60,125,123.91,2.63,119.59,128.23,0.0002,0.0002,NOMINAL,-1.09
27,61,125,124.03,2.58,119.79,128.28,0.0002,0.0002,NOMINAL,-0.97
27,62,125,122.57,2.63,118.26,126.89,0.0002,0.0002,NOMINAL,-2.43
27,63,125,122.7,2.57,118.48,126.92,0.0002,0.0002,NOMINAL,-2.3
27,64,125,123.63,2.75,119.11,128.16,0.0002,0.0002,NOMINAL,-1.37
27,65,125,121.82,3.04,116.82,126.82,0.0002,0.0002,NOMINAL,-3.18
27,66,125,122.57,2.57,118.35,126.8,0.0002,0.0002,NOMINAL,-2.43
27,67,125,124.26,2.52,120.12,128.41,0.0002,0.0002,NOMINAL,-0.74
27,68,125,123.16,3.11,118.04,128.27,0.0002,0.0002,NOMINAL,-1.84
27,69,125,123.16,3.22,117.85,128.46,0.0002,0.0002,NOMINAL,-1.84
27,70,125,121.68,5.98,111.84,131.52,0.0002,0.0002,NOMINAL,-3.32
27,71,125,121.19,10.21,104.4,137.98,0.0002,0.0002,NOMINAL,-3.81
27,72,125,123.34,4.62,115.74,130.94,0.0002,0.0002,NOMINAL,-1.66
27,73,125,121.73,5.83,112.14,131.32,0.0002,0.0002,NOMINAL,-3.27
27,74,125,121.84,5.58,112.65,131.02,0.0002,0.0002,NOMINAL,-3.16
27,75,125,121.08,11.86,101.57,140.6,0.0002,0.0002,NOMINAL,-3.92
27,76,125,119.46,12.78,98.44,140.48,0.0002,0.0002,NOMINAL,-5.54
27,77,125,119.31,13.56,97.0,141.62,0.0002,0.0002,NOMINAL,-5.69
27,78,125,119.14,13.32,97.22,141.05,0.0002,0.0002,NOMINAL,-5.86
27,79,125,118.45,13.32,96.54,140.37,0.0002,0.0002,NOMINAL,-6.55
27,80,125,118.45,13.27,96.62,140.28,0.0002,0.0002,NOMINAL,-6.55
27,81,125,119.37,13.32,97.46,141.29,0.0002,0.0002,NOMINAL,-5.63
27,82,124,113.69,13.58,91.37,136.02,0.0002,0.0002,NOMINAL,-10.31
27,83,123,113.73,13.58,91.4,136.05,0.0002,0.0002,NOMINAL,-9.27
27,84,122,114.45,13.58,92.12,136.77,0.0002,0.0002,NOMINAL,-7.55
27,85,121,116.48,13.57,94.15,138.8,0.0002,0.0002,NOMINAL,-4.52
27,86,120,108.1,12.79,87.06,129.14,0.0002,0.0002,NOMINAL,-11.9
27,87,119,110.55,13.01,89.15,131.94,0.0002,0.0002,NOMINAL,-8.45
27,88,118,117.62,13.57,95.29,139.94,0.0002,0.0002,NOMINAL,-0.38
27,89,117,117.6,13.57,95.28,139.93,0.0002,0.0002,NOMINAL,0.6
27,90,116,117.62,13.57,95.29,139.94,0.0002,0.0002,NOMINAL,1.62
27,91,115,117.04,13.64,94.59,139.48,0.0002,0.0002,NOMINAL,2.04
27,92,114,113.6,13.4,91.56,135.65,0.0002,0.0002,NOMINAL,-0.4
27,93,113,109.01,12.79,87.97,130.06,0.0002,0.0002,NOMINAL,-3.99
27,94,112,102.73,11.66,83.55,121.91,0.0002,0.0002,NOMINAL,-9.27
27,95,111,101.24,11.66,82.06,120.42,0.0002,0.0003,NOMINAL,-9.76
27,96,110,99.27,11.66,80.09,118.45,0.0002,0.0003,NOMINAL,-10.73
27,97,109,104.4,11.66,85.22,123.58,0.0002,0.0002,NOMINAL,-4.6
27,98,108,102.86,11.66,83.68,122.04,0.0002,0.0002,NOMINAL,-5.14
27,99,107,91.81,11.63,72.68,110.95,0.0002,0.0015,NOMINAL,-15.19
27,100,106,92.25,11.63,73.12,111.39,0.0002,0.0013,NOMINAL,-13.75
27,101,105,104.24,11.63,85.11,123.38,0.0002,0.0002,NOMINAL,-0.76
27,102,104,108.88,12.42,88.46,129.31,0.0002,0.0002,NOMINAL,4.88
27,103,103,101.04,11.57,82.01,120.08,0.0002,0.0003,NOMINAL,-1.96
27,104,102,96.62,11.63,77.49,115.76,0.0002,0.0005,NOMINAL,-5.38
27,105,101,91.64,11.63,72.5,110.78,0.0002,0.0016,NOMINAL,-9.36
27,106,100,92.77,11.57,73.73,111.8,0.0002,0.0011,NOMINAL,-7.23
27,107,99,89.32,11.57,70.28,108.36,0.0002,0.0029,NOMINAL,-9.68
27,108,98,97.9,11.57,78.87,116.94,0.0002,0.0003,NOMINAL,-0.1
27,109,97,93.66,11.55,74.66,112.66,0.0002,0.0008,NOMINAL,-3.34
27,110,96,98.29,11.63,79.15,117.42,0.0002,0.0003,NOMINAL,2.29
27,111,95,89.67,11.53,70.71,108.63,0.0002,0.0025,NOMINAL,-5.33
27,112,94,85.34,11.24,66.86,103.83,0.0002,0.0047,NOMINAL,-8.66
27,113,93,89.36,11.24,70.87,107.85,0.0002,0.002,NOMINAL,-3.64
27,114,92,89.44,11.24,70.96,107.93,0.0002,0.002,NOMINAL,-2.56
27,115,91,85.09,10.24,68.25,101.93,0.0002,0.0026,NOMINAL,-5.91
27,116,90,84.42,10.85,66.57,102.26,0.0002,0.0046,NOMINAL,-5.58
27,117,89,82.21,10.59,64.79,99.63,0.0002,0.0054,NOMINAL,-6.79
27,118,88,82.64,10.83,64.81,100.46,0.0002,0.0057,NOMINAL,-5.36
27,119,87,90.1,11.13,71.79,108.42,0.0002,0.0015,NOMINAL,3.1
27,120,86,93.89,11.11,75.62,112.17,0.0002,0.0005,NOMINAL,7.89
27,121,85,93.26,11.11,74.98,111.54,0.0002,0.0006,NOMINAL,8.26
27,122,84,95.94,11.16,77.59,114.29,0.0002,0.0004,NOMINAL,11.94
27,123,83,93.22,11.16,74.87,111.57,0.0002,0.0006,NOMINAL,10.22
27,124,82,90.66,11.29,72.09,109.22,0.0002,0.0015,NOMINAL,8.66
27,125,81,89.69,11.24,71.2,108.17,0.0002,0.0018,NOMINAL,8.69
27,126,80,92.01,11.6,72.93,111.09,0.0002,0.0014,NOMINAL,12.01
27,127,79,93.11,11.29,74.54,111.68,0.0002,0.0007,NOMINAL,14.11
27,128,78,90.45,11.24,71.96,108.94,0.0002,0.0015,NOMINAL,12.45
27,129,77,86.42,10.75,68.74,104.09,0.0002,0.003,NOMINAL,9.42
27,130,76,85.14,10.81,67.35,102.92,0.0002,0.0043,NOMINAL,9.14
27,131,75,86.95,10.81,69.16,104.73,0.0002,0.0027,NOMINAL,11.95
27,132,74,85.34,10.11,68.71,101.98,0.0002,0.0021,NOMINAL,11.34
27,133,73,79.1,9.76,63.04,95.15,0.0002,0.0061,NOMINAL,6.1
27,134,72,77.08,9.52,61.43,92.74,0.0002,0.0072,NOMINAL,5.08
27,135,71,79.7,9.46,64.15,95.26,0.0002,0.0048,NOMINAL,8.7
27,136,70,78.92,9.44,63.39,94.45,0.0002,0.0053,NOMINAL,8.92
27,137,69,77.18,9.43,61.68,92.69,0.0002,0.0067,NOMINAL,8.18
27,138,68,79.77,9.43,64.26,95.27,0.0002,0.0047,NOMINAL,11.77
27,139,67,78.97,9.43,63.46,94.47,0.0002,0.0052,NOMINAL,11.97
27,140,66,74.58,8.9,59.93,89.22,0.0002,0.0081,NOMINAL,8.58
28,52,125,123.05,2.61,118.76,127.34,0.0002,0.0002,NOMINAL,-1.95
28,53,125,122.47,3.09,117.39,127.55,0.0002,0.0002,NOMINAL,-2.53
28,54,125,122.95,2.85,118.27,127.64,0.0002,0.0002,NOMINAL,-2.05
28,55,125,122.49,5.21,113.91,131.06,0.0002,0.0002,NOMINAL,-2.51
28,56,125,122.43,5.61,113.2,131.67,0.0002,0.0002,NOMINAL,-2.57
28,57,125,121.37,7.46,109.11,133.63,0.0002,0.0002,NOMINAL,-3.63
28,58,125,119.96,7.46,107.7,132.22,0.0002,0.0002,NOMINAL,-5.04
28,59,125,120.34,7.46,108.07,132.6,0.0002,0.0002,NOMINAL,-4.66
28,60,125,120.33,10.01,103.86,136.8,0.0002,0.0002,NOMINAL,-4.67
28,61,125,120.45,10.56,103.09,137.81,0.0002,0.0002,NOMINAL,-4.55
28,62,125,119.92,10.45,102.72,137.11,0.0002,0.0002,NOMINAL,-5.08
28,63,125,119.67,11.77,100.31,139.04,0.0002,0.0002,NOMINAL,-5.33
28,64,125,119.79,10.45,102.59,136.98,0.0002,0.0002,NOMINAL,-5.21
28,65,125,120.34,10.45,103.14,137.53,0.0002,0.0002,NOMINAL,-4.66
28,66,125,120.77,7.46,108.51,133.03,0.0002,0.0002,NOMINAL,-4.23
28,67,125,121.41,5.54,112.29,130.53,0.0002,0.0002,NOMINAL,-3.59
28,68,125,124.72,4.3,117.66,131.79,0.0002,0.0002,NOMINAL,-0.28
28,69,125,122.79,2.82,118.16,127.43,0.0002,0.0002,NOMINAL,-2.21
28,70,125,123.13,4.64,115.5,130.77,0.0002,0.0002,NOMINAL,-1.87
28,71,125,122.75,4.71,115.0,130.51,0.0002,0.0002,NOMINAL,-2.25
28,72,125,122.39,5.8,112.84,131.94,0.0002,0.0002,NOMINAL,-2.61
28,73,125,121.74,6.34,111.32,132.17,0.0002,0.0002,NOMINAL,-3.26
28,74,125,120.72,9.71,104.76,136.69,0.0002,0.0002,NOMINAL,-4.28
28,75,125,121.41,7.79,108.6,134.21,0.0002,0.0002,NOMINAL,-3.59
28,76,125,124.1,4.87,116.09,132.12,0.0002,0.0002,NOMINAL,-0.9
28,77,125,124.35,4.87,116.34,132.36,0.0002,0.0002,NOMINAL,-0.65
28,78,125,125.29,4.32,118.19,132.39,0.0002,0.0002,NOMINAL,0.29
28,79,125,124.67,4.32,117.57,131.77,0.0002,0.0002,NOMINAL,-0.33
28,80,125,124.96,4.3,117.89,132.02,0.0002,0.0002,NOMINAL,-0.04
28,81,125,124.76,2.54,120.59,128.94,0.0002,0.0002,NOMINAL,-0.24
28,82,125,122.79,2.58,118.55,127.03,0.0002,0.0002,NOMINAL,-2.21
28,83,125,123.7,2.57,119.48,127.93,0.0002,0.0002,NOMINAL,-1.3
28,84,125,123.28,2.61,118.99,127.57,0.0002,0.0002,NOMINAL,-1.72
28,85,125,124.16,2.59,119.9,128.41,0.0002,0.0002,NOMINAL,-0.84
28,86,125,124.46,2.57,120.23,128.68,0.0002,0.0002,NOMINAL,-0.54
28,87,125,124.6,2.54,120.42,128.78,0.0002,0.0002,NOMINAL,-0.4
28,88,125,123.17,2.54,118.99,127.35,0.0002,0.0002,NOMINAL,-1.83
28,89,125,125.09,2.57,120.87,129.31,0.0002,0.0002,NOMINAL,0.09
28,90,125,124.0,2.54,119.83,128.18,0.0002,0.0002,NOMINAL,-1.0
28,91,125,124.25,2.61,119.96,128.54,0.0002,0.0002,NOMINAL,-0.75
28,92,125,124.71,2.54,120.53,128.89,0.0002,0.0002,NOMINAL,-0.29
28,93,125,124.07,2.3,120.29,127.84,0.0002,0.0002,NOMINAL,-0.93
28,94,125,125.45,2.3,121.67,129.22,0.0002,0.0002,NOMINAL,0.45
28,95,125,124.25,2.58,120.01,128.49,0.0002,0.0002,NOMINAL,-0.75
28,96,125,123.06,2.64,118.71,127.41,0.0002,0.0002,NOMINAL,-1.94
28,97,125,121.6,3.04,116.6,126.6,0.0002,0.0002,NOMINAL,-3.4
28,98,125,123.96,2.8,119.34,128.57,0.0002,0.0002,NOMINAL,-1.04
28,99,125,123.06,2.54,118.89,127.24,0.0002,0.0002,NOMINAL,-1.94
28,100,125,121.27,4.17,114.42,128.13,0.0002,0.0002,NOMINAL,-3.73
28,101,125,121.58,7.12,109.87,133.29,0.0002,0.0002,NOMINAL,-3.42
28,102,125,119.59,10.53,102.28,136.91,0.0002,0.0002,NOMINAL,-5.41
28,103,125,119.97,11.59,100.91,139.03,0.0002,0.0002,NOMINAL,-5.03
28,104,125,119.35,11.77,99.99,138.72,0.0002,0.0002,NOMINAL,-5.65
28,105,125,119.71,11.59,100.65,138.77,0.0002,0.0002,NOMINAL,-5.29
28,106,125,119.16,11.97,99.48,138.84,0.0002,0.0002,NOMINAL,-5.84
28,107,125,119.25,11.97,99.56,138.93,0.0002,0.0002,NOMINAL,-5.75
28,108,125,117.78,13.56,95.48,140.09,0.0002,0.0002,NOMINAL,-7.22
28,109,125,114.12,13.42,92.05,136.19,0.0002,0.0002,NOMINAL,-10.88
28,110,125,104.81,11.73,85.51,124.11,0.0002,0.0002,NOMINAL,-20.19
28,111,125,105.29,11.73,85.99,124.59,0.0002,0.0002,NOMINAL,-19.71
28,112,125,102.66,11.72,83.38,121.93,0.0002,0.0002,NOMINAL,-22.34
28,113,125,101.89,11.4,83.14,120.65,0.0002,0.0002,NOMINAL,-23.11
28,114,125,97.4,11.36,78.7,116.09,0.0002,0.0003,NOMINAL,-27.6
28,115,125,96.54,11.61,77.45,115.63,0.0002,0.0005,NOMINAL,-28.46
28,116,125,95.76,11.3,77.18,114.34,0.0002,0.0004,NOMINAL,-29.24
28,117,125,94.34,11.3,75.76,112.92,0.0002,0.0006,NOMINAL,-30.66
28,118,125,94.02,11.3,75.44,112.6,0.0002,0.0006,NOMINAL,-30.98
28,119,125,93.92,11.27,75.37,112.46,0.0002,0.0006,NOMINAL,-31.08
28,120,125,101.91,11.62,82.8,121.03,0.0002,0.0002,NOMINAL,-23.09
28,121,125,97.33,11.6,78.25,116.41,0.0002,0.0004,NOMINAL,-27.67
28,122,125,94.64,11.58,75.59,113.7,0.0002,0.0007,NOMINAL,-30.36
28,123,125,108.85,12.42,88.41,129.28,0.0002,0.0002,NOMINAL,-16.15
28,124,125,103.98,11.72,84.7,123.25,0.0002,0.0002,NOMINAL,-21.02
28,125,125,93.07,11.58,74.02,112.13,0.0002,0.001,NOMINAL,-31.93
28,126,125,93.37,11.52,74.43,112.31,0.0002,0.0009,NOMINAL,-31.63
28,127,125,93.14,11.27,74.6,111.69,0.0002,0.0007,NOMINAL,-31.86
28,128,125,93.13,10.88,75.23,111.02,0.0002,0.0005,NOMINAL,-31.87
28,129,125,93.13,10.56,75.76,110.49,0.0002,0.0004,NOMINAL,-31.87
28,130,125,90.02,10.56,72.66,107.38,0.0002,0.0008,NOMINAL,-34.98
28,131,124,92.35,11.08,74.13,110.57,0.0002,0.0007,NOMINAL,-31.65
28,132,123,98.05,11.18,79.66,116.43,0.0002,0.0003,NOMINAL,-24.95
28,133,122,101.41,11.18,83.02,119.8,0.0002,0.0002,NOMINAL,-20.59
28,134,121,108.68,12.07,88.83,128.54,0.0002,0.0002,NOMINAL,-12.32
28,135,120,112.27,13.02,90.85,133.69,0.0002,0.0002,NOMINAL,-7.73
28,136,119,108.34,12.13,88.39,128.28,0.0002,0.0002,NOMINAL,-10.66
28,137,118,115.06,13.46,92.92,137.19,0.0002,0.0002,NOMINAL,-2.94
28,138,117,111.66,13.27,89.83,133.49,0.0002,0.0002,NOMINAL,-5.34
28,139,116,118.24,13.65,95.8,140.69,0.0002,0.0002,NOMINAL,2.24
28,140,115,118.49,13.68,95.99,140.99,0.0002,0.0002,NOMINAL,3.49
28,141,114,111.3,12.73,90.36,132.24,0.0002,0.0002,NOMINAL,-2.7
28,142,113,116.86,13.61,94.47,139.25,0.0002,0.0002,NOMINAL,3.86
28,143,112,114.32,13.43,92.23,136.41,0.0002,0.0002,NOMINAL,2.32
28,144,111,117.6,13.73,95.01,140.19,0.0002,0.0002,NOMINAL,6.6
28,145,110,117.6,13.73,95.01,140.19,0.0002,0.0002,NOMINAL,7.6
28,146,109,115.46,13.61,93.08,137.84,0.0002,0.0002,NOMINAL,6.46
28,147,108,118.31,13.73,95.72,140.9,0.0002,0.0002,NOMINAL,10.31
28,148,107,112.59,13.09,91.07,134.12,0.0002,0.0002,NOMINAL,5.59
28,149,106,108.27,12.09,88.38,128.16,0.0002,0.0002,NOMINAL,2.27
28,150,105,108.14,11.88,88.59,127.68,0.0002,0.0002,NOMINAL,3.14
28,151,104,101.58,11.72,82.3,120.85,0.0002,0.0003,NOMINAL,-2.42
28,152,103,97.39,11.4,78.63,116.15,0.0002,0.0003,NOMINAL,-5.61
28,153,102,100.01,11.72,80.73,119.28,0.0002,0.0003,NOMINAL,-1.99
28,154,101,104.53,11.72,85.26,123.81,0.0002,0.0002,NOMINAL,3.53
28,155,100,102.65,11.72,83.38,121.93,0.0002,0.0002,NOMINAL,2.65
28,156,99,103.18,11.72,83.9,122.45,0.0002,0.0002,NOMINAL,4.18
28,157,98,101.57,11.72,82.29,120.84,0.0002,0.0003,NOMINAL,3.57
28,158,97,99.77,11.38,81.06,118.49,0.0002,0.0003,NOMINAL,2.77
29,52,125,119.61,13.56,97.3,141.92,0.0002,0.0002,NOMINAL,-5.39
29,53,125,119.47,13.56,97.16,141.78,0.0002,0.0002,NOMINAL,-5.53
29,54,125,119.31,13.56,97.0,141.62,0.0002,0.0002,NOMINAL,-5.69
29,55,125,118.66,13.57,96.34,140.99,0.0002,0.0002,NOMINAL,-6.34
29,56,125,119.78,13.56,97.47,142.09,0.0002,0.0002,NOMINAL,-5.22
29,57,125,119.31,13.56,97.0,141.62,0.0002,0.0002,NOMINAL,-5.69
29,58,125,117.1,13.64,94.66,139.54,0.0002,0.0002,NOMINAL,-7.9
29,59,125,116.91,13.58,94.58,139.24,0.0002,0.0002,NOMINAL,-8.09
29,60,125,117.04,13.64,94.59,139.48,0.0002,0.0002,NOMINAL,-7.96
29,61,125,117.73,13.57,95.41,140.06,0.0002,0.0002,NOMINAL,-7.27
29,62,125,119.63,13.53,97.37,141.89,0.0002,0.0002,NOMINAL,-5.37
29,63,125,120.47,13.32,98.56,142.39,0.0002,0.0002,NOMINAL,-4.53
29,64,125,121.0,13.07,99.5,142.49,0.0002,0.0002,NOMINAL,-4.0
29,65,125,120.55,13.32,98.63,142.46,0.0002,0.0002,NOMINAL,-4.45
29,66,125,119.6,13.32,97.69,141.52,0.0002,0.0002,NOMINAL,-5.4
29,67,125,121.0,13.07,99.5,142.49,0.0002,0.0002,NOMINAL,-4.0
29,68,125,121.47,12.43,101.03,141.91,0.0002,0.0002,NOMINAL,-3.53
29,69,125,120.55,13.07,99.05,142.04,0.0002,0.0002,NOMINAL,-4.45
29,70,125,121.0,13.32,99.08,142.91,0.0002,0.0002,NOMINAL,-4.0
29,71,125,120.54,13.07,99.04,142.04,0.0002,0.0002,NOMINAL,-4.46
29,72,125,120.92,13.07,99.42,142.42,0.0002,0.0002,NOMINAL,-4.08
29,73,125,122.27,9.11,107.29,137.25,0.0002,0.0002,NOMINAL,-2.73
29,74,125,123.26,8.4,109.45,137.07,0.0002,0.0002,NOMINAL,-1.74
29,75,125,123.2,6.04,113.26,133.14,0.0002,0.0002,NOMINAL,-1.8
29,76,125,124.19,4.15,117.37,131.01,0.0002,0.0002,NOMINAL,-0.81
29,77,125,123.75,5.67,114.43,133.08,0.0002,0.0002,NOMINAL,-1.25
29,78,125,121.8,10.76,104.11,139.49,0.0002,0.0002,NOMINAL,-3.2
29,79,125,119.88,13.07,98.38,141.38,0.0002,0.0002,NOMINAL,-5.12
29,80,125,119.67,13.32,97.75,141.58,0.0002,0.0002,NOMINAL,-5.33
29,81,125,119.85,13.07,98.35,141.35,0.0002,0.0002,NOMINAL,-5.15
29,82,125,121.6,9.95,105.24,137.97,0.0002,0.0002,NOMINAL,-3.4
29,83,125,122.71,7.97,109.6,135.82,0.0002,0.0002,NOMINAL,-2.29
29,84,125,122.51,9.95,106.15,138.87,0.0002,0.0002,NOMINAL,-2.49
29,85,125,120.94,11.86,101.44,140.44,0.0002,0.0002,NOMINAL,-4.06
29,86,125,121.52,10.76,103.83,139.22,0.0002,0.0002,NOMINAL,-3.48
29,87,125,119.71,13.32,97.79,141.62,0.0002,0.0002,NOMINAL,-5.29
29,88,125,120.57,11.78,101.19,139.94,0.0002,0.0002,NOMINAL,-4.43
29,89,125,122.28,8.12,108.93,135.63,0.0002,0.0002,NOMINAL,-2.72
29,90,125,121.98,8.02,108.8,135.16,0.0002,0.0002,NOMINAL,-3.02
29,91,125,121.55,10.64,104.04,139.06,0.0002,0.0002,NOMINAL,-3.45
29,92,125,120.9,13.07,99.4,142.4,0.0002,0.0002,NOMINAL,-4.1
29,93,125,119.91,13.07,98.41,141.41,0.0002,0.0002,NOMINAL,-5.09
29,94,125,119.73,13.32,97.81,141.64,0.0002,0.0002,NOMINAL,-5.27
29,95,125,119.85,13.07,98.35,141.35,0.0002,0.0002,NOMINAL,-5.15
29,96,125,119.95,13.32,98.04,141.87,0.0002,0.0002,NOMINAL,-5.05
29,97,125,119.99,13.32,98.07,141.9,0.0002,0.0002,NOMINAL,-5.01
29,98,125,119.99,13.32,98.07,141.9,0.0002,0.0002,NOMINAL,-5.01
29,99,125,122.0,8.44,108.13,135.88,0.0002,0.0002,NOMINAL,-3.0
29,100,125,120.4,13.07,98.9,141.9,0.0002,0.0002,NOMINAL,-4.6
29,101,125,118.7,13.56,96.39,141.01,0.0002,0.0002,NOMINAL,-6.3
29,102,125,117.68,13.56,95.37,139.99,0.0002,0.0002,NOMINAL,-7.32
29,103,125,118.26,13.56,95.95,140.57,0.0002,0.0002,NOMINAL,-6.74
29,104,125,120.79,10.8,103.03,138.55,0.0002,0.0002,NOMINAL,-4.21
29,105,125,122.17,10.51,104.88,139.46,0.0002,0.0002,NOMINAL,-2.83
29,106,125,122.73,8.12,109.39,136.08,0.0002,0.0002,NOMINAL,-2.27
29,107,125,123.5,6.92,112.12,134.88,0.0002,0.0002,NOMINAL,-1.5
29,108,125,124.05,6.34,113.63,134.47,0.0002,0.0002,NOMINAL,-0.95
29,109,125,124.03,5.8,114.49,133.58,0.0002,0.0002,NOMINAL,-0.97
29,110,125,124.27,5.8,114.72,133.81,0.0002,0.0002,NOMINAL,-0.73
29,111,125,123.56,7.61,111.04,136.08,0.0002,0.0002,NOMINAL,-1.44
29,112,125,123.89,5.62,114.64,133.14,0.0002,0.0002,NOMINAL,-1.11
29,113,125,124.5,4.02,117.89,131.11,0.0002,0.0002,NOMINAL,-0.5
29,114,125,124.37,4.89,116.33,132.4,0.0002,0.0002,NOMINAL,-0.63
29,115,125,124.2,4.36,117.03,131.37,0.0002,0.0002,NOMINAL,-0.8
29,116,125,123.73,4.94,115.6,131.86,0.0002,0.0002,NOMINAL,-1.27
29,117,125,124.95,3.0,120.01,129.89,0.0002,0.0002,NOMINAL,-0.05
29,118,125,124.95,3.0,120.01,129.89,0.0002,0.0002,NOMINAL,-0.05
29,119,125,124.28,4.02,117.67,130.89,0.0002,0.0002,NOMINAL,-0.72
29,120,125,124.04,3.81,117.77,130.31,0.0002,0.0002,NOMINAL,-0.96
29,121,125,124.35,3.29,118.93,129.77,0.0002,0.0002,NOMINAL,-0.65
29,122,125,124.95,2.78,120.38,129.52,0.0002,0.0002,NOMINAL,-0.05
29,123,125,124.59,1.89,121.47,127.7,0.0002,0.0002,NOMINAL,-0.41
29,124,125,124.8,1.79,121.86,127.74,0.0002,0.0002,NOMINAL,-0.2
29,125,125,124.97,1.93,121.79,128.14,0.0002,0.0002,NOMINAL,-0.03
29,126,125,124.33,1.94,121.14,127.51,0.0002,0.0002,NOMINAL,-0.67
29,127,125,124.48,3.5,118.73,130.24,0.0002,0.0002,NOMINAL,-0.52
29,128,125,122.23,7.15,110.47,133.98,0.0002,0.0002,NOMINAL,-2.77
29,129,125,122.23,7.15,110.47,133.98,0.0002,0.0002,NOMINAL,-2.77
29,130,125,122.5,7.08,110.86,134.14,0.0002,0.0002,NOMINAL,-2.5
29,131,125,122.85,6.96,111.41,134.3,0.0002,0.0002,NOMINAL,-2.15
29,132,125,123.14,6.63,112.24,134.04,0.0002,0.0002,NOMINAL,-1.86
29,133,125,119.94,12.2,99.87,140.0,0.0002,0.0002,NOMINAL,-5.06
29,134,125,120.45,11.78,101.07,139.82,0.0002,0.0002,NOMINAL,-4.55
29,135,125,118.09,13.56,95.78,140.4,0.0002,0.0002,NOMINAL,-6.91
29,136,125,116.51,13.53,94.26,138.76,0.0002,0.0002,NOMINAL,-8.49
29,137,124,115.87,13.41,93.81,137.94,0.0002,0.0002,NOMINAL,-8.13
29,138,123,115.98,13.43,93.89,138.07,0.0002,0.0002,NOMINAL,-7.02
29,139,122,111.66,13.09,90.14,133.19,0.0002,0.0002,NOMINAL,-10.34
29,140,121,109.58,12.19,89.52,129.64,0.0002,0.0002,NOMINAL,-11.42
29,141,120,109.25,12.19,89.19,129.3,0.0002,0.0002,NOMINAL,-10.75
29,142,119,102.16,11.73,82.86,121.46,0.0002,0.0002,NOMINAL,-16.84
29,143,118,101.27,11.73,81.97,120.57,0.0002,0.0003,NOMINAL,-16.73
29,144,117,96.28,11.38,77.57,115.0,0.0002,0.0004,NOMINAL,-20.72
29,145,116,93.82,11.31,75.22,112.42,0.0002,0.0006,NOMINAL,-22.18
29,146,115,93.87,11.5,74.95,112.79,0.0002,0.0007,NOMINAL,-21.13
29,147,114,95.89,11.74,76.58,115.2,0.0002,0.0006,NOMINAL,-18.11
29,148,113,93.13,10.88,75.24,111.03,0.0002,0.0005,NOMINAL,-19.87
29,149,112,92.08,10.96,74.05,110.1,0.0002,0.0007,NOMINAL,-19.92
29,150,111,92.71,10.88,74.82,110.6,0.0002,0.0006,NOMINAL,-18.29
29,151,110,92.75,10.88,74.86,110.65,0.0002,0.0005,NOMINAL,-17.25
29,152,109,89.44,10.88,71.55,107.34,0.0002,0.0013,NOMINAL,-19.56
29,153,108,93.16,10.88,75.26,111.05,0.0002,0.0005,NOMINAL,-14.84
29,154,107,90.94,10.56,73.58,108.3,0.0002,0.0006,NOMINAL,-16.06
29,155,106,90.04,10.88,72.14,107.93,0.0002,0.0011,NOMINAL,-15.96
29,156,105,87.34,10.38,70.27,104.41,0.0002,0.0015,NOMINAL,-17.66
29,157,104,90.78,10.88,72.88,108.67,0.0002,0.0009,NOMINAL,-13.22
29,158,103,92.39,10.56,75.02,109.75,0.0002,0.0004,NOMINAL,-10.61
29,159,102,93.23,10.88,75.33,111.12,0.0002,0.0005,NOMINAL,-8.77
29,160,101,91.05,10.56,73.69,108.41,0.0002,0.0006,NOMINAL,-9.95
29,161,100,85.91,10.27,69.02,102.8,0.0002,0.0021,NOMINAL,-14.09
29,162,99,85.45,9.9,69.17,101.73,0.0002,0.0016,NOMINAL,-13.55
29,163,98,85.35,9.73,69.35,101.35,0.0002,0.0013,NOMINAL,-12.65
29,164,97,84.06,9.43,68.55,99.56,0.0002,0.0014,NOMINAL,-12.94
29,165,96,86.26,10.08,69.68,102.83,0.0002,0.0015,NOMINAL,-9.74
29,166,95,85.89,10.08,69.32,102.47,0.0002,0.0017,NOMINAL,-9.11
29,167,94,86.68,10.08,70.11,103.26,0.0002,0.0013,NOMINAL,-7.32
29,168,93,86.46,10.08,69.89,103.04,0.0002,0.0014,NOMINAL,-6.54
29,169,92,90.28,10.08,73.7,106.85,0.0002,0.0005,NOMINAL,-1.72
29,170,91,91.04,10.08,74.46,107.61,0.0002,0.0004,NOMINAL,0.04
29,171,90,92.03,10.08,75.45,108.6,0.0002,0.0003,NOMINAL,2.03
30,52,125,123.52,3.23,118.2,128.84,0.0002,0.0002,NOMINAL,-1.48
30,53,125,123.52,2.98,118.62,128.42,0.0002,0.0002,NOMINAL,-1.48
30,54,125,123.27,2.98,118.37,128.17,0.0002,0.0002,NOMINAL,-1.73
30,55,125,123.27,3.23,117.95,128.59,0.0002,0.0002,NOMINAL,-1.73
30,56,125,123.82,5.44,114.88,132.77,0.0002,0.0002,NOMINAL,-1.18
30,57,125,123.24,5.41,114.34,132.15,0.0002,0.0002,NOMINAL,-1.76
30,58,125,123.84,5.41,114.93,132.75,0.0002,0.0002,NOMINAL,-1.16
30,59,125,123.82,5.41,114.92,132.73,0.0002,0.0002,NOMINAL,-1.18
30,60,125,122.02,10.08,105.43,138.61,0.0002,0.0002,NOMINAL,-2.98
30,61,125,119.31,13.53,97.05,141.58,0.0002,0.0002,NOMINAL,-5.69
30,62,125,119.42,13.53,97.16,141.68,0.0002,0.0002,NOMINAL,-5.58
30,63,125,119.52,13.28,97.68,141.35,0.0002,0.0002,NOMINAL,-5.48
30,64,125,119.81,13.06,98.32,141.29,0.0002,0.0002,NOMINAL,-5.19
30,65,125,120.44,12.23,100.32,140.55,0.0002,0.0002,NOMINAL,-4.56
30,66,125,119.95,13.28,98.11,141.79,0.0002,0.0002,NOMINAL,-5.05
30,67,125,120.5,12.23,100.38,140.61,0.0002,0.0002,NOMINAL,-4.5
30,68,125,121.95,10.94,103.96,139.95,0.0002,0.0002,NOMINAL,-3.05
30,69,125,121.87,10.08,105.29,138.46,0.0002,0.0002,NOMINAL,-3.13
30,70,125,121.86,9.74,105.84,137.87,0.0002,0.0002,NOMINAL,-3.14
30,71,125,122.46,6.92,111.07,133.85,0.0002,0.0002,NOMINAL,-2.54
30,72,125,122.75,5.65,113.45,132.05,0.0002,0.0002,NOMINAL,-2.25
30,73,125,123.73,5.23,115.12,132.34,0.0002,0.0002,NOMINAL,-1.27
30,74,125,123.06,5.01,114.82,131.3,0.0002,0.0002,NOMINAL,-1.94
30,75,125,123.84,4.99,115.64,132.04,0.0002,0.0002,NOMINAL,-1.16
30,76,125,123.8,2.98,118.9,128.7,0.0002,0.0002,NOMINAL,-1.2
30,77,125,123.35,2.98,118.45,128.25,0.0002,0.0002,NOMINAL,-1.65
30,78,125,123.8,2.98,118.9,128.7,0.0002,0.0002,NOMINAL,-1.2
30,79,125,123.02,2.98,118.12,127.92,0.0002,0.0002,NOMINAL,-1.98
30,80,125,123.02,2.98,118.12,127.92,0.0002,0.0002,NOMINAL,-1.98
30,81,125,123.1,2.98,118.2,128.0,0.0002,0.0002,NOMINAL,-1.9
30,82,125,123.55,2.98,118.64,128.45,0.0002,0.0002,NOMINAL,-1.45
30,83,125,123.04,2.98,118.14,127.95,0.0002,0.0002,NOMINAL,-1.96
30,84,125,123.46,2.98,118.55,128.36,0.0002,0.0002,NOMINAL,-1.54
30,85,125,122.28,2.98,117.37,127.18,0.0002,0.0002,NOMINAL,-2.72
30,86,125,122.45,2.98,117.55,127.35,0.0002,0.0002,NOMINAL,-2.55
30,87,125,122.08,6.29,111.73,132.44,0.0002,0.0002,NOMINAL,-2.92
30,88,125,123.32,5.44,114.38,132.27,0.0002,0.0002,NOMINAL,-1.68
30,89,125,122.95,2.98,118.05,127.86,0.0002,0.0002,NOMINAL,-2.05
30,90,125,123.89,2.98,118.99,128.8,0.0002,0.0002,NOMINAL,-1.11
30,91,125,123.47,2.98,118.57,128.37,0.0002,0.0002,NOMINAL,-1.53
30,92,125,122.87,2.99,117.96,127.79,0.0002,0.0002,NOMINAL,-2.13
30,93,125,123.47,2.99,118.56,128.38,0.0002,0.0002,NOMINAL,-1.53
30,94,125,123.88,2.99,118.97,128.79,0.0002,0.0002,NOMINAL,-1.12
30,95,125,123.71,2.98,118.81,128.61,0.0002,0.0002,NOMINAL,-1.29
30,96,125,123.29,2.98,118.38,128.19,0.0002,0.0002,NOMINAL,-1.71
30,97,125,123.47,2.98,118.57,128.37,0.0002,0.0002,NOMINAL,-1.53
30,98,125,123.29,2.98,118.38,128.19,0.0002,0.0002,NOMINAL,-1.71
30,99,125,122.87,2.98,117.97,127.78,0.0002,0.0002,NOMINAL,-2.13
30,100,125,123.21,2.96,118.34,128.07,0.0002,0.0002,NOMINAL,-1.79
30,101,125,122.6,2.99,117.69,127.51,0.0002,0.0002,NOMINAL,-2.4
30,102,125,122.87,2.99,117.96,127.79,0.0002,0.0002,NOMINAL,-2.13
30,103,125,122.87,2.98,117.97,127.78,0.0002,0.0002,NOMINAL,-2.13
30,104,125,123.29,2.98,118.38,128.19,0.0002,0.0002,NOMINAL,-1.71
30,105,125,122.19,3.22,116.89,127.48,0.0002,0.0002,NOMINAL,-2.81
30,106,125,121.76,6.87,110.46,133.06,0.0002,0.0002,NOMINAL,-3.24
30,107,125,120.53,8.57,106.44,134.62,0.0002,0.0002,NOMINAL,-4.47
30,108,125,120.26,12.39,99.89,140.64,0.0002,0.0002,NOMINAL,-4.74
30,109,125,119.82,12.39,99.45,140.19,0.0002,0.0002,NOMINAL,-5.18
30,110,125,118.74,13.28,96.9,140.58,0.0002,0.0002,NOMINAL,-6.26
30,111,125,117.78,13.56,95.48,140.09,0.0002,0.0002,NOMINAL,-7.22
30,112,125,113.44,13.42,91.36,135.51,0.0002,0.0002,NOMINAL,-11.56
30,113,125,117.36,13.68,94.86,139.86,0.0002,0.0002,NOMINAL,-7.64
30,114,125,117.36,13.73,94.77,139.95,0.0002,0.0002,NOMINAL,-7.64
30,115,125,111.95,13.43,89.86,134.03,0.0002,0.0002,NOMINAL,-13.05
30,116,125,110.5,12.73,89.55,131.44,0.0002,0.0002,NOMINAL,-14.5
30,117,125,102.83,11.72,83.55,122.1,0.0002,0.0002,NOMINAL,-22.17
30,118,125,105.8,11.73,86.5,125.1,0.0002,0.0002,NOMINAL,-19.2
30,119,125,104.72,11.72,85.45,124.0,0.0002,0.0002,NOMINAL,-20.28
30,120,125,102.83,11.72,83.55,122.1,0.0002,0.0002,NOMINAL,-22.17
30,121,125,96.5,11.36,77.8,115.19,0.0002,0.0004,NOMINAL,-28.5
30,122,125,94.56,11.3,75.98,113.14,0.0002,0.0005,NOMINAL,-30.44
30,123,125,88.08,10.74,70.42,105.75,0.0002,0.0018,NOMINAL,-36.92
30,124,125,84.05,10.67,66.5,101.61,0.0002,0.0045,NOMINAL,-40.95
30,125,125,82.53,10.59,65.11,99.94,0.0002,0.0052,NOMINAL,-42.47
30,126,125,82.23,10.33,65.23,99.23,0.0002,0.0049,NOMINAL,-42.77
30,127,125,74.35,8.61,60.2,88.51,0.0002,0.0075,NOMINAL,-50.65
30,128,125,71.67,8.45,57.77,85.57,0.0002,0.0148,NOMINAL,-53.33
30,129,125,72.89,8.45,59.0,86.79,0.0002,0.0091,NOMINAL,-52.11
30,130,125,77.33,8.61,63.18,91.49,0.0002,0.0046,NOMINAL,-47.67
30,131,125,72.14,8.45,58.24,86.03,0.0002,0.0115,NOMINAL,-52.86
30,132,125,70.52,8.43,56.65,84.39,0.0002,0.0197,NOMINAL,-54.48
30,133,125,70.43,8.43,56.56,84.3,0.0002,0.0202,NOMINAL,-54.57
30,134,124,65.87,7.34,53.8,77.94,0.0002,0.0321,NOMINAL,-58.13
30,135,123,67.08,8.43,53.2,80.95,0.0002,0.0404,NOMINAL,-55.92
30,136,122,73.82,8.55,59.75,87.89,0.0002,0.0079,NOMINAL,-48.18
30,137,121,75.69,8.85,61.13,90.25,0.0002,0.0066,NOMINAL,-45.31
30,138,120,67.65,8.24,54.09,81.21,0.0002,0.0329,NOMINAL,-52.35
30,139,119,71.61,8.44,57.73,85.5,0.0002,0.0149,NOMINAL,-47.39
30,140,118,74.22,8.52,60.21,88.22,0.0002,0.0073,NOMINAL,-43.78
30,141,117,77.65,10.08,61.08,94.23,0.0002,0.0082,NOMINAL,-39.35
30,142,116,80.54,10.08,63.97,97.12,0.0002,0.0056,NOMINAL,-35.46
30,143,115,83.8,10.08,67.23,100.38,0.0002,0.0034,NOMINAL,-31.2
31,52,125,118.85,13.57,96.53,141.18,0.0002,0.0002,NOMINAL,-6.15
31,53,125,117.13,13.64,94.69,139.57,0.0002,0.0002,NOMINAL,-7.87
31,54,125,108.93,12.79,87.89,129.98,0.0002,0.0002,NOMINAL,-16.07
31,55,125,103.43,11.66,84.25,122.61,0.0002,0.0002,NOMINAL,-21.57
31,56,125,103.83,11.66,84.65,123.01,0.0002,0.0002,NOMINAL,-21.17
31,57,125,104.79,11.66,85.61,123.98,0.0002,0.0002,NOMINAL,-20.21
31,58,125,107.51,12.35,87.21,127.82,0.0002,0.0002,NOMINAL,-17.49
31,59,125,105.2,11.63,86.07,124.34,0.0002,0.0002,NOMINAL,-19.8
31,60,125,102.08,11.63,82.94,121.22,0.0002,0.0002,NOMINAL,-22.92
31,61,125,91.21,11.44,72.39,110.03,0.0002,0.0015,NOMINAL,-33.79
31,62,125,93.55,11.55,74.55,112.55,0.0002,0.0009,NOMINAL,-31.45
31,63,125,90.98,10.97,72.93,109.02,0.0002,0.001,NOMINAL,-34.02
31,64,125,88.18,10.81,70.4,105.97,0.0002,0.0018,NOMINAL,-36.82
31,65,125,84.87,10.61,67.41,102.33,0.0002,0.0042,NOMINAL,-40.13
31,66,125,86.84,10.61,69.38,104.3,0.0002,0.0023,NOMINAL,-38.16
31,67,125,88.82,10.61,71.36,106.27,0.0002,0.0012,NOMINAL,-36.18
31,68,125,84.81,10.26,67.94,101.68,0.0002,0.0029,NOMINAL,-40.19
31,69,125,79.8,10.05,63.27,96.33,0.0002,0.0062,NOMINAL,-45.2
31,70,125,77.37,10.05,60.84,93.91,0.0002,0.0088,NOMINAL,-47.63
31,71,125,81.42,9.96,65.04,97.79,0.0002,0.0047,NOMINAL,-43.58
31,72,125,80.05,9.71,64.08,96.01,0.0002,0.005,NOMINAL,-44.95
31,73,125,77.17,9.46,61.61,92.72,0.0002,0.0068,NOMINAL,-47.83
31,74,125,77.91,9.4,62.45,93.37,0.0002,0.0062,NOMINAL,-47.09
31,75,125,76.48,8.55,62.42,90.54,0.0002,0.005,NOMINAL,-48.52
31,76,125,74.91,9.23,59.74,90.09,0.0002,0.0094,NOMINAL,-50.09
31,77,125,79.4,9.89,63.12,95.67,0.0002,0.0062,NOMINAL,-45.6
31,78,125,84.91,9.89,68.64,101.19,0.0002,0.0019,NOMINAL,-40.09
31,79,125,86.77,9.89,70.5,103.04,0.0002,0.001,NOMINAL,-38.23
31,80,124,88.31,10.11,71.68,104.94,0.0002,0.0008,NOMINAL,-35.69
31,81,123,90.19,10.11,73.56,106.82,0.0002,0.0005,NOMINAL,-32.81
31,82,122,105.62,12.39,85.23,126.0,0.0002,0.0002,NOMINAL,-16.38
31,83,121,114.05,13.03,92.61,135.48,0.0002,0.0002,NOMINAL,-6.95
31,84,120,115.99,13.02,94.58,137.41,0.0002,0.0002,NOMINAL,-4.01
31,85,119,116.38,13.44,94.28,138.48,0.0002,0.0002,NOMINAL,-2.62
31,86,118,118.96,13.23,97.21,140.72,0.0002,0.0002,NOMINAL,0.96
31,87,117,119.54,13.32,97.63,141.45,0.0002,0.0002,NOMINAL,2.54
31,88,116,119.92,13.56,97.61,142.23,0.0002,0.0002,NOMINAL,3.92
31,89,115,119.14,13.64,96.71,141.57,0.0002,0.0002,NOMINAL,4.14
31,90,114,119.58,13.56,97.27,141.89,0.0002,0.0002,NOMINAL,5.58
31,91,113,118.35,13.64,95.92,140.78,0.0002,0.0002,NOMINAL,5.35
31,92,112,111.71,13.01,90.32,133.1,0.0002,0.0002,NOMINAL,-0.29
31,93,111,109.49,12.32,89.23,129.75,0.0002,0.0002,NOMINAL,-1.51
31,94,110,109.53,12.32,89.26,129.79,0.0002,0.0002,NOMINAL,-0.47
31,95,109,108.41,12.19,88.35,128.47,0.0002,0.0002,NOMINAL,-0.59
31,96,108,106.05,11.73,86.75,125.35,0.0002,0.0002,NOMINAL,-1.95
31,97,107,99.68,11.73,80.38,118.98,0.0002,0.0003,NOMINAL,-7.32
31,98,106,103.12,12.17,83.11,123.14,0.0002,0.0003,NOMINAL,-2.88
31,99,105,100.98,12.08,81.11,120.84,0.0002,0.0003,NOMINAL,-4.02
31,100,104,100.1,11.75,80.76,119.43,0.0002,0.0003,NOMINAL,-3.9
31,101,103,96.65,11.31,78.05,115.25,0.0002,0.0004,NOMINAL,-6.35
31,102,102,89.65,10.75,71.97,107.34,0.0002,0.0011,NOMINAL,-12.35
31,103,101,90.73,10.75,73.04,108.42,0.0002,0.0008,NOMINAL,-10.27
31,104,100,89.61,10.75,71.92,107.3,0.0002,0.0011,NOMINAL,-10.39
31,105,99,93.98,11.31,75.37,112.58,0.0002,0.0006,NOMINAL,-5.02
31,106,98,93.98,11.31,75.37,112.58,0.0002,0.0006,NOMINAL,-4.02
31,107,97,88.67,11.31,70.07,107.28,0.0002,0.0027,NOMINAL,-8.33
31,108,96,93.09,11.31,74.49,111.7,0.0002,0.0008,NOMINAL,-2.91
31,109,95,95.74,11.62,76.62,114.86,0.0002,0.0005,NOMINAL,0.74
31,110,94,99.45,12.08,79.58,119.32,0.0002,0.0004,NOMINAL,5.45
31,111,93,107.21,12.45,86.73,127.69,0.0002,0.0002,NOMINAL,14.21
31,112,92,106.05,12.33,85.77,126.34,0.0002,0.0002,NOMINAL,14.05
31,113,91,109.8,12.78,88.77,130.82,0.0002,0.0002,NOMINAL,18.8
31,114,90,116.59,13.53,94.34,138.85,0.0002,0.0002,NOMINAL,26.59
31,115,89,116.03,13.51,93.81,138.24,0.0002,0.0002,NOMINAL,27.03
31,116,88,111.08,13.0,89.69,132.46,0.0002,0.0002,NOMINAL,23.08
31,117,87,107.17,12.18,87.14,127.2,0.0002,0.0002,NOMINAL,20.17
31,118,86,94.41,11.6,75.33,113.49,0.0002,0.0007,NOMINAL,8.41
31,119,85,96.01,11.72,76.74,115.28,0.0002,0.0006,NOMINAL,11.01
31,120,84,93.44,11.29,74.87,112.0,0.0002,0.0007,NOMINAL,9.44
31,121,83,87.53,10.75,69.84,105.22,0.0002,0.0021,NOMINAL,4.53
31,122,82,87.09,10.75,69.4,104.78,0.0002,0.0024,NOMINAL,5.09
31,123,81,85.41,10.75,67.72,103.1,0.0002,0.0041,NOMINAL,4.41
31,124,80,85.62,10.56,68.26,102.99,0.0002,0.0031,NOMINAL,5.62
31,125,79,84.75,10.3,67.81,101.7,0.0002,0.0031,NOMINAL,5.75
31,126,78,85.67,10.56,68.31,103.04,0.0002,0.0031,NOMINAL,7.67
31,127,77,83.04,10.18,66.31,99.78,0.0002,0.0043,NOMINAL,6.04
31,128,76,81.36,9.66,65.47,97.25,0.0002,0.0043,NOMINAL,5.36
31,129,75,82.0,9.4,66.54,97.46,0.0002,0.0028,NOMINAL,7.0
31,130,74,81.98,9.4,66.52,97.44,0.0002,0.0028,NOMINAL,7.98
31,131,73,80.73,9.29,65.45,96.01,0.0002,0.0039,NOMINAL,7.73
31,132,72,78.9,9.02,64.07,93.73,0.0002,0.0045,NOMINAL,6.9
31,133,71,80.63,8.48,66.69,94.57,0.0002,0.0014,NOMINAL,9.63
31,134,70,81.41,8.71,67.08,95.75,0.0002,0.0014,NOMINAL,11.41
31,135,69,77.53,8.42,63.67,91.39,0.0002,0.0042,NOMINAL,8.53
31,136,68,75.46,8.45,61.56,89.36,0.0002,0.0057,NOMINAL,7.46
31,137,67,72.5,8.45,58.6,86.4,0.0002,0.0097,NOMINAL,5.5
31,138,66,74.07,8.44,60.19,87.94,0.0002,0.0071,NOMINAL,8.07
31,139,65,68.87,7.79,56.05,81.68,0.0002,0.0203,NOMINAL,3.87
31,140,64,71.53,8.43,57.66,85.4,0.0002,0.0152,NOMINAL,7.53
31,141,63,72.77,8.43,58.9,86.65,0.0002,0.0094,NOMINAL,9.77
31,142,62,67.91,8.42,54.06,81.77,0.0002,0.0344,NOMINAL,5.91
31,143,61,70.25,8.42,56.4,84.1,0.0002,0.0209,NOMINAL,9.25
31,144,60,69.3,8.37,55.54,83.07,0.0002,0.0264,NOMINAL,9.3
31,145,59,66.37,7.78,53.58,79.16,0.0002,0.036,NOMINAL,7.37
31,146,58,65.41,6.92,54.03,76.79,0.0002,0.0284,NOMINAL,7.41
31,147,57,66.33,7.34,54.26,78.4,0.0002,0.0285,NOMINAL,9.33
31,148,56,62.43,6.78,51.28,73.59,0.0002,0.0493,NOMINAL,6.43
31,149,55,59.16,6.33,48.75,69.57,0.0002,0.0861,NOMINAL,4.16
31,150,54,56.06,6.29,45.72,66.4,0.0002,0.1923,NOMINAL,2.06
31,151,53,56.88,6.09,46.86,66.9,0.0002,0.1458,NOMINAL,3.88
31,152,52,55.68,5.98,45.85,65.51,0.0002,0.1949,NOMINAL,3.68
31,153,51,53.8,5.71,44.4,63.2,0.0002,0.2904,NOMINAL,2.8
31,154,50,48.61,5.66,39.3,57.91,0.0002,0.6549,MONITOR,-1.39
31,155,49,49.54,5.83,39.96,59.13,0.0002,0.5818,MONITOR,0.54
31,156,48,51.23,5.9,41.52,60.94,0.0002,0.4654,NOMINAL,3.23
31,157,47,48.61,5.1,40.23,56.99,0.0002,0.6652,MONITOR,1.61
31,158,46,48.54,5.2,39.98,57.09,0.0002,0.6687,MONITOR,2.54
31,159,45,46.84,5.18,38.32,55.36,0.0002,0.7859,WARNING,1.84
31,160,44,45.58,5.16,37.09,54.06,0.0002,0.8393,WARNING,1.58
31,161,43,45.05,4.81,37.14,52.97,0.0002,0.867,WARNING,2.05
31,162,42,43.48,4.81,35.56,51.4,0.0002,0.9139,WARNING,1.48
31,163,41,41.55,4.52,34.11,48.99,0.0002,0.9582,WARNING,0.55
31,164,40,41.1,4.55,33.61,48.58,0.0002,0.9612,WARNING,1.1
31,165,39,41.55,4.55,34.07,49.03,0.0002,0.9574,WARNING,2.55
31,166,38,40.16,4.47,32.81,47.51,0.0002,0.9709,WARNING,2.16
31,167,37,39.56,4.46,32.23,46.89,0.0003,0.9762,WARNING,2.56
31,168,36,35.92,4.4,28.68,43.15,0.0014,0.9984,WARNING,-0.08
31,169,35,34.82,4.24,27.85,41.79,0.0021,0.9997,WARNING,-0.18
31,170,34,35.08,4.25,28.08,42.07,0.0018,0.9996,WARNING,1.08
31,171,33,33.21,4.24,26.24,40.18,0.0049,0.9998,WARNING,0.21
31,172,32,32.91,4.17,26.05,39.77,0.005,0.9998,WARNING,0.91
31,173,31,31.06,4.21,24.14,37.99,0.011,0.9998,WARNING,0.06
31,174,30,31.27,4.2,24.36,38.18,0.0096,0.9998,WARNING,1.27
31,175,29,29.76,4.38,22.56,36.96,0.0283,0.9998,WARNING,0.76
31,176,28,27.68,3.76,21.49,33.87,0.0397,0.9998,WARNING,-0.32
31,177,27,27.13,3.8,20.88,33.38,0.0474,0.9998,WARNING,0.13
31,178,26,25.54,3.55,19.7,31.37,0.0758,0.9998,WARNING,-0.46
31,179,25,23.05,3.36,17.53,28.57,0.21,0.9998,WARNING,-1.95
31,180,24,22.2,3.08,17.13,27.26,0.2708,0.9998,WARNING,-1.8
31,181,23,19.94,2.9,15.17,24.71,0.5564,0.9998,WARNING,-3.06
31,182,22,19.23,2.5,15.12,23.35,0.6791,0.9998,WARNING,-2.77
31,183,21,18.1,2.56,13.9,22.31,0.821,0.9998,WARNING,-2.9
31,184,20,18.03,2.55,13.84,22.22,0.8261,0.9998,WARNING,-1.97
31,185,19,16.96,2.57,12.73,21.18,0.8944,0.9998,WARNING,-2.04
31,186,18,15.81,2.43,11.81,19.8,0.9499,0.9998,CRITICAL,-2.19
31,187,17,14.12,2.53,9.96,18.28,0.9755,0.9998,CRITICAL,-2.88
31,188,16,13.88,2.52,9.73,18.02,0.979,0.9998,CRITICAL,-2.12
31,189,15,14.27,2.67,9.88,18.66,0.9699,0.9998,CRITICAL,-0.73
31,190,14,14.15,2.54,9.97,18.34,0.9747,0.9998,CRITICAL,0.15
31,191,13,13.51,2.58,9.26,17.75,0.9816,0.9998,CRITICAL,0.51
31,192,12,12.9,2.56,8.68,17.11,0.9904,0.9998,CRITICAL,0.9
31,193,11,10.31,2.31,6.5,14.11,0.9998,0.9998,CRITICAL,-0.69
31,194,10,9.86,2.33,6.03,13.69,0.9998,0.9998,CRITICAL,-0.14
31,195,9,9.17,2.44,5.17,13.18,0.9998,0.9998,CRITICAL,0.17
31,196,8,9.31,2.32,5.5,13.12,0.9998,0.9998,CRITICAL,1.31
32,52,125,121.71,5.37,112.88,130.54,0.0002,0.0002,NOMINAL,-3.29
32,53,125,123.05,5.59,113.86,132.24,0.0002,0.0002,NOMINAL,-1.95
32,54,125,123.05,5.56,113.91,132.19,0.0002,0.0002,NOMINAL,-1.95
32,55,125,123.98,2.75,119.46,128.51,0.0002,0.0002,NOMINAL,-1.02
32,56,125,124.02,3.03,119.03,129.0,0.0002,0.0002,NOMINAL,-0.98
32,57,125,123.05,5.36,114.23,131.87,0.0002,0.0002,NOMINAL,-1.95
32,58,125,124.02,2.97,119.13,128.91,0.0002,0.0002,NOMINAL,-0.98
32,59,125,123.43,5.59,114.24,132.62,0.0002,0.0002,NOMINAL,-1.57
32,60,125,123.4,5.39,114.54,132.26,0.0002,0.0002,NOMINAL,-1.6
32,61,125,123.74,3.77,117.53,129.95,0.0002,0.0002,NOMINAL,-1.26
32,62,125,123.83,4.65,116.18,131.48,0.0002,0.0002,NOMINAL,-1.17
32,63,125,122.5,6.46,111.87,133.12,0.0002,0.0002,NOMINAL,-2.5
32,64,125,123.6,4.34,116.46,130.74,0.0002,0.0002,NOMINAL,-1.4
32,65,125,123.57,3.98,117.02,130.11,0.0002,0.0002,NOMINAL,-1.43
32,66,125,122.58,9.44,107.05,138.1,0.0002,0.0002,NOMINAL,-2.42
32,67,125,122.7,6.37,112.22,133.17,0.0002,0.0002,NOMINAL,-2.3
32,68,125,122.34,7.67,109.73,134.96,0.0002,0.0002,NOMINAL,-2.66
32,69,124,122.42,8.62,108.24,136.61,0.0002,0.0002,NOMINAL,-1.58
32,70,123,119.57,13.03,98.14,141.0,0.0002,0.0002,NOMINAL,-3.43
32,71,122,120.02,12.78,99.0,141.04,0.0002,0.0002,NOMINAL,-1.98
32,72,121,120.14,11.81,100.72,139.57,0.0002,0.0002,NOMINAL,-0.86
32,73,120,121.42,9.9,105.14,137.7,0.0002,0.0002,NOMINAL,1.42
32,74,119,120.6,12.78,99.58,141.62,0.0002,0.0002,NOMINAL,1.6
32,75,118,118.27,13.32,96.35,140.19,0.0002,0.0002,NOMINAL,0.27
32,76,117,118.17,13.32,96.26,140.09,0.0002,0.0002,NOMINAL,1.17
32,77,116,119.46,11.81,100.04,138.89,0.0002,0.0002,NOMINAL,3.46
32,78,115,118.45,13.27,96.62,140.28,0.0002,0.0002,NOMINAL,3.45
32,79,114,118.45,13.32,96.54,140.37,0.0002,0.0002,NOMINAL,4.45
32,80,113,119.37,13.32,97.46,141.29,0.0002,0.0002,NOMINAL,6.37
32,81,112,119.82,13.57,97.49,142.14,0.0002,0.0002,NOMINAL,7.82
32,82,111,116.79,13.57,94.46,139.11,0.0002,0.0002,NOMINAL,5.79
32,83,110,116.55,13.57,94.22,138.87,0.0002,0.0002,NOMINAL,6.55
32,84,109,114.65,13.58,92.32,136.97,0.0002,0.0002,NOMINAL,5.65
32,85,108,114.9,13.58,92.58,137.23,0.0002,0.0002,NOMINAL,6.9
32,86,107,114.7,13.58,92.37,137.03,0.0002,0.0002,NOMINAL,7.7
32,87,106,116.81,13.64,94.37,139.26,0.0002,0.0002,NOMINAL,10.81
32,88,105,115.43,13.58,93.1,137.76,0.0002,0.0002,NOMINAL,10.43
32,89,104,117.04,13.57,94.71,139.36,0.0002,0.0002,NOMINAL,13.04
32,90,103,116.04,13.58,93.71,138.37,0.0002,0.0002,NOMINAL,13.04
32,91,102,101.99,11.66,82.81,121.17,0.0002,0.0002,NOMINAL,-0.01
32,92,101,94.33,11.66,75.15,113.51,0.0002,0.0008,NOMINAL,-6.67
32,93,100,92.48,11.59,73.41,111.55,0.0002,0.0012,NOMINAL,-7.52
32,94,99,89.04,11.31,70.44,107.64,0.0002,0.0024,NOMINAL,-9.96
32,95,98,85.75,11.24,67.27,104.24,0.0002,0.0046,NOMINAL,-12.25
32,96,97,85.16,11.24,66.67,103.64,0.0002,0.0048,NOMINAL,-11.84
32,97,96,85.53,11.03,67.38,103.68,0.0002,0.0044,NOMINAL,-10.47
32,98,95,83.57,10.85,65.73,101.42,0.0002,0.005,NOMINAL,-11.43
32,99,94,82.36,10.28,65.45,99.26,0.0002,0.0047,NOMINAL,-11.64
32,100,93,81.63,10.46,64.43,98.83,0.0002,0.0056,NOMINAL,-11.37
32,101,92,80.93,10.11,64.3,97.57,0.0002,0.0053,NOMINAL,-11.07
32,102,91,80.39,10.11,63.75,97.02,0.0002,0.0058,NOMINAL,-10.61
32,103,90,80.48,9.9,64.2,96.75,0.0002,0.0051,NOMINAL,-9.52
32,104,89,76.56,9.23,61.37,91.75,0.0002,0.0068,NOMINAL,-12.44
32,105,88,73.97,9.83,57.81,90.14,0.0002,0.0194,NOMINAL,-14.03
32,106,87,71.38,8.8,56.9,85.86,0.0002,0.0199,NOMINAL,-15.62
32,107,86,69.83,9.13,54.82,84.84,0.0002,0.0318,NOMINAL,-16.17
32,108,85,73.14,8.83,58.62,87.67,0.0002,0.0114,NOMINAL,-11.86
32,109,84,70.11,8.79,55.66,84.57,0.0002,0.0267,NOMINAL,-13.89
32,110,83,67.69,8.59,53.55,81.82,0.0002,0.0383,NOMINAL,-15.31
32,111,82,67.56,8.52,53.55,81.57,0.0002,0.0378,NOMINAL,-14.44
32,112,81,68.26,8.77,53.83,82.68,0.0002,0.0365,NOMINAL,-12.74
32,113,80,69.22,8.63,55.03,83.41,0.0002,0.0284,NOMINAL,-10.78
32,114,79,67.33,8.71,53.01,81.65,0.0002,0.0425,NOMINAL,-11.67
32,115,78,67.54,8.79,53.08,81.99,0.0002,0.0418,NOMINAL,-10.46
32,116,77,75.34,8.96,60.59,90.08,0.0002,0.0075,NOMINAL,-1.66
32,117,76,73.96,9.75,57.93,89.99,0.0002,0.0184,NOMINAL,-2.04
32,118,75,69.68,8.53,55.64,83.71,0.0002,0.0264,NOMINAL,-5.32
32,119,74,68.28,8.53,54.25,82.32,0.0002,0.0328,NOMINAL,-5.72
32,120,73,65.1,8.13,51.73,78.47,0.0002,0.0486,NOMINAL,-7.9
32,121,72,65.2,8.38,51.41,78.99,0.0002,0.0506,NOMINAL,-6.8
32,122,71,65.2,8.13,51.83,78.57,0.0002,0.0479,NOMINAL,-5.8
32,123,70,63.63,7.85,50.72,76.55,0.0002,0.0579,NOMINAL,-6.37
32,124,69,64.22,8.23,50.69,77.75,0.0002,0.0588,NOMINAL,-4.78
32,125,68,66.34,8.4,52.53,80.16,0.0002,0.0443,NOMINAL,-1.66
32,126,67,66.24,8.48,52.29,80.18,0.0002,0.0454,NOMINAL,-0.76
32,127,66,63.82,8.15,50.42,77.23,0.0002,0.0614,NOMINAL,-2.18
32,128,65,63.18,7.36,51.07,75.29,0.0002,0.0531,NOMINAL,-1.82
32,129,64,57.59,6.79,46.42,68.76,0.0002,0.1489,NOMINAL,-6.41
32,130,63,57.34,6.49,46.67,68.01,0.0002,0.1446,NOMINAL,-5.66
32,131,62,57.29,6.49,46.62,67.96,0.0002,0.1471,NOMINAL,-4.71
32,132,61,55.95,6.34,45.52,66.39,0.0002,0.1989,NOMINAL,-5.05
32,133,60,55.85,6.34,45.41,66.28,0.0002,0.2048,NOMINAL,-4.15
32,134,59,55.71,6.34,45.28,66.15,0.0002,0.2124,NOMINAL,-3.29
32,135,58,55.05,6.43,44.47,65.62,0.0002,0.2473,NOMINAL,-2.95
32,136,57,53.97,6.22,43.75,64.19,0.0002,0.2972,NOMINAL,-3.03
32,137,56,53.69,6.22,43.47,63.92,0.0002,0.3167,NOMINAL,-2.31
32,138,55,50.7,6.16,40.57,60.84,0.0002,0.5029,MONITOR,-4.3
32,139,54,50.27,6.16,40.13,60.4,0.0002,0.5283,MONITOR,-3.73
32,140,53,50.02,6.12,39.96,60.08,0.0002,0.5475,MONITOR,-2.98
32,141,52,49.26,6.21,39.04,59.48,0.0002,0.5984,MONITOR,-2.74
32,142,51,48.14,5.45,39.18,57.1,0.0002,0.6952,MONITOR,-2.86
32,143,50,46.05,5.41,37.15,54.95,0.0002,0.8164,WARNING,-3.95
32,144,49,45.46,5.11,37.06,53.86,0.0002,0.8433,WARNING,-3.54
32,145,48,43.77,4.66,36.11,51.43,0.0002,0.9125,WARNING,-4.23
34,52,125,123.91,2.75,119.39,128.43,0.0002,0.0002,NOMINAL,-1.09
34,53,125,124.13,2.18,120.55,127.71,0.0002,0.0002,NOMINAL,-0.87
34,54,125,123.35,5.74,113.92,132.79,0.0002,0.0002,NOMINAL,-1.65
34,55,125,123.57,4.38,116.36,130.77,0.0002,0.0002,NOMINAL,-1.43
34,56,125,124.0,4.38,116.8,131.21,0.0002,0.0002,NOMINAL,-1.0
34,57,125,122.37,6.79,111.2,133.54,0.0002,0.0002,NOMINAL,-2.63
34,58,125,122.64,6.66,111.68,133.6,0.0002,0.0002,NOMINAL,-2.36
34,59,125,120.12,9.97,103.72,136.52,0.0002,0.0002,NOMINAL,-4.88
34,60,125,119.46,10.45,102.28,136.65,0.0002,0.0002,NOMINAL,-5.54
34,61,125,118.45,11.63,99.33,137.57,0.0002,0.0002,NOMINAL,-6.55
34,62,125,117.21,13.36,95.24,139.19,0.0002,0.0002,NOMINAL,-7.79
34,63,125,117.82,13.32,95.9,139.74,0.0002,0.0002,NOMINAL,-7.18
34,64,125,119.31,13.57,96.98,141.63,0.0002,0.0002,NOMINAL,-5.69
34,65,125,118.86,13.36,96.88,140.84,0.0002,0.0002,NOMINAL,-6.14
34,66,125,117.3,13.33,95.37,139.24,0.0002,0.0002,NOMINAL,-7.7
34,67,125,119.31,13.57,96.98,141.63,0.0002,0.0002,NOMINAL,-5.69
34,68,125,118.79,13.57,96.47,141.12,0.0002,0.0002,NOMINAL,-6.21
34,69,125,119.31,13.57,96.98,141.63,0.0002,0.0002,NOMINAL,-5.69
34,70,125,119.58,13.57,97.26,141.9,0.0002,0.0002,NOMINAL,-5.42
34,71,125,119.72,13.57,97.39,142.04,0.0002,0.0002,NOMINAL,-5.28
34,72,125,119.14,13.57,96.81,141.46,0.0002,0.0002,NOMINAL,-5.86
34,73,125,118.71,13.36,96.73,140.69,0.0002,0.0002,NOMINAL,-6.29
34,74,125,118.59,13.32,96.67,140.5,0.0002,0.0002,NOMINAL,-6.41
34,75,125,119.27,13.32,97.35,141.18,0.0002,0.0002,NOMINAL,-5.73
34,76,125,119.92,11.81,100.5,139.35,0.0002,0.0002,NOMINAL,-5.08
34,77,125,120.07,12.04,100.27,139.87,0.0002,0.0002,NOMINAL,-4.93
34,78,125,120.43,11.61,101.34,139.53,0.0002,0.0002,NOMINAL,-4.57
34,79,125,120.94,11.61,101.84,140.04,0.0002,0.0002,NOMINAL,-4.06
34,80,125,120.62,11.06,102.43,138.81,0.0002,0.0002,NOMINAL,-4.38
34,81,125,120.36,11.81,100.94,139.79,0.0002,0.0002,NOMINAL,-4.64
34,82,125,121.46,9.26,106.22,136.69,0.0002,0.0002,NOMINAL,-3.54
34,83,125,121.9,10.92,103.94,139.87,0.0002,0.0002,NOMINAL,-3.1
34,84,125,122.44,9.61,106.64,138.24,0.0002,0.0002,NOMINAL,-2.56
34,85,125,122.32,9.53,106.65,137.99,0.0002,0.0002,NOMINAL,-2.68
34,86,124,122.75,9.53,107.08,138.42,0.0002,0.0002,NOMINAL,-1.25
34,87,123,122.53,7.14,110.78,134.28,0.0002,0.0002,NOMINAL,-0.47
34,88,122,123.54,4.31,116.46,130.63,0.0002,0.0002,NOMINAL,1.54
34,89,121,123.42,6.84,112.17,134.68,0.0002,0.0002,NOMINAL,2.42
34,90,120,123.43,4.62,115.83,131.02,0.0002,0.0002,NOMINAL,3.43
34,91,119,122.8,6.84,111.54,134.05,0.0002,0.0002,NOMINAL,3.8
34,92,118,122.74,5.43,113.81,131.66,0.0002,0.0002,NOMINAL,4.74
34,93,117,122.66,8.72,108.31,137.01,0.0002,0.0002,NOMINAL,5.66
34,94,116,120.58,11.81,101.15,140.0,0.0002,0.0002,NOMINAL,4.58
34,95,115,119.36,12.09,99.48,139.24,0.0002,0.0002,NOMINAL,4.36
34,96,114,119.44,13.32,97.53,141.36,0.0002,0.0002,NOMINAL,5.44
34,97,113,122.73,7.8,109.89,135.56,0.0002,0.0002,NOMINAL,9.73
34,98,112,121.61,8.44,107.73,135.49,0.0002,0.0002,NOMINAL,9.61
34,99,111,123.09,7.8,110.26,135.92,0.0002,0.0002,NOMINAL,12.09
34,100,110,122.27,9.95,105.91,138.64,0.0002,0.0002,NOMINAL,12.27
34,101,109,119.54,12.09,99.66,139.42,0.0002,0.0002,NOMINAL,10.54
34,102,108,119.47,13.35,97.51,141.44,0.0002,0.0002,NOMINAL,11.47
34,103,107,119.44,13.32,97.53,141.36,0.0002,0.0002,NOMINAL,12.44
34,104,106,120.18,11.81,100.75,139.6,0.0002,0.0002,NOMINAL,14.18
34,105,105,119.93,13.56,97.62,142.24,0.0002,0.0002,NOMINAL,14.93
34,106,104,117.86,13.56,95.55,140.17,0.0002,0.0002,NOMINAL,13.86
34,107,103,116.58,13.5,94.37,138.79,0.0002,0.0002,NOMINAL,13.58
34,108,102,111.93,12.99,90.56,133.3,0.0002,0.0002,NOMINAL,9.93
34,109,101,115.26,13.58,92.93,137.59,0.0002,0.0002,NOMINAL,14.26
34,110,100,105.55,11.66,86.37,124.73,0.0002,0.0002,NOMINAL,5.55
34,111,99,100.69,11.66,81.51,119.87,0.0002,0.0003,NOMINAL,1.69
34,112,98,101.99,11.66,82.81,121.17,0.0002,0.0002,NOMINAL,3.99
34,113,97,94.9,11.63,75.76,114.03,0.0002,0.0007,NOMINAL,-2.1
34,114,96,94.34,11.55,75.34,113.34,0.0002,0.0007,NOMINAL,-1.66
34,115,95,88.88,11.55,69.88,107.88,0.0002,0.0032,NOMINAL,-6.12
34,116,94,88.18,11.24,69.69,106.67,0.0002,0.0029,NOMINAL,-5.82
34,117,93,88.69,11.24,70.2,107.17,0.0002,0.0025,NOMINAL,-4.31
34,118,92,87.03,10.97,68.99,105.08,0.0002,0.0031,NOMINAL,-4.97
34,119,91,88.54,10.83,70.72,106.36,0.0002,0.0017,NOMINAL,-2.46
34,120,90,86.25,10.9,68.31,104.18,0.0002,0.0037,NOMINAL,-3.75
34,121,89,85.83,10.83,68.01,103.66,0.0002,0.0039,NOMINAL,-3.17
34,122,88,87.32,10.61,69.86,104.77,0.0002,0.0019,NOMINAL,-0.68
34,123,87,84.56,10.55,67.21,101.92,0.0002,0.0042,NOMINAL,-2.44
34,124,86,85.16,10.61,67.7,102.62,0.0002,0.0039,NOMINAL,-0.84
34,125,85,85.86,10.61,68.4,103.32,0.0002,0.0031,NOMINAL,0.86
34,126,84,84.85,10.11,68.22,101.48,0.0002,0.0025,NOMINAL,0.85
34,127,83,85.04,10.23,68.21,101.87,0.0002,0.0026,NOMINAL,2.04
34,128,82,80.52,9.96,64.15,96.9,0.0002,0.0052,NOMINAL,-1.48
34,129,81,77.91,9.33,62.56,93.26,0.0002,0.006,NOMINAL,-3.09
34,130,80,80.14,9.37,64.73,95.55,0.0002,0.0044,NOMINAL,0.14
34,131,79,82.21,9.48,66.62,97.79,0.0002,0.0029,NOMINAL,3.21
34,132,78,78.22,9.3,62.92,93.52,0.0002,0.0055,NOMINAL,0.22
34,133,77,76.84,9.1,61.87,91.8,0.0002,0.0063,NOMINAL,-0.16
34,134,76,76.0,9.37,60.59,91.41,0.0002,0.008,NOMINAL,0.0
34,135,75,77.68,9.43,62.18,93.18,0.0002,0.0064,NOMINAL,2.68
34,136,74,77.81,9.43,62.31,93.32,0.0002,0.0063,NOMINAL,3.81
34,137,73,80.44,9.89,64.17,96.72,0.0002,0.0051,NOMINAL,7.44
34,138,72,80.55,9.89,64.28,96.82,0.0002,0.0051,NOMINAL,8.55
34,139,71,82.57,9.89,66.3,98.84,0.0002,0.0041,NOMINAL,11.57
34,140,70,85.42,9.89,69.14,101.69,0.0002,0.0016,NOMINAL,15.42
34,141,69,82.14,9.43,66.63,97.64,0.0002,0.0028,NOMINAL,13.14
34,142,68,77.32,9.37,61.91,92.73,0.0002,0.0065,NOMINAL,9.32
34,143,67,74.35,9.1,59.39,89.32,0.0002,0.0096,NOMINAL,7.35
34,144,66,71.89,9.1,56.93,86.86,0.0002,0.0209,NOMINAL,5.89
34,145,65,70.42,8.59,56.29,84.56,0.0002,0.0215,NOMINAL,5.42
34,146,64,70.0,9.43,54.49,85.5,0.0002,0.0351,NOMINAL,6.0
34,147,63,69.58,8.39,55.78,83.37,0.0002,0.025,NOMINAL,6.58
34,148,62,69.59,7.97,56.48,82.7,0.0002,0.0184,NOMINAL,7.59
34,149,61,66.22,8.26,52.64,79.81,0.0002,0.044,NOMINAL,5.22
34,150,60,63.67,7.25,51.76,75.59,0.0002,0.0472,NOMINAL,3.67
34,151,59,62.38,6.91,51.02,73.73,0.0002,0.0529,NOMINAL,3.38
34,152,58,59.74,6.77,48.61,70.88,0.0002,0.0879,NOMINAL,1.74
34,153,57,60.21,6.81,49.01,71.41,0.0002,0.0837,NOMINAL,3.21
34,154,56,57.75,6.71,46.71,68.79,0.0002,0.1414,NOMINAL,1.75
34,155,55,57.18,6.66,46.22,68.13,0.0002,0.1611,NOMINAL,2.18
34,156,54,56.95,6.66,46.0,67.91,0.0002,0.168,NOMINAL,2.95
34,157,53,55.24,6.66,44.29,66.2,0.0002,0.2469,NOMINAL,2.24
34,158,52,54.33,6.66,43.37,65.29,0.0002,0.2948,NOMINAL,2.33
34,159,51,52.54,6.66,41.58,63.5,0.0002,0.4006,NOMINAL,1.54
34,160,50,50.59,6.57,39.78,61.4,0.0002,0.5138,MONITOR,0.59
34,161,49,49.51,6.63,38.6,60.42,0.0002,0.5791,MONITOR,0.51
34,162,48,49.02,6.67,38.05,60.0,0.0003,0.6106,MONITOR,1.02
34,163,47,48.6,5.86,38.95,58.24,0.0002,0.6511,MONITOR,1.6
34,164,46,49.02,6.67,38.05,60.0,0.0003,0.6106,MONITOR,3.02
34,165,45,46.62,5.68,37.29,55.96,0.0002,0.781,WARNING,1.62
34,166,44,45.53,5.16,37.04,54.02,0.0002,0.8403,WARNING,1.53
34,167,43,43.99,5.05,35.69,52.3,0.0002,0.8945,WARNING,0.99
34,168,42,40.82,5.05,32.51,49.12,0.0004,0.9549,WARNING,-1.18
34,169,41,40.07,4.72,32.3,47.84,0.0003,0.9683,WARNING,-0.93
34,170,40,37.53,4.34,30.38,44.68,0.0004,0.9933,WARNING,-2.47
34,171,39,35.26,4.21,28.34,42.18,0.0013,0.9996,WARNING,-3.74
34,172,38,32.68,3.91,26.24,39.12,0.0043,0.9998,WARNING,-5.32
34,173,37,35.61,4.18,28.74,42.49,0.0009,0.9996,WARNING,-1.39
34,174,36,35.68,4.46,28.34,43.02,0.0019,0.9985,WARNING,-0.32
34,175,35,35.42,4.52,27.98,42.86,0.0028,0.9987,WARNING,0.42
34,176,34,35.1,4.58,27.57,42.63,0.004,0.9991,WARNING,1.1
34,177,33,34.61,4.49,27.23,41.99,0.0043,0.9996,WARNING,1.61
34,178,32,33.26,4.48,25.9,40.63,0.0062,0.9997,WARNING,1.26
34,179,31,34.97,4.47,27.63,42.32,0.0034,0.9995,WARNING,3.97
34,180,30,34.48,4.44,27.18,41.78,0.0043,0.9996,WARNING,4.48
34,181,29,32.47,3.95,25.97,38.97,0.0047,0.9998,WARNING,3.47
34,182,28,32.47,3.94,25.99,38.95,0.0046,0.9998,WARNING,4.47
34,183,27,31.05,3.85,24.71,37.39,0.0069,0.9998,WARNING,4.05
34,184,26,27.81,3.27,22.43,33.2,0.0212,0.9998,WARNING,1.81
34,185,25,26.5,2.93,21.68,31.33,0.0287,0.9998,WARNING,1.5
34,186,24,24.58,2.91,19.79,29.37,0.0739,0.9998,WARNING,0.58
34,187,23,22.55,2.63,18.22,26.88,0.1903,0.9998,WARNING,-0.45
34,188,22,19.84,2.61,15.56,24.13,0.576,0.9998,WARNING,-2.16
34,189,21,19.84,2.73,15.36,24.33,0.575,0.9998,WARNING,-1.16
34,190,20,20.27,2.71,15.81,24.73,0.5097,0.9998,WARNING,0.27
34,191,19,19.2,2.76,14.66,23.73,0.6732,0.9998,WARNING,0.2
34,192,18,17.54,2.54,13.35,21.72,0.8565,0.9998,WARNING,-0.46
34,193,17,16.45,2.52,12.31,20.6,0.9178,0.9998,CRITICAL,-0.55
34,194,16,16.45,2.6,12.18,20.72,0.9145,0.9998,CRITICAL,0.45
34,195,15,16.37,2.59,12.1,20.63,0.9176,0.9998,CRITICAL,1.37
34,196,14,15.27,2.44,11.26,19.29,0.961,0.9998,CRITICAL,1.27
34,197,13,14.56,2.44,10.55,18.57,0.9724,0.9998,CRITICAL,1.56
34,198,12,14.0,2.43,10.0,18.01,0.9799,0.9998,CRITICAL,2.0
34,199,11,12.29,2.23,8.62,15.96,0.9996,0.9998,CRITICAL,1.29
34,200,10,10.57,2.33,6.74,14.39,0.9998,0.9998,CRITICAL,0.57
34,201,9,7.48,2.38,3.58,11.39,0.9998,0.9998,CRITICAL,-1.52
34,202,8,6.53,2.43,2.53,10.53,0.9998,0.9998,CRITICAL,-1.47
34,203,7,5.21,2.52,1.07,9.35,0.9998,0.9998,CRITICAL,-1.79
35,52,125,121.45,10.94,103.45,139.45,0.0002,0.0002,NOMINAL,-3.55
35,53,125,119.95,13.28,98.11,141.79,0.0002,0.0002,NOMINAL,-5.05
35,54,125,120.72,12.89,99.52,141.93,0.0002,0.0002,NOMINAL,-4.28
35,55,125,120.17,12.52,99.57,140.77,0.0002,0.0002,NOMINAL,-4.83
35,56,125,118.85,13.64,96.42,141.27,0.0002,0.0002,NOMINAL,-6.15
35,57,125,119.1,13.64,96.67,141.53,0.0002,0.0002,NOMINAL,-5.9
35,58,125,119.3,13.64,96.87,141.73,0.0002,0.0002,NOMINAL,-5.7
35,59,125,118.97,13.35,97.02,140.93,0.0002,0.0002,NOMINAL,-6.03
35,60,125,120.05,13.28,98.21,141.89,0.0002,0.0002,NOMINAL,-4.95
35,61,125,121.66,10.83,103.84,139.48,0.0002,0.0002,NOMINAL,-3.34
35,62,125,121.51,10.83,103.69,139.33,0.0002,0.0002,NOMINAL,-3.49
35,63,125,122.09,9.76,106.04,138.14,0.0002,0.0002,NOMINAL,-2.91
35,64,125,120.17,11.57,101.14,139.2,0.0002,0.0002,NOMINAL,-4.83
35,65,125,121.34,7.96,108.24,134.44,0.0002,0.0002,NOMINAL,-3.66
35,66,125,121.46,7.79,108.64,134.29,0.0002,0.0002,NOMINAL,-3.54
35,67,125,119.92,11.64,100.77,139.07,0.0002,0.0002,NOMINAL,-5.08
35,68,125,120.44,7.96,107.34,133.54,0.0002,0.0002,NOMINAL,-4.56
35,69,125,121.76,7.51,109.4,134.12,0.0002,0.0002,NOMINAL,-3.24
35,70,125,121.46,7.79,108.64,134.29,0.0002,0.0002,NOMINAL,-3.54
35,71,125,123.14,6.94,111.72,134.55,0.0002,0.0002,NOMINAL,-1.86
35,72,125,122.56,6.94,111.14,133.97,0.0002,0.0002,NOMINAL,-2.44
35,73,125,122.73,6.94,111.31,134.14,0.0002,0.0002,NOMINAL,-2.27
35,74,125,122.89,6.94,111.47,134.3,0.0002,0.0002,NOMINAL,-2.11
35,75,125,123.06,6.94,111.65,134.48,0.0002,0.0002,NOMINAL,-1.94
35,76,125,123.43,6.94,112.02,134.85,0.0002,0.0002,NOMINAL,-1.57
35,77,125,123.79,5.43,114.87,132.72,0.0002,0.0002,NOMINAL,-1.21
35,78,125,122.09,6.88,110.77,133.41,0.0002,0.0002,NOMINAL,-2.91
35,79,125,120.88,7.45,108.63,133.14,0.0002,0.0002,NOMINAL,-4.12
35,80,125,121.21,7.45,108.95,133.47,0.0002,0.0002,NOMINAL,-3.79
35,81,125,121.58,7.51,109.23,133.94,0.0002,0.0002,NOMINAL,-3.42
35,82,125,121.46,7.79,108.64,134.29,0.0002,0.0002,NOMINAL,-3.54
35,83,125,119.91,12.52,99.31,140.51,0.0002,0.0002,NOMINAL,-5.09
35,84,125,118.29,13.56,95.98,140.59,0.0002,0.0002,NOMINAL,-6.71
35,85,124,118.56,13.53,96.3,140.82,0.0002,0.0002,NOMINAL,-5.44
35,86,123,119.8,13.06,98.32,141.29,0.0002,0.0002,NOMINAL,-3.2
35,87,122,118.6,13.28,96.76,140.44,0.0002,0.0002,NOMINAL,-3.4
35,88,121,119.32,13.06,97.83,140.8,0.0002,0.0002,NOMINAL,-1.68
35,89,120,119.95,13.06,98.47,141.44,0.0002,0.0002,NOMINAL,-0.05
35,90,119,120.65,12.52,100.05,141.26,0.0002,0.0002,NOMINAL,1.65
35,91,118,118.57,13.56,96.26,140.88,0.0002,0.0002,NOMINAL,0.57
35,92,117,113.36,13.62,90.97,135.76,0.0002,0.0002,NOMINAL,-3.64
35,93,116,111.0,12.65,90.18,131.81,0.0002,0.0002,NOMINAL,-5.0
35,94,115,116.01,13.66,93.54,138.49,0.0002,0.0002,NOMINAL,1.01
35,95,114,116.01,13.66,93.54,138.49,0.0002,0.0002,NOMINAL,2.01
35,96,113,113.45,13.62,91.05,135.85,0.0002,0.0002,NOMINAL,0.45
35,97,112,112.78,13.43,90.69,134.86,0.0002,0.0002,NOMINAL,0.78
35,98,111,115.89,13.67,93.4,138.38,0.0002,0.0002,NOMINAL,4.89
35,99,110,113.23,13.55,90.94,135.52,0.0002,0.0002,NOMINAL,3.23
35,100,109,108.04,12.08,88.18,127.91,0.0002,0.0002,NOMINAL,-0.96
35,101,108,105.5,11.72,86.23,124.78,0.0002,0.0002,NOMINAL,-2.5
35,102,107,104.82,11.72,85.54,124.1,0.0002,0.0002,NOMINAL,-2.18
35,103,106,104.91,11.72,85.63,124.19,0.0002,0.0002,NOMINAL,-1.09
35,104,105,105.8,11.73,86.5,125.1,0.0002,0.0002,NOMINAL,0.8
35,105,104,105.67,11.72,86.4,124.95,0.0002,0.0002,NOMINAL,1.67
35,106,103,112.49,13.06,91.0,133.98,0.0002,0.0002,NOMINAL,9.49
35,107,102,110.42,12.51,89.84,130.99,0.0002,0.0002,NOMINAL,8.42
35,108,101,116.14,13.6,93.78,138.51,0.0002,0.0002,NOMINAL,15.14
35,109,100,115.83,13.49,93.64,138.01,0.0002,0.0002,NOMINAL,15.83
35,110,99,112.79,13.46,90.64,134.93,0.0002,0.0002,NOMINAL,13.79
35,111,98,110.73,12.55,90.09,131.37,0.0002,0.0002,NOMINAL,12.73
35,112,97,110.57,12.6,89.85,131.29,0.0002,0.0002,NOMINAL,13.57
35,113,96,105.81,11.65,86.64,124.98,0.0002,0.0002,NOMINAL,9.81
35,114,95,100.59,11.58,81.53,119.64,0.0002,0.0003,NOMINAL,5.59
35,115,94,97.86,11.58,78.81,116.92,0.0002,0.0004,NOMINAL,3.86
35,116,93,100.63,11.67,81.44,119.82,0.0002,0.0003,NOMINAL,7.63
35,117,92,100.63,11.67,81.44,119.82,0.0002,0.0003,NOMINAL,8.63
35,118,91,96.24,11.34,77.59,114.9,0.0002,0.0004,NOMINAL,5.24
35,119,90,95.61,11.27,77.07,114.15,0.0002,0.0004,NOMINAL,5.61
35,120,89,94.57,11.27,76.02,113.11,0.0002,0.0005,NOMINAL,5.57
35,121,88,89.85,11.27,71.31,108.39,0.0002,0.0018,NOMINAL,1.85
35,122,87,94.33,11.27,75.79,112.87,0.0002,0.0005,NOMINAL,7.33
35,123,86,93.06,11.27,74.52,111.6,0.0002,0.0007,NOMINAL,7.06
35,124,85,88.21,11.27,69.67,106.76,0.0002,0.003,NOMINAL,3.21
35,125,84,93.82,11.27,75.28,112.36,0.0002,0.0006,NOMINAL,9.82
35,126,83,91.7,10.88,73.8,109.59,0.0002,0.0007,NOMINAL,8.7
35,127,82,88.84,10.11,72.21,105.47,0.0002,0.0007,NOMINAL,6.84
35,128,81,85.99,10.08,69.41,102.56,0.0002,0.0016,NOMINAL,4.99
35,129,80,82.69,10.02,66.22,99.17,0.0002,0.0042,NOMINAL,2.69
35,130,79,84.27,10.02,67.79,100.74,0.0002,0.0027,NOMINAL,5.27
35,131,78,81.33,9.54,65.64,97.03,0.0002,0.0042,NOMINAL,3.33
35,132,77,73.88,8.49,59.92,87.85,0.0002,0.0077,NOMINAL,-3.12
35,133,76,69.27,7.97,56.16,82.38,0.0002,0.0205,NOMINAL,-6.73
35,134,75,69.86,7.97,56.75,82.97,0.0002,0.0173,NOMINAL,-5.14
35,135,74,68.89,7.52,56.52,81.25,0.0002,0.0167,NOMINAL,-5.11
35,136,73,66.89,7.51,54.54,79.23,0.0002,0.0275,NOMINAL,-6.11
35,137,72,67.15,6.94,55.74,78.57,0.0002,0.0179,NOMINAL,-4.85
35,138,71,67.0,7.08,55.36,78.64,0.0002,0.021,NOMINAL,-4.0
35,139,70,68.15,7.06,56.54,79.77,0.0002,0.0146,NOMINAL,-1.85
35,140,69,66.73,6.94,55.32,78.15,0.0002,0.0208,NOMINAL,-2.27
35,141,68,70.19,8.14,56.8,83.58,0.0002,0.0177,NOMINAL,2.19
35,142,67,65.15,6.93,53.75,76.55,0.0002,0.031,NOMINAL,-1.85
35,143,66,62.85,6.41,52.3,73.4,0.0002,0.0416,NOMINAL,-3.15
35,144,65,62.67,6.14,52.58,72.77,0.0002,0.0376,NOMINAL,-2.33
35,145,64,62.75,6.28,52.42,73.07,0.0002,0.0401,NOMINAL,-1.25
35,146,63,62.63,6.34,52.2,73.07,0.0002,0.0423,NOMINAL,-0.37
35,147,62,58.17,6.15,48.06,68.28,0.0002,0.1061,NOMINAL,-3.83
35,148,61,55.99,6.13,45.91,66.07,0.0002,0.1864,NOMINAL,-5.01
35,149,60,57.4,6.19,47.22,67.57,0.0002,0.1341,NOMINAL,-2.6
35,150,59,58.79,6.1,48.75,68.83,0.0002,0.0878,NOMINAL,-0.21
35,151,58,56.25,6.13,46.17,66.33,0.0002,0.1774,NOMINAL,-1.75
35,152,57,54.49,5.9,44.78,64.2,0.0002,0.2561,NOMINAL,-2.51
35,153,56,51.94,5.88,42.26,61.62,0.0002,0.4226,NOMINAL,-4.06
35,154,55,51.04,5.63,41.78,60.3,0.0002,0.4773,NOMINAL,-3.96
35,155,54,51.93,5.63,42.67,61.19,0.0002,0.4174,NOMINAL,-2.07
35,156,53,51.17,5.63,41.91,60.43,0.0002,0.4652,NOMINAL,-1.83
35,157,52,48.02,4.93,39.9,56.13,0.0002,0.7177,MONITOR,-3.98
35,158,51,49.4,5.61,40.17,58.64,0.0002,0.5914,MONITOR,-1.6
35,159,50,48.76,4.94,40.64,56.89,0.0002,0.6581,MONITOR,-1.24
35,160,49,46.01,4.91,37.93,54.09,0.0002,0.8325,WARNING,-2.99
35,161,48,45.21,4.9,37.15,53.27,0.0002,0.8583,WARNING,-2.79
35,162,47,44.87,5.03,36.59,53.15,0.0002,0.866,WARNING,-2.13
35,163,46,43.42,4.66,35.77,51.08,0.0002,0.9182,WARNING,-2.58
35,164,45,44.1,4.74,36.3,51.9,0.0002,0.8999,WARNING,-0.9
35,165,44,43.22,4.66,35.57,50.88,0.0002,0.9239,WARNING,-0.78
35,166,43,42.66,4.65,35.02,50.3,0.0002,0.9356,WARNING,-0.34
35,167,42,41.6,4.63,33.98,49.22,0.0002,0.9546,WARNING,-0.4
35,168,41,39.89,4.32,32.79,47.0,0.0002,0.9761,WARNING,-1.11
35,169,40,38.65,4.25,31.65,45.64,0.0003,0.9875,WARNING,-1.35
35,170,39,39.08,4.25,32.09,46.06,0.0002,0.9846,WARNING,0.08
35,171,38,37.15,4.29,30.09,44.22,0.0005,0.9956,WARNING,-0.85
35,172,37,36.04,4.29,28.98,43.1,0.0009,0.999,WARNING,-0.96
35,173,36,33.25,4.11,26.48,40.02,0.0044,0.9998,WARNING,-2.75
35,174,35,32.46,4.1,25.72,39.19,0.0055,0.9998,WARNING,-2.54
35,175,34,32.46,4.28,25.41,39.5,0.0066,0.9998,WARNING,-1.54
35,176,33,31.32,4.51,23.9,38.74,0.0168,0.9998,WARNING,-1.68
35,177,32,29.25,4.18,22.38,36.12,0.0289,0.9998,WARNING,-2.75
35,178,31,28.17,4.03,21.54,34.8,0.0402,0.9998,WARNING,-2.83
35,179,30,27.11,4.08,20.39,33.82,0.0576,0.9998,WARNING,-2.89
35,180,29,27.01,4.08,20.29,33.73,0.0594,0.9998,WARNING,-1.99
35,181,28,27.09,4.08,20.37,33.81,0.0579,0.9998,WARNING,-0.91
35,182,27,26.55,4.08,19.83,33.26,0.0706,0.9998,WARNING,-0.45
35,183,26,24.87,4.0,18.29,31.46,0.129,0.9998,WARNING,-1.13
35,184,25,24.77,4.02,18.16,31.39,0.1367,0.9998,WARNING,-0.23
35,185,24,23.31,4.14,16.5,30.12,0.242,0.9998,WARNING,-0.69
35,186,23,21.86,3.86,15.52,28.21,0.3625,0.9998,WARNING,-1.14
35,187,22,19.47,3.67,13.43,25.51,0.6098,0.9998,WARNING,-2.53
35,188,21,19.25,3.58,13.35,25.14,0.6404,0.9998,WARNING,-1.75
35,189,20,19.11,3.75,12.94,25.27,0.6509,0.9998,WARNING,-0.89
35,190,19,19.83,3.75,13.66,25.99,0.5683,0.9998,WARNING,0.83
35,191,18,19.33,3.84,13.01,25.65,0.6229,0.9998,WARNING,1.33
35,192,17,19.21,3.58,13.31,25.1,0.6444,0.9998,WARNING,2.21
35,193,16,18.22,3.39,12.65,23.79,0.7593,0.9998,WARNING,2.22
35,194,15,17.51,3.22,12.21,22.81,0.826,0.9998,WARNING,2.51
35,195,14,17.1,3.22,11.8,22.4,0.845,0.9998,WARNING,3.1
35,196,13,15.27,3.29,9.85,20.68,0.9216,0.9998,CRITICAL,2.27
35,197,12,14.45,2.82,9.81,19.1,0.9612,0.9998,CRITICAL,2.45
35,198,11,12.2,2.86,7.5,16.9,0.9895,0.9998,CRITICAL,1.2
36,52,93,115.04,13.62,92.64,137.43,0.0002,0.0002,NOMINAL,22.04
36,53,92,112.69,13.44,90.57,134.8,0.0002,0.0002,NOMINAL,20.69
36,54,91,112.57,13.08,91.06,134.09,0.0002,0.0002,NOMINAL,21.57
36,55,90,102.73,11.81,83.29,122.16,0.0002,0.0002,NOMINAL,12.73
36,56,89,90.61,11.27,72.07,109.16,0.0002,0.0015,NOMINAL,1.61
36,57,88,90.07,10.56,72.71,107.44,0.0002,0.0008,NOMINAL,2.07
36,58,87,94.3,10.55,76.95,111.66,0.0002,0.0003,NOMINAL,7.3
36,59,86,96.03,10.85,78.18,113.87,0.0002,0.0003,NOMINAL,10.03
36,60,85,94.3,10.42,77.16,111.44,0.0002,0.0003,NOMINAL,9.3
36,61,84,86.31,10.08,69.73,102.88,0.0002,0.0015,NOMINAL,2.31
36,62,83,91.88,10.46,74.68,109.08,0.0002,0.0005,NOMINAL,8.88
36,63,82,96.73,10.52,79.43,114.03,0.0002,0.0002,NOMINAL,14.73
36,64,81,108.3,11.36,89.62,126.98,0.0002,0.0002,NOMINAL,27.3
36,65,80,109.82,11.71,90.57,129.08,0.0002,0.0002,NOMINAL,29.82
36,66,79,111.16,13.06,89.67,132.64,0.0002,0.0002,NOMINAL,32.16
36,67,78,114.77,13.59,92.42,137.11,0.0002,0.0002,NOMINAL,36.77
36,68,77,117.97,13.59,95.62,140.32,0.0002,0.0002,NOMINAL,40.97
36,69,76,117.81,12.89,96.6,139.02,0.0002,0.0002,NOMINAL,41.81
36,70,75,117.64,13.7,95.1,140.17,0.0002,0.0002,NOMINAL,42.64
36,71,74,113.42,13.52,91.17,135.67,0.0002,0.0002,NOMINAL,39.42
36,72,73,108.43,12.07,88.58,128.28,0.0002,0.0002,NOMINAL,35.43
36,73,72,103.48,11.81,84.05,122.92,0.0002,0.0002,NOMINAL,31.48
36,74,71,99.41,11.67,80.22,118.6,0.0002,0.0003,NOMINAL,28.41
36,75,70,98.32,11.55,79.33,117.31,0.0002,0.0003,NOMINAL,28.32
36,76,69,96.93,11.58,77.88,115.99,0.0002,0.0004,NOMINAL,27.93
36,77,68,90.35,11.27,71.81,108.89,0.0002,0.0016,NOMINAL,22.35
36,78,67,84.85,10.67,67.29,102.4,0.0002,0.0042,NOMINAL,17.85
36,79,66,84.12,10.59,66.7,101.54,0.0002,0.0044,NOMINAL,18.12
36,80,65,81.26,10.23,64.43,98.08,0.0002,0.0053,NOMINAL,16.26
36,81,64,77.71,9.82,61.55,93.87,0.0002,0.0076,NOMINAL,13.71
36,82,63,77.2,8.99,62.41,91.99,0.0002,0.0056,NOMINAL,14.2
36,83,62,77.11,8.51,63.11,91.12,0.0002,0.0046,NOMINAL,15.11
36,84,61,74.18,8.3,60.53,87.83,0.0002,0.0065,NOMINAL,13.18
36,85,60,72.02,7.36,59.91,84.13,0.0002,0.006,NOMINAL,12.02
36,86,59,72.86,7.81,60.01,85.7,0.0002,0.0064,NOMINAL,13.86
36,87,58,65.91,6.54,55.14,76.67,0.0002,0.0198,NOMINAL,7.91
36,88,57,66.53,6.67,55.56,77.5,0.0002,0.0177,NOMINAL,9.53
36,89,56,61.08,6.38,50.58,71.58,0.0002,0.0579,NOMINAL,5.08
36,90,55,56.33,6.27,46.02,66.65,0.0002,0.1803,NOMINAL,1.33
36,91,54,56.24,6.11,46.19,66.29,0.0002,0.1769,NOMINAL,2.24
36,92,53,54.8,6.11,44.75,64.86,0.0002,0.2471,NOMINAL,1.8
36,93,52,54.08,5.9,44.37,63.79,0.0002,0.2815,NOMINAL,2.08
36,94,51,50.77,5.62,41.53,60.02,0.0002,0.4946,NOMINAL,-0.23
36,95,50,51.15,5.62,41.9,60.39,0.0002,0.4667,NOMINAL,1.15
36,96,49,50.78,5.61,41.54,60.01,0.0002,0.4945,NOMINAL,1.78
36,97,48,48.79,5.62,39.55,58.03,0.0002,0.6425,MONITOR,0.79
36,98,47,47.18,5.02,38.93,55.44,0.0002,0.7701,WARNING,0.18
36,99,46,47.32,5.02,39.06,55.57,0.0002,0.7626,WARNING,1.32
36,100,45,46.43,5.03,38.15,54.71,0.0002,0.8117,WARNING,1.43
36,101,44,44.72,5.08,36.36,53.08,0.0002,0.8694,WARNING,0.72
36,102,43,43.67,4.74,35.87,51.47,0.0002,0.9121,WARNING,0.67
36,103,42,41.33,4.74,33.53,49.13,0.0002,0.9565,WARNING,-0.67
36,104,41,42.03,4.75,34.21,49.85,0.0002,0.9468,WARNING,1.03
36,105,40,40.56,4.75,32.74,48.38,0.0003,0.9614,WARNING,0.56
36,106,39,41.46,4.75,33.65,49.28,0.0002,0.9535,WARNING,2.46
36,107,38,40.07,4.76,32.24,47.91,0.0003,0.9677,WARNING,2.07
36,108,37,39.75,4.46,32.42,47.08,0.0002,0.9748,WARNING,2.75
36,109,36,39.28,4.48,31.92,46.65,0.0003,0.9776,WARNING,3.28
36,110,35,37.38,4.29,30.32,44.44,0.0004,0.9948,WARNING,2.38
36,111,34,35.72,4.29,28.65,42.78,0.0012,0.9995,WARNING,1.72
36,112,33,36.0,4.29,28.94,43.06,0.001,0.9992,WARNING,3.0
36,113,32,34.8,4.13,28.01,41.59,0.0015,0.9997,WARNING,2.8
36,114,31,33.46,4.1,26.71,40.21,0.0042,0.9998,WARNING,2.46
36,115,30,33.08,4.09,26.34,39.81,0.0045,0.9998,WARNING,3.08
36,116,29,32.97,4.11,26.21,39.72,0.0047,0.9998,WARNING,3.97
36,117,28,32.18,4.14,25.37,39.0,0.0064,0.9998,WARNING,4.18
36,118,27,32.22,4.33,25.09,39.34,0.0076,0.9998,WARNING,5.22
36,119,26,31.68,4.4,24.43,38.92,0.0098,0.9998,WARNING,5.68
36,120,25,31.56,4.33,24.43,38.68,0.0097,0.9998,WARNING,6.56
36,121,24,29.11,4.5,21.7,36.52,0.0405,0.9998,WARNING,5.11
36,122,23,26.87,4.08,20.15,33.58,0.0636,0.9998,WARNING,3.87
36,123,22,26.78,4.08,20.07,33.5,0.0651,0.9998,WARNING,4.78
36,124,21,25.42,3.96,18.9,31.94,0.0997,0.9998,WARNING,4.42
36,125,20,23.84,3.76,17.66,30.02,0.1766,0.9998,WARNING,3.84
36,126,19,24.04,3.89,17.65,30.44,0.1708,0.9998,WARNING,5.04
37,52,90,115.8,13.59,93.44,138.15,0.0002,0.0002,NOMINAL,25.8
37,53,89,115.64,13.59,93.29,137.99,0.0002,0.0002,NOMINAL,26.64
37,54,88,115.35,13.61,92.97,137.73,0.0002,0.0002,NOMINAL,27.35
37,55,87,115.8,13.59,93.44,138.15,0.0002,0.0002,NOMINAL,28.8
37,56,86,114.75,13.58,92.42,137.08,0.0002,0.0002,NOMINAL,28.75
37,57,85,117.24,13.57,94.91,139.56,0.0002,0.0002,NOMINAL,32.24
37,58,84,117.46,13.57,95.13,139.78,0.0002,0.0002,NOMINAL,33.46
37,59,83,119.19,13.57,96.87,141.51,0.0002,0.0002,NOMINAL,36.19
37,60,82,118.99,13.57,96.67,141.32,0.0002,0.0002,NOMINAL,36.99
37,61,81,118.99,13.57,96.67,141.32,0.0002,0.0002,NOMINAL,37.99
37,62,80,118.76,13.57,96.44,141.09,0.0002,0.0002,NOMINAL,38.76
37,63,79,117.55,13.57,95.22,139.87,0.0002,0.0002,NOMINAL,38.55
37,64,78,117.55,13.57,95.22,139.87,0.0002,0.0002,NOMINAL,39.55
37,65,77,117.71,13.57,95.38,140.03,0.0002,0.0002,NOMINAL,40.71
37,66,76,117.71,13.57,95.38,140.03,0.0002,0.0002,NOMINAL,41.71
37,67,75,117.72,13.57,95.39,140.04,0.0002,0.0002,NOMINAL,42.72
37,68,74,117.55,13.57,95.22,139.87,0.0002,0.0002,NOMINAL,43.55
37,69,73,115.33,13.58,93.0,137.66,0.0002,0.0002,NOMINAL,42.33
37,70,72,110.88,13.01,89.49,132.28,0.0002,0.0002,NOMINAL,38.88
37,71,71,111.44,12.99,90.07,132.81,0.0002,0.0002,NOMINAL,40.44
37,72,70,108.48,12.56,87.82,129.14,0.0002,0.0002,NOMINAL,38.48
37,73,69,104.63,11.66,85.45,123.81,0.0002,0.0002,NOMINAL,35.63
37,74,68,100.18,11.66,81.0,119.36,0.0002,0.0003,NOMINAL,32.18
37,75,67,88.95,11.66,69.77,108.13,0.0002,0.0035,NOMINAL,21.95
37,76,66,88.44,11.33,69.81,107.08,0.0002,0.0029,NOMINAL,22.44
37,77,65,87.96,11.55,68.96,106.95,0.0002,0.0042,NOMINAL,22.96
37,78,64,83.27,11.24,64.78,101.76,0.0002,0.0063,NOMINAL,19.27
37,79,63,82.64,11.05,64.46,100.82,0.0002,0.0063,NOMINAL,19.64
37,80,62,82.24,10.49,64.98,99.5,0.0002,0.0052,NOMINAL,20.24
37,81,61,82.52,10.49,65.26,99.78,0.0002,0.005,NOMINAL,21.52
37,82,60,79.63,10.49,62.37,96.89,0.0002,0.0076,NOMINAL,19.63
37,83,59,78.03,9.41,62.56,93.5,0.0002,0.0061,NOMINAL,19.03
37,84,58,75.45,9.41,59.98,90.92,0.0002,0.0092,NOMINAL,17.45
37,85,57,76.64,9.41,61.17,92.12,0.0002,0.0074,NOMINAL,19.64
37,86,56,72.16,9.46,56.59,87.73,0.0002,0.0243,NOMINAL,16.16
37,87,55,73.0,9.41,57.53,88.47,0.0002,0.0191,NOMINAL,18.0
37,88,54,70.4,9.41,54.93,85.87,0.0002,0.0319,NOMINAL,16.4
37,89,53,66.79,8.87,52.21,81.38,0.0002,0.0468,NOMINAL,13.79
37,90,52,63.24,8.23,49.7,76.78,0.0002,0.0693,NOMINAL,11.24
37,91,51,58.84,7.66,46.24,71.43,0.0002,0.1416,NOMINAL,7.84
37,92,50,59.25,7.51,46.89,71.6,0.0002,0.1242,NOMINAL,9.25
37,93,49,58.82,7.42,46.62,71.03,0.0002,0.1366,NOMINAL,9.82
37,94,48,54.96,7.26,43.02,66.9,0.0002,0.2841,NOMINAL,6.96
37,95,47,53.71,7.26,41.77,65.65,0.0002,0.3518,NOMINAL,6.71
37,96,46,50.82,7.26,38.88,62.76,0.0003,0.503,MONITOR,4.82
37,97,45,49.04,6.77,37.9,60.18,0.0003,0.6087,MONITOR,4.04
37,98,44,47.46,7.01,35.94,58.98,0.0006,0.7027,MONITOR,3.46
37,99,43,46.97,6.68,35.98,57.97,0.0004,0.7353,MONITOR,3.97
37,100,42,45.36,5.93,35.61,55.12,0.0003,0.8272,WARNING,3.36
37,101,41,44.26,5.55,35.13,53.38,0.0003,0.8687,WARNING,3.26
37,102,40,43.14,5.55,34.02,52.27,0.0003,0.8988,WARNING,3.14
37,103,39,43.14,5.55,34.02,52.27,0.0003,0.8989,WARNING,4.14
37,104,38,40.89,5.49,31.85,49.92,0.0008,0.9448,WARNING,2.89
37,105,37,40.65,5.49,31.62,49.69,0.0009,0.9483,WARNING,3.65
37,106,36,39.35,5.05,31.04,47.66,0.0007,0.9685,WARNING,3.35
37,107,35,39.07,5.04,30.78,47.36,0.0008,0.9702,WARNING,4.07
37,108,34,34.17,4.58,26.64,41.7,0.005,0.9996,WARNING,0.17
37,109,33,35.16,4.08,28.45,41.87,0.001,0.9997,WARNING,2.16
37,110,32,33.02,3.76,26.84,39.21,0.0023,0.9998,WARNING,1.02
37,111,31,31.88,3.2,26.61,37.16,0.001,0.9998,WARNING,0.88
37,112,30,31.33,3.22,26.03,36.62,0.0019,0.9998,WARNING,1.33
37,113,29,28.18,2.84,23.5,32.86,0.0068,0.9998,WARNING,-0.82
37,114,28,28.18,2.76,23.64,32.72,0.0062,0.9998,WARNING,0.18
37,115,27,24.21,2.55,20.01,28.41,0.0656,0.9998,WARNING,-2.79
37,116,26,26.67,2.64,22.33,31.01,0.0161,0.9998,WARNING,0.67
37,117,25,23.73,2.53,19.57,27.9,0.0841,0.9998,WARNING,-1.27
37,118,24,24.14,2.45,20.12,28.16,0.0619,0.9998,WARNING,0.14
37,119,23,23.42,2.48,19.34,27.49,0.099,0.9998,WARNING,0.42
37,120,22,22.42,2.54,18.24,26.6,0.1951,0.9998,WARNING,0.42
37,121,21,21.95,2.54,17.76,26.13,0.2537,0.9998,WARNING,0.95
38,52,123,119.1,13.64,96.67,141.53,0.0002,0.0002,NOMINAL,-3.9
38,53,122,115.75,13.67,93.26,138.24,0.0002,0.0002,NOMINAL,-6.25
38,54,121,107.2,12.4,86.8,127.6,0.0002,0.0002,NOMINAL,-13.8
38,55,120,102.19,11.72,82.92,121.47,0.0002,0.0002,NOMINAL,-17.81
38,56,119,91.27,11.35,72.6,109.95,0.0002,0.0013,NOMINAL,-27.73
38,57,118,83.96,10.61,66.5,101.41,0.0002,0.0045,NOMINAL,-34.04
38,58,117,82.21,10.6,64.77,99.65,0.0002,0.0055,NOMINAL,-34.79
38,59,116,85.89,10.27,69.0,102.78,0.0002,0.0021,NOMINAL,-30.11
38,60,115,88.4,10.56,71.03,105.76,0.0002,0.0013,NOMINAL,-26.6
38,61,114,90.16,10.56,72.8,107.52,0.0002,0.0008,NOMINAL,-23.84
38,62,113,88.69,10.56,71.33,106.06,0.0002,0.0012,NOMINAL,-24.31
38,63,112,89.55,10.88,71.65,107.44,0.0002,0.0013,NOMINAL,-22.45
38,64,111,90.43,11.27,71.89,108.97,0.0002,0.0015,NOMINAL,-20.57
38,65,110,85.9,10.56,68.53,103.26,0.0002,0.0029,NOMINAL,-24.1
38,66,109,85.89,10.13,69.23,102.56,0.0002,0.0018,NOMINAL,-23.11
38,67,108,84.65,10.1,68.03,101.26,0.0002,0.0026,NOMINAL,-23.35
38,68,107,84.21,10.08,67.64,100.79,0.0002,0.0029,NOMINAL,-22.79
38,69,106,84.96,10.08,68.39,101.54,0.0002,0.0023,NOMINAL,-21.04
38,70,105,83.07,10.02,66.6,99.55,0.0002,0.004,NOMINAL,-21.93
38,71,104,79.14,9.6,63.36,94.93,0.0002,0.0055,NOMINAL,-24.86
38,72,103,83.25,10.08,66.67,99.83,0.0002,0.004,NOMINAL,-19.75
38,73,102,83.89,10.08,67.31,100.46,0.0002,0.0033,NOMINAL,-18.11
38,74,101,82.54,10.02,66.06,99.01,0.0002,0.0043,NOMINAL,-18.46
38,75,100,83.56,10.08,66.98,100.13,0.0002,0.0036,NOMINAL,-16.44
38,76,99,88.5,10.24,71.66,105.33,0.0002,0.0009,NOMINAL,-10.5
38,77,98,91.83,10.52,74.52,109.13,0.0002,0.0005,NOMINAL,-6.17
38,78,97,94.43,10.52,77.13,111.73,0.0002,0.0003,NOMINAL,-2.57
38,79,96,102.07,10.96,84.05,120.1,0.0002,0.0002,NOMINAL,6.07
38,80,95,100.96,10.55,83.6,118.31,0.0002,0.0002,NOMINAL,5.96
38,81,94,100.13,10.85,82.29,117.98,0.0002,0.0002,NOMINAL,6.13
38,82,93,103.17,11.58,84.11,122.22,0.0002,0.0002,NOMINAL,10.17
38,83,92,103.63,11.83,84.18,123.08,0.0002,0.0002,NOMINAL,11.63
38,84,91,110.04,12.85,88.91,131.18,0.0002,0.0002,NOMINAL,19.04
38,85,90,111.06,13.27,89.22,132.89,0.0002,0.0002,NOMINAL,21.06
38,86,89,114.05,13.46,91.91,136.2,0.0002,0.0002,NOMINAL,25.05
38,87,88,112.43,13.18,90.75,134.12,0.0002,0.0002,NOMINAL,24.43
38,88,87,112.75,13.37,90.76,134.75,0.0002,0.0002,NOMINAL,25.75
38,89,86,113.8,13.62,91.4,136.19,0.0002,0.0002,NOMINAL,27.8
38,90,85,112.05,13.17,90.39,133.71,0.0002,0.0002,NOMINAL,27.05
38,91,84,112.05,13.18,90.36,133.73,0.0002,0.0002,NOMINAL,28.05
38,92,83,103.32,11.67,84.13,122.51,0.0002,0.0002,NOMINAL,20.32
38,93,82,104.65,11.7,85.41,123.88,0.0002,0.0002,NOMINAL,22.65
38,94,81,108.34,12.07,88.49,128.19,0.0002,0.0002,NOMINAL,27.34
38,95,80,108.34,12.04,88.54,128.14,0.0002,0.0002,NOMINAL,28.34
38,96,79,111.96,13.24,90.17,133.74,0.0002,0.0002,NOMINAL,32.96
38,97,78,111.96,13.0,90.57,133.34,0.0002,0.0002,NOMINAL,33.96
38,98,77,112.25,13.43,90.16,134.34,0.0002,0.0002,NOMINAL,35.25
38,99,76,113.1,13.62,90.7,135.5,0.0002,0.0002,NOMINAL,37.1
38,100,75,111.94,13.0,90.56,133.33,0.0002,0.0002,NOMINAL,36.94
38,101,74,108.57,12.08,88.7,128.44,0.0002,0.0002,NOMINAL,34.57
38,102,73,108.65,12.08,88.78,128.51,0.0002,0.0002,NOMINAL,35.65
38,103,72,101.2,11.72,81.92,120.47,0.0002,0.0003,NOMINAL,29.2
38,104,71,98.2,11.48,79.32,117.09,0.0002,0.0003,NOMINAL,27.2
38,105,70,97.52,11.61,78.42,116.62,0.0002,0.0004,NOMINAL,27.52
38,106,69,93.81,11.27,75.27,112.35,0.0002,0.0006,NOMINAL,24.81
38,107,68,95.74,11.41,76.97,114.51,0.0002,0.0005,NOMINAL,27.74
38,108,67,99.05,11.58,79.99,118.1,0.0002,0.0003,NOMINAL,32.05
38,109,66,99.05,11.58,79.99,118.1,0.0002,0.0003,NOMINAL,33.05
38,110,65,101.23,11.58,82.18,120.28,0.0002,0.0002,NOMINAL,36.23
38,111,64,99.62,11.58,80.56,118.67,0.0002,0.0003,NOMINAL,35.62
38,112,63,92.27,11.27,73.73,110.81,0.0002,0.0009,NOMINAL,29.27
38,113,62,85.83,11.27,67.29,104.37,0.0002,0.0046,NOMINAL,23.83
38,114,61,86.76,10.88,68.86,104.65,0.0002,0.0031,NOMINAL,25.76
38,115,60,85.8,10.12,69.16,102.45,0.0002,0.0018,NOMINAL,25.8
38,116,59,80.97,9.15,65.93,96.01,0.0002,0.003,NOMINAL,21.97
38,117,58,79.39,9.15,64.35,94.44,0.0002,0.0044,NOMINAL,21.39
38,118,57,79.61,9.45,64.07,95.15,0.0002,0.0048,NOMINAL,22.61
38,119,56,71.06,8.3,57.42,84.71,0.0002,0.0157,NOMINAL,15.06
38,120,55,70.31,7.9,57.31,83.31,0.0002,0.0146,NOMINAL,15.31
38,121,54,67.17,6.88,55.86,78.49,0.0002,0.0172,NOMINAL,13.17
38,122,53,66.52,6.93,55.12,77.92,0.0002,0.0212,NOMINAL,13.52
38,123,52,62.47,6.37,52.0,72.94,0.0002,0.0441,NOMINAL,10.47
38,124,51,56.04,5.86,46.4,65.68,0.0002,0.1733,NOMINAL,5.04
38,125,50,55.02,5.87,45.36,64.67,0.0002,0.227,NOMINAL,5.02
40,52,109,123.87,5.02,115.61,132.13,0.0002,0.0002,NOMINAL,14.87
40,53,108,122.38,6.91,111.01,133.74,0.0002,0.0002,NOMINAL,14.38
40,54,107,119.09,13.28,97.25,140.93,0.0002,0.0002,NOMINAL,12.09
40,55,106,119.31,13.28,97.48,141.15,0.0002,0.0002,NOMINAL,13.31
40,56,105,119.31,13.61,96.93,141.7,0.0002,0.0002,NOMINAL,14.31
40,57,104,118.8,13.64,96.37,141.23,0.0002,0.0002,NOMINAL,14.8
40,58,103,114.48,13.67,91.99,136.97,0.0002,0.0002,NOMINAL,11.48
40,59,102,108.23,12.19,88.18,128.28,0.0002,0.0002,NOMINAL,6.23
40,60,101,112.31,13.02,90.9,133.72,0.0002,0.0002,NOMINAL,11.31
40,61,100,112.54,13.06,91.05,134.03,0.0002,0.0002,NOMINAL,12.54
40,62,99,115.48,13.62,93.08,137.88,0.0002,0.0002,NOMINAL,16.48
40,63,98,116.48,13.62,94.08,138.88,0.0002,0.0002,NOMINAL,18.48
40,64,97,115.71,13.62,93.31,138.11,0.0002,0.0002,NOMINAL,18.71
40,65,96,112.43,13.2,90.72,134.15,0.0002,0.0002,NOMINAL,16.43
40,66,95,104.14,11.58,85.08,123.19,0.0002,0.0002,NOMINAL,9.14
40,67,94,103.27,11.73,83.98,122.56,0.0002,0.0002,NOMINAL,9.27
40,68,93,102.22,11.7,82.97,121.47,0.0002,0.0002,NOMINAL,9.22
40,69,92,88.91,11.27,70.37,107.45,0.0002,0.0024,NOMINAL,-3.09
40,70,91,86.66,10.88,68.76,104.55,0.0002,0.0032,NOMINAL,-4.34
40,71,90,82.5,9.92,66.19,98.81,0.0002,0.0042,NOMINAL,-7.5
40,72,89,78.6,8.65,64.38,92.83,0.0002,0.0039,NOMINAL,-10.4
40,73,88,75.29,8.49,61.33,89.25,0.0002,0.0061,NOMINAL,-12.71
40,74,87,71.74,8.31,58.08,85.41,0.0002,0.0116,NOMINAL,-15.26
40,75,86,73.68,8.31,60.01,87.34,0.0002,0.0072,NOMINAL,-12.32
40,76,85,71.51,8.31,57.85,85.18,0.0002,0.0134,NOMINAL,-13.49
40,77,84,71.06,8.16,57.65,84.48,0.0002,0.0139,NOMINAL,-12.94
40,78,83,70.73,8.16,57.31,84.14,0.0002,0.0156,NOMINAL,-12.27
40,79,82,71.47,8.31,57.81,85.14,0.0002,0.0138,NOMINAL,-10.53
40,80,81,74.39,8.76,59.99,88.8,0.0002,0.0079,NOMINAL,-6.61
40,81,80,74.39,8.76,59.99,88.8,0.0002,0.0079,NOMINAL,-5.61
40,82,79,80.97,9.95,64.61,97.33,0.0002,0.0049,NOMINAL,1.97
40,83,78,85.86,10.08,69.29,102.44,0.0002,0.0017,NOMINAL,7.86
40,84,77,84.9,10.08,68.33,101.48,0.0002,0.0023,NOMINAL,7.9
40,85,76,86.98,10.08,70.4,103.55,0.0002,0.0012,NOMINAL,10.98
40,86,75,83.42,10.08,66.84,99.99,0.0002,0.0038,NOMINAL,8.42
40,87,74,82.98,10.08,66.41,99.56,0.0002,0.0042,NOMINAL,8.98
40,88,73,82.91,10.08,66.33,99.48,0.0002,0.0042,NOMINAL,9.91
40,89,72,87.41,10.08,70.83,103.98,0.0002,0.001,NOMINAL,15.41
40,90,71,92.93,10.36,75.89,109.96,0.0002,0.0003,NOMINAL,21.93
40,91,70,105.85,10.84,88.02,123.68,0.0002,0.0002,NOMINAL,35.85
40,92,69,101.52,10.54,84.19,118.85,0.0002,0.0002,NOMINAL,32.52
40,93,68,94.95,10.55,77.6,112.31,0.0002,0.0003,NOMINAL,26.95
40,94,67,96.18,10.85,78.34,114.02,0.0002,0.0003,NOMINAL,29.18
40,95,66,94.77,10.55,77.42,112.13,0.0002,0.0003,NOMINAL,28.77
40,96,65,92.75,10.27,75.86,109.64,0.0002,0.0003,NOMINAL,27.75
40,97,64,86.89,10.27,70.0,103.78,0.0002,0.0015,NOMINAL,22.89
40,98,63,92.17,10.68,74.61,109.73,0.0002,0.0005,NOMINAL,29.17
40,99,62,90.03,10.27,73.14,106.92,0.0002,0.0006,NOMINAL,28.03
40,100,61,85.18,10.24,68.34,102.01,0.0002,0.0025,NOMINAL,24.18
40,101,60,84.64,10.12,68.0,101.29,0.0002,0.0027,NOMINAL,24.64
40,102,59,85.35,10.03,68.84,101.85,0.0002,0.0019,NOMINAL,26.35
40,103,58,79.02,9.29,63.74,94.3,0.0002,0.0048,NOMINAL,21.02
40,104,57,75.5,8.49,61.54,89.46,0.0002,0.0058,NOMINAL,18.5
40,105,56,73.11,8.3,59.46,86.76,0.0002,0.0079,NOMINAL,17.11
40,106,55,67.22,6.94,55.81,78.63,0.0002,0.0176,NOMINAL,12.22
40,107,54,64.6,6.41,54.07,75.14,0.0002,0.027,NOMINAL,10.6
40,108,53,58.51,6.38,48.02,69.01,0.0002,0.1051,NOMINAL,5.51
40,109,52,56.59,6.23,46.34,66.83,0.0002,0.1667,NOMINAL,4.59
40,110,51,56.83,6.46,46.2,67.47,0.0002,0.1667,NOMINAL,5.83
40,111,50,54.8,5.87,45.15,64.45,0.0002,0.2353,NOMINAL,4.8
40,112,49,55.65,5.87,46.0,65.3,0.0002,0.1925,NOMINAL,6.65
40,113,48,56.12,5.87,46.47,65.78,0.0002,0.168,NOMINAL,8.12
40,114,47,55.93,6.09,45.91,65.94,0.0002,0.1882,NOMINAL,8.93
40,115,46,53.08,5.62,43.84,62.32,0.0002,0.3357,NOMINAL,7.08
40,116,45,50.71,5.61,41.47,59.94,0.0002,0.4985,NOMINAL,5.71
40,117,44,47.72,4.94,39.6,55.84,0.0002,0.7372,MONITOR,3.72
40,118,43,45.43,4.96,37.27,53.59,0.0002,0.8486,WARNING,2.43
40,119,42,44.98,4.97,36.81,53.15,0.0002,0.8638,WARNING,2.98
40,120,41,42.84,4.56,35.34,50.34,0.0002,0.9338,WARNING,1.84
40,121,40,39.59,4.31,32.5,46.68,0.0002,0.9786,WARNING,-0.41
40,122,39,38.71,4.27,31.69,45.73,0.0003,0.9866,WARNING,-0.29
40,123,38,36.83,4.29,29.77,43.89,0.0006,0.9964,WARNING,-1.17
40,124,37,35.38,4.16,28.55,42.22,0.0011,0.9996,WARNING,-1.62
40,125,36,34.31,4.27,27.29,41.33,0.0034,0.9997,WARNING,-1.69
40,126,35,31.68,4.34,24.53,38.83,0.0095,0.9998,WARNING,-3.32
40,127,34,30.66,4.5,23.26,38.06,0.0217,0.9998,WARNING,-3.34
40,128,33,27.61,4.01,21.02,34.21,0.0466,0.9998,WARNING,-5.39
40,129,32,26.83,4.08,20.11,33.54,0.0645,0.9998,WARNING,-5.17
40,130,31,26.83,4.08,20.11,33.54,0.0645,0.9998,WARNING,-4.17
40,131,30,25.71,3.95,19.21,32.2,0.0867,0.9998,WARNING,-4.29
40,132,29,26.59,4.08,19.88,33.31,0.069,0.9998,WARNING,-2.41
40,133,28,26.69,4.08,19.97,33.41,0.0672,0.9998,WARNING,-1.31
41,52,89,122.19,5.6,112.98,131.4,0.0002,0.0002,NOMINAL,33.19
41,53,88,121.71,5.82,112.13,131.29,0.0002,0.0002,NOMINAL,33.71
41,54,87,121.71,5.83,112.13,131.29,0.0002,0.0002,NOMINAL,34.71
41,55,86,121.71,5.94,111.95,131.48,0.0002,0.0002,NOMINAL,35.71
41,56,85,121.71,5.29,113.01,130.41,0.0002,0.0002,NOMINAL,36.71
41,57,84,121.33,5.69,111.97,130.69,0.0002,0.0002,NOMINAL,37.33
41,58,83,121.71,5.58,112.53,130.9,0.0002,0.0002,NOMINAL,38.71
41,59,82,121.71,5.58,112.53,130.9,0.0002,0.0002,NOMINAL,39.71
41,60,81,121.45,5.98,111.61,131.3,0.0002,0.0002,NOMINAL,40.45
41,61,80,117.82,13.32,95.9,139.74,0.0002,0.0002,NOMINAL,37.82
41,62,79,119.82,13.56,97.51,142.13,0.0002,0.0002,NOMINAL,40.82
41,63,78,118.97,13.57,96.64,141.29,0.0002,0.0002,NOMINAL,40.97
41,64,77,118.45,13.07,96.95,139.95,0.0002,0.0002,NOMINAL,41.45
41,65,76,117.82,13.32,95.9,139.74,0.0002,0.0002,NOMINAL,41.82
41,66,75,118.45,13.32,96.54,140.37,0.0002,0.0002,NOMINAL,43.45
41,67,74,118.79,13.57,96.47,141.12,0.0002,0.0002,NOMINAL,44.79
41,68,73,119.17,13.57,96.84,141.49,0.0002,0.0002,NOMINAL,46.17
41,69,72,119.37,13.32,97.46,141.29,0.0002,0.0002,NOMINAL,47.37
41,70,71,119.04,13.57,96.72,141.37,0.0002,0.0002,NOMINAL,48.04
41,71,70,116.51,13.5,94.3,138.72,0.0002,0.0002,NOMINAL,46.51
41,72,69,114.03,13.58,91.7,136.36,0.0002,0.0002,NOMINAL,45.03
41,73,68,110.13,13.01,88.74,131.52,0.0002,0.0002,NOMINAL,42.13
41,74,67,102.7,11.66,83.52,121.88,0.0002,0.0002,NOMINAL,35.7
41,75,66,100.57,11.66,81.39,119.75,0.0002,0.0003,NOMINAL,34.57
41,76,65,98.37,11.66,79.19,117.55,0.0002,0.0003,NOMINAL,33.37
41,77,64,98.45,11.62,79.34,117.57,0.0002,0.0003,NOMINAL,34.45
41,78,63,86.27,11.55,67.27,105.27,0.0002,0.0048,NOMINAL,23.27
41,79,62,86.95,11.55,67.95,105.95,0.0002,0.0045,NOMINAL,24.95
41,80,61,85.64,11.55,66.64,104.64,0.0002,0.0051,NOMINAL,24.64
41,81,60,83.2,11.24,64.71,101.69,0.0002,0.0063,NOMINAL,23.2
41,82,59,81.94,10.69,64.36,99.52,0.0002,0.006,NOMINAL,22.94
41,83,58,81.74,10.69,64.16,99.32,0.0002,0.0062,NOMINAL,23.74
41,84,57,80.0,10.69,62.42,97.58,0.0002,0.0078,NOMINAL,23.0
41,85,56,73.66,9.63,57.82,89.49,0.0002,0.0185,NOMINAL,17.66
41,86,55,72.34,10.24,55.5,89.17,0.0002,0.0315,NOMINAL,17.34
41,87,54,71.58,9.34,56.22,86.94,0.0002,0.0263,NOMINAL,17.58
41,88,53,67.24,9.27,51.99,82.49,0.0002,0.0485,NOMINAL,14.24
41,89,52,65.97,8.9,51.33,80.61,0.0002,0.0527,NOMINAL,13.97
41,90,51,64.64,8.85,50.09,79.2,0.0002,0.0654,NOMINAL,13.64
41,91,50,64.69,8.98,49.92,79.45,0.0002,0.0674,NOMINAL,14.69
41,92,49,62.98,8.46,49.07,76.89,0.0002,0.0798,NOMINAL,13.98
41,93,48,67.0,8.81,52.5,81.49,0.0002,0.0449,NOMINAL,19.0
41,94,47,64.85,8.23,51.31,78.39,0.0002,0.0519,NOMINAL,17.85
41,95,46,59.83,7.76,47.06,72.6,0.0002,0.1174,NOMINAL,13.83
41,96,45,63.03,8.23,49.49,76.57,0.0002,0.073,NOMINAL,18.03
41,97,44,60.88,7.61,48.37,73.4,0.0002,0.0894,NOMINAL,16.88
41,98,43,57.22,7.61,44.7,69.74,0.0002,0.1958,NOMINAL,14.22
41,99,42,55.68,7.44,43.44,67.92,0.0002,0.2551,NOMINAL,13.68
41,100,41,52.51,7.21,40.64,64.37,0.0002,0.4158,NOMINAL,11.51
41,101,40,52.58,7.21,40.72,64.45,0.0002,0.4116,NOMINAL,12.58
41,102,39,48.84,7.16,37.06,60.62,0.0004,0.6169,MONITOR,9.84
41,103,38,48.08,7.01,36.56,59.61,0.0005,0.6656,MONITOR,10.08
41,104,37,45.58,6.24,35.32,55.83,0.0004,0.8118,WARNING,8.58
41,105,36,44.91,6.32,34.52,55.3,0.0005,0.8315,WARNING,8.91
41,106,35,44.68,5.41,35.78,53.58,0.0002,0.8593,WARNING,9.68
41,107,34,48.65,5.54,39.54,57.75,0.0002,0.6542,MONITOR,14.65
41,108,33,42.19,4.95,34.05,50.34,0.0002,0.9351,WARNING,9.19
41,109,32,38.17,4.58,30.63,45.71,0.0005,0.985,WARNING,6.17
41,110,31,34.0,4.43,26.71,41.29,0.0047,0.9997,WARNING,3.0
41,111,30,33.68,3.87,27.32,40.05,0.0018,0.9998,WARNING,3.68
41,112,29,29.83,3.39,24.25,35.41,0.0066,0.9998,WARNING,0.83
41,113,28,25.8,2.73,21.3,30.3,0.0351,0.9998,WARNING,-2.2
41,114,27,29.67,2.62,25.36,33.98,0.0011,0.9998,WARNING,2.67
41,115,26,25.99,2.67,21.6,30.38,0.0276,0.9998,WARNING,-0.01
41,116,25,25.95,2.67,21.56,30.34,0.0283,0.9998,WARNING,0.95
41,117,24,25.23,2.74,20.72,29.74,0.0457,0.9998,WARNING,1.23
41,118,23,24.39,2.64,20.06,28.73,0.0647,0.9998,WARNING,1.39
41,119,22,22.26,2.56,18.04,26.47,0.2194,0.9998,WARNING,0.26
41,120,21,21.24,2.38,17.32,25.16,0.3466,0.9998,WARNING,0.24
41,121,20,22.26,2.38,18.35,26.17,0.1955,0.9998,WARNING,2.26
41,122,19,20.62,2.13,17.12,24.13,0.4372,0.9998,WARNING,1.62
41,123,18,20.92,2.44,16.9,24.94,0.4041,0.9998,WARNING,2.92
42,52,114,122.57,2.74,118.07,127.07,0.0002,0.0002,NOMINAL,8.57
42,53,113,122.57,2.74,118.07,127.07,0.0002,0.0002,NOMINAL,9.57
42,54,112,124.03,2.49,119.94,128.13,0.0002,0.0002,NOMINAL,12.03
42,55,111,122.92,2.74,118.42,127.43,0.0002,0.0002,NOMINAL,11.92
42,56,110,123.16,3.25,117.82,128.5,0.0002,0.0002,NOMINAL,13.16
42,57,109,123.16,3.07,118.11,128.2,0.0002,0.0002,NOMINAL,14.16
42,58,108,121.82,3.17,116.61,127.03,0.0002,0.0002,NOMINAL,13.82
42,59,107,121.71,5.7,112.34,131.08,0.0002,0.0002,NOMINAL,14.71
42,60,106,121.71,5.82,112.13,131.29,0.0002,0.0002,NOMINAL,15.71
42,61,105,121.71,5.62,112.47,130.95,0.0002,0.0002,NOMINAL,16.71
42,62,104,122.31,4.74,114.51,130.11,0.0002,0.0002,NOMINAL,18.31
42,63,103,122.7,2.8,118.09,127.31,0.0002,0.0002,NOMINAL,19.7
42,64,102,122.47,4.74,114.67,130.26,0.0002,0.0002,NOMINAL,20.47
42,65,101,121.71,5.14,113.25,130.17,0.0002,0.0002,NOMINAL,20.71
42,66,100,123.05,5.17,114.55,131.55,0.0002,0.0002,NOMINAL,23.05
42,67,99,124.26,2.54,120.08,128.44,0.0002,0.0002,NOMINAL,25.26
42,68,98,122.57,2.62,118.27,126.88,0.0002,0.0002,NOMINAL,24.57
42,69,97,123.28,2.75,118.76,127.81,0.0002,0.0002,NOMINAL,26.28
42,70,96,121.82,3.04,116.82,126.82,0.0002,0.0002,NOMINAL,25.82
42,71,95,122.06,4.9,114.0,130.12,0.0002,0.0002,NOMINAL,27.06
42,72,94,121.71,5.58,112.53,130.9,0.0002,0.0002,NOMINAL,27.71
42,73,93,123.77,3.98,117.23,130.32,0.0002,0.0002,NOMINAL,30.77
42,74,92,123.05,5.48,114.03,132.06,0.0002,0.0002,NOMINAL,31.05
42,75,91,123.17,5.48,114.16,132.19,0.0002,0.0002,NOMINAL,32.17
42,76,90,121.19,9.78,105.11,137.27,0.0002,0.0002,NOMINAL,31.19
42,77,89,119.37,13.32,97.46,141.29,0.0002,0.0002,NOMINAL,30.37
42,78,88,116.52,13.57,94.2,138.84,0.0002,0.0002,NOMINAL,28.52
42,79,87,112.07,13.54,89.8,134.34,0.0002,0.0002,NOMINAL,25.07
42,80,86,108.92,13.01,87.52,130.31,0.0002,0.0002,NOMINAL,22.92
42,81,85,106.7,12.56,86.04,127.35,0.0002,0.0002,NOMINAL,21.7
42,82,84,101.95,11.62,82.83,121.06,0.0002,0.0002,NOMINAL,17.95
42,83,83,95.3,11.55,76.3,114.3,0.0002,0.0006,NOMINAL,12.3
42,84,82,90.84,11.55,71.84,109.84,0.0002,0.0018,NOMINAL,8.84
42,85,81,88.26,11.55,69.26,107.26,0.0002,0.0039,NOMINAL,7.26
42,86,80,84.57,10.92,66.61,102.52,0.0002,0.0046,NOMINAL,4.57
42,87,79,83.5,10.69,65.92,101.08,0.0002,0.0048,NOMINAL,4.5
42,88,78,81.37,10.52,64.07,98.68,0.0002,0.0061,NOMINAL,3.37
42,89,77,82.11,10.52,64.8,99.42,0.0002,0.0054,NOMINAL,5.11
42,90,76,82.38,10.69,64.8,99.97,0.0002,0.0056,NOMINAL,6.38
42,91,75,82.27,10.86,64.4,100.14,0.0002,0.0062,NOMINAL,7.27
42,92,74,82.22,10.86,64.35,100.09,0.0002,0.0062,NOMINAL,8.22
42,93,73,82.09,11.24,63.6,100.57,0.0002,0.0071,NOMINAL,9.09
42,94,72,81.99,11.24,63.51,100.48,0.0002,0.0072,NOMINAL,9.99
42,95,71,82.89,11.24,64.4,101.37,0.0002,0.0065,NOMINAL,11.89
42,96,70,80.06,11.01,61.95,98.18,0.0002,0.0086,NOMINAL,10.06
42,97,69,81.55,11.03,63.4,99.7,0.0002,0.007,NOMINAL,12.55
42,98,68,81.14,10.61,63.68,98.59,0.0002,0.0064,NOMINAL,13.14
42,99,67,77.24,10.07,60.67,93.81,0.0002,0.0093,NOMINAL,10.24
42,100,66,73.78,9.36,58.39,89.16,0.0002,0.0156,NOMINAL,7.78
42,101,65,71.99,9.36,56.6,87.38,0.0002,0.0233,NOMINAL,6.99
42,102,64,72.21,9.12,57.21,87.21,0.0002,0.0196,NOMINAL,8.21
42,103,63,68.96,9.17,53.88,84.04,0.0002,0.0373,NOMINAL,5.96
42,104,62,66.83,8.9,52.18,81.47,0.0002,0.047,NOMINAL,4.83
42,105,61,65.61,8.9,50.97,80.26,0.0002,0.0572,NOMINAL,4.61
42,106,60,67.46,8.44,53.58,81.33,0.0002,0.0372,NOMINAL,7.46
42,107,59,64.12,8.55,50.05,78.18,0.0002,0.0655,NOMINAL,5.12
42,108,58,60.97,8.12,47.61,74.33,0.0002,0.1024,NOMINAL,2.97
42,109,57,60.11,7.51,47.76,72.47,0.0002,0.1034,NOMINAL,3.11
42,110,56,57.98,7.61,45.46,70.5,0.0002,0.1676,NOMINAL,1.98
42,111,55,57.93,7.61,45.42,70.45,0.0002,0.1684,NOMINAL,2.93
42,112,54,57.31,7.56,44.87,69.75,0.0002,0.1912,NOMINAL,3.31
42,113,53,56.95,7.56,44.51,69.39,0.0002,0.2058,NOMINAL,3.95
42,114,52,55.72,7.4,43.55,67.89,0.0002,0.2511,NOMINAL,3.72
42,115,51,55.25,7.36,43.15,67.35,0.0002,0.2709,NOMINAL,4.25
42,116,50,54.24,7.36,42.14,66.34,0.0002,0.3251,NOMINAL,4.24
42,117,49,50.38,7.26,38.44,62.32,0.0003,0.5266,MONITOR,1.38
42,118,48,51.29,7.26,39.35,63.23,0.0003,0.481,NOMINAL,3.29
42,119,47,50.17,6.82,38.96,61.38,0.0002,0.5392,MONITOR,3.17
42,120,46,51.88,6.91,40.52,63.25,0.0002,0.4421,NOMINAL,5.88
42,121,45,49.46,6.91,38.09,60.82,0.0003,0.5819,MONITOR,4.46
42,122,44,47.1,6.58,36.27,57.93,0.0004,0.7315,MONITOR,3.1
42,123,43,47.55,6.69,36.55,58.55,0.0004,0.7035,MONITOR,4.55
42,124,42,46.54,5.93,36.78,56.29,0.0002,0.7772,WARNING,4.54
42,125,41,45.46,5.97,35.64,55.27,0.0003,0.8249,WARNING,4.46
42,126,40,45.12,5.99,35.27,54.97,0.0003,0.8328,WARNING,5.12
42,127,39,45.67,5.99,35.83,55.52,0.0003,0.8148,WARNING,6.67
42,128,38,45.61,5.97,35.8,55.43,0.0003,0.818,WARNING,7.61
42,129,37,39.53,5.05,31.22,47.84,0.0007,0.9674,WARNING,2.53
42,130,36,35.34,4.79,27.46,43.21,0.0045,0.9964,WARNING,-0.66
42,131,35,36.19,4.76,28.36,44.03,0.0029,0.994,WARNING,1.19
42,132,34,36.45,4.72,28.68,44.21,0.0022,0.9934,WARNING,2.45
42,133,33,34.27,4.63,26.65,41.9,0.0051,0.9996,WARNING,1.27
42,134,32,29.97,3.84,23.65,36.28,0.0131,0.9998,WARNING,-2.03
42,135,31,29.7,3.37,24.16,35.24,0.0068,0.9998,WARNING,-1.3
42,136,30,28.14,3.19,22.9,33.39,0.0151,0.9998,WARNING,-1.86
42,137,29,28.15,3.24,22.83,33.47,0.0165,0.9998,WARNING,-0.85
42,138,28,28.52,2.78,23.95,33.09,0.0052,0.9998,WARNING,0.52
42,139,27,25.95,2.69,21.52,30.38,0.0291,0.9998,WARNING,-1.05
42,140,26,25.84,2.62,21.53,30.15,0.0284,0.9998,WARNING,-0.16
42,141,25,24.33,2.54,20.15,28.5,0.0599,0.9998,WARNING,-0.67
42,142,24,23.36,2.32,19.55,27.18,0.0853,0.9998,WARNING,-0.64
42,143,23,21.08,2.21,17.44,24.72,0.3606,0.9998,WARNING,-1.92
42,144,22,19.41,2.13,15.9,22.92,0.668,0.9998,WARNING,-2.59
42,145,21,20.03,2.35,16.17,23.89,0.5421,0.9998,WARNING,-0.97
42,146,20,20.03,2.39,16.1,23.96,0.5421,0.9998,WARNING,0.03
42,147,19,19.74,2.39,15.8,23.67,0.5941,0.9998,WARNING,0.74
42,148,18,18.45,2.17,14.88,22.02,0.8125,0.9998,WARNING,0.45
42,149,17,17.33,2.07,13.92,20.74,0.9086,0.9998,CRITICAL,0.33
42,150,16,16.58,2.2,12.96,20.21,0.9324,0.9998,CRITICAL,0.58
42,151,15,14.65,2.13,11.15,18.15,0.9815,0.9998,CRITICAL,-0.35
42,152,14,13.17,2.23,9.5,16.84,0.9963,0.9998,CRITICAL,-0.83
42,153,13,12.99,2.27,9.25,16.73,0.9965,0.9998,CRITICAL,-0.01
42,154,12,12.02,2.29,8.26,15.78,0.9996,0.9998,CRITICAL,0.02
42,155,11,11.09,2.34,7.25,14.94,0.9997,0.9998,CRITICAL,0.09
42,156,10,10.43,2.37,6.53,14.32,0.9998,0.9998,CRITICAL,0.43
43,52,125,122.14,7.56,109.7,134.57,0.0002,0.0002,NOMINAL,-2.86
43,53,125,121.71,10.6,104.27,139.15,0.0002,0.0002,NOMINAL,-3.29
43,54,125,121.64,11.1,103.38,139.91,0.0002,0.0002,NOMINAL,-3.36
43,55,125,121.71,11.1,103.45,139.97,0.0002,0.0002,NOMINAL,-3.29
43,56,125,121.22,11.84,101.74,140.7,0.0002,0.0002,NOMINAL,-3.78
43,57,125,120.21,12.33,99.93,140.48,0.0002,0.0002,NOMINAL,-4.79
43,58,125,121.22,11.86,101.72,140.73,0.0002,0.0002,NOMINAL,-3.78
43,59,125,121.59,11.71,102.32,140.85,0.0002,0.0002,NOMINAL,-3.41
43,60,125,121.59,11.71,102.32,140.85,0.0002,0.0002,NOMINAL,-3.41
43,61,125,121.92,10.85,104.07,139.77,0.0002,0.0002,NOMINAL,-3.08
43,62,125,120.63,11.97,100.94,140.31,0.0002,0.0002,NOMINAL,-4.37
43,63,125,118.77,13.56,96.46,141.08,0.0002,0.0002,NOMINAL,-6.23
43,64,125,118.74,13.56,96.43,141.05,0.0002,0.0002,NOMINAL,-6.26
43,65,125,118.66,13.56,96.35,140.97,0.0002,0.0002,NOMINAL,-6.34
43,66,125,118.73,13.53,96.47,140.99,0.0002,0.0002,NOMINAL,-6.27
43,67,125,118.32,13.56,96.01,140.63,0.0002,0.0002,NOMINAL,-6.68
43,68,125,120.01,13.53,97.75,142.27,0.0002,0.0002,NOMINAL,-4.99
43,69,125,119.13,13.56,96.82,141.44,0.0002,0.0002,NOMINAL,-5.87
43,70,125,118.53,13.56,96.22,140.84,0.0002,0.0002,NOMINAL,-6.47
43,71,125,118.22,13.64,95.8,140.65,0.0002,0.0002,NOMINAL,-6.78
43,72,125,118.22,13.56,95.92,140.53,0.0002,0.0002,NOMINAL,-6.78
43,73,125,113.44,13.13,91.84,135.03,0.0002,0.0002,NOMINAL,-11.56
43,74,125,103.85,11.73,84.56,123.15,0.0002,0.0002,NOMINAL,-21.15
43,75,125,105.23,11.73,85.93,124.53,0.0002,0.0002,NOMINAL,-19.77
43,76,125,111.63,13.06,90.15,133.11,0.0002,0.0002,NOMINAL,-13.37
43,77,125,117.75,13.64,95.31,140.2,0.0002,0.0002,NOMINAL,-7.25
43,78,125,118.83,13.56,96.52,141.14,0.0002,0.0002,NOMINAL,-6.17
43,79,125,118.7,13.56,96.39,141.01,0.0002,0.0002,NOMINAL,-6.3
43,80,125,117.74,13.64,95.3,140.19,0.0002,0.0002,NOMINAL,-7.26
43,81,125,116.1,13.43,94.01,138.2,0.0002,0.0002,NOMINAL,-8.9
43,82,125,118.38,13.64,95.96,140.81,0.0002,0.0002,NOMINAL,-6.62
43,83,125,118.35,13.64,95.92,140.78,0.0002,0.0002,NOMINAL,-6.65
43,84,125,119.24,13.56,96.93,141.54,0.0002,0.0002,NOMINAL,-5.76
43,85,125,118.92,13.56,96.61,141.22,0.0002,0.0002,NOMINAL,-6.08
43,86,125,119.22,13.56,96.91,141.53,0.0002,0.0002,NOMINAL,-5.78
43,87,125,118.83,13.56,96.52,141.14,0.0002,0.0002,NOMINAL,-6.17
43,88,125,118.95,13.53,96.69,141.21,0.0002,0.0002,NOMINAL,-6.05
43,89,125,120.41,13.07,98.91,141.91,0.0002,0.0002,NOMINAL,-4.59
43,90,125,121.1,11.78,101.73,140.48,0.0002,0.0002,NOMINAL,-3.9
43,91,125,121.1,11.78,101.73,140.48,0.0002,0.0002,NOMINAL,-3.9
43,92,125,120.34,13.28,98.5,142.18,0.0002,0.0002,NOMINAL,-4.66
43,93,125,121.14,11.78,101.76,140.51,0.0002,0.0002,NOMINAL,-3.86
43,94,125,121.35,10.54,104.01,138.68,0.0002,0.0002,NOMINAL,-3.65
43,95,125,119.97,11.78,100.59,139.35,0.0002,0.0002,NOMINAL,-5.03
43,96,125,118.35,13.53,96.09,140.61,0.0002,0.0002,NOMINAL,-6.65
43,97,125,119.11,11.97,99.43,138.79,0.0002,0.0002,NOMINAL,-5.89
43,98,125,121.11,11.78,101.73,140.49,0.0002,0.0002,NOMINAL,-3.89
43,99,125,122.14,10.37,105.09,139.19,0.0002,0.0002,NOMINAL,-2.86
43,100,125,121.27,11.73,101.97,140.57,0.0002,0.0002,NOMINAL,-3.73
43,101,125,120.56,11.78,101.18,139.94,0.0002,0.0002,NOMINAL,-4.44
43,102,125,118.02,12.2,97.95,138.08,0.0002,0.0002,NOMINAL,-6.98
43,103,125,120.65,11.59,101.59,139.71,0.0002,0.0002,NOMINAL,-4.35
43,104,125,118.05,12.2,97.98,138.11,0.0002,0.0002,NOMINAL,-6.95
43,105,125,117.68,13.64,95.25,140.11,0.0002,0.0002,NOMINAL,-7.32
43,106,125,106.0,11.73,86.7,125.29,0.0002,0.0002,NOMINAL,-19.0
43,107,124,109.44,12.45,88.96,129.92,0.0002,0.0002,NOMINAL,-14.56
43,108,123,116.07,13.59,93.72,138.42,0.0002,0.0002,NOMINAL,-6.93
43,109,122,117.65,13.64,95.22,140.08,0.0002,0.0002,NOMINAL,-4.35
43,110,121,117.74,13.65,95.28,140.19,0.0002,0.0002,NOMINAL,-3.26
43,111,120,112.13,13.09,90.61,133.66,0.0002,0.0002,NOMINAL,-7.87
43,112,119,113.54,13.44,91.43,135.66,0.0002,0.0002,NOMINAL,-5.46
43,113,118,111.06,12.67,90.22,131.89,0.0002,0.0002,NOMINAL,-6.94
43,114,117,103.25,11.73,83.95,122.55,0.0002,0.0002,NOMINAL,-13.75
43,115,116,102.04,11.72,82.76,121.31,0.0002,0.0002,NOMINAL,-13.96
43,116,115,98.2,11.72,78.93,117.48,0.0002,0.0004,NOMINAL,-16.8
43,117,114,99.27,11.72,79.99,118.55,0.0002,0.0003,NOMINAL,-14.73
43,118,113,98.7,11.4,79.95,117.46,0.0002,0.0003,NOMINAL,-14.3
43,119,112,95.31,11.38,76.6,114.03,0.0002,0.0005,NOMINAL,-16.69
43,120,111,101.95,11.4,83.19,120.71,0.0002,0.0002,NOMINAL,-9.05
43,121,110,102.93,11.69,83.69,122.16,0.0002,0.0002,NOMINAL,-7.07
43,122,109,96.39,11.31,77.79,114.99,0.0002,0.0004,NOMINAL,-12.61
43,123,108,100.08,11.62,80.96,119.2,0.0002,0.0003,NOMINAL,-7.92
43,124,107,96.13,11.61,77.03,115.22,0.0002,0.0005,NOMINAL,-10.87
43,125,106,106.85,12.07,87.01,126.7,0.0002,0.0002,NOMINAL,0.85
43,126,105,96.26,11.58,77.21,115.32,0.0002,0.0005,NOMINAL,-8.74
43,127,104,90.07,10.56,72.71,107.43,0.0002,0.0008,NOMINAL,-13.93
43,128,103,87.8,10.56,70.44,105.16,0.0002,0.0016,NOMINAL,-15.2
43,129,102,82.24,9.6,66.45,98.04,0.0002,0.0033,NOMINAL,-19.76
43,130,101,78.99,9.43,63.49,94.49,0.0002,0.0052,NOMINAL,-22.01
43,131,100,80.3,9.43,64.8,95.8,0.0002,0.0044,NOMINAL,-19.7
43,132,99,80.57,9.43,65.07,96.08,0.0002,0.0043,NOMINAL,-18.43
43,133,98,83.28,9.56,67.56,99.01,0.0002,0.0022,NOMINAL,-14.72
43,134,97,80.79,9.54,65.1,96.47,0.0002,0.0044,NOMINAL,-16.21
43,135,96,81.93,9.56,66.21,97.66,0.0002,0.0035,NOMINAL,-14.07
43,136,95,85.21,10.08,68.64,101.79,0.0002,0.0021,NOMINAL,-9.79
43,137,94,90.41,10.08,73.83,106.98,0.0002,0.0005,NOMINAL,-3.59
43,138,93,92.38,10.27,75.49,109.27,0.0002,0.0004,NOMINAL,-0.62
43,139,92,92.25,10.56,74.89,109.61,0.0002,0.0005,NOMINAL,0.25
43,140,91,93.34,10.88,75.44,111.23,0.0002,0.0005,NOMINAL,2.34
43,141,90,93.24,10.56,75.88,110.6,0.0002,0.0004,NOMINAL,3.24
43,142,89,106.7,11.74,87.39,126.01,0.0002,0.0002,NOMINAL,17.7
43,143,88,107.83,11.98,88.14,127.53,0.0002,0.0002,NOMINAL,19.83
43,144,87,108.56,12.76,87.58,129.55,0.0002,0.0002,NOMINAL,21.56
43,145,86,107.63,12.42,87.2,128.07,0.0002,0.0002,NOMINAL,21.63
43,146,85,108.85,12.76,87.87,129.83,0.0002,0.0002,NOMINAL,23.85
43,147,84,111.2,13.27,89.37,133.04,0.0002,0.0002,NOMINAL,27.2
43,148,83,106.74,12.05,86.91,126.56,0.0002,0.0002,NOMINAL,23.74
43,149,82,101.36,11.6,82.29,120.44,0.0002,0.0002,NOMINAL,19.36
43,150,81,102.68,11.58,83.62,121.73,0.0002,0.0002,NOMINAL,21.68
43,151,80,99.83,11.56,80.81,118.85,0.0002,0.0003,NOMINAL,19.83
43,152,79,102.79,11.61,83.7,121.89,0.0002,0.0002,NOMINAL,23.79
43,153,78,94.1,11.27,75.56,112.64,0.0002,0.0006,NOMINAL,16.1
43,154,77,94.18,11.27,75.64,112.72,0.0002,0.0006,NOMINAL,17.18
43,155,76,98.6,11.68,79.39,117.81,0.0002,0.0003,NOMINAL,22.6
43,156,75,92.39,11.27,73.84,110.93,0.0002,0.0009,NOMINAL,17.39
43,157,74,89.66,11.27,71.11,108.2,0.0002,0.0019,NOMINAL,15.66
43,158,73,88.16,11.0,70.06,106.26,0.0002,0.0023,NOMINAL,15.16
43,159,72,84.75,10.06,68.21,101.3,0.0002,0.0024,NOMINAL,12.75
43,160,71,86.93,10.37,69.88,103.98,0.0002,0.0017,NOMINAL,15.93
43,161,70,90.38,11.27,71.83,108.92,0.0002,0.0016,NOMINAL,20.38
43,162,69,86.86,10.48,69.61,104.1,0.0002,0.0019,NOMINAL,17.86
43,163,68,86.73,10.37,69.68,103.78,0.0002,0.0018,NOMINAL,18.73
43,164,67,86.22,10.06,69.68,102.76,0.0002,0.0015,NOMINAL,19.22
43,165,66,83.79,9.9,67.5,100.08,0.0002,0.0028,NOMINAL,17.79
43,166,65,85.03,9.9,68.74,101.32,0.0002,0.0018,NOMINAL,20.03
43,167,64,81.54,9.63,65.7,97.38,0.0002,0.0042,NOMINAL,17.54
43,168,63,80.71,8.61,66.55,94.86,0.0002,0.0016,NOMINAL,17.71
43,169,62,73.41,8.39,59.62,87.2,0.0002,0.0079,NOMINAL,11.41
43,170,61,68.48,7.92,55.45,81.51,0.0002,0.0252,NOMINAL,7.48
43,171,60,67.12,8.23,53.58,80.66,0.0002,0.0365,NOMINAL,7.12
43,172,59,64.13,6.67,53.17,75.1,0.0002,0.0353,NOMINAL,5.13
44,52,111,124.07,2.63,119.75,128.39,0.0002,0.0002,NOMINAL,13.07
44,53,110,124.07,2.66,119.7,128.45,0.0002,0.0002,NOMINAL,14.07
44,54,109,123.36,2.84,118.69,128.03,0.0002,0.0002,NOMINAL,14.36
45,52,125,123.36,2.99,118.45,128.27,0.0002,0.0002,NOMINAL,-1.64
45,53,125,123.03,2.99,118.12,127.95,0.0002,0.0002,NOMINAL,-1.97
45,54,125,122.41,6.2,112.21,132.61,0.0002,0.0002,NOMINAL,-2.59
45,55,125,123.05,6.2,112.85,133.25,0.0002,0.0002,NOMINAL,-1.95
45,56,125,123.08,6.48,112.43,133.73,0.0002,0.0002,NOMINAL,-1.92
45,57,125,122.27,6.48,111.62,132.92,0.0002,0.0002,NOMINAL,-2.73
45,58,125,123.2,5.02,114.94,131.46,0.0002,0.0002,NOMINAL,-1.8
45,59,125,123.19,5.43,114.26,132.11,0.0002,0.0002,NOMINAL,-1.81
45,60,125,123.62,5.02,115.36,131.88,0.0002,0.0002,NOMINAL,-1.38
45,61,125,122.68,5.4,113.8,131.56,0.0002,0.0002,NOMINAL,-2.32
45,62,125,122.95,5.0,114.73,131.17,0.0002,0.0002,NOMINAL,-2.05
45,63,125,123.12,5.0,114.9,131.34,0.0002,0.0002,NOMINAL,-1.88
45,64,125,123.0,5.0,114.78,131.22,0.0002,0.0002,NOMINAL,-2.0
45,65,125,123.16,2.99,118.25,128.07,0.0002,0.0002,NOMINAL,-1.84
45,66,125,121.69,6.65,110.76,132.62,0.0002,0.0002,NOMINAL,-3.31
45,67,125,121.14,7.45,108.88,133.39,0.0002,0.0002,NOMINAL,-3.86
45,68,125,122.49,7.19,110.66,134.32,0.0002,0.0002,NOMINAL,-2.51
45,69,125,122.1,5.81,112.54,131.67,0.0002,0.0002,NOMINAL,-2.9
45,70,125,123.09,5.0,114.87,131.31,0.0002,0.0002,NOMINAL,-1.91
45,71,125,122.36,5.4,113.48,131.25,0.0002,0.0002,NOMINAL,-2.64
45,72,125,122.84,6.65,111.91,133.77,0.0002,0.0002,NOMINAL,-2.16
45,73,125,122.12,5.43,113.19,131.04,0.0002,0.0002,NOMINAL,-2.88
45,74,125,121.94,5.81,112.37,131.5,0.0002,0.0002,NOMINAL,-3.06
45,75,125,122.75,5.43,113.82,131.67,0.0002,0.0002,NOMINAL,-2.25
45,76,125,122.35,5.43,113.42,131.27,0.0002,0.0002,NOMINAL,-2.65
45,77,125,122.95,5.02,114.69,131.21,0.0002,0.0002,NOMINAL,-2.05
45,78,125,123.12,5.02,114.86,131.38,0.0002,0.0002,NOMINAL,-1.88
45,79,125,123.12,5.02,114.86,131.38,0.0002,0.0002,NOMINAL,-1.88
45,80,125,122.51,5.0,114.29,130.73,0.0002,0.0002,NOMINAL,-2.49
45,81,125,122.72,5.0,114.5,130.94,0.0002,0.0002,NOMINAL,-2.28
45,82,125,122.59,5.0,114.37,130.81,0.0002,0.0002,NOMINAL,-2.41
45,83,125,123.0,3.53,117.2,128.81,0.0002,0.0002,NOMINAL,-2.0
45,84,125,123.36,3.53,117.55,129.17,0.0002,0.0002,NOMINAL,-1.64
45,85,125,122.59,3.53,116.78,128.4,0.0002,0.0002,NOMINAL,-2.41
45,86,125,122.1,3.53,116.29,127.9,0.0002,0.0002,NOMINAL,-2.9
45,87,125,122.87,2.99,117.96,127.79,0.0002,0.0002,NOMINAL,-2.13
45,88,125,121.96,2.99,117.05,126.88,0.0002,0.0002,NOMINAL,-3.04
45,89,125,123.16,2.99,118.25,128.07,0.0002,0.0002,NOMINAL,-1.84
45,90,125,122.21,2.99,117.3,127.13,0.0002,0.0002,NOMINAL,-2.79
45,91,125,122.2,2.99,117.29,127.12,0.0002,0.0002,NOMINAL,-2.8
45,92,125,123.32,2.99,118.41,128.23,0.0002,0.0002,NOMINAL,-1.68
45,93,125,122.45,2.99,117.54,127.37,0.0002,0.0002,NOMINAL,-2.55
45,94,125,122.63,2.99,117.72,127.55,0.0002,0.0002,NOMINAL,-2.37
45,95,125,122.63,2.99,117.72,127.55,0.0002,0.0002,NOMINAL,-2.37
45,96,125,122.63,2.99,117.72,127.55,0.0002,0.0002,NOMINAL,-2.37
45,97,125,122.98,2.67,118.58,127.37,0.0002,0.0002,NOMINAL,-2.02
45,98,125,122.82,2.67,118.43,127.22,0.0002,0.0002,NOMINAL,-2.18
45,99,125,121.83,3.2,116.57,127.1,0.0002,0.0002,NOMINAL,-3.17
45,100,125,121.91,2.99,116.99,126.82,0.0002,0.0002,NOMINAL,-3.09
45,101,125,122.45,2.99,117.54,127.37,0.0002,0.0002,NOMINAL,-2.55
45,102,125,122.92,2.99,118.0,127.83,0.0002,0.0002,NOMINAL,-2.08
45,103,125,122.25,2.99,117.34,127.16,0.0002,0.0002,NOMINAL,-2.75
45,104,125,122.69,2.99,117.78,127.61,0.0002,0.0002,NOMINAL,-2.31
45,105,125,121.47,6.85,110.2,132.73,0.0002,0.0002,NOMINAL,-3.53
45,106,125,121.47,6.88,110.15,132.79,0.0002,0.0002,NOMINAL,-3.53
45,107,125,120.83,7.45,108.58,133.09,0.0002,0.0002,NOMINAL,-4.17
45,108,125,119.55,12.32,99.28,139.81,0.0002,0.0002,NOMINAL,-5.45
45,109,125,118.88,13.53,96.62,141.14,0.0002,0.0002,NOMINAL,-6.12
45,110,125,118.11,13.65,95.67,140.56,0.0002,0.0002,NOMINAL,-6.89
45,111,125,119.14,13.53,96.88,141.4,0.0002,0.0002,NOMINAL,-5.86
45,112,125,118.98,13.53,96.72,141.25,0.0002,0.0002,NOMINAL,-6.02
45,113,125,119.43,13.22,97.68,141.18,0.0002,0.0002,NOMINAL,-5.57
45,114,125,119.26,13.28,97.42,141.1,0.0002,0.0002,NOMINAL,-5.74
45,115,125,117.95,13.28,96.11,139.79,0.0002,0.0002,NOMINAL,-7.05
45,116,125,119.14,13.28,97.3,140.98,0.0002,0.0002,NOMINAL,-5.86
45,117,125,118.5,13.65,96.05,140.95,0.0002,0.0002,NOMINAL,-6.5
45,118,125,112.39,13.62,89.99,134.78,0.0002,0.0002,NOMINAL,-12.61
45,119,125,113.61,13.62,91.21,136.01,0.0002,0.0002,NOMINAL,-11.39
45,120,125,112.15,13.55,89.86,134.44,0.0002,0.0002,NOMINAL,-12.85
45,121,125,112.14,13.43,90.05,134.23,0.0002,0.0002,NOMINAL,-12.86
45,122,125,110.51,12.67,89.67,131.34,0.0002,0.0002,NOMINAL,-14.49
45,123,125,113.44,13.43,91.35,135.53,0.0002,0.0002,NOMINAL,-11.56
45,124,125,112.9,13.43,90.81,134.98,0.0002,0.0002,NOMINAL,-12.1
45,125,125,115.71,13.58,93.38,138.04,0.0002,0.0002,NOMINAL,-9.29
45,126,125,116.67,13.58,94.34,139.01,0.0002,0.0002,NOMINAL,-8.33
45,127,125,118.6,13.62,96.2,141.0,0.0002,0.0002,NOMINAL,-6.4
45,128,125,115.4,13.66,92.94,137.87,0.0002,0.0002,NOMINAL,-9.6
45,129,125,112.98,13.62,90.58,135.37,0.0002,0.0002,NOMINAL,-12.02
45,130,125,112.15,13.43,90.06,134.24,0.0002,0.0002,NOMINAL,-12.85
45,131,125,110.6,12.67,89.76,131.43,0.0002,0.0002,NOMINAL,-14.4
45,132,125,110.64,12.89,89.44,131.84,0.0002,0.0002,NOMINAL,-14.36
45,133,125,118.01,13.72,95.44,140.57,0.0002,0.0002,NOMINAL,-6.99
45,134,125,118.6,13.69,96.08,141.12,0.0002,0.0002,NOMINAL,-6.4
45,135,125,119.35,12.79,98.31,140.4,0.0002,0.0002,NOMINAL,-5.65
45,136,125,119.35,12.87,98.18,140.53,0.0002,0.0002,NOMINAL,-5.65
45,137,125,118.79,13.62,96.39,141.2,0.0002,0.0002,NOMINAL,-6.21
45,138,125,116.2,13.65,93.74,138.65,0.0002,0.0002,NOMINAL,-8.8
45,139,125,116.57,13.65,94.12,139.03,0.0002,0.0002,NOMINAL,-8.43
45,140,125,118.57,13.65,96.12,141.02,0.0002,0.0002,NOMINAL,-6.43
45,141,125,118.57,13.62,96.17,140.97,0.0002,0.0002,NOMINAL,-6.43
45,142,124,118.57,13.65,96.12,141.02,0.0002,0.0002,NOMINAL,-5.43
45,143,123,119.78,12.77,98.78,140.78,0.0002,0.0002,NOMINAL,-3.22
45,144,122,116.34,12.89,95.15,137.54,0.0002,0.0002,NOMINAL,-5.66
45,145,121,118.57,13.72,96.0,141.14,0.0002,0.0002,NOMINAL,-2.43
45,146,120,119.03,13.53,96.77,141.29,0.0002,0.0002,NOMINAL,-0.97
45,147,119,119.51,12.82,98.42,140.6,0.0002,0.0002,NOMINAL,0.51
45,148,118,117.5,12.81,96.43,138.57,0.0002,0.0002,NOMINAL,-0.5
45,149,117,116.73,13.58,94.4,139.06,0.0002,0.0002,NOMINAL,-0.27
45,150,116,113.78,13.67,91.29,136.27,0.0002,0.0002,NOMINAL,-2.22
45,151,115,115.79,13.59,93.44,138.14,0.0002,0.0002,NOMINAL,0.79
45,152,114,113.78,13.67,91.29,136.27,0.0002,0.0002,NOMINAL,-0.22
46,52,125,120.05,13.6,97.68,142.43,0.0002,0.0002,NOMINAL,-4.95
46,53,125,119.73,13.64,97.3,142.16,0.0002,0.0002,NOMINAL,-5.27
46,54,125,119.16,13.64,96.73,141.59,0.0002,0.0002,NOMINAL,-5.84
46,55,125,119.34,13.64,96.91,141.77,0.0002,0.0002,NOMINAL,-5.66
46,56,125,117.81,13.65,95.36,140.26,0.0002,0.0002,NOMINAL,-7.19
46,57,125,117.12,13.72,94.56,139.69,0.0002,0.0002,NOMINAL,-7.88
46,58,125,115.06,13.57,92.74,137.38,0.0002,0.0002,NOMINAL,-9.94
46,59,125,117.81,13.65,95.36,140.26,0.0002,0.0002,NOMINAL,-7.19
46,60,125,119.65,13.64,97.22,142.07,0.0002,0.0002,NOMINAL,-5.35
46,61,125,117.8,13.64,95.37,140.22,0.0002,0.0002,NOMINAL,-7.2
46,62,125,117.8,13.71,95.25,140.34,0.0002,0.0002,NOMINAL,-7.2
46,63,125,117.72,13.59,95.36,140.08,0.0002,0.0002,NOMINAL,-7.28
46,64,125,119.48,13.56,97.17,141.79,0.0002,0.0002,NOMINAL,-5.52
46,65,125,118.73,13.64,96.31,141.16,0.0002,0.0002,NOMINAL,-6.27
46,66,125,119.53,13.56,97.22,141.84,0.0002,0.0002,NOMINAL,-5.47
46,67,125,118.8,13.56,96.49,141.11,0.0002,0.0002,NOMINAL,-6.2
46,68,125,118.28,13.28,96.44,140.12,0.0002,0.0002,NOMINAL,-6.72
46,69,124,119.57,13.53,97.31,141.83,0.0002,0.0002,NOMINAL,-4.43
46,70,123,118.38,12.52,97.78,138.99,0.0002,0.0002,NOMINAL,-4.62
46,71,122,118.81,13.53,96.55,141.07,0.0002,0.0002,NOMINAL,-3.19
46,72,121,119.2,13.28,97.36,141.03,0.0002,0.0002,NOMINAL,-1.8
46,73,120,118.92,13.53,96.66,141.19,0.0002,0.0002,NOMINAL,-1.08
46,74,119,120.09,13.28,98.25,141.93,0.0002,0.0002,NOMINAL,1.09
46,75,118,120.2,12.52,99.6,140.8,0.0002,0.0002,NOMINAL,2.2
46,76,117,120.69,12.52,100.09,141.29,0.0002,0.0002,NOMINAL,3.69
46,77,116,118.67,13.28,96.83,140.51,0.0002,0.0002,NOMINAL,2.67
46,78,115,119.02,13.56,96.71,141.33,0.0002,0.0002,NOMINAL,4.02
46,79,114,118.98,13.53,96.72,141.24,0.0002,0.0002,NOMINAL,4.98
46,80,113,119.01,13.56,96.7,141.32,0.0002,0.0002,NOMINAL,6.01
46,81,112,118.95,13.28,97.11,140.78,0.0002,0.0002,NOMINAL,6.95
46,82,111,119.79,13.07,98.29,141.29,0.0002,0.0002,NOMINAL,8.79
46,83,110,120.66,13.02,99.24,142.07,0.0002,0.0002,NOMINAL,10.66
46,84,109,119.4,13.28,97.56,141.24,0.0002,0.0002,NOMINAL,10.4
46,85,108,118.01,13.28,96.17,139.85,0.0002,0.0002,NOMINAL,10.01
46,86,107,118.52,13.28,96.68,140.36,0.0002,0.0002,NOMINAL,11.52
46,87,106,118.07,13.56,95.76,140.38,0.0002,0.0002,NOMINAL,12.07
46,88,105,118.01,13.56,95.7,140.32,0.0002,0.0002,NOMINAL,13.01
46,89,104,114.22,13.44,92.12,136.32,0.0002,0.0002,NOMINAL,10.22
46,90,103,110.81,13.09,89.29,132.33,0.0002,0.0002,NOMINAL,7.81
46,91,102,109.06,12.32,88.8,129.33,0.0002,0.0002,NOMINAL,7.06
46,92,101,104.54,11.73,85.24,123.83,0.0002,0.0002,NOMINAL,3.54
46,93,100,104.54,11.73,85.24,123.83,0.0002,0.0002,NOMINAL,4.54
46,94,99,100.34,11.72,81.07,119.62,0.0002,0.0003,NOMINAL,1.34
46,95,98,96.58,11.4,77.82,115.34,0.0002,0.0004,NOMINAL,-1.42
46,96,97,96.82,11.38,78.1,115.53,0.0002,0.0004,NOMINAL,-0.18
46,97,96,94.71,11.3,76.13,113.29,0.0002,0.0005,NOMINAL,-1.29
46,98,95,93.25,11.31,74.65,111.86,0.0002,0.0007,NOMINAL,-1.75
46,99,94,94.12,11.31,75.52,112.72,0.0002,0.0006,NOMINAL,0.12
46,100,93,92.4,11.31,73.8,111.01,0.0002,0.0009,NOMINAL,-0.6
46,101,92,90.3,11.27,71.76,108.84,0.0002,0.0016,NOMINAL,-1.7
46,102,91,90.21,11.0,72.12,108.31,0.0002,0.0012,NOMINAL,-0.79
46,103,90,89.49,10.88,71.59,107.38,0.0002,0.0013,NOMINAL,-0.51
46,104,89,87.54,10.88,69.65,105.44,0.0002,0.0024,NOMINAL,-1.46
46,105,88,90.1,10.88,72.21,108.0,0.0002,0.0011,NOMINAL,2.1
46,106,87,87.01,10.11,70.38,103.64,0.0002,0.0012,NOMINAL,0.01
46,107,86,85.54,10.08,68.96,102.11,0.0002,0.0019,NOMINAL,-0.46
46,108,85,76.52,8.4,62.7,90.33,0.0002,0.0047,NOMINAL,-8.48
46,109,84,74.0,8.88,59.39,88.61,0.0002,0.0093,NOMINAL,-10.0
46,110,83,80.98,10.08,64.41,97.56,0.0002,0.0052,NOMINAL,-2.02
46,111,82,77.91,9.4,62.44,93.38,0.0002,0.0062,NOMINAL,-4.09
46,112,81,75.11,8.4,61.3,88.92,0.0002,0.006,NOMINAL,-5.89
46,113,80,74.15,8.88,59.54,88.75,0.0002,0.0089,NOMINAL,-5.85
46,114,79,67.62,8.26,54.04,81.21,0.0002,0.0336,NOMINAL,-11.38
46,115,78,67.34,7.84,54.43,80.24,0.0002,0.029,NOMINAL,-10.66
46,116,77,69.95,8.45,56.05,83.85,0.0002,0.0222,NOMINAL,-7.05
46,117,76,66.82,7.35,54.73,78.92,0.0002,0.0267,NOMINAL,-9.18
46,118,75,67.46,7.35,55.37,79.56,0.0002,0.0215,NOMINAL,-7.54
46,119,74,66.27,7.12,54.56,77.98,0.0002,0.0268,NOMINAL,-7.73
46,120,73,65.91,7.11,54.22,77.6,0.0002,0.0278,NOMINAL,-7.09
46,121,72,64.61,6.92,53.24,75.99,0.0002,0.0357,NOMINAL,-7.39
46,122,71,64.99,7.34,52.92,77.05,0.0002,0.0396,NOMINAL,-6.01
46,123,70,63.42,6.78,52.27,74.58,0.0002,0.0435,NOMINAL,-6.58
46,124,69,65.32,6.92,53.94,76.71,0.0002,0.0289,NOMINAL,-3.68
46,125,68,62.62,6.78,51.47,73.78,0.0002,0.0484,NOMINAL,-5.38
46,126,67,62.57,6.67,51.6,73.53,0.0002,0.0472,NOMINAL,-4.43
46,127,66,62.27,6.78,51.11,73.42,0.0002,0.0511,NOMINAL,-3.73
46,128,65,60.94,6.55,50.17,71.72,0.0002,0.0646,NOMINAL,-4.06
46,129,64,59.64,6.61,48.77,70.52,0.0002,0.0846,NOMINAL,-4.36
46,130,63,56.78,6.31,46.4,67.16,0.0002,0.1613,NOMINAL,-6.22
46,131,62,55.98,6.16,45.85,66.1,0.0002,0.189,NOMINAL,-6.02
46,132,61,54.09,5.92,44.35,63.84,0.0002,0.2815,NOMINAL,-6.91
46,133,60,52.79,5.83,43.19,62.38,0.0002,0.3642,NOMINAL,-7.21
46,134,59,53.66,5.83,44.07,63.25,0.0002,0.3032,NOMINAL,-5.34
46,135,58,54.07,5.91,44.35,63.79,0.0002,0.283,NOMINAL,-3.93
46,136,57,51.81,5.9,42.1,61.52,0.0002,0.4319,NOMINAL,-5.19
46,137,56,50.71,5.9,41.0,60.43,0.0002,0.5005,MONITOR,-5.29
46,138,55,49.06,5.78,39.55,58.58,0.0002,0.6173,MONITOR,-5.94
46,139,54,48.08,5.14,39.63,56.54,0.0002,0.7052,MONITOR,-5.92
46,140,53,45.8,5.27,37.13,54.48,0.0002,0.8289,WARNING,-7.2
46,141,52,46.3,5.34,37.51,55.08,0.0002,0.8072,WARNING,-5.7
46,142,51,45.41,5.32,36.65,54.17,0.0002,0.8397,WARNING,-5.59
46,143,50,47.11,5.25,38.48,55.74,0.0002,0.7657,WARNING,-2.89
46,144,49,45.59,5.27,36.93,54.25,0.0002,0.8365,WARNING,-3.41
46,145,48,41.14,4.9,33.08,49.19,0.0003,0.9544,WARNING,-6.86
46,146,47,40.25,4.84,32.28,48.21,0.0003,0.9631,WARNING,-6.75
47,52,125,123.91,2.99,119.0,128.83,0.0002,0.0002,NOMINAL,-1.09
47,53,125,123.91,2.99,119.0,128.83,0.0002,0.0002,NOMINAL,-1.09
47,54,125,123.91,2.99,119.0,128.83,0.0002,0.0002,NOMINAL,-1.09
47,55,125,123.91,2.99,119.0,128.83,0.0002,0.0002,NOMINAL,-1.09
47,56,125,123.91,2.99,119.0,128.83,0.0002,0.0002,NOMINAL,-1.09
47,57,125,123.91,2.99,119.0,128.83,0.0002,0.0002,NOMINAL,-1.09
47,58,125,123.91,2.99,119.0,128.83,0.0002,0.0002,NOMINAL,-1.09
47,59,125,123.91,2.99,119.0,128.83,0.0002,0.0002,NOMINAL,-1.09
47,60,125,123.91,2.99,119.0,128.83,0.0002,0.0002,NOMINAL,-1.09
47,61,125,123.92,5.0,115.7,132.14,0.0002,0.0002,NOMINAL,-1.08
47,62,125,123.92,5.02,115.66,132.18,0.0002,0.0002,NOMINAL,-1.08
47,63,125,123.92,5.02,115.66,132.18,0.0002,0.0002,NOMINAL,-1.08
47,64,125,123.92,5.02,115.66,132.18,0.0002,0.0002,NOMINAL,-1.08
47,65,125,122.49,6.94,111.08,133.9,0.0002,0.0002,NOMINAL,-2.51
47,66,125,122.37,7.51,110.01,134.72,0.0002,0.0002,NOMINAL,-2.63
47,67,125,122.67,7.51,110.31,135.03,0.0002,0.0002,NOMINAL,-2.33
47,68,125,122.88,6.48,112.22,133.53,0.0002,0.0002,NOMINAL,-2.12
47,69,125,122.88,6.48,112.22,133.53,0.0002,0.0002,NOMINAL,-2.12
47,70,125,123.25,6.48,112.59,133.9,0.0002,0.0002,NOMINAL,-1.75
47,71,125,123.15,6.2,112.95,133.35,0.0002,0.0002,NOMINAL,-1.85
47,72,125,123.87,5.02,115.61,132.13,0.0002,0.0002,NOMINAL,-1.13
47,73,125,123.87,5.02,115.61,132.13,0.0002,0.0002,NOMINAL,-1.13
48,52,118,121.27,11.5,102.36,140.18,0.0002,0.0002,NOMINAL,3.27
48,53,117,120.36,11.97,100.68,140.04,0.0002,0.0002,NOMINAL,3.36
48,54,116,120.89,11.16,102.53,139.25,0.0002,0.0002,NOMINAL,4.89
48,55,115,121.65,10.49,104.4,138.9,0.0002,0.0002,NOMINAL,6.65
48,56,114,121.45,11.16,103.09,139.81,0.0002,0.0002,NOMINAL,7.45
48,57,113,121.61,11.24,103.13,140.1,0.0002,0.0002,NOMINAL,8.61
48,58,112,121.98,10.85,104.13,139.83,0.0002,0.0002,NOMINAL,9.98
48,59,111,120.09,11.16,101.73,138.44,0.0002,0.0002,NOMINAL,9.09
48,60,110,121.52,10.09,104.92,138.12,0.0002,0.0002,NOMINAL,11.52
48,61,109,120.23,11.92,100.62,139.84,0.0002,0.0002,NOMINAL,11.23
48,62,108,118.9,11.97,99.22,138.59,0.0002,0.0002,NOMINAL,10.9
48,63,107,118.92,11.97,99.24,138.6,0.0002,0.0002,NOMINAL,11.92
48,64,106,119.05,11.97,99.37,138.74,0.0002,0.0002,NOMINAL,13.05
48,65,105,118.71,13.56,96.4,141.02,0.0002,0.0002,NOMINAL,13.71
48,66,104,118.69,13.56,96.38,141.0,0.0002,0.0002,NOMINAL,14.69
48,67,103,118.45,11.97,98.76,138.13,0.0002,0.0002,NOMINAL,15.45
48,68,102,118.51,12.2,98.44,138.57,0.0002,0.0002,NOMINAL,16.51
48,69,101,118.63,12.2,98.56,138.69,0.0002,0.0002,NOMINAL,17.63
48,70,100,120.81,12.2,100.74,140.87,0.0002,0.0002,NOMINAL,20.81
48,71,99,118.42,11.97,98.74,138.11,0.0002,0.0002,NOMINAL,19.42
48,72,98,119.18,12.2,99.11,139.24,0.0002,0.0002,NOMINAL,21.18
48,73,97,119.03,13.53,96.77,141.29,0.0002,0.0002,NOMINAL,22.03
48,74,96,118.39,13.56,96.08,140.7,0.0002,0.0002,NOMINAL,22.39
48,75,95,118.07,13.56,95.76,140.38,0.0002,0.0002,NOMINAL,23.07
48,76,94,118.11,13.56,95.81,140.42,0.0002,0.0002,NOMINAL,24.11
48,77,93,115.06,13.51,92.83,137.29,0.0002,0.0002,NOMINAL,22.06
48,78,92,105.6,11.73,86.3,124.9,0.0002,0.0002,NOMINAL,13.6
49,52,125,119.63,12.27,99.45,139.82,0.0002,0.0002,NOMINAL,-5.37
49,53,125,118.59,13.27,96.76,140.42,0.0002,0.0002,NOMINAL,-6.41
49,54,125,117.21,13.33,95.28,139.14,0.0002,0.0002,NOMINAL,-7.79
49,55,125,117.21,13.33,95.28,139.14,0.0002,0.0002,NOMINAL,-7.79
49,56,125,118.77,13.33,96.83,140.7,0.0002,0.0002,NOMINAL,-6.23
49,57,125,118.86,13.36,96.88,140.84,0.0002,0.0002,NOMINAL,-6.14
49,58,125,118.59,13.27,96.76,140.42,0.0002,0.0002,NOMINAL,-6.41
49,59,125,118.45,13.32,96.54,140.37,0.0002,0.0002,NOMINAL,-6.55
49,60,125,118.59,13.32,96.67,140.5,0.0002,0.0002,NOMINAL,-6.41
49,61,125,119.85,11.81,100.42,139.28,0.0002,0.0002,NOMINAL,-5.15
49,62,125,120.14,11.81,100.71,139.57,0.0002,0.0002,NOMINAL,-4.86
49,63,125,119.7,12.43,99.26,140.14,0.0002,0.0002,NOMINAL,-5.3
49,64,125,121.71,9.91,105.41,138.01,0.0002,0.0002,NOMINAL,-3.29
49,65,125,121.2,10.19,104.43,137.97,0.0002,0.0002,NOMINAL,-3.8
49,66,125,120.89,10.88,102.99,138.8,0.0002,0.0002,NOMINAL,-4.11
49,67,125,122.85,6.89,111.51,134.19,0.0002,0.0002,NOMINAL,-2.15
49,68,125,121.1,9.92,104.78,137.42,0.0002,0.0002,NOMINAL,-3.9
49,69,125,123.43,5.07,115.1,131.77,0.0002,0.0002,NOMINAL,-1.57
49,70,125,123.05,4.67,115.37,130.73,0.0002,0.0002,NOMINAL,-1.95
49,71,125,124.15,4.1,117.41,130.89,0.0002,0.0002,NOMINAL,-0.85
49,72,125,123.16,2.76,118.62,127.69,0.0002,0.0002,NOMINAL,-1.84
49,73,125,123.98,2.54,119.8,128.17,0.0002,0.0002,NOMINAL,-1.02
49,74,125,124.02,2.59,119.76,128.29,0.0002,0.0002,NOMINAL,-0.98
49,75,125,123.63,2.52,119.5,127.77,0.0002,0.0002,NOMINAL,-1.37
49,76,125,123.21,2.76,118.68,127.75,0.0002,0.0002,NOMINAL,-1.79
49,77,125,124.73,1.99,121.45,128.01,0.0002,0.0002,NOMINAL,-0.27
49,78,125,124.22,2.33,120.39,128.05,0.0002,0.0002,NOMINAL,-0.78
49,79,125,124.03,2.33,120.21,127.86,0.0002,0.0002,NOMINAL,-0.97
49,80,125,124.26,2.33,120.43,128.09,0.0002,0.0002,NOMINAL,-0.74
49,81,125,123.91,2.33,120.08,127.74,0.0002,0.0002,NOMINAL,-1.09
49,82,125,124.26,2.33,120.43,128.09,0.0002,0.0002,NOMINAL,-0.74
49,83,125,124.03,2.33,120.21,127.86,0.0002,0.0002,NOMINAL,-0.97
49,84,125,124.26,2.33,120.43,128.09,0.0002,0.0002,NOMINAL,-0.74
49,85,125,124.98,1.98,121.73,128.23,0.0002,0.0002,NOMINAL,-0.02
49,86,125,125.2,1.83,122.2,128.21,0.0002,0.0002,NOMINAL,0.2
49,87,125,123.91,2.52,119.77,128.06,0.0002,0.0002,NOMINAL,-1.09
49,88,125,124.22,2.52,120.07,128.36,0.0002,0.0002,NOMINAL,-0.78
49,89,125,124.22,2.52,120.07,128.36,0.0002,0.0002,NOMINAL,-0.78
49,90,125,124.81,1.9,121.68,127.94,0.0002,0.0002,NOMINAL,-0.19
49,91,125,124.81,1.9,121.68,127.94,0.0002,0.0002,NOMINAL,-0.19
49,92,125,124.81,1.9,121.68,127.94,0.0002,0.0002,NOMINAL,-0.19
49,93,125,124.81,1.9,121.68,127.94,0.0002,0.0002,NOMINAL,-0.19
49,94,125,124.81,1.8,121.86,127.76,0.0002,0.0002,NOMINAL,-0.19
49,95,125,124.81,1.77,121.9,127.72,0.0002,0.0002,NOMINAL,-0.19
49,96,125,124.81,1.8,121.86,127.76,0.0002,0.0002,NOMINAL,-0.19
49,97,125,124.81,1.8,121.86,127.76,0.0002,0.0002,NOMINAL,-0.19
49,98,125,124.81,1.9,121.68,127.94,0.0002,0.0002,NOMINAL,-0.19
49,99,125,124.58,1.9,121.46,127.71,0.0002,0.0002,NOMINAL,-0.42
49,100,125,124.81,1.9,121.68,127.94,0.0002,0.0002,NOMINAL,-0.19
49,101,125,124.81,1.9,121.68,127.94,0.0002,0.0002,NOMINAL,-0.19
49,102,125,124.73,1.98,121.48,127.98,0.0002,0.0002,NOMINAL,-0.27
49,103,125,124.56,2.16,121.01,128.11,0.0002,0.0002,NOMINAL,-0.44
49,104,125,124.73,1.98,121.48,127.98,0.0002,0.0002,NOMINAL,-0.27
49,105,125,124.6,2.16,121.05,128.15,0.0002,0.0002,NOMINAL,-0.4
49,106,125,124.73,1.98,121.48,127.98,0.0002,0.0002,NOMINAL,-0.27
49,107,125,124.73,1.98,121.48,127.98,0.0002,0.0002,NOMINAL,-0.27
49,108,125,124.73,1.98,121.48,127.98,0.0002,0.0002,NOMINAL,-0.27
49,109,125,124.56,2.1,121.11,128.01,0.0002,0.0002,NOMINAL,-0.44
49,110,125,124.73,1.98,121.48,127.98,0.0002,0.0002,NOMINAL,-0.27
49,111,125,124.6,2.1,121.15,128.05,0.0002,0.0002,NOMINAL,-0.4
49,112,125,123.62,3.1,118.52,128.71,0.0002,0.0002,NOMINAL,-1.38
49,113,125,122.52,5.85,112.9,132.14,0.0002,0.0002,NOMINAL,-2.48
49,114,125,124.0,4.3,116.93,131.07,0.0002,0.0002,NOMINAL,-1.0
49,115,125,124.08,3.83,117.79,130.38,0.0002,0.0002,NOMINAL,-0.92
49,116,125,124.0,3.68,117.95,130.05,0.0002,0.0002,NOMINAL,-1.0
49,117,125,124.0,3.9,117.59,130.41,0.0002,0.0002,NOMINAL,-1.0
49,118,125,124.0,3.96,117.49,130.51,0.0002,0.0002,NOMINAL,-1.0
49,119,125,123.35,7.09,111.7,135.01,0.0002,0.0002,NOMINAL,-1.65
49,120,125,123.56,4.26,116.55,130.56,0.0002,0.0002,NOMINAL,-1.44
49,121,125,123.66,6.84,112.41,134.91,0.0002,0.0002,NOMINAL,-1.34
49,122,125,123.12,7.47,110.83,135.41,0.0002,0.0002,NOMINAL,-1.88
49,123,125,123.44,7.8,110.61,136.28,0.0002,0.0002,NOMINAL,-1.56
49,124,125,123.66,7.09,112.01,135.32,0.0002,0.0002,NOMINAL,-1.34
49,125,125,123.12,7.47,110.83,135.41,0.0002,0.0002,NOMINAL,-1.88
49,126,125,123.66,5.99,113.82,133.51,0.0002,0.0002,NOMINAL,-1.34
49,127,125,123.96,4.26,116.96,130.96,0.0002,0.0002,NOMINAL,-1.04
49,128,125,124.6,3.66,118.58,130.62,0.0002,0.0002,NOMINAL,-0.4
49,129,125,123.54,7.09,111.89,135.2,0.0002,0.0002,NOMINAL,-1.46
49,130,125,123.84,4.26,116.84,130.85,0.0002,0.0002,NOMINAL,-1.16
49,131,125,124.31,3.97,117.77,130.84,0.0002,0.0002,NOMINAL,-0.69
49,132,125,124.88,3.66,118.86,130.91,0.0002,0.0002,NOMINAL,-0.12
49,133,125,124.57,3.92,118.11,131.02,0.0002,0.0002,NOMINAL,-0.43
49,134,125,123.86,4.24,116.89,130.83,0.0002,0.0002,NOMINAL,-1.14
49,135,125,124.31,3.95,117.8,130.81,0.0002,0.0002,NOMINAL,-0.69
49,136,125,124.82,3.54,119.0,130.65,0.0002,0.0002,NOMINAL,-0.18
49,137,125,124.8,2.09,121.35,128.24,0.0002,0.0002,NOMINAL,-0.2
49,138,125,124.8,2.09,121.35,128.24,0.0002,0.0002,NOMINAL,-0.2
49,139,125,123.92,4.26,116.92,130.93,0.0002,0.0002,NOMINAL,-1.08
49,140,125,123.84,4.14,117.04,130.65,0.0002,0.0002,NOMINAL,-1.16
49,141,125,124.01,4.09,117.27,130.74,0.0002,0.0002,NOMINAL,-0.99
49,142,125,123.92,4.14,117.12,130.73,0.0002,0.0002,NOMINAL,-1.08
49,143,125,124.01,4.09,117.27,130.74,0.0002,0.0002,NOMINAL,-0.99
49,144,125,124.01,4.09,117.27,130.74,0.0002,0.0002,NOMINAL,-0.99
49,145,125,123.08,7.09,111.43,134.74,0.0002,0.0002,NOMINAL,-1.92
49,146,125,123.69,6.29,113.34,134.04,0.0002,0.0002,NOMINAL,-1.31
49,147,125,123.75,6.23,113.5,133.99,0.0002,0.0002,NOMINAL,-1.25
49,148,125,123.75,4.44,116.44,131.05,0.0002,0.0002,NOMINAL,-1.25
49,149,125,124.1,6.28,113.77,134.44,0.0002,0.0002,NOMINAL,-0.9
49,150,125,121.98,8.08,108.69,135.27,0.0002,0.0002,NOMINAL,-3.02
49,151,125,122.01,8.44,108.14,135.89,0.0002,0.0002,NOMINAL,-2.99
49,152,125,121.69,8.44,107.82,135.57,0.0002,0.0002,NOMINAL,-3.31
49,153,125,122.87,7.8,110.04,135.7,0.0002,0.0002,NOMINAL,-2.13
49,154,125,123.33,6.29,112.98,133.68,0.0002,0.0002,NOMINAL,-1.67
49,155,125,124.68,3.94,118.2,131.17,0.0002,0.0002,NOMINAL,-0.32
49,156,125,124.64,5.28,115.96,133.32,0.0002,0.0002,NOMINAL,-0.36
49,157,125,124.06,6.46,113.44,134.68,0.0002,0.0002,NOMINAL,-0.94
49,158,125,123.88,7.09,112.22,135.53,0.0002,0.0002,NOMINAL,-1.12
49,159,125,123.92,3.81,117.65,130.2,0.0002,0.0002,NOMINAL,-1.08
49,160,125,124.21,4.14,117.4,131.01,0.0002,0.0002,NOMINAL,-0.79
49,161,125,123.88,4.49,116.5,131.26,0.0002,0.0002,NOMINAL,-1.12
49,162,125,125.03,3.52,119.24,130.83,0.0002,0.0002,NOMINAL,0.03
49,163,125,125.03,2.99,120.12,129.94,0.0002,0.0002,NOMINAL,0.03
49,164,125,124.78,1.9,121.66,127.9,0.0002,0.0002,NOMINAL,-0.22
49,165,125,123.96,2.41,120.0,127.92,0.0002,0.0002,NOMINAL,-1.04
49,166,125,124.02,2.28,120.28,127.77,0.0002,0.0002,NOMINAL,-0.98
49,167,125,123.44,4.96,115.27,131.61,0.0002,0.0002,NOMINAL,-1.56
49,168,125,123.77,4.51,116.34,131.19,0.0002,0.0002,NOMINAL,-1.23
49,169,125,123.13,4.9,115.08,131.19,0.0002,0.0002,NOMINAL,-1.87
49,170,125,122.83,7.08,111.19,134.47,0.0002,0.0002,NOMINAL,-2.17
49,171,125,124.01,3.98,117.46,130.56,0.0002,0.0002,NOMINAL,-0.99
49,172,125,123.71,4.42,116.44,130.99,0.0002,0.0002,NOMINAL,-1.29
49,173,125,123.18,6.99,111.68,134.67,0.0002,0.0002,NOMINAL,-1.82
49,174,125,124.01,3.98,117.46,130.56,0.0002,0.0002,NOMINAL,-0.99
49,175,125,122.25,7.46,109.97,134.53,0.0002,0.0002,NOMINAL,-2.75
49,176,125,120.0,10.54,102.67,137.33,0.0002,0.0002,NOMINAL,-5.0
49,177,125,120.6,7.59,108.12,133.08,0.0002,0.0002,NOMINAL,-4.4
49,178,125,123.22,6.63,112.32,134.12,0.0002,0.0002,NOMINAL,-1.78
49,179,125,123.68,3.72,117.56,129.79,0.0002,0.0002,NOMINAL,-1.32
49,180,125,125.03,3.0,120.09,129.97,0.0002,0.0002,NOMINAL,0.03
49,181,125,124.65,3.22,119.35,129.94,0.0002,0.0002,NOMINAL,-0.35
49,182,125,124.15,5.36,115.34,132.96,0.0002,0.0002,NOMINAL,-0.85
49,183,125,123.98,3.81,117.7,130.25,0.0002,0.0002,NOMINAL,-1.02
49,184,125,123.62,6.35,113.18,134.06,0.0002,0.0002,NOMINAL,-1.38
49,185,125,123.54,6.63,112.64,134.44,0.0002,0.0002,NOMINAL,-1.46
49,186,125,123.54,6.63,112.64,134.44,0.0002,0.0002,NOMINAL,-1.46
49,187,125,122.65,7.46,110.37,134.93,0.0002,0.0002,NOMINAL,-2.35
49,188,125,123.62,6.63,112.72,134.52,0.0002,0.0002,NOMINAL,-1.38
49,189,125,123.63,4.14,116.83,130.43,0.0002,0.0002,NOMINAL,-1.37
49,190,125,121.86,7.24,109.96,133.77,0.0002,0.0002,NOMINAL,-3.14
49,191,125,121.89,7.46,109.62,134.17,0.0002,0.0002,NOMINAL,-3.11
49,192,125,121.92,7.46,109.65,134.2,0.0002,0.0002,NOMINAL,-3.08
49,193,125,121.76,7.56,109.33,134.19,0.0002,0.0002,NOMINAL,-3.24
49,194,125,119.85,11.99,100.12,139.57,0.0002,0.0002,NOMINAL,-5.15
49,195,125,120.29,10.54,102.96,137.62,0.0002,0.0002,NOMINAL,-4.71
49,196,125,121.99,7.46,109.71,134.26,0.0002,0.0002,NOMINAL,-3.01
49,197,125,121.95,7.46,109.68,134.23,0.0002,0.0002,NOMINAL,-3.05
49,198,125,123.0,7.46,110.72,135.28,0.0002,0.0002,NOMINAL,-2.0
49,199,125,121.89,7.46,109.62,134.17,0.0002,0.0002,NOMINAL,-3.11
49,200,124,121.48,7.56,109.05,133.91,0.0002,0.0002,NOMINAL,-2.52
49,201,123,123.0,7.46,110.72,135.28,0.0002,0.0002,NOMINAL,-0.0
49,202,122,122.25,7.46,109.97,134.53,0.0002,0.0002,NOMINAL,0.25
49,203,121,120.99,7.59,108.51,133.47,0.0002,0.0002,NOMINAL,-0.01
49,204,120,120.39,10.74,102.72,138.06,0.0002,0.0002,NOMINAL,0.39
49,205,119,118.17,13.56,95.87,140.48,0.0002,0.0002,NOMINAL,-0.83
49,206,118,117.35,13.56,95.04,139.66,0.0002,0.0002,NOMINAL,-0.65
49,207,117,114.81,13.34,92.87,136.74,0.0002,0.0002,NOMINAL,-2.19
49,208,116,111.74,13.06,90.25,133.22,0.0002,0.0002,NOMINAL,-4.26
49,209,115,109.62,12.32,89.36,129.89,0.0002,0.0002,NOMINAL,-5.38
49,210,114,110.1,12.35,89.79,130.42,0.0002,0.0002,NOMINAL,-3.9
49,211,113,108.84,12.19,88.78,128.9,0.0002,0.0002,NOMINAL,-4.16
49,212,112,103.11,11.73,83.81,122.41,0.0002,0.0002,NOMINAL,-8.89
49,213,111,103.18,11.73,83.88,122.48,0.0002,0.0002,NOMINAL,-7.82
49,214,110,100.56,11.39,81.83,119.3,0.0002,0.0002,NOMINAL,-9.44
49,215,109,96.85,11.3,78.27,115.43,0.0002,0.0003,NOMINAL,-12.15
49,216,108,96.39,11.31,77.78,114.99,0.0002,0.0004,NOMINAL,-11.61
49,217,107,95.77,11.31,77.17,114.37,0.0002,0.0004,NOMINAL,-11.23
49,218,106,96.9,11.62,77.78,116.02,0.0002,0.0004,NOMINAL,-9.1
49,219,105,94.17,11.3,75.59,112.75,0.0002,0.0006,NOMINAL,-10.83
49,220,104,95.99,11.62,76.87,115.11,0.0002,0.0005,NOMINAL,-8.01
49,221,103,96.69,11.74,77.38,116.01,0.0002,0.0005,NOMINAL,-6.31
49,222,102,96.03,11.74,76.72,115.35,0.0002,0.0006,NOMINAL,-5.97
49,223,101,92.03,10.73,74.39,109.68,0.0002,0.0006,NOMINAL,-8.97
49,224,100,90.39,10.88,72.49,108.28,0.0002,0.001,NOMINAL,-9.61
49,225,99,91.47,10.88,73.57,109.36,0.0002,0.0008,NOMINAL,-7.53
49,226,98,91.45,11.18,73.06,109.84,0.0002,0.001,NOMINAL,-6.55
49,227,97,95.34,11.31,76.74,113.94,0.0002,0.0005,NOMINAL,-1.66
49,228,96,90.28,10.08,73.7,106.85,0.0002,0.0005,NOMINAL,-5.72
49,229,95,85.45,10.06,68.9,102.0,0.0002,0.0019,NOMINAL,-9.55
49,230,94,88.24,10.27,71.35,105.13,0.0002,0.001,NOMINAL,-5.76
49,231,93,86.43,10.24,69.6,103.27,0.0002,0.0017,NOMINAL,-6.57
49,232,92,90.7,10.27,73.81,107.59,0.0002,0.0005,NOMINAL,-1.3
49,233,91,91.45,10.56,74.08,108.81,0.0002,0.0006,NOMINAL,0.45
49,234,90,90.8,10.27,73.91,107.69,0.0002,0.0005,NOMINAL,0.8
49,235,89,93.27,10.75,75.6,110.95,0.0002,0.0004,NOMINAL,4.27
49,236,88,99.54,11.18,81.15,117.93,0.0002,0.0002,NOMINAL,11.54
49,237,87,98.0,11.18,79.61,116.38,0.0002,0.0003,NOMINAL,11.0
49,238,86,93.34,11.18,74.95,111.73,0.0002,0.0006,NOMINAL,7.34
49,239,85,98.83,11.62,79.72,117.95,0.0002,0.0003,NOMINAL,13.83
49,240,84,100.36,11.31,81.76,118.95,0.0002,0.0002,NOMINAL,16.36
49,241,83,94.35,11.29,75.78,112.91,0.0002,0.0005,NOMINAL,11.35
49,242,82,93.11,11.08,74.89,111.33,0.0002,0.0006,NOMINAL,11.11
49,243,81,92.22,11.52,73.28,111.16,0.0002,0.0012,NOMINAL,11.22
49,244,80,92.86,11.27,74.32,111.4,0.0002,0.0008,NOMINAL,12.86
49,245,79,92.54,10.88,74.64,110.43,0.0002,0.0006,NOMINAL,13.54
49,246,78,84.83,9.72,68.83,100.82,0.0002,0.0016,NOMINAL,6.83
49,247,77,83.12,9.6,67.32,98.91,0.0002,0.0024,NOMINAL,6.12
49,248,76,82.55,9.6,66.75,98.34,0.0002,0.003,NOMINAL,6.55
49,249,75,82.31,9.6,66.52,98.11,0.0002,0.0032,NOMINAL,7.31
49,250,74,78.06,9.0,63.26,92.86,0.0002,0.0049,NOMINAL,4.06
49,251,73,77.57,8.45,63.67,91.47,0.0002,0.0042,NOMINAL,4.57
49,252,72,78.15,8.45,64.25,92.05,0.0002,0.0036,NOMINAL,6.15
49,253,71,77.57,8.45,63.67,91.47,0.0002,0.0042,NOMINAL,6.57
49,254,70,76.72,8.45,62.82,90.62,0.0002,0.0047,NOMINAL,6.72
49,255,69,77.53,8.45,63.63,91.43,0.0002,0.0043,NOMINAL,8.53
49,256,68,76.53,8.45,62.63,90.43,0.0002,0.0048,NOMINAL,8.53
49,257,67,71.91,8.43,58.04,85.78,0.0002,0.0129,NOMINAL,4.91
49,258,66,75.77,8.44,61.88,89.65,0.0002,0.0054,NOMINAL,9.77
49,259,65,70.36,8.43,56.48,84.23,0.0002,0.0207,NOMINAL,5.36
49,260,64,68.01,8.24,54.46,81.57,0.0002,0.0312,NOMINAL,4.01
49,261,63,72.83,8.43,58.96,86.7,0.0002,0.0092,NOMINAL,9.83
49,262,62,73.75,8.43,59.88,87.62,0.0002,0.0077,NOMINAL,11.75
49,263,61,66.61,7.76,53.84,79.38,0.0002,0.0331,NOMINAL,5.61
49,264,60,69.71,8.43,55.84,83.58,0.0002,0.0248,NOMINAL,9.71
49,265,59,66.72,7.76,53.95,79.48,0.0002,0.0324,NOMINAL,7.72
49,266,58,64.56,6.78,53.41,75.72,0.0002,0.0326,NOMINAL,6.56
49,267,57,62.57,6.59,51.73,73.4,0.0002,0.0458,NOMINAL,5.57
49,268,56,61.73,6.59,50.89,72.56,0.0002,0.0536,NOMINAL,5.73
49,269,55,59.76,6.42,49.2,70.31,0.0002,0.0807,NOMINAL,4.76
49,270,54,57.58,5.95,47.81,67.36,0.0002,0.1132,NOMINAL,3.58
49,271,53,57.26,5.91,47.54,66.98,0.0002,0.1262,NOMINAL,4.26
49,272,52,57.5,6.19,47.33,67.67,0.0002,0.1292,NOMINAL,5.5
49,273,51,55.45,5.9,45.74,65.16,0.0002,0.2043,NOMINAL,4.45
49,274,50,54.19,5.9,44.48,63.9,0.0002,0.2717,NOMINAL,4.19
49,275,49,52.04,5.9,42.33,61.75,0.0002,0.4168,NOMINAL,3.04
49,276,48,51.62,5.9,41.91,61.33,0.0002,0.4418,NOMINAL,3.62
49,277,47,52.22,5.9,42.51,61.93,0.0002,0.4048,NOMINAL,5.22
49,278,46,52.22,5.9,42.51,61.93,0.0002,0.4048,NOMINAL,6.22
49,279,45,49.64,5.78,40.12,59.15,0.0002,0.5764,MONITOR,4.64
49,280,44,50.22,5.9,40.51,59.94,0.0002,0.5309,MONITOR,6.22
49,281,43,50.57,5.78,41.06,60.09,0.0002,0.5098,MONITOR,7.57
49,282,42,49.88,5.9,40.16,59.59,0.0002,0.5567,MONITOR,7.88
49,283,41,49.15,5.9,39.44,58.86,0.0002,0.6098,MONITOR,8.15
49,284,40,49.22,5.9,39.51,58.93,0.0002,0.6042,MONITOR,9.22
49,285,39,50.36,5.9,40.65,60.08,0.0002,0.5242,MONITOR,11.36
49,286,38,50.18,5.9,40.47,59.89,0.0002,0.5362,MONITOR,12.18
49,287,37,48.12,5.08,39.76,56.48,0.0002,0.7039,MONITOR,11.12
49,288,36,45.06,5.19,36.53,53.6,0.0002,0.8544,WARNING,9.06
49,289,35,44.85,4.89,36.81,52.89,0.0002,0.873,WARNING,9.85
49,290,34,42.71,4.88,34.69,50.74,0.0002,0.9282,WARNING,8.71
49,291,33,41.31,4.89,33.26,49.35,0.0003,0.9523,WARNING,8.31
49,292,32,39.83,4.58,32.3,47.37,0.0003,0.9714,WARNING,7.83
49,293,31,39.16,4.58,31.62,46.7,0.0003,0.9765,WARNING,8.16
49,294,30,36.3,4.5,28.9,43.71,0.0014,0.9962,WARNING,6.3
49,295,29,36.37,4.36,29.2,43.54,0.0009,0.9973,WARNING,7.37
49,296,28,33.4,4.33,26.29,40.52,0.005,0.9997,WARNING,5.4
49,297,27,33.21,4.33,26.1,40.33,0.0053,0.9998,WARNING,6.21
49,298,26,31.26,4.52,23.83,38.7,0.0173,0.9998,WARNING,5.26
49,299,25,30.68,4.52,23.24,38.11,0.0222,0.9998,WARNING,5.68
49,300,24,27.64,4.1,20.89,34.39,0.0484,0.9998,WARNING,3.64
49,301,23,24.99,3.65,18.98,31.0,0.0999,0.9998,WARNING,1.99
49,302,22,24.9,3.78,18.68,31.12,0.1094,0.9998,WARNING,2.9
49,303,21,23.52,3.74,17.37,29.66,0.1983,0.9998,WARNING,2.52
50,52,101,118.94,13.56,96.63,141.25,0.0002,0.0002,NOMINAL,17.94
50,53,100,117.62,13.64,95.17,140.06,0.0002,0.0002,NOMINAL,17.62
50,54,99,117.13,13.64,94.69,139.57,0.0002,0.0002,NOMINAL,18.13
50,55,98,117.0,13.58,94.67,139.33,0.0002,0.0002,NOMINAL,19.0
50,56,97,117.71,13.64,95.26,140.15,0.0002,0.0002,NOMINAL,20.71
50,57,96,117.13,13.64,94.69,139.57,0.0002,0.0002,NOMINAL,21.13
50,58,95,104.13,11.78,84.75,123.5,0.0002,0.0002,NOMINAL,9.13
50,59,94,91.54,11.66,72.36,110.72,0.0002,0.0017,NOMINAL,-2.46
50,60,93,94.26,11.53,75.3,113.22,0.0002,0.0007,NOMINAL,1.26
50,61,92,86.57,11.03,68.42,104.72,0.0002,0.0038,NOMINAL,-5.43
50,62,91,86.32,11.03,68.17,104.47,0.0002,0.0041,NOMINAL,-4.68
50,63,90,84.5,10.26,67.63,101.37,0.0002,0.0032,NOMINAL,-5.5
50,64,89,81.77,10.48,64.54,99.0,0.0002,0.0055,NOMINAL,-7.23
50,65,88,80.85,10.44,63.69,98.02,0.0002,0.0063,NOMINAL,-7.15
50,66,87,81.32,10.11,64.69,97.96,0.0002,0.005,NOMINAL,-5.68
50,67,86,84.5,10.61,67.04,101.95,0.0002,0.0043,NOMINAL,-1.5
50,68,85,79.35,9.71,63.39,95.32,0.0002,0.0056,NOMINAL,-5.65
50,69,84,79.32,9.71,63.36,95.29,0.0002,0.0056,NOMINAL,-4.68
50,70,83,77.74,8.93,63.04,92.43,0.0002,0.005,NOMINAL,-5.26
50,71,82,76.47,8.88,61.86,91.08,0.0002,0.0061,NOMINAL,-5.53
50,72,81,73.0,8.9,58.35,87.64,0.0002,0.0139,NOMINAL,-8.0
50,73,80,70.07,8.9,55.42,84.72,0.0002,0.0275,NOMINAL,-9.93
50,74,79,68.15,8.9,53.51,82.8,0.0002,0.0397,NOMINAL,-10.85
51,52,125,120.31,13.56,98.0,142.62,0.0002,0.0002,NOMINAL,-4.69
51,53,125,119.95,13.53,97.69,142.22,0.0002,0.0002,NOMINAL,-5.05
51,54,125,119.76,13.56,97.46,142.07,0.0002,0.0002,NOMINAL,-5.24
51,55,125,119.95,13.56,97.64,142.25,0.0002,0.0002,NOMINAL,-5.05
51,56,125,119.22,13.56,96.91,141.53,0.0002,0.0002,NOMINAL,-5.78
51,57,125,119.1,13.64,96.67,141.53,0.0002,0.0002,NOMINAL,-5.9
51,58,125,119.5,13.56,97.19,141.81,0.0002,0.0002,NOMINAL,-5.5
51,59,125,120.93,13.28,99.09,142.77,0.0002,0.0002,NOMINAL,-4.07
51,60,125,120.34,13.28,98.5,142.18,0.0002,0.0002,NOMINAL,-4.66
51,61,125,121.75,11.1,103.49,140.01,0.0002,0.0002,NOMINAL,-3.25
51,62,125,122.15,10.24,105.32,138.99,0.0002,0.0002,NOMINAL,-2.85
51,63,125,121.28,11.14,102.95,139.6,0.0002,0.0002,NOMINAL,-3.72
51,64,125,121.64,10.97,103.61,139.68,0.0002,0.0002,NOMINAL,-3.36
51,65,125,123.94,6.14,113.83,134.04,0.0002,0.0002,NOMINAL,-1.06
51,66,125,122.37,8.48,108.43,136.31,0.0002,0.0002,NOMINAL,-2.63
51,67,125,123.7,6.08,113.7,133.7,0.0002,0.0002,NOMINAL,-1.3
51,68,125,124.41,4.87,116.4,132.42,0.0002,0.0002,NOMINAL,-0.59
51,69,125,124.84,4.66,117.16,132.51,0.0002,0.0002,NOMINAL,-0.16
51,70,125,124.72,4.66,117.05,132.4,0.0002,0.0002,NOMINAL,-0.28
51,71,125,124.76,2.54,120.59,128.94,0.0002,0.0002,NOMINAL,-0.24
51,72,125,124.76,2.54,120.59,128.94,0.0002,0.0002,NOMINAL,-0.24
51,73,125,124.23,2.74,119.71,128.74,0.0002,0.0002,NOMINAL,-0.77
51,74,125,123.17,3.25,117.82,128.51,0.0002,0.0002,NOMINAL,-1.83
51,75,125,123.03,3.01,118.08,127.98,0.0002,0.0002,NOMINAL,-1.97
51,76,125,124.23,2.77,119.66,128.79,0.0002,0.0002,NOMINAL,-0.77
51,77,125,124.23,2.54,120.05,128.4,0.0002,0.0002,NOMINAL,-0.77
51,78,125,124.23,2.74,119.71,128.74,0.0002,0.0002,NOMINAL,-0.77
51,79,125,123.04,3.25,117.69,128.39,0.0002,0.0002,NOMINAL,-1.96
51,80,125,123.81,4.74,116.01,131.61,0.0002,0.0002,NOMINAL,-1.19
51,81,125,122.55,6.05,112.6,132.51,0.0002,0.0002,NOMINAL,-2.45
51,82,125,123.08,5.92,113.34,132.82,0.0002,0.0002,NOMINAL,-1.92
51,83,125,123.01,6.8,111.82,134.19,0.0002,0.0002,NOMINAL,-1.99
51,84,125,123.05,6.18,112.88,133.22,0.0002,0.0002,NOMINAL,-1.95
51,85,125,123.43,5.3,114.71,132.14,0.0002,0.0002,NOMINAL,-1.57
51,86,125,123.49,8.13,110.12,136.85,0.0002,0.0002,NOMINAL,-1.51
51,87,125,123.43,5.3,114.71,132.14,0.0002,0.0002,NOMINAL,-1.57
51,88,125,123.11,7.01,111.58,134.64,0.0002,0.0002,NOMINAL,-1.89
51,89,125,121.71,11.1,103.45,139.96,0.0002,0.0002,NOMINAL,-3.29
51,90,125,121.4,11.59,102.34,140.47,0.0002,0.0002,NOMINAL,-3.6
51,91,125,122.96,9.2,107.82,138.1,0.0002,0.0002,NOMINAL,-2.04
51,92,125,122.25,10.29,105.32,139.18,0.0002,0.0002,NOMINAL,-2.75
51,93,125,121.37,11.59,102.31,140.44,0.0002,0.0002,NOMINAL,-3.63
51,94,125,121.11,10.37,104.06,138.16,0.0002,0.0002,NOMINAL,-3.89
51,95,125,121.09,11.73,101.79,140.4,0.0002,0.0002,NOMINAL,-3.91
51,96,125,118.96,12.2,98.9,139.03,0.0002,0.0002,NOMINAL,-6.04
51,97,125,118.1,11.97,98.41,137.78,0.0002,0.0002,NOMINAL,-6.9
51,98,125,119.25,11.97,99.57,138.93,0.0002,0.0002,NOMINAL,-5.75
51,99,125,118.5,13.56,96.19,140.81,0.0002,0.0002,NOMINAL,-6.5
51,100,125,118.61,13.56,96.31,140.92,0.0002,0.0002,NOMINAL,-6.39
51,101,125,120.68,11.78,101.3,140.06,0.0002,0.0002,NOMINAL,-4.32
51,102,125,119.54,11.97,99.86,139.23,0.0002,0.0002,NOMINAL,-5.46
51,103,125,121.58,11.73,102.28,140.88,0.0002,0.0002,NOMINAL,-3.42
51,104,125,118.48,12.2,98.41,138.54,0.0002,0.0002,NOMINAL,-6.52
51,105,125,118.11,13.56,95.81,140.42,0.0002,0.0002,NOMINAL,-6.89
51,106,125,116.76,13.46,94.62,138.91,0.0002,0.0002,NOMINAL,-8.24
51,107,125,118.11,13.56,95.81,140.42,0.0002,0.0002,NOMINAL,-6.89
51,108,125,120.08,11.78,100.7,139.46,0.0002,0.0002,NOMINAL,-4.92
51,109,125,121.81,10.37,104.76,138.86,0.0002,0.0002,NOMINAL,-3.19
51,110,125,122.2,10.68,104.63,139.78,0.0002,0.0002,NOMINAL,-2.8
51,111,125,122.43,8.6,108.28,136.58,0.0002,0.0002,NOMINAL,-2.57
51,112,125,122.74,8.19,109.27,136.22,0.0002,0.0002,NOMINAL,-2.26
51,113,125,123.38,5.79,113.86,132.9,0.0002,0.0002,NOMINAL,-1.62
51,114,125,122.89,6.47,112.24,133.53,0.0002,0.0002,NOMINAL,-2.11
51,115,125,122.57,5.93,112.82,132.32,0.0002,0.0002,NOMINAL,-2.43
51,116,125,124.07,4.67,116.4,131.75,0.0002,0.0002,NOMINAL,-0.93
51,117,125,125.17,2.78,120.59,129.74,0.0002,0.0002,NOMINAL,0.17
51,118,125,124.99,4.15,118.16,131.81,0.0002,0.0002,NOMINAL,-0.01
51,119,125,124.11,2.63,119.78,128.44,0.0002,0.0002,NOMINAL,-0.89
51,120,125,123.88,2.69,119.45,128.31,0.0002,0.0002,NOMINAL,-1.12
51,121,125,123.9,5.58,114.72,133.07,0.0002,0.0002,NOMINAL,-1.1
51,122,125,123.14,6.05,113.19,133.1,0.0002,0.0002,NOMINAL,-1.86
51,123,125,121.31,5.38,112.46,130.16,0.0002,0.0002,NOMINAL,-3.69
51,124,125,123.18,6.05,113.23,133.14,0.0002,0.0002,NOMINAL,-1.82
51,125,125,121.26,7.98,108.14,134.39,0.0002,0.0002,NOMINAL,-3.74
51,126,125,123.15,5.53,114.05,132.24,0.0002,0.0002,NOMINAL,-1.85
51,127,125,122.6,5.53,113.5,131.7,0.0002,0.0002,NOMINAL,-2.4
51,128,125,123.79,5.78,114.28,133.29,0.0002,0.0002,NOMINAL,-1.21
51,129,125,123.03,6.55,112.27,133.8,0.0002,0.0002,NOMINAL,-1.97
51,130,125,119.94,10.53,102.62,137.26,0.0002,0.0002,NOMINAL,-5.06
51,131,125,120.68,9.83,104.51,136.85,0.0002,0.0002,NOMINAL,-4.32
51,132,125,119.33,11.97,99.65,139.02,0.0002,0.0002,NOMINAL,-5.67
51,133,125,119.05,11.97,99.37,138.74,0.0002,0.0002,NOMINAL,-5.95
51,134,124,119.07,11.97,99.39,138.76,0.0002,0.0002,NOMINAL,-4.93
51,135,123,117.78,13.56,95.48,140.09,0.0002,0.0002,NOMINAL,-5.22
51,136,122,117.78,13.56,95.48,140.09,0.0002,0.0002,NOMINAL,-4.22
51,137,121,117.35,13.62,94.94,139.75,0.0002,0.0002,NOMINAL,-3.65
51,138,120,117.21,13.56,94.9,139.52,0.0002,0.0002,NOMINAL,-2.79
51,139,119,117.78,13.56,95.48,140.09,0.0002,0.0002,NOMINAL,-1.22
51,140,118,117.78,13.56,95.48,140.09,0.0002,0.0002,NOMINAL,-0.22
51,141,117,112.26,13.08,90.75,133.77,0.0002,0.0002,NOMINAL,-4.74
51,142,116,109.82,12.57,89.15,130.5,0.0002,0.0002,NOMINAL,-6.18
51,143,115,105.67,11.73,86.37,124.97,0.0002,0.0002,NOMINAL,-9.33
51,144,114,102.83,11.72,83.55,122.1,0.0002,0.0002,NOMINAL,-11.17
52,52,125,118.82,3.92,112.38,125.26,0.0002,0.0002,NOMINAL,-6.18
52,53,125,118.59,3.92,112.15,125.03,0.0002,0.0002,NOMINAL,-6.41
52,54,125,119.83,3.92,113.38,126.27,0.0002,0.0002,NOMINAL,-5.17
52,55,125,119.83,3.92,113.38,126.27,0.0002,0.0002,NOMINAL,-5.17
52,56,125,119.62,3.92,113.18,126.06,0.0002,0.0002,NOMINAL,-5.38
52,57,125,121.06,3.93,114.59,127.53,0.0002,0.0002,NOMINAL,-3.94
52,58,125,121.18,3.93,114.71,127.65,0.0002,0.0002,NOMINAL,-3.82
52,59,125,122.33,3.93,115.86,128.8,0.0002,0.0002,NOMINAL,-2.67
52,60,125,121.75,3.93,115.28,128.22,0.0002,0.0002,NOMINAL,-3.25
52,61,125,122.1,3.93,115.63,128.57,0.0002,0.0002,NOMINAL,-2.9
52,62,125,121.87,3.93,115.4,128.34,0.0002,0.0002,NOMINAL,-3.13
52,63,125,122.19,3.93,115.73,128.65,0.0002,0.0002,NOMINAL,-2.81
52,64,125,121.97,3.93,115.51,128.43,0.0002,0.0002,NOMINAL,-3.03
52,65,125,121.8,3.93,115.34,128.26,0.0002,0.0002,NOMINAL,-3.2
52,66,125,122.02,3.93,115.55,128.48,0.0002,0.0002,NOMINAL,-2.98
52,67,125,122.12,3.91,115.69,128.56,0.0002,0.0002,NOMINAL,-2.88
52,68,125,122.08,3.92,115.63,128.53,0.0002,0.0002,NOMINAL,-2.92
52,69,125,122.33,3.9,115.92,128.74,0.0002,0.0002,NOMINAL,-2.67
52,70,125,123.02,3.53,117.22,128.83,0.0002,0.0002,NOMINAL,-1.98
52,71,125,123.47,3.51,117.69,129.25,0.0002,0.0002,NOMINAL,-1.53
52,72,125,123.72,2.66,119.34,128.1,0.0002,0.0002,NOMINAL,-1.28
52,73,125,124.07,2.65,119.72,128.42,0.0002,0.0002,NOMINAL,-0.93
52,74,125,123.72,2.48,119.65,127.79,0.0002,0.0002,NOMINAL,-1.28
52,75,125,123.24,3.55,117.4,129.09,0.0002,0.0002,NOMINAL,-1.76
52,76,125,123.24,3.55,117.4,129.09,0.0002,0.0002,NOMINAL,-1.76
52,77,125,124.53,2.1,121.08,127.99,0.0002,0.0002,NOMINAL,-0.47
52,78,125,124.45,2.51,120.31,128.58,0.0002,0.0002,NOMINAL,-0.55
52,79,125,123.59,2.51,119.46,127.73,0.0002,0.0002,NOMINAL,-1.41
52,80,125,123.89,2.48,119.81,127.98,0.0002,0.0002,NOMINAL,-1.11
52,81,125,123.57,2.66,119.2,127.94,0.0002,0.0002,NOMINAL,-1.43
52,82,125,124.03,2.14,120.5,127.55,0.0002,0.0002,NOMINAL,-0.97
52,83,125,124.41,1.94,121.22,127.59,0.0002,0.0002,NOMINAL,-0.59
52,84,125,124.41,1.92,121.24,127.57,0.0002,0.0002,NOMINAL,-0.59
52,85,125,123.94,2.06,120.56,127.32,0.0002,0.0002,NOMINAL,-1.06
52,86,125,123.94,2.05,120.57,127.31,0.0002,0.0002,NOMINAL,-1.06
52,87,125,124.19,2.05,120.82,127.56,0.0002,0.0002,NOMINAL,-0.81
52,88,125,124.1,2.08,120.68,127.52,0.0002,0.0002,NOMINAL,-0.9
52,89,125,124.16,2.08,120.75,127.58,0.0002,0.0002,NOMINAL,-0.84
52,90,125,124.81,2.03,121.46,128.15,0.0002,0.0002,NOMINAL,-0.19
52,91,125,124.5,2.04,121.15,127.86,0.0002,0.0002,NOMINAL,-0.5
52,92,125,124.81,1.97,121.56,128.05,0.0002,0.0002,NOMINAL,-0.19
52,93,125,124.34,2.22,120.69,127.99,0.0002,0.0002,NOMINAL,-0.66
52,94,124,124.34,2.38,120.42,128.26,0.0002,0.0002,NOMINAL,0.34
52,95,123,124.81,2.0,121.52,128.1,0.0002,0.0002,NOMINAL,1.81
52,96,122,123.86,2.78,119.28,128.44,0.0002,0.0002,NOMINAL,1.86
52,97,121,124.08,4.36,116.91,131.26,0.0002,0.0002,NOMINAL,3.08
52,98,120,124.08,3.59,118.17,130.0,0.0002,0.0002,NOMINAL,4.08
52,99,119,123.7,4.48,116.33,131.06,0.0002,0.0002,NOMINAL,4.7
52,100,118,124.0,4.13,117.21,130.79,0.0002,0.0002,NOMINAL,6.0
52,101,117,123.7,4.59,116.15,131.24,0.0002,0.0002,NOMINAL,6.7
52,102,116,124.0,4.42,116.72,131.28,0.0002,0.0002,NOMINAL,8.0
52,103,115,123.7,4.52,116.25,131.14,0.0002,0.0002,NOMINAL,8.7
52,104,114,124.73,2.06,121.34,128.12,0.0002,0.0002,NOMINAL,10.73
52,105,113,124.73,2.06,121.34,128.12,0.0002,0.0002,NOMINAL,11.73
52,106,112,123.31,4.8,115.41,131.22,0.0002,0.0002,NOMINAL,11.31
52,107,111,123.16,7.67,110.55,135.78,0.0002,0.0002,NOMINAL,12.16
52,108,110,119.33,13.03,97.9,140.76,0.0002,0.0002,NOMINAL,9.33
52,109,109,120.11,10.31,103.15,137.07,0.0002,0.0002,NOMINAL,11.11
52,110,108,117.82,13.32,95.9,139.74,0.0002,0.0002,NOMINAL,9.82
52,111,107,118.86,13.36,96.88,140.84,0.0002,0.0002,NOMINAL,11.86
52,112,106,118.93,13.57,96.6,141.25,0.0002,0.0002,NOMINAL,12.93
52,113,105,117.82,13.32,95.9,139.74,0.0002,0.0002,NOMINAL,12.82
52,114,104,118.27,13.32,96.35,140.18,0.0002,0.0002,NOMINAL,14.27
52,115,103,117.82,13.32,95.9,139.74,0.0002,0.0002,NOMINAL,14.82
52,116,102,118.86,13.36,96.88,140.84,0.0002,0.0002,NOMINAL,16.86
52,117,101,116.89,13.57,94.57,139.22,0.0002,0.0002,NOMINAL,15.89
52,118,100,117.72,13.57,95.4,140.04,0.0002,0.0002,NOMINAL,17.72
52,119,99,116.04,13.57,93.71,138.36,0.0002,0.0002,NOMINAL,17.04
52,120,98,115.77,13.57,93.44,138.09,0.0002,0.0002,NOMINAL,17.77
52,121,97,110.02,13.01,88.63,131.41,0.0002,0.0002,NOMINAL,13.02
52,122,96,108.63,12.79,87.59,129.68,0.0002,0.0002,NOMINAL,12.63
52,123,95,109.61,12.97,88.27,130.95,0.0002,0.0002,NOMINAL,14.61
52,124,94,114.57,13.58,92.24,136.9,0.0002,0.0002,NOMINAL,20.57
52,125,93,117.12,13.57,94.8,139.44,0.0002,0.0002,NOMINAL,24.12
52,126,92,118.97,13.57,96.65,141.3,0.0002,0.0002,NOMINAL,26.97
52,127,91,119.71,13.57,97.38,142.03,0.0002,0.0002,NOMINAL,28.71
52,128,90,118.81,13.36,96.84,140.79,0.0002,0.0002,NOMINAL,28.81
52,129,89,117.6,13.57,95.28,139.93,0.0002,0.0002,NOMINAL,28.6
52,130,88,117.07,13.64,94.63,139.51,0.0002,0.0002,NOMINAL,29.07
52,131,87,117.56,13.57,95.23,139.88,0.0002,0.0002,NOMINAL,30.56
52,132,86,117.13,13.64,94.69,139.57,0.0002,0.0002,NOMINAL,31.13
52,133,85,115.46,13.58,93.13,137.78,0.0002,0.0002,NOMINAL,30.46
52,134,84,111.15,13.01,89.76,132.54,0.0002,0.0002,NOMINAL,27.15
52,135,83,99.16,11.66,79.98,118.34,0.0002,0.0003,NOMINAL,16.16
52,136,82,102.68,11.66,83.5,121.86,0.0002,0.0002,NOMINAL,20.68
52,137,81,89.43,11.66,70.25,108.61,0.0002,0.0031,NOMINAL,8.43
52,138,80,89.55,11.32,70.93,108.17,0.0002,0.0021,NOMINAL,9.55
52,139,79,84.59,11.24,66.1,103.08,0.0002,0.0051,NOMINAL,5.59
52,140,78,83.7,10.69,66.13,101.28,0.0002,0.0047,NOMINAL,5.7
52,141,77,82.92,10.55,65.57,100.26,0.0002,0.0049,NOMINAL,5.92
52,142,76,83.52,10.35,66.5,100.55,0.0002,0.0043,NOMINAL,7.52
52,143,75,81.4,10.35,64.37,98.43,0.0002,0.0055,NOMINAL,6.4
52,144,74,81.69,10.35,64.66,98.72,0.0002,0.0053,NOMINAL,7.69
52,145,73,80.21,10.33,63.22,97.2,0.0002,0.0065,NOMINAL,7.21
52,146,72,77.76,9.71,61.8,93.72,0.0002,0.007,NOMINAL,5.76
52,147,71,74.34,9.47,58.77,89.91,0.0002,0.0146,NOMINAL,3.34
52,148,70,72.94,9.12,57.94,87.93,0.0002,0.0166,NOMINAL,2.94
52,149,69,72.94,9.07,58.02,87.85,0.0002,0.016,NOMINAL,3.94
52,150,68,71.59,9.34,56.23,86.95,0.0002,0.0263,NOMINAL,3.59
52,151,67,70.62,9.39,55.17,86.07,0.0002,0.0298,NOMINAL,3.62
52,152,66,68.02,9.06,53.12,82.92,0.0002,0.0427,NOMINAL,2.02
52,153,65,63.76,8.1,50.44,77.09,0.0002,0.0609,NOMINAL,-1.24
52,154,64,61.84,7.56,49.41,74.27,0.0002,0.0754,NOMINAL,-2.16
52,155,63,59.56,7.16,47.78,71.34,0.0002,0.1051,NOMINAL,-3.44
52,156,62,59.29,7.16,47.5,71.07,0.0002,0.1094,NOMINAL,-2.71
52,157,61,56.13,7.01,44.61,67.65,0.0002,0.2215,NOMINAL,-4.87
52,158,60,55.48,7.01,43.96,67.0,0.0002,0.2485,NOMINAL,-4.52
52,159,59,52.83,6.97,41.37,64.3,0.0002,0.3906,NOMINAL,-6.17
52,160,58,52.3,6.83,41.07,63.52,0.0002,0.4199,NOMINAL,-5.7
52,161,57,53.45,6.54,42.68,64.21,0.0002,0.3439,NOMINAL,-3.55
52,162,56,50.33,6.54,39.57,61.09,0.0002,0.5269,MONITOR,-5.67
52,163,55,49.39,6.41,38.84,59.93,0.0002,0.5867,MONITOR,-5.61
52,164,54,48.87,5.58,39.69,58.06,0.0002,0.6367,MONITOR,-5.13
52,165,53,47.32,5.67,37.99,56.64,0.0002,0.7417,MONITOR,-5.68
52,166,52,49.29,5.66,39.99,58.59,0.0002,0.6029,MONITOR,-2.71
52,167,51,47.73,5.66,38.42,57.04,0.0002,0.7176,MONITOR,-3.27
52,168,50,43.17,5.14,34.71,51.63,0.0002,0.9106,WARNING,-6.83
52,169,49,40.4,4.66,32.73,48.06,0.0003,0.9669,WARNING,-8.6
52,170,48,39.74,4.04,33.09,46.4,0.0002,0.9829,WARNING,-8.26
52,171,47,38.53,3.99,31.96,45.1,0.0002,0.9934,WARNING,-8.47
52,172,46,38.16,3.99,31.6,44.72,0.0002,0.9953,WARNING,-7.84
52,173,45,37.29,3.43,31.65,42.94,0.0002,0.9997,WARNING,-7.71
52,174,44,35.4,3.06,30.37,40.44,0.0002,0.9998,WARNING,-8.6
52,175,43,34.38,3.14,29.22,39.54,0.0002,0.9998,WARNING,-8.62
52,176,42,35.8,3.14,30.64,40.96,0.0002,0.9998,WARNING,-6.2
52,177,41,37.62,3.69,31.54,43.69,0.0002,0.9995,WARNING,-3.38
52,178,40,37.1,3.45,31.42,42.77,0.0002,0.9997,WARNING,-2.9
52,179,39,35.36,3.14,30.2,40.52,0.0002,0.9998,WARNING,-3.64
52,180,38,34.58,3.26,29.22,39.93,0.0002,0.9998,WARNING,-3.42
52,181,37,32.68,2.81,28.05,37.3,0.0002,0.9998,WARNING,-4.32
52,182,36,32.1,3.02,27.13,37.08,0.0005,0.9998,WARNING,-3.9
52,183,35,32.71,2.93,27.9,37.53,0.0003,0.9998,WARNING,-2.29
52,184,34,31.43,2.97,26.54,36.32,0.0007,0.9998,WARNING,-2.57
52,185,33,30.39,3.01,25.43,35.34,0.0024,0.9998,WARNING,-2.61
52,186,32,31.2,2.94,26.36,36.03,0.0008,0.9998,WARNING,-0.8
52,187,31,29.03,2.71,24.56,33.49,0.0037,0.9998,WARNING,-1.97
52,188,30,29.58,3.03,24.59,34.57,0.0047,0.9998,WARNING,-0.42
52,189,29,26.5,2.49,22.41,30.59,0.0118,0.9998,WARNING,-2.5
53,52,125,123.29,3.23,117.98,128.6,0.0002,0.0002,NOMINAL,-1.71
53,53,125,123.18,5.56,114.04,132.32,0.0002,0.0002,NOMINAL,-1.82
53,54,125,122.38,7.42,110.18,134.58,0.0002,0.0002,NOMINAL,-2.62
53,55,125,120.72,11.36,102.04,139.4,0.0002,0.0002,NOMINAL,-4.28
53,56,125,120.41,12.09,100.53,140.29,0.0002,0.0002,NOMINAL,-4.59
53,57,125,120.9,11.71,101.63,140.16,0.0002,0.0002,NOMINAL,-4.1
53,58,125,120.48,11.86,100.98,139.99,0.0002,0.0002,NOMINAL,-4.52
53,59,125,120.48,11.86,100.98,139.99,0.0002,0.0002,NOMINAL,-4.52
53,60,125,119.3,13.53,97.04,141.56,0.0002,0.0002,NOMINAL,-5.7
53,61,125,118.18,13.56,95.87,140.49,0.0002,0.0002,NOMINAL,-6.82
53,62,125,117.88,13.57,95.55,140.2,0.0002,0.0002,NOMINAL,-7.12
53,63,125,115.15,13.58,92.82,137.48,0.0002,0.0002,NOMINAL,-9.85
53,64,125,117.07,13.64,94.63,139.51,0.0002,0.0002,NOMINAL,-7.93
53,65,125,113.46,13.35,91.5,135.42,0.0002,0.0002,NOMINAL,-11.54
53,66,124,104.56,11.66,85.38,123.74,0.0002,0.0002,NOMINAL,-19.44
53,67,123,96.57,11.66,77.39,115.75,0.0002,0.0005,NOMINAL,-26.43
53,68,122,97.89,11.79,78.49,117.29,0.0002,0.0004,NOMINAL,-24.11
53,69,121,93.15,11.24,74.66,111.64,0.0002,0.0007,NOMINAL,-27.85
53,70,120,90.17,11.24,71.68,108.66,0.0002,0.0016,NOMINAL,-29.83
53,71,119,90.35,10.97,72.3,108.39,0.0002,0.0011,NOMINAL,-28.65
53,72,118,87.93,10.81,70.15,105.72,0.0002,0.002,NOMINAL,-30.07
53,73,117,85.2,10.61,67.74,102.66,0.0002,0.0038,NOMINAL,-31.8
53,74,116,86.27,10.61,68.81,103.73,0.0002,0.0027,NOMINAL,-29.73
53,75,115,86.15,10.61,68.69,103.61,0.0002,0.0028,NOMINAL,-28.85
53,76,114,85.18,10.35,68.16,102.2,0.0002,0.0029,NOMINAL,-28.82
53,77,113,81.54,9.92,65.21,97.86,0.0002,0.0046,NOMINAL,-31.46
53,78,112,84.93,10.35,67.91,101.95,0.0002,0.0031,NOMINAL,-27.07
53,79,111,84.61,9.92,68.28,100.93,0.0002,0.0021,NOMINAL,-26.39
53,80,110,84.07,9.91,67.77,100.37,0.0002,0.0025,NOMINAL,-25.93
53,81,109,84.5,10.08,67.92,101.08,0.0002,0.0027,NOMINAL,-24.5
53,82,108,86.97,9.92,70.65,103.3,0.0002,0.001,NOMINAL,-21.03
53,83,107,90.06,10.11,73.43,106.69,0.0002,0.0005,NOMINAL,-16.94
53,84,106,91.98,10.86,74.12,109.84,0.0002,0.0006,NOMINAL,-14.02
53,85,105,94.71,11.16,76.35,113.06,0.0002,0.0005,NOMINAL,-10.29
53,86,104,90.82,10.85,72.98,108.67,0.0002,0.0009,NOMINAL,-13.18
53,87,103,94.78,11.18,76.39,113.17,0.0002,0.0005,NOMINAL,-8.22
53,88,102,96.52,11.18,78.13,114.91,0.0002,0.0003,NOMINAL,-5.48
53,89,101,97.46,11.18,79.07,115.85,0.0002,0.0003,NOMINAL,-3.54
53,90,100,92.48,11.11,74.19,110.76,0.0002,0.0007,NOMINAL,-7.52
53,91,99,94.0,11.18,75.61,112.39,0.0002,0.0005,NOMINAL,-5.0
53,92,98,90.89,10.88,73.0,108.79,0.0002,0.0009,NOMINAL,-7.11
53,93,97,92.88,11.18,74.49,111.27,0.0002,0.0007,NOMINAL,-4.12
53,94,96,102.67,11.18,84.28,121.05,0.0002,0.0002,NOMINAL,6.67
53,95,95,106.09,11.74,86.78,125.4,0.0002,0.0002,NOMINAL,11.09
53,96,94,106.09,11.89,86.53,125.64,0.0002,0.0002,NOMINAL,12.09
53,97,93,110.41,12.96,89.09,131.73,0.0002,0.0002,NOMINAL,17.41
53,98,92,114.07,13.3,92.19,135.95,0.0002,0.0002,NOMINAL,22.07
53,99,91,117.96,13.63,95.54,140.37,0.0002,0.0002,NOMINAL,26.96
53,100,90,119.62,13.56,97.31,141.92,0.0002,0.0002,NOMINAL,29.62
53,101,89,119.33,13.32,97.41,141.24,0.0002,0.0002,NOMINAL,30.33
53,102,88,119.4,13.56,97.1,141.71,0.0002,0.0002,NOMINAL,31.4
53,103,87,119.35,13.56,97.04,141.65,0.0002,0.0002,NOMINAL,32.35
53,104,86,119.12,13.56,96.81,141.43,0.0002,0.0002,NOMINAL,33.12
53,105,85,118.61,13.56,96.3,140.92,0.0002,0.0002,NOMINAL,33.61
53,106,84,119.22,13.56,96.91,141.53,0.0002,0.0002,NOMINAL,35.22
53,107,83,118.85,13.64,96.42,141.28,0.0002,0.0002,NOMINAL,35.85
53,108,82,117.78,13.6,95.4,140.15,0.0002,0.0002,NOMINAL,35.78
53,109,81,111.38,13.09,89.85,132.9,0.0002,0.0002,NOMINAL,30.38
53,110,80,111.65,13.09,90.13,133.18,0.0002,0.0002,NOMINAL,31.65
53,111,79,110.78,12.9,89.55,132.0,0.0002,0.0002,NOMINAL,31.78
53,112,78,111.65,13.09,90.13,133.18,0.0002,0.0002,NOMINAL,33.65
53,113,77,109.53,12.32,89.26,129.79,0.0002,0.0002,NOMINAL,32.53
53,114,76,103.59,11.73,84.29,122.89,0.0002,0.0002,NOMINAL,27.59
53,115,75,99.07,11.42,80.29,117.85,0.0002,0.0003,NOMINAL,24.07
53,116,74,101.17,11.73,81.87,120.47,0.0002,0.0003,NOMINAL,27.17
53,117,73,99.11,11.65,79.95,118.27,0.0002,0.0003,NOMINAL,26.11
53,118,72,96.94,10.99,78.86,115.02,0.0002,0.0003,NOMINAL,24.94
53,119,71,92.84,10.75,75.15,110.53,0.0002,0.0005,NOMINAL,21.84
53,120,70,86.94,10.75,69.25,104.62,0.0002,0.0026,NOMINAL,16.94
53,121,69,87.19,10.75,69.51,104.88,0.0002,0.0024,NOMINAL,18.19
53,122,68,89.35,10.74,71.68,107.01,0.0002,0.0012,NOMINAL,21.35
53,123,67,86.78,10.75,69.09,104.46,0.0002,0.0027,NOMINAL,19.78
53,124,66,81.89,10.56,64.53,99.25,0.0002,0.0056,NOMINAL,15.89
53,125,65,80.4,10.27,63.5,97.3,0.0002,0.0063,NOMINAL,15.4
53,126,64,81.68,9.32,66.35,97.0,0.0002,0.0029,NOMINAL,17.68
53,127,63,73.17,8.47,59.23,87.1,0.0002,0.0085,NOMINAL,10.17
53,128,62,67.72,7.69,55.08,80.36,0.0002,0.0264,NOMINAL,5.72
53,129,61,66.37,7.69,53.73,79.01,0.0002,0.034,NOMINAL,5.37
53,130,60,61.64,6.86,50.36,72.93,0.0002,0.0612,NOMINAL,1.64
53,131,59,58.21,6.2,48.0,68.41,0.0002,0.1068,NOMINAL,-0.79
53,132,58,55.33,6.2,45.13,65.53,0.0002,0.2257,NOMINAL,-2.67
53,133,57,53.67,6.2,43.47,63.87,0.0002,0.3179,NOMINAL,-3.33
53,134,56,51.17,6.2,40.97,61.37,0.0002,0.4754,NOMINAL,-4.83
53,135,55,49.35,6.52,38.62,60.07,0.0002,0.5878,MONITOR,-5.65
53,136,54,48.61,5.8,39.07,58.15,0.0002,0.6516,MONITOR,-5.39
53,137,53,46.62,5.68,37.28,55.97,0.0002,0.7808,WARNING,-6.38
53,138,52,46.62,5.57,37.46,55.78,0.0002,0.785,WARNING,-5.38
53,139,51,46.47,5.46,37.49,55.46,0.0002,0.7955,WARNING,-4.53
53,140,50,47.76,5.65,38.47,57.05,0.0002,0.7153,MONITOR,-2.24
53,141,49,46.62,5.49,37.6,55.65,0.0002,0.7863,WARNING,-2.38
53,142,48,45.98,5.47,36.98,54.97,0.0002,0.8185,WARNING,-2.02
53,143,47,43.07,5.03,34.79,51.35,0.0002,0.9151,WARNING,-3.93
53,144,46,43.52,5.03,35.24,51.8,0.0002,0.9086,WARNING,-2.48
53,145,45,39.61,4.69,31.89,47.33,0.0003,0.9713,WARNING,-5.39
53,146,44,39.36,4.68,31.66,47.06,0.0003,0.9738,WARNING,-4.64
53,147,43,38.38,4.61,30.79,45.97,0.0005,0.9818,WARNING,-4.62
53,148,42,38.0,4.55,30.52,45.48,0.0005,0.9866,WARNING,-4.0
53,149,41,37.36,4.28,30.32,44.39,0.0004,0.9952,WARNING,-3.64
53,150,40,38.68,4.55,31.19,46.17,0.0004,0.9805,WARNING,-1.32
53,151,39,37.32,4.28,30.28,44.35,0.0004,0.9953,WARNING,-1.68
53,152,38,35.38,4.14,28.57,42.19,0.001,0.9997,WARNING,-2.62
53,153,37,35.73,4.28,28.7,42.77,0.0011,0.9995,WARNING,-1.27
53,154,36,35.46,4.14,28.64,42.27,0.001,0.9996,WARNING,-0.54
53,155,35,35.2,4.14,28.38,42.01,0.0012,0.9997,WARNING,0.2
53,156,34,33.19,3.96,26.68,39.7,0.0036,0.9998,WARNING,-0.81
53,157,33,31.29,3.62,25.34,37.24,0.0049,0.9998,WARNING,-1.71
53,158,32,30.0,3.74,23.84,36.16,0.0097,0.9998,WARNING,-2.0
53,159,31,28.13,3.07,23.08,33.18,0.0099,0.9998,WARNING,-2.87
53,160,30,29.15,3.68,23.1,35.21,0.0174,0.9998,WARNING,-0.85
53,161,29,27.58,2.88,22.84,32.32,0.0108,0.9998,WARNING,-1.42
53,162,28,27.58,2.86,22.88,32.29,0.0099,0.9998,WARNING,-0.42
53,163,27,28.13,3.44,22.47,33.8,0.0223,0.9998,WARNING,1.13
53,164,26,26.97,3.05,21.96,31.99,0.0267,0.9998,WARNING,0.97
54,52,125,121.53,3.93,115.06,128.0,0.0002,0.0002,NOMINAL,-3.47
54,53,125,121.18,3.93,114.71,127.65,0.0002,0.0002,NOMINAL,-3.82
54,54,125,121.3,3.93,114.84,127.77,0.0002,0.0002,NOMINAL,-3.7
54,55,125,121.3,3.93,114.84,127.77,0.0002,0.0002,NOMINAL,-3.7
54,56,125,122.15,3.93,115.68,128.62,0.0002,0.0002,NOMINAL,-2.85
54,57,125,121.75,3.93,115.28,128.22,0.0002,0.0002,NOMINAL,-3.25
54,58,125,123.37,3.53,117.57,129.18,0.0002,0.0002,NOMINAL,-1.63
54,59,125,122.44,2.97,117.55,127.33,0.0002,0.0002,NOMINAL,-2.56
54,60,125,121.27,3.93,114.81,127.73,0.0002,0.0002,NOMINAL,-3.73
54,61,125,122.73,3.53,116.93,128.54,0.0002,0.0002,NOMINAL,-2.27
54,62,125,123.12,3.53,117.31,128.93,0.0002,0.0002,NOMINAL,-1.88
54,63,125,123.56,2.67,119.18,127.95,0.0002,0.0002,NOMINAL,-1.44
54,64,125,123.59,2.7,119.15,128.03,0.0002,0.0002,NOMINAL,-1.41
54,65,125,122.61,3.52,116.82,128.4,0.0002,0.0002,NOMINAL,-2.39
54,66,125,122.73,3.52,116.94,128.53,0.0002,0.0002,NOMINAL,-2.27
54,67,125,123.48,1.97,120.23,126.73,0.0002,0.0002,NOMINAL,-1.52
54,68,125,123.59,2.51,119.46,127.73,0.0002,0.0002,NOMINAL,-1.41
54,69,125,124.1,2.11,120.64,127.57,0.0002,0.0002,NOMINAL,-0.9
54,70,125,124.18,2.0,120.89,127.47,0.0002,0.0002,NOMINAL,-0.82
54,71,125,124.41,2.09,120.96,127.85,0.0002,0.0002,NOMINAL,-0.59
54,72,125,124.1,1.94,120.91,127.29,0.0002,0.0002,NOMINAL,-0.9
54,73,125,124.1,2.11,120.64,127.57,0.0002,0.0002,NOMINAL,-0.9
54,74,125,124.28,2.46,120.24,128.32,0.0002,0.0002,NOMINAL,-0.72
54,75,125,123.97,2.47,119.91,128.03,0.0002,0.0002,NOMINAL,-1.03
54,76,125,124.34,2.05,120.98,127.71,0.0002,0.0002,NOMINAL,-0.66
54,77,125,124.5,2.07,121.1,127.9,0.0002,0.0002,NOMINAL,-0.5
54,78,125,124.17,2.75,119.65,128.69,0.0002,0.0002,NOMINAL,-0.83
54,79,125,123.86,2.62,119.56,128.17,0.0002,0.0002,NOMINAL,-1.14
54,80,125,123.94,2.46,119.89,127.99,0.0002,0.0002,NOMINAL,-1.06
54,81,125,124.81,1.85,121.76,127.86,0.0002,0.0002,NOMINAL,-0.19
54,82,125,124.3,2.59,120.04,128.56,0.0002,0.0002,NOMINAL,-0.7
54,83,125,124.5,1.97,121.26,127.75,0.0002,0.0002,NOMINAL,-0.5
54,84,125,124.81,2.15,121.27,128.35,0.0002,0.0002,NOMINAL,-0.19
54,85,125,124.56,2.11,121.08,128.04,0.0002,0.0002,NOMINAL,-0.44
54,86,125,123.78,2.76,119.24,128.32,0.0002,0.0002,NOMINAL,-1.22
54,87,125,124.09,2.48,120.01,128.16,0.0002,0.0002,NOMINAL,-0.91
54,88,125,124.42,2.13,120.91,127.93,0.0002,0.0002,NOMINAL,-0.58
54,89,125,124.42,2.11,120.94,127.9,0.0002,0.0002,NOMINAL,-0.58
54,90,125,124.09,2.62,119.77,128.4,0.0002,0.0002,NOMINAL,-0.91
54,91,125,124.09,2.63,119.76,128.41,0.0002,0.0002,NOMINAL,-0.91
54,92,125,123.7,4.47,116.35,131.04,0.0002,0.0002,NOMINAL,-1.3
54,93,125,124.0,2.44,119.99,128.02,0.0002,0.0002,NOMINAL,-1.0
54,94,124,124.22,2.52,120.07,128.36,0.0002,0.0002,NOMINAL,0.22
54,95,123,123.91,2.57,119.69,128.14,0.0002,0.0002,NOMINAL,0.91
54,96,122,124.42,2.02,121.1,127.75,0.0002,0.0002,NOMINAL,2.42
54,97,121,124.56,2.21,120.93,128.19,0.0002,0.0002,NOMINAL,3.56
54,98,120,124.56,2.21,120.93,128.19,0.0002,0.0002,NOMINAL,4.56
54,99,119,124.56,2.16,121.01,128.11,0.0002,0.0002,NOMINAL,5.56
54,100,118,124.09,2.34,120.24,127.94,0.0002,0.0002,NOMINAL,6.09
54,101,117,123.63,4.28,116.59,130.66,0.0002,0.0002,NOMINAL,6.63
54,102,116,124.0,4.15,117.18,130.82,0.0002,0.0002,NOMINAL,8.0
54,103,115,123.31,4.74,115.52,131.11,0.0002,0.0002,NOMINAL,8.31
54,104,114,123.15,4.61,115.57,130.72,0.0002,0.0002,NOMINAL,9.15
54,105,113,123.93,4.3,116.86,131.0,0.0002,0.0002,NOMINAL,10.93
54,106,112,121.45,8.74,107.07,135.83,0.0002,0.0002,NOMINAL,9.45
54,107,111,121.25,9.02,106.42,136.08,0.0002,0.0002,NOMINAL,10.25
54,108,110,121.71,9.02,106.88,136.54,0.0002,0.0002,NOMINAL,11.71
54,109,109,119.89,13.35,97.93,141.85,0.0002,0.0002,NOMINAL,10.89
54,110,108,115.57,13.5,93.36,137.78,0.0002,0.0002,NOMINAL,7.57
54,111,107,113.78,13.58,91.45,136.11,0.0002,0.0002,NOMINAL,6.78
54,112,106,113.69,13.58,91.37,136.02,0.0002,0.0002,NOMINAL,7.69
54,113,105,115.79,13.57,93.47,138.12,0.0002,0.0002,NOMINAL,10.79
54,114,104,115.79,13.57,93.47,138.12,0.0002,0.0002,NOMINAL,11.79
54,115,103,115.88,13.57,93.55,138.2,0.0002,0.0002,NOMINAL,12.88
54,116,102,117.45,13.57,95.13,139.77,0.0002,0.0002,NOMINAL,15.45
54,117,101,117.29,13.57,94.96,139.61,0.0002,0.0002,NOMINAL,16.29
54,118,100,114.22,13.58,91.89,136.55,0.0002,0.0002,NOMINAL,14.22
54,119,99,110.37,13.01,88.98,131.77,0.0002,0.0002,NOMINAL,11.37
54,120,98,110.55,13.01,89.15,131.94,0.0002,0.0002,NOMINAL,12.55
54,121,97,114.75,13.58,92.42,137.08,0.0002,0.0002,NOMINAL,17.75
55,52,125,119.61,13.56,97.3,141.92,0.0002,0.0002,NOMINAL,-5.39
55,53,125,119.31,13.56,97.0,141.62,0.0002,0.0002,NOMINAL,-5.69
55,54,125,119.57,13.56,97.27,141.88,0.0002,0.0002,NOMINAL,-5.43
55,55,125,119.67,13.56,97.36,141.98,0.0002,0.0002,NOMINAL,-5.33
55,56,125,119.74,13.32,97.82,141.66,0.0002,0.0002,NOMINAL,-5.26
55,57,125,119.6,13.56,97.29,141.91,0.0002,0.0002,NOMINAL,-5.4
55,58,125,119.6,13.56,97.29,141.91,0.0002,0.0002,NOMINAL,-5.4
55,59,125,120.44,13.32,98.53,142.36,0.0002,0.0002,NOMINAL,-4.56
55,60,125,120.13,13.32,98.21,142.04,0.0002,0.0002,NOMINAL,-4.87
55,61,125,119.6,13.56,97.29,141.91,0.0002,0.0002,NOMINAL,-5.4
55,62,125,119.77,13.53,97.51,142.03,0.0002,0.0002,NOMINAL,-5.23
55,63,125,120.09,13.32,98.17,142.0,0.0002,0.0002,NOMINAL,-4.91
55,64,125,121.15,13.02,99.73,142.56,0.0002,0.0002,NOMINAL,-3.85
55,65,125,121.0,13.02,99.58,142.41,0.0002,0.0002,NOMINAL,-4.0
55,66,125,121.0,13.02,99.58,142.41,0.0002,0.0002,NOMINAL,-4.0
55,67,125,121.96,10.59,104.54,139.37,0.0002,0.0002,NOMINAL,-3.04
55,68,125,122.38,10.11,105.75,139.01,0.0002,0.0002,NOMINAL,-2.62
55,69,125,121.67,11.1,103.41,139.93,0.0002,0.0002,NOMINAL,-3.33
55,70,125,121.0,13.02,99.58,142.41,0.0002,0.0002,NOMINAL,-4.0
55,71,125,120.47,13.07,98.98,141.97,0.0002,0.0002,NOMINAL,-4.53
55,72,125,118.7,13.56,96.39,141.01,0.0002,0.0002,NOMINAL,-6.3
55,73,125,118.39,13.56,96.08,140.7,0.0002,0.0002,NOMINAL,-6.61
55,74,125,119.78,13.32,97.86,141.69,0.0002,0.0002,NOMINAL,-5.22
55,75,125,118.44,13.56,96.13,140.75,0.0002,0.0002,NOMINAL,-6.56
55,76,125,118.26,13.56,95.95,140.57,0.0002,0.0002,NOMINAL,-6.74
55,77,125,117.07,13.64,94.63,139.51,0.0002,0.0002,NOMINAL,-7.93
55,78,125,117.04,13.64,94.59,139.48,0.0002,0.0002,NOMINAL,-7.96
55,79,125,118.26,13.56,95.95,140.57,0.0002,0.0002,NOMINAL,-6.74
55,80,125,118.22,13.56,95.92,140.53,0.0002,0.0002,NOMINAL,-6.78
55,81,125,118.22,13.56,95.92,140.53,0.0002,0.0002,NOMINAL,-6.78
55,82,125,116.13,13.43,94.04,138.22,0.0002,0.0002,NOMINAL,-8.87
55,83,125,115.67,13.36,93.69,137.65,0.0002,0.0002,NOMINAL,-9.33
55,84,125,110.74,12.71,89.84,131.64,0.0002,0.0002,NOMINAL,-14.26
55,85,125,113.41,13.01,92.01,134.8,0.0002,0.0002,NOMINAL,-11.59
55,86,125,118.83,13.56,96.52,141.14,0.0002,0.0002,NOMINAL,-6.17
55,87,125,118.79,13.56,96.48,141.1,0.0002,0.0002,NOMINAL,-6.21
55,88,125,118.32,13.56,96.01,140.62,0.0002,0.0002,NOMINAL,-6.68
55,89,125,118.75,13.56,96.44,141.06,0.0002,0.0002,NOMINAL,-6.25
55,90,125,117.9,13.56,95.6,140.21,0.0002,0.0002,NOMINAL,-7.1
55,91,125,119.89,13.56,97.58,142.2,0.0002,0.0002,NOMINAL,-5.11
55,92,125,118.51,13.56,96.2,140.82,0.0002,0.0002,NOMINAL,-6.49
55,93,125,118.56,13.56,96.25,140.86,0.0002,0.0002,NOMINAL,-6.44
55,94,125,119.62,13.32,97.7,141.53,0.0002,0.0002,NOMINAL,-5.38
55,95,125,119.59,11.86,100.09,139.09,0.0002,0.0002,NOMINAL,-5.41
55,96,125,120.53,10.8,102.77,138.29,0.0002,0.0002,NOMINAL,-4.47
55,97,125,119.73,11.86,100.22,139.23,0.0002,0.0002,NOMINAL,-5.27
55,98,125,121.16,10.58,103.76,138.55,0.0002,0.0002,NOMINAL,-3.84
55,99,125,121.8,10.76,104.11,139.5,0.0002,0.0002,NOMINAL,-3.2
55,100,125,122.74,7.5,110.39,135.08,0.0002,0.0002,NOMINAL,-2.26
55,101,125,121.91,10.64,104.4,139.42,0.0002,0.0002,NOMINAL,-3.09
55,102,125,120.09,11.78,100.71,139.47,0.0002,0.0002,NOMINAL,-4.91
55,103,125,118.9,13.56,96.6,141.21,0.0002,0.0002,NOMINAL,-6.1
55,104,125,121.41,10.5,104.15,138.68,0.0002,0.0002,NOMINAL,-3.59
55,105,125,121.91,7.56,109.48,134.34,0.0002,0.0002,NOMINAL,-3.09
55,106,125,122.07,10.37,105.02,139.12,0.0002,0.0002,NOMINAL,-2.93
55,107,125,121.95,10.37,104.89,139.0,0.0002,0.0002,NOMINAL,-3.05
55,108,125,123.39,6.63,112.49,134.3,0.0002,0.0002,NOMINAL,-1.61
55,109,125,124.03,6.44,113.44,134.63,0.0002,0.0002,NOMINAL,-0.97
55,110,125,122.4,7.56,109.97,134.83,0.0002,0.0002,NOMINAL,-2.6
55,111,125,119.48,13.53,97.22,141.75,0.0002,0.0002,NOMINAL,-5.52
55,112,125,119.31,13.53,97.05,141.57,0.0002,0.0002,NOMINAL,-5.69
55,113,125,119.59,13.56,97.28,141.9,0.0002,0.0002,NOMINAL,-5.41
56,52,99,122.34,11.2,103.93,140.76,0.0002,0.0002,NOMINAL,23.34
56,53,98,122.4,10.15,105.71,139.09,0.0002,0.0002,NOMINAL,24.4
56,54,97,121.51,12.31,101.26,141.76,0.0002,0.0002,NOMINAL,24.51
56,55,96,119.42,13.61,97.04,141.8,0.0002,0.0002,NOMINAL,23.42
56,56,95,119.42,13.64,96.99,141.85,0.0002,0.0002,NOMINAL,24.42
56,57,94,116.71,13.62,94.31,139.11,0.0002,0.0002,NOMINAL,22.71
56,58,93,117.48,13.74,94.87,140.08,0.0002,0.0002,NOMINAL,24.48
56,59,92,118.57,13.64,96.14,141.0,0.0002,0.0002,NOMINAL,26.57
56,60,91,119.42,13.64,96.99,141.85,0.0002,0.0002,NOMINAL,28.42
56,61,90,120.01,13.35,98.06,141.97,0.0002,0.0002,NOMINAL,30.01
56,62,89,119.01,13.64,96.59,141.44,0.0002,0.0002,NOMINAL,30.01
56,63,88,115.19,13.43,93.11,137.28,0.0002,0.0002,NOMINAL,27.19
56,64,87,117.51,13.74,94.9,140.11,0.0002,0.0002,NOMINAL,30.51
56,65,86,116.58,13.62,94.18,138.98,0.0002,0.0002,NOMINAL,30.58
56,66,85,114.71,13.62,92.31,137.1,0.0002,0.0002,NOMINAL,29.71
56,67,84,113.83,13.0,92.45,135.21,0.0002,0.0002,NOMINAL,29.83
56,68,83,109.47,12.17,89.45,129.5,0.0002,0.0002,NOMINAL,26.47
56,69,82,104.59,11.81,85.16,124.03,0.0002,0.0002,NOMINAL,22.59
56,70,81,102.84,11.69,83.6,122.07,0.0002,0.0002,NOMINAL,21.84
56,71,80,96.44,11.29,77.86,115.01,0.0002,0.0004,NOMINAL,16.44
56,72,79,86.26,11.27,67.72,104.8,0.0002,0.0044,NOMINAL,7.26
56,73,78,87.73,11.27,69.19,106.27,0.0002,0.0034,NOMINAL,9.73
56,74,77,78.56,9.39,63.11,94.01,0.0002,0.0055,NOMINAL,1.56
56,75,76,78.44,8.63,64.25,92.63,0.0002,0.0041,NOMINAL,2.44
56,76,75,78.44,8.62,64.26,92.62,0.0002,0.004,NOMINAL,3.44
56,77,74,78.23,9.15,63.19,93.27,0.0002,0.0051,NOMINAL,4.23
56,78,73,78.44,8.49,64.47,92.41,0.0002,0.0034,NOMINAL,5.44
56,79,72,71.41,8.55,57.34,85.48,0.0002,0.017,NOMINAL,-0.59
56,80,71,64.86,6.89,53.53,76.19,0.0002,0.0323,NOMINAL,-6.14
56,81,70,62.85,6.65,51.92,73.78,0.0002,0.0446,NOMINAL,-7.15
56,82,69,63.2,6.78,52.05,74.36,0.0002,0.0443,NOMINAL,-5.8
56,83,68,60.65,6.55,49.87,71.42,0.0002,0.0686,NOMINAL,-7.35
56,84,67,57.24,6.31,46.86,67.62,0.0002,0.1427,NOMINAL,-9.76
56,85,66,54.72,6.31,44.34,65.1,0.0002,0.2611,NOMINAL,-11.28
56,86,65,54.55,6.2,44.36,64.75,0.0002,0.2634,NOMINAL,-10.45
56,87,64,51.88,6.2,41.69,62.08,0.0002,0.4321,NOMINAL,-12.12
56,88,63,52.88,6.07,42.89,62.86,0.0002,0.3656,NOMINAL,-10.12
56,89,62,49.81,5.91,40.09,59.53,0.0002,0.5616,MONITOR,-12.19
56,90,61,51.28,5.92,41.53,61.02,0.0002,0.4635,NOMINAL,-9.72
56,91,60,49.86,5.91,40.14,59.58,0.0002,0.5574,MONITOR,-10.14
56,92,59,49.96,5.9,40.25,59.67,0.0002,0.5514,MONITOR,-9.04
56,93,58,51.82,5.9,42.11,61.53,0.0002,0.4315,NOMINAL,-6.18
56,94,57,51.63,5.9,41.92,61.34,0.0002,0.4416,NOMINAL,-5.37
56,95,56,50.22,5.9,40.51,59.93,0.0002,0.5311,MONITOR,-5.78
56,96,55,48.56,5.19,40.02,57.09,0.0002,0.6679,MONITOR,-6.44
56,97,54,47.08,5.29,38.38,55.78,0.0002,0.766,WARNING,-6.92
56,98,53,47.93,5.31,39.19,56.67,0.0002,0.7136,MONITOR,-5.07
56,99,52,49.87,5.9,40.16,59.58,0.0002,0.5571,MONITOR,-2.13
56,100,51,47.06,5.32,38.32,55.81,0.0002,0.7664,WARNING,-3.94
56,101,50,45.9,5.41,37.0,54.79,0.0002,0.8242,WARNING,-4.1
56,102,49,49.11,5.9,39.4,58.82,0.0002,0.6128,MONITOR,0.11
56,103,48,47.9,5.27,39.23,56.57,0.0002,0.7155,MONITOR,-0.1
56,104,47,48.87,5.9,39.15,58.58,0.0002,0.6306,MONITOR,1.87
56,105,46,47.8,5.89,38.1,57.49,0.0002,0.7057,MONITOR,1.8
56,106,45,48.39,5.91,38.68,58.11,0.0002,0.6649,MONITOR,3.39
56,107,44,45.35,5.26,36.7,54.01,0.0002,0.8422,WARNING,1.35
56,108,43,43.87,5.31,35.13,52.6,0.0002,0.8899,WARNING,0.87
56,109,42,43.95,4.96,35.8,52.1,0.0002,0.8975,WARNING,1.95
56,110,41,43.26,4.96,35.11,51.42,0.0002,0.914,WARNING,2.26
56,111,40,43.72,5.0,35.49,51.94,0.0002,0.9024,WARNING,3.72
56,112,39,40.6,4.93,32.49,48.72,0.0003,0.9606,WARNING,1.6
56,113,38,39.83,4.62,32.23,47.43,0.0003,0.9709,WARNING,1.83
56,114,37,38.01,4.49,30.63,45.39,0.0004,0.9876,WARNING,1.01
56,115,36,35.38,4.34,28.24,42.53,0.0018,0.9995,WARNING,-0.62
56,116,35,38.24,4.49,30.86,45.62,0.0004,0.9864,WARNING,3.24
56,117,34,37.03,4.49,29.65,44.41,0.0008,0.9938,WARNING,3.03
56,118,33,35.18,4.36,28.01,42.35,0.0022,0.9996,WARNING,2.18
56,119,32,33.61,4.31,26.51,40.7,0.0047,0.9997,WARNING,1.61
56,120,31,35.06,4.34,27.91,42.2,0.0023,0.9996,WARNING,4.06
56,121,30,33.04,4.29,25.98,40.11,0.0055,0.9998,WARNING,3.04
56,122,29,31.56,4.53,24.12,39.01,0.0151,0.9998,WARNING,2.56
56,123,28,30.54,4.53,23.09,37.99,0.0257,0.9998,WARNING,2.54
56,124,27,28.45,4.04,21.81,35.08,0.0363,0.9998,WARNING,1.45
56,125,26,29.15,4.2,22.25,36.05,0.0316,0.9998,WARNING,3.15
56,126,25,26.24,4.1,19.49,32.99,0.0806,0.9998,WARNING,1.24
56,127,24,25.32,3.98,18.77,31.86,0.1048,0.9998,WARNING,1.32
56,128,23,24.18,4.0,17.6,30.75,0.1679,0.9998,WARNING,1.18
56,129,22,23.1,3.81,16.83,29.36,0.2371,0.9998,WARNING,1.1
56,130,21,23.29,3.84,16.98,29.6,0.2262,0.9998,WARNING,2.29
56,131,20,21.28,3.74,15.13,27.42,0.4176,0.9998,WARNING,1.28
56,132,19,19.44,3.2,14.18,24.7,0.6231,0.9998,WARNING,0.44
56,133,18,18.09,3.19,12.84,23.34,0.7835,0.9998,WARNING,0.09
56,134,17,17.17,2.99,12.25,22.09,0.8534,0.9998,WARNING,0.17
56,135,16,15.95,2.71,11.5,20.41,0.9283,0.9998,CRITICAL,-0.05
56,136,15,15.7,2.77,11.15,20.26,0.9324,0.9998,CRITICAL,0.7
57,52,125,118.94,12.2,98.88,139.01,0.0002,0.0002,NOMINAL,-6.06
57,53,125,119.51,12.2,99.45,139.58,0.0002,0.0002,NOMINAL,-5.49
57,54,125,119.28,13.53,97.02,141.54,0.0002,0.0002,NOMINAL,-5.72
57,55,125,118.6,13.64,96.17,141.03,0.0002,0.0002,NOMINAL,-6.4
57,56,125,120.03,13.56,97.72,142.34,0.0002,0.0002,NOMINAL,-4.97
57,57,125,118.19,13.64,95.76,140.62,0.0002,0.0002,NOMINAL,-6.81
57,58,125,120.04,13.56,97.73,142.35,0.0002,0.0002,NOMINAL,-4.96
57,59,125,119.28,13.64,96.85,141.71,0.0002,0.0002,NOMINAL,-5.72
57,60,125,119.3,13.64,96.87,141.73,0.0002,0.0002,NOMINAL,-5.7
57,61,125,120.18,13.53,97.92,142.44,0.0002,0.0002,NOMINAL,-4.82
57,62,125,120.01,13.53,97.75,142.27,0.0002,0.0002,NOMINAL,-4.99
57,63,125,119.04,13.64,96.61,141.47,0.0002,0.0002,NOMINAL,-5.96
57,64,125,119.05,13.56,96.74,141.36,0.0002,0.0002,NOMINAL,-5.95
57,65,125,119.11,13.56,96.8,141.42,0.0002,0.0002,NOMINAL,-5.89
57,66,125,118.73,13.56,96.42,141.04,0.0002,0.0002,NOMINAL,-6.27
57,67,125,118.46,13.28,96.62,140.29,0.0002,0.0002,NOMINAL,-6.54
57,68,125,119.46,11.92,99.86,139.07,0.0002,0.0002,NOMINAL,-5.54
57,69,125,119.54,11.97,99.85,139.22,0.0002,0.0002,NOMINAL,-5.46
57,70,125,119.75,11.16,101.39,138.11,0.0002,0.0002,NOMINAL,-5.25
57,71,125,121.48,8.52,107.46,135.49,0.0002,0.0002,NOMINAL,-3.52
57,72,125,121.51,8.89,106.89,136.13,0.0002,0.0002,NOMINAL,-3.49
57,73,125,121.22,6.57,110.41,132.04,0.0002,0.0002,NOMINAL,-3.78
57,74,125,120.85,6.57,110.04,131.66,0.0002,0.0002,NOMINAL,-4.15
57,75,125,119.76,9.73,103.76,135.76,0.0002,0.0002,NOMINAL,-5.24
57,76,125,119.73,7.79,106.92,132.53,0.0002,0.0002,NOMINAL,-5.27
57,77,125,122.08,4.95,113.94,130.21,0.0002,0.0002,NOMINAL,-2.92
57,78,125,124.58,4.32,117.48,131.68,0.0002,0.0002,NOMINAL,-0.42
57,79,125,123.94,4.42,116.67,131.2,0.0002,0.0002,NOMINAL,-1.06
57,80,125,123.28,2.61,118.99,127.57,0.0002,0.0002,NOMINAL,-1.72
57,81,125,122.68,2.63,118.36,127.0,0.0002,0.0002,NOMINAL,-2.32
57,82,125,123.47,2.63,119.15,127.79,0.0002,0.0002,NOMINAL,-1.53
57,83,125,122.93,2.63,118.61,127.25,0.0002,0.0002,NOMINAL,-2.07
57,84,125,122.68,2.61,118.39,126.97,0.0002,0.0002,NOMINAL,-2.32
57,85,125,124.13,2.57,119.91,128.36,0.0002,0.0002,NOMINAL,-0.87
57,86,125,122.68,2.61,118.39,126.97,0.0002,0.0002,NOMINAL,-2.32
57,87,125,122.12,2.63,117.8,126.45,0.0002,0.0002,NOMINAL,-2.88
57,88,125,123.78,2.8,119.17,128.39,0.0002,0.0002,NOMINAL,-1.22
57,89,125,123.28,2.61,118.99,127.57,0.0002,0.0002,NOMINAL,-1.72
57,90,125,123.15,2.63,118.83,127.47,0.0002,0.0002,NOMINAL,-1.85
57,91,125,123.27,2.61,118.97,127.57,0.0002,0.0002,NOMINAL,-1.73
57,92,125,122.48,2.63,118.15,126.81,0.0002,0.0002,NOMINAL,-2.52
57,93,125,121.87,2.67,117.49,126.26,0.0002,0.0002,NOMINAL,-3.13
57,94,125,121.95,2.85,117.25,126.64,0.0002,0.0002,NOMINAL,-3.05
57,95,125,122.44,2.63,118.11,126.77,0.0002,0.0002,NOMINAL,-2.56
57,96,125,122.29,2.63,117.96,126.61,0.0002,0.0002,NOMINAL,-2.71
57,97,125,120.81,6.01,110.91,130.7,0.0002,0.0002,NOMINAL,-4.19
57,98,125,121.29,7.12,109.58,133.0,0.0002,0.0002,NOMINAL,-3.71
57,99,125,120.55,7.12,108.84,132.26,0.0002,0.0002,NOMINAL,-4.45
57,100,125,119.69,11.92,100.09,139.3,0.0002,0.0002,NOMINAL,-5.31
57,101,125,118.56,13.28,96.72,140.4,0.0002,0.0002,NOMINAL,-6.44
57,102,125,118.45,13.53,96.19,140.71,0.0002,0.0002,NOMINAL,-6.55
57,103,125,118.31,13.53,96.05,140.58,0.0002,0.0002,NOMINAL,-6.69
57,104,125,117.78,13.56,95.48,140.09,0.0002,0.0002,NOMINAL,-7.22
57,105,125,117.35,13.66,94.88,139.82,0.0002,0.0002,NOMINAL,-7.65
57,106,125,104.86,11.73,85.57,124.16,0.0002,0.0002,NOMINAL,-20.14
57,107,125,102.83,11.72,83.55,122.1,0.0002,0.0002,NOMINAL,-22.17
57,108,125,95.6,11.4,76.84,114.36,0.0002,0.0005,NOMINAL,-29.4
57,109,125,90.54,10.74,72.87,108.21,0.0002,0.0008,NOMINAL,-34.46
57,110,125,88.63,10.74,70.96,106.3,0.0002,0.0015,NOMINAL,-36.37
57,111,125,85.84,10.75,68.15,103.53,0.0002,0.0036,NOMINAL,-39.16
57,112,125,87.77,10.88,69.87,105.66,0.0002,0.0023,NOMINAL,-37.23
57,113,125,86.75,10.71,69.13,104.37,0.0002,0.0026,NOMINAL,-38.25
57,114,125,83.0,9.63,67.16,98.84,0.0002,0.0026,NOMINAL,-42.0
57,115,125,83.27,9.77,67.2,99.33,0.0002,0.0028,NOMINAL,-41.73
57,116,125,85.92,10.11,69.29,102.55,0.0002,0.0017,NOMINAL,-39.08
57,117,125,84.38,10.08,67.81,100.96,0.0002,0.0028,NOMINAL,-40.62
57,118,125,90.1,10.08,73.52,106.68,0.0002,0.0005,NOMINAL,-34.9
57,119,125,92.82,10.08,76.25,109.4,0.0002,0.0003,NOMINAL,-32.18
57,120,125,94.33,10.27,77.44,111.22,0.0002,0.0003,NOMINAL,-30.67
57,121,125,101.86,10.85,84.02,119.7,0.0002,0.0002,NOMINAL,-23.14
57,122,125,107.88,11.62,88.76,126.99,0.0002,0.0002,NOMINAL,-17.12
57,123,125,103.16,10.55,85.8,120.51,0.0002,0.0002,NOMINAL,-21.84
57,124,125,108.96,11.62,89.85,128.07,0.0002,0.0002,NOMINAL,-16.04
57,125,125,109.41,12.3,89.18,129.64,0.0002,0.0002,NOMINAL,-15.59
57,126,125,107.91,12.13,87.97,127.86,0.0002,0.0002,NOMINAL,-17.09
57,127,125,109.06,12.76,88.07,130.04,0.0002,0.0002,NOMINAL,-15.94
57,128,125,108.47,12.42,88.03,128.91,0.0002,0.0002,NOMINAL,-16.53
57,129,125,112.79,13.27,90.95,134.62,0.0002,0.0002,NOMINAL,-12.21
57,130,125,117.36,13.66,94.89,139.83,0.0002,0.0002,NOMINAL,-7.64
57,131,125,117.56,13.72,94.99,140.13,0.0002,0.0002,NOMINAL,-7.44
57,132,125,113.45,13.43,91.36,135.54,0.0002,0.0002,NOMINAL,-11.55
57,133,125,104.56,11.72,85.28,123.84,0.0002,0.0002,NOMINAL,-20.44
57,134,125,102.94,11.72,83.67,122.22,0.0002,0.0002,NOMINAL,-22.06
57,135,125,105.89,11.73,86.59,125.19,0.0002,0.0002,NOMINAL,-19.11
57,136,125,111.47,12.67,90.63,132.31,0.0002,0.0002,NOMINAL,-13.53
57,137,125,112.02,13.07,90.52,133.52,0.0002,0.0002,NOMINAL,-12.98
57,138,125,117.81,13.73,95.22,140.4,0.0002,0.0002,NOMINAL,-7.19
57,139,124,117.43,13.61,95.05,139.82,0.0002,0.0002,NOMINAL,-6.57
57,140,123,114.74,13.54,92.46,137.02,0.0002,0.0002,NOMINAL,-8.26
57,141,122,116.86,13.61,94.48,139.24,0.0002,0.0002,NOMINAL,-5.14
57,142,121,110.92,12.65,90.11,131.74,0.0002,0.0002,NOMINAL,-10.08
57,143,120,110.47,12.57,89.8,131.14,0.0002,0.0002,NOMINAL,-9.53
57,144,119,108.09,12.09,88.19,127.98,0.0002,0.0002,NOMINAL,-10.91
57,145,118,103.4,11.72,84.12,122.67,0.0002,0.0002,NOMINAL,-14.6
57,146,117,105.04,11.72,85.76,124.31,0.0002,0.0002,NOMINAL,-11.96
57,147,116,108.04,11.75,88.72,127.37,0.0002,0.0002,NOMINAL,-7.96
57,148,115,108.04,12.09,88.15,127.93,0.0002,0.0002,NOMINAL,-6.96
57,149,114,111.59,12.65,90.77,132.4,0.0002,0.0002,NOMINAL,-2.41
57,150,113,113.44,13.43,91.35,135.53,0.0002,0.0002,NOMINAL,0.44
57,151,112,114.42,13.62,92.02,136.82,0.0002,0.0002,NOMINAL,2.42
57,152,111,110.92,12.53,90.31,131.52,0.0002,0.0002,NOMINAL,-0.08
57,153,110,111.59,12.67,90.75,132.42,0.0002,0.0002,NOMINAL,1.59
57,154,109,106.06,11.72,86.78,125.34,0.0002,0.0002,NOMINAL,-2.94
57,155,108,105.81,11.72,86.53,125.08,0.0002,0.0002,NOMINAL,-2.19
57,156,107,108.45,12.09,88.56,128.34,0.0002,0.0002,NOMINAL,1.45
57,157,106,105.98,11.73,86.68,125.28,0.0002,0.0002,NOMINAL,-0.02
57,158,105,103.12,11.69,83.89,122.35,0.0002,0.0002,NOMINAL,-1.88
57,159,104,100.74,11.58,81.69,119.79,0.0002,0.0003,NOMINAL,-3.26
57,160,103,104.53,11.65,85.36,123.7,0.0002,0.0002,NOMINAL,1.53
58,52,125,123.77,2.8,119.16,128.38,0.0002,0.0002,NOMINAL,-1.23
58,53,125,124.04,2.86,119.34,128.74,0.0002,0.0002,NOMINAL,-0.96
58,54,125,123.18,5.58,114.0,132.37,0.0002,0.0002,NOMINAL,-1.82
58,55,125,123.18,5.14,114.72,131.64,0.0002,0.0002,NOMINAL,-1.82
58,56,125,123.94,4.74,116.14,131.73,0.0002,0.0002,NOMINAL,-1.06
58,57,125,123.94,5.12,115.51,132.36,0.0002,0.0002,NOMINAL,-1.06
58,58,125,123.18,5.56,114.04,132.32,0.0002,0.0002,NOMINAL,-1.82
58,59,125,123.66,5.15,115.19,132.13,0.0002,0.0002,NOMINAL,-1.34
58,60,125,123.24,5.58,114.06,132.43,0.0002,0.0002,NOMINAL,-1.76
58,61,125,124.04,2.8,119.43,128.65,0.0002,0.0002,NOMINAL,-0.96
58,62,125,123.94,4.69,116.22,131.65,0.0002,0.0002,NOMINAL,-1.06
58,63,125,124.04,2.57,119.82,128.27,0.0002,0.0002,NOMINAL,-0.96
58,64,125,124.04,2.57,119.82,128.27,0.0002,0.0002,NOMINAL,-0.96
58,65,125,124.04,2.77,119.48,128.61,0.0002,0.0002,NOMINAL,-0.96
58,66,125,123.42,3.29,118.01,128.82,0.0002,0.0002,NOMINAL,-1.58
58,67,125,123.18,5.56,114.04,132.32,0.0002,0.0002,NOMINAL,-1.82
58,68,125,123.31,5.56,114.17,132.45,0.0002,0.0002,NOMINAL,-1.69
58,69,125,122.75,6.84,111.5,134.0,0.0002,0.0002,NOMINAL,-2.25
58,70,125,123.24,5.43,114.32,132.17,0.0002,0.0002,NOMINAL,-1.76
58,71,125,118.62,13.56,96.32,140.93,0.0002,0.0002,NOMINAL,-6.38
58,72,125,118.91,13.56,96.6,141.21,0.0002,0.0002,NOMINAL,-6.09
58,73,125,116.71,13.64,94.26,139.15,0.0002,0.0002,NOMINAL,-8.29
58,74,125,116.9,13.58,94.57,139.22,0.0002,0.0002,NOMINAL,-8.1
58,75,125,117.0,13.64,94.55,139.44,0.0002,0.0002,NOMINAL,-8.0
58,76,125,112.11,13.01,90.72,133.5,0.0002,0.0002,NOMINAL,-12.89
58,77,125,110.1,12.83,89.0,131.2,0.0002,0.0002,NOMINAL,-14.9
58,78,125,110.89,13.01,89.5,132.28,0.0002,0.0002,NOMINAL,-14.11
58,79,125,117.04,13.64,94.59,139.48,0.0002,0.0002,NOMINAL,-7.96
58,80,125,117.1,13.64,94.66,139.54,0.0002,0.0002,NOMINAL,-7.9
58,81,125,117.62,13.64,95.17,140.06,0.0002,0.0002,NOMINAL,-7.38
58,82,125,117.88,13.57,95.55,140.2,0.0002,0.0002,NOMINAL,-7.12
58,83,125,117.62,13.57,95.29,139.94,0.0002,0.0002,NOMINAL,-7.38
58,84,125,115.02,13.42,92.95,137.09,0.0002,0.0002,NOMINAL,-9.98
58,85,125,106.12,11.71,86.86,125.38,0.0002,0.0002,NOMINAL,-18.88
58,86,125,105.68,11.71,86.42,124.94,0.0002,0.0002,NOMINAL,-19.32
58,87,125,109.46,12.43,89.01,129.91,0.0002,0.0002,NOMINAL,-15.54
58,88,125,110.73,12.78,89.71,131.75,0.0002,0.0002,NOMINAL,-14.27
58,89,124,118.5,13.64,96.06,140.94,0.0002,0.0002,NOMINAL,-5.5
58,90,123,120.16,13.56,97.85,142.47,0.0002,0.0002,NOMINAL,-2.84
58,91,122,118.58,13.56,96.27,140.88,0.0002,0.0002,NOMINAL,-3.42
58,92,121,117.79,13.64,95.34,140.23,0.0002,0.0002,NOMINAL,-3.21
58,93,120,117.75,13.64,95.31,140.2,0.0002,0.0002,NOMINAL,-2.25
58,94,119,117.13,13.64,94.69,139.57,0.0002,0.0002,NOMINAL,-1.87
58,95,118,119.46,13.56,97.15,141.77,0.0002,0.0002,NOMINAL,1.46
58,96,117,117.44,13.56,95.13,139.75,0.0002,0.0002,NOMINAL,0.44
58,97,116,118.32,13.56,96.01,140.62,0.0002,0.0002,NOMINAL,2.32
58,98,115,117.16,13.64,94.72,139.6,0.0002,0.0002,NOMINAL,2.16
58,99,114,113.44,13.07,91.93,134.94,0.0002,0.0002,NOMINAL,-0.56
58,100,113,116.02,13.43,93.92,138.11,0.0002,0.0002,NOMINAL,3.02
58,101,112,116.18,13.53,93.93,138.43,0.0002,0.0002,NOMINAL,4.18
58,102,111,116.02,13.42,93.95,138.08,0.0002,0.0002,NOMINAL,5.02
58,103,110,102.5,11.73,83.2,121.8,0.0002,0.0002,NOMINAL,-7.5
58,104,109,106.05,11.73,86.75,125.35,0.0002,0.0002,NOMINAL,-2.95
58,105,108,101.47,11.73,82.17,120.77,0.0002,0.0003,NOMINAL,-6.53
58,106,107,101.18,11.73,81.88,120.47,0.0002,0.0003,NOMINAL,-5.82
58,107,106,94.87,11.39,76.13,113.6,0.0002,0.0005,NOMINAL,-11.13
58,108,105,93.36,11.31,74.76,111.96,0.0002,0.0007,NOMINAL,-11.64
58,109,104,88.56,11.31,69.95,107.16,0.0002,0.0028,NOMINAL,-15.44
58,110,103,86.71,10.75,69.02,104.4,0.0002,0.0027,NOMINAL,-16.29
58,111,102,86.19,10.64,68.68,103.7,0.0002,0.0029,NOMINAL,-15.81
58,112,101,87.62,11.29,69.05,106.18,0.0002,0.0036,NOMINAL,-13.38
58,113,100,85.79,10.68,68.23,103.35,0.0002,0.0034,NOMINAL,-14.21
58,114,99,86.28,10.86,68.42,104.14,0.0002,0.0035,NOMINAL,-12.72
58,115,98,90.04,10.88,72.15,107.94,0.0002,0.0011,NOMINAL,-7.96
58,116,97,86.15,10.42,69.01,103.29,0.0002,0.0023,NOMINAL,-10.85
58,117,96,85.53,10.11,68.89,102.16,0.0002,0.002,NOMINAL,-10.47
58,118,95,82.14,10.11,65.51,98.78,0.0002,0.0046,NOMINAL,-12.86
58,119,94,72.45,9.1,57.47,87.42,0.0002,0.0182,NOMINAL,-21.55
58,120,93,70.17,8.45,56.27,84.07,0.0002,0.0211,NOMINAL,-22.83
58,121,92,68.46,7.98,55.33,81.59,0.0002,0.0263,NOMINAL,-23.54
58,122,91,67.96,7.97,54.85,81.06,0.0002,0.0275,NOMINAL,-23.04
58,123,90,67.56,7.97,54.45,80.66,0.0002,0.0292,NOMINAL,-22.44
58,124,89,65.48,7.79,52.67,78.28,0.0002,0.0429,NOMINAL,-23.52
58,125,88,66.08,7.97,52.98,79.19,0.0002,0.0408,NOMINAL,-21.92
58,126,87,65.84,7.79,53.03,78.65,0.0002,0.0399,NOMINAL,-21.16
58,127,86,64.81,7.79,52.0,77.62,0.0002,0.0463,NOMINAL,-21.19
58,128,85,64.51,7.79,51.7,77.32,0.0002,0.0483,NOMINAL,-20.49
58,129,84,66.0,7.78,53.21,78.79,0.0002,0.0383,NOMINAL,-18.0
58,130,83,63.6,7.42,51.39,75.81,0.0002,0.0494,NOMINAL,-19.4
58,131,82,61.95,6.86,50.66,73.23,0.0002,0.0576,NOMINAL,-20.05
58,132,81,57.62,6.74,46.53,68.72,0.0002,0.1451,NOMINAL,-23.38
58,133,80,62.12,7.12,50.4,73.83,0.0002,0.0603,NOMINAL,-17.88
58,134,79,62.12,7.04,50.54,73.7,0.0002,0.0592,NOMINAL,-16.88
58,135,78,64.18,7.78,51.39,76.97,0.0002,0.0502,NOMINAL,-13.82
58,136,77,61.43,7.12,49.71,73.14,0.0002,0.0702,NOMINAL,-15.57
58,137,76,61.78,7.26,49.84,73.73,0.0002,0.0687,NOMINAL,-14.22
58,138,75,60.34,6.86,49.05,71.62,0.0002,0.0823,NOMINAL,-14.66
58,139,74,60.89,6.86,49.61,72.18,0.0002,0.0728,NOMINAL,-13.11
58,140,73,60.89,6.78,49.73,72.05,0.0002,0.0699,NOMINAL,-12.11
58,141,72,60.82,6.86,49.54,72.11,0.0002,0.0734,NOMINAL,-11.18
58,142,71,61.45,7.12,49.73,73.16,0.0002,0.0694,NOMINAL,-9.55
58,143,70,62.47,7.33,50.41,74.53,0.0002,0.0604,NOMINAL,-7.53
58,144,69,61.8,7.0,50.29,73.31,0.0002,0.0627,NOMINAL,-7.2
58,145,68,59.0,6.74,47.91,70.1,0.0002,0.105,NOMINAL,-9.0
58,146,67,59.2,6.71,48.17,70.24,0.0002,0.0993,NOMINAL,-7.8
58,147,66,60.62,6.71,49.58,71.66,0.0002,0.0731,NOMINAL,-5.38
58,148,65,57.31,6.71,46.27,68.35,0.0002,0.1581,NOMINAL,-7.69
58,149,64,55.58,6.71,44.54,66.62,0.0002,0.2321,NOMINAL,-8.42
58,150,63,51.84,6.58,41.03,62.66,0.0002,0.441,NOMINAL,-11.16
58,151,62,50.86,6.44,40.27,61.45,0.0002,0.4958,NOMINAL,-11.14
58,152,61,50.09,6.44,39.5,60.68,0.0002,0.5421,MONITOR,-10.91
58,153,60,50.45,6.08,40.45,60.45,0.0002,0.5185,MONITOR,-9.55
58,154,59,49.42,5.92,39.68,59.15,0.0002,0.5874,MONITOR,-9.58
58,155,58,48.97,6.04,39.03,58.9,0.0002,0.6207,MONITOR,-9.03
58,156,57,48.97,6.05,39.03,58.92,0.0002,0.6205,MONITOR,-8.03
58,157,56,46.94,5.36,38.13,55.76,0.0002,0.7725,WARNING,-9.06
58,158,55,48.04,6.06,38.07,58.01,0.0002,0.6872,MONITOR,-6.96
58,159,54,49.28,6.2,39.09,59.48,0.0002,0.5966,MONITOR,-4.72
58,160,53,48.04,5.54,38.93,57.14,0.0002,0.7,MONITOR,-4.96
58,161,52,46.94,5.43,38.01,55.88,0.0002,0.7707,WARNING,-5.06
58,162,51,46.62,5.41,37.72,55.53,0.0002,0.7889,WARNING,-4.38
58,163,50,45.73,4.99,37.53,53.93,0.0002,0.8392,WARNING,-4.27
58,164,49,45.58,5.36,36.77,54.4,0.0002,0.8343,WARNING,-3.42
58,165,48,46.62,5.46,37.64,55.61,0.0002,0.7876,WARNING,-1.38
58,166,47,45.53,5.08,37.17,53.89,0.0002,0.8415,WARNING,-1.47
58,167,46,43.43,4.98,35.24,51.62,0.0002,0.9102,WARNING,-2.57
58,168,45,40.42,4.87,32.41,48.44,0.0003,0.9612,WARNING,-4.58
58,169,44,40.63,4.54,33.15,48.1,0.0002,0.967,WARNING,-3.37
58,170,43,39.81,4.53,32.35,47.26,0.0003,0.9734,WARNING,-3.19
58,171,42,38.58,4.65,30.92,46.23,0.0005,0.9796,WARNING,-3.42
58,172,41,37.77,4.62,30.17,45.36,0.0007,0.9867,WARNING,-3.23
58,173,40,36.2,4.58,28.66,43.74,0.0018,0.9958,WARNING,-3.8
58,174,39,36.46,4.69,28.75,44.17,0.002,0.9938,WARNING,-2.54
58,175,38,35.2,4.27,28.18,42.23,0.0017,0.9996,WARNING,-2.8
58,176,37,33.24,4.16,26.39,40.09,0.0046,0.9998,WARNING,-3.76
59,52,125,123.05,5.78,113.54,132.56,0.0002,0.0002,NOMINAL,-1.95
59,53,125,121.71,5.91,111.98,131.44,0.0002,0.0002,NOMINAL,-3.29
59,54,125,121.71,5.67,112.38,131.05,0.0002,0.0002,NOMINAL,-3.29
59,55,125,123.8,4.72,116.04,131.57,0.0002,0.0002,NOMINAL,-1.2
59,56,125,123.53,4.47,116.18,130.87,0.0002,0.0002,NOMINAL,-1.47
59,57,125,123.94,2.77,119.39,128.49,0.0002,0.0002,NOMINAL,-1.06
59,58,125,122.57,2.78,118.0,127.15,0.0002,0.0002,NOMINAL,-2.43
59,59,125,121.82,3.23,116.51,127.13,0.0002,0.0002,NOMINAL,-3.18
59,60,125,123.05,5.75,113.59,132.51,0.0002,0.0002,NOMINAL,-1.95
59,61,125,123.05,5.4,114.17,131.93,0.0002,0.0002,NOMINAL,-1.95
59,62,125,123.05,5.96,113.24,132.86,0.0002,0.0002,NOMINAL,-1.95
59,63,125,123.4,5.61,114.17,132.63,0.0002,0.0002,NOMINAL,-1.6
59,64,125,123.05,5.85,113.43,132.67,0.0002,0.0002,NOMINAL,-1.95
59,65,125,122.67,5.72,113.27,132.07,0.0002,0.0002,NOMINAL,-2.33
59,66,125,122.37,6.77,111.23,133.51,0.0002,0.0002,NOMINAL,-2.63
59,67,125,123.35,5.61,114.13,132.57,0.0002,0.0002,NOMINAL,-1.65
59,68,125,121.33,5.69,111.97,130.69,0.0002,0.0002,NOMINAL,-3.67
59,69,125,121.71,5.69,112.35,131.07,0.0002,0.0002,NOMINAL,-3.29
59,70,125,123.05,5.48,114.03,132.06,0.0002,0.0002,NOMINAL,-1.95
59,71,125,122.79,5.48,113.77,131.8,0.0002,0.0002,NOMINAL,-2.21
59,72,125,122.79,5.87,113.13,132.45,0.0002,0.0002,NOMINAL,-2.21
59,73,125,122.71,6.37,112.23,133.19,0.0002,0.0002,NOMINAL,-2.29
59,74,125,122.79,5.87,113.13,132.45,0.0002,0.0002,NOMINAL,-2.21
59,75,125,123.4,5.48,114.38,132.41,0.0002,0.0002,NOMINAL,-1.6
59,76,125,122.5,6.37,112.02,132.97,0.0002,0.0002,NOMINAL,-2.5
59,77,125,122.79,5.87,113.13,132.45,0.0002,0.0002,NOMINAL,-2.21
59,78,125,123.1,6.48,112.44,133.75,0.0002,0.0002,NOMINAL,-1.9
59,79,125,120.66,12.78,99.64,141.68,0.0002,0.0002,NOMINAL,-4.34
59,80,125,118.59,13.02,97.17,140.0,0.0002,0.0002,NOMINAL,-6.41
59,81,125,118.59,13.02,97.17,140.0,0.0002,0.0002,NOMINAL,-6.41
59,82,125,121.46,9.95,105.1,137.82,0.0002,0.0002,NOMINAL,-3.54
59,83,125,118.45,13.32,96.54,140.37,0.0002,0.0002,NOMINAL,-6.55
59,84,124,119.46,12.04,99.66,139.27,0.0002,0.0002,NOMINAL,-4.54
59,85,123,119.46,11.81,100.04,138.89,0.0002,0.0002,NOMINAL,-3.54
59,86,122,119.46,11.81,100.04,138.89,0.0002,0.0002,NOMINAL,-2.54
59,87,121,118.59,13.02,97.17,140.0,0.0002,0.0002,NOMINAL,-2.41
59,88,120,119.37,13.35,97.41,141.34,0.0002,0.0002,NOMINAL,-0.63
59,89,119,114.25,13.58,91.92,136.58,0.0002,0.0002,NOMINAL,-4.75
59,90,118,115.73,13.57,93.41,138.06,0.0002,0.0002,NOMINAL,-2.27
59,91,117,114.45,13.58,92.12,136.77,0.0002,0.0002,NOMINAL,-2.55
59,92,116,114.73,13.58,92.4,137.06,0.0002,0.0002,NOMINAL,-1.27
59,93,115,107.53,12.56,86.87,128.19,0.0002,0.0002,NOMINAL,-7.47
59,94,114,108.27,12.62,87.51,129.03,0.0002,0.0002,NOMINAL,-5.73
60,52,125,120.76,10.56,103.39,138.14,0.0002,0.0002,NOMINAL,-4.24
60,53,125,120.66,11.02,102.53,138.79,0.0002,0.0002,NOMINAL,-4.34
60,54,125,120.19,12.2,100.12,140.25,0.0002,0.0002,NOMINAL,-4.81
60,55,125,120.61,11.92,101.0,140.22,0.0002,0.0002,NOMINAL,-4.39
60,56,125,121.65,11.24,103.17,140.13,0.0002,0.0002,NOMINAL,-3.35
60,57,125,121.61,11.16,103.26,139.97,0.0002,0.0002,NOMINAL,-3.39
60,58,125,122.21,10.33,105.23,139.19,0.0002,0.0002,NOMINAL,-2.79
60,59,125,120.42,11.97,100.73,140.1,0.0002,0.0002,NOMINAL,-4.58
60,60,125,121.37,11.02,103.24,139.5,0.0002,0.0002,NOMINAL,-3.63
60,61,125,121.46,11.16,103.1,139.82,0.0002,0.0002,NOMINAL,-3.54
60,62,125,121.09,11.72,101.81,140.36,0.0002,0.0002,NOMINAL,-3.91
60,63,125,121.62,10.45,104.43,138.82,0.0002,0.0002,NOMINAL,-3.38
60,64,125,120.7,11.73,101.39,140.0,0.0002,0.0002,NOMINAL,-4.3
60,65,125,119.41,11.92,99.8,139.01,0.0002,0.0002,NOMINAL,-5.59
60,66,125,120.34,11.97,100.65,140.02,0.0002,0.0002,NOMINAL,-4.66
60,67,125,119.02,13.56,96.71,141.32,0.0002,0.0002,NOMINAL,-5.98
60,68,125,118.77,13.56,96.46,141.08,0.0002,0.0002,NOMINAL,-6.23
60,69,125,118.64,13.56,96.34,140.95,0.0002,0.0002,NOMINAL,-6.36
60,70,125,118.64,13.56,96.34,140.95,0.0002,0.0002,NOMINAL,-6.36
60,71,125,118.95,12.2,98.88,139.01,0.0002,0.0002,NOMINAL,-6.05
60,72,125,118.64,13.56,96.34,140.95,0.0002,0.0002,NOMINAL,-6.36
60,73,125,116.67,13.49,94.49,138.86,0.0002,0.0002,NOMINAL,-8.33
60,74,125,117.6,13.65,95.15,140.06,0.0002,0.0002,NOMINAL,-7.4
60,75,125,115.53,13.5,93.31,137.74,0.0002,0.0002,NOMINAL,-9.47
60,76,125,118.11,13.56,95.81,140.42,0.0002,0.0002,NOMINAL,-6.89
60,77,125,118.55,13.53,96.29,140.81,0.0002,0.0002,NOMINAL,-6.45
60,78,125,119.47,11.73,100.17,138.78,0.0002,0.0002,NOMINAL,-5.53
60,79,125,119.03,11.09,100.79,137.27,0.0002,0.0002,NOMINAL,-5.97
60,80,125,121.78,9.91,105.49,138.08,0.0002,0.0002,NOMINAL,-3.22
60,81,125,121.64,10.02,105.16,138.11,0.0002,0.0002,NOMINAL,-3.36
60,82,125,121.81,9.95,105.45,138.16,0.0002,0.0002,NOMINAL,-3.19
60,83,125,122.29,9.28,107.03,137.55,0.0002,0.0002,NOMINAL,-2.71
60,84,125,122.99,6.47,112.35,133.63,0.0002,0.0002,NOMINAL,-2.01
60,85,125,123.02,6.47,112.38,133.66,0.0002,0.0002,NOMINAL,-1.98
60,86,125,123.08,5.97,113.27,132.89,0.0002,0.0002,NOMINAL,-1.92
60,87,125,124.61,4.66,116.94,132.29,0.0002,0.0002,NOMINAL,-0.39
60,88,125,124.63,4.17,117.76,131.49,0.0002,0.0002,NOMINAL,-0.37
60,89,125,123.39,4.87,115.38,131.4,0.0002,0.0002,NOMINAL,-1.61
60,90,125,123.92,4.51,116.5,131.33,0.0002,0.0002,NOMINAL,-1.08
60,91,125,125.07,4.03,118.44,131.7,0.0002,0.0002,NOMINAL,0.07
60,92,125,124.95,3.84,118.63,131.27,0.0002,0.0002,NOMINAL,-0.05
60,93,125,123.98,2.57,119.76,128.2,0.0002,0.0002,NOMINAL,-1.02
60,94,125,125.37,2.29,121.6,129.13,0.0002,0.0002,NOMINAL,0.37
60,95,125,125.17,2.29,121.41,128.94,0.0002,0.0002,NOMINAL,0.17
60,96,125,125.21,2.3,121.43,128.98,0.0002,0.0002,NOMINAL,0.21
60,97,125,124.45,2.59,120.2,128.7,0.0002,0.0002,NOMINAL,-0.55
60,98,125,125.04,2.57,120.82,129.27,0.0002,0.0002,NOMINAL,0.04
60,99,125,125.15,2.57,120.93,129.38,0.0002,0.0002,NOMINAL,0.15
60,100,125,124.56,2.57,120.33,128.78,0.0002,0.0002,NOMINAL,-0.44
60,101,125,124.02,2.33,120.18,127.86,0.0002,0.0002,NOMINAL,-0.98
60,102,125,123.99,2.3,120.21,127.76,0.0002,0.0002,NOMINAL,-1.01
60,103,125,124.64,2.3,120.87,128.42,0.0002,0.0002,NOMINAL,-0.36
60,104,125,124.49,2.57,120.27,128.71,0.0002,0.0002,NOMINAL,-0.51
60,105,125,124.85,2.59,120.59,129.11,0.0002,0.0002,NOMINAL,-0.15
60,106,125,124.81,2.3,121.03,128.59,0.0002,0.0002,NOMINAL,-0.19
60,107,125,122.36,2.33,118.52,126.2,0.0002,0.0002,NOMINAL,-2.64
60,108,125,123.2,2.72,118.72,127.67,0.0002,0.0002,NOMINAL,-1.8
60,109,125,120.84,5.98,111.0,130.68,0.0002,0.0002,NOMINAL,-4.16
60,110,125,123.45,4.2,116.55,130.35,0.0002,0.0002,NOMINAL,-1.55
60,111,125,122.43,5.59,113.24,131.61,0.0002,0.0002,NOMINAL,-2.57
60,112,125,122.78,5.11,114.37,131.19,0.0002,0.0002,NOMINAL,-2.22
60,113,125,121.65,7.01,110.12,133.17,0.0002,0.0002,NOMINAL,-3.35
60,114,125,121.94,9.99,105.52,138.37,0.0002,0.0002,NOMINAL,-3.06
60,115,125,119.49,10.53,102.17,136.81,0.0002,0.0002,NOMINAL,-5.51
60,116,125,122.27,9.83,106.1,138.44,0.0002,0.0002,NOMINAL,-2.73
60,117,125,119.66,11.59,100.6,138.72,0.0002,0.0002,NOMINAL,-5.34
60,118,125,119.37,13.28,97.53,141.21,0.0002,0.0002,NOMINAL,-5.63
60,119,125,117.78,13.56,95.48,140.09,0.0002,0.0002,NOMINAL,-7.22
60,120,125,118.01,13.56,95.7,140.32,0.0002,0.0002,NOMINAL,-6.99
60,121,125,117.64,13.66,95.17,140.11,0.0002,0.0002,NOMINAL,-7.36
60,122,125,105.39,11.73,86.09,124.69,0.0002,0.0002,NOMINAL,-19.61
60,123,124,102.75,11.65,83.58,121.91,0.0002,0.0002,NOMINAL,-21.25
60,124,123,100.04,11.72,80.77,119.32,0.0002,0.0003,NOMINAL,-22.96
60,125,122,95.74,11.69,76.51,114.97,0.0002,0.0006,NOMINAL,-26.26
60,126,121,93.87,11.3,75.29,112.45,0.0002,0.0006,NOMINAL,-27.13
60,127,120,90.4,10.74,72.73,108.07,0.0002,0.0009,NOMINAL,-29.6
60,128,119,88.72,10.9,70.79,106.66,0.0002,0.0017,NOMINAL,-30.28
60,129,118,82.26,10.37,65.21,99.31,0.0002,0.0049,NOMINAL,-35.74
60,130,117,81.57,10.37,64.52,98.62,0.0002,0.0054,NOMINAL,-35.43
60,131,116,81.78,8.98,67.0,96.55,0.0002,0.0018,NOMINAL,-34.22
60,132,115,81.75,9.27,66.5,97.01,0.0002,0.0026,NOMINAL,-33.25
60,133,114,82.35,9.6,66.56,98.14,0.0002,0.0032,NOMINAL,-31.65
60,134,113,82.29,9.6,66.5,98.09,0.0002,0.0033,NOMINAL,-30.71
60,135,112,83.42,9.6,67.63,99.21,0.0002,0.0022,NOMINAL,-28.58
60,136,111,79.14,8.45,65.24,93.04,0.0002,0.0024,NOMINAL,-31.86
60,137,110,79.32,9.1,64.35,94.3,0.0002,0.0044,NOMINAL,-30.68
60,138,109,80.42,10.08,63.84,96.99,0.0002,0.0057,NOMINAL,-28.58
60,139,108,78.63,9.56,62.91,94.36,0.0002,0.0059,NOMINAL,-29.37
60,140,107,84.14,10.08,67.57,100.72,0.0002,0.003,NOMINAL,-22.86
60,141,106,90.55,10.08,73.98,107.13,0.0002,0.0004,NOMINAL,-15.45
60,142,105,91.45,10.3,74.52,108.39,0.0002,0.0004,NOMINAL,-13.55
60,143,104,92.06,10.08,75.48,108.63,0.0002,0.0003,NOMINAL,-11.94
60,144,103,90.79,10.08,74.21,107.36,0.0002,0.0004,NOMINAL,-12.21
60,145,102,92.23,10.36,75.2,109.27,0.0002,0.0004,NOMINAL,-9.77
60,146,101,93.22,10.55,75.87,110.58,0.0002,0.0004,NOMINAL,-7.78
60,147,100,99.49,10.85,81.65,117.34,0.0002,0.0002,NOMINAL,-0.51
61,52,125,120.54,13.32,98.62,142.45,0.0002,0.0002,NOMINAL,-4.46
61,53,125,119.77,13.32,97.86,141.69,0.0002,0.0002,NOMINAL,-5.23
61,54,125,119.55,13.57,97.23,141.88,0.0002,0.0002,NOMINAL,-5.45
61,55,125,119.77,13.32,97.86,141.69,0.0002,0.0002,NOMINAL,-5.23
61,56,124,120.54,13.32,98.62,142.45,0.0002,0.0002,NOMINAL,-3.46
61,57,123,120.09,13.32,98.17,142.0,0.0002,0.0002,NOMINAL,-2.91
61,58,122,120.54,13.32,98.62,142.45,0.0002,0.0002,NOMINAL,-1.46
61,59,121,119.77,13.32,97.86,141.69,0.0002,0.0002,NOMINAL,-1.23
61,60,120,119.77,13.32,97.86,141.69,0.0002,0.0002,NOMINAL,-0.23
61,61,119,118.46,13.57,96.14,140.79,0.0002,0.0002,NOMINAL,-0.54
61,62,118,119.63,13.56,97.32,141.93,0.0002,0.0002,NOMINAL,1.63
61,63,117,118.81,13.36,96.84,140.79,0.0002,0.0002,NOMINAL,1.81
61,64,116,117.62,13.57,95.29,139.94,0.0002,0.0002,NOMINAL,1.62
61,65,115,117.65,13.57,95.32,139.97,0.0002,0.0002,NOMINAL,2.65
61,66,114,116.74,13.58,94.41,139.07,0.0002,0.0002,NOMINAL,2.74
61,67,113,117.95,13.57,95.62,140.27,0.0002,0.0002,NOMINAL,4.95
61,68,112,117.62,13.57,95.29,139.94,0.0002,0.0002,NOMINAL,5.62
61,69,111,117.6,13.57,95.28,139.93,0.0002,0.0002,NOMINAL,6.6
61,70,110,115.33,13.58,93.0,137.66,0.0002,0.0002,NOMINAL,5.33
61,71,109,117.07,13.64,94.63,139.51,0.0002,0.0002,NOMINAL,8.07
61,72,108,117.6,13.57,95.28,139.93,0.0002,0.0002,NOMINAL,9.6
61,73,107,117.62,13.57,95.29,139.94,0.0002,0.0002,NOMINAL,10.62
61,74,106,117.71,13.57,95.39,140.03,0.0002,0.0002,NOMINAL,11.71
61,75,105,117.71,13.57,95.38,140.03,0.0002,0.0002,NOMINAL,12.71
61,76,104,115.52,13.58,93.19,137.85,0.0002,0.0002,NOMINAL,11.52
61,77,103,117.16,13.64,94.72,139.6,0.0002,0.0002,NOMINAL,14.16
61,78,102,108.56,12.56,87.9,129.22,0.0002,0.0002,NOMINAL,6.56
61,79,101,110.39,13.01,89.0,131.78,0.0002,0.0002,NOMINAL,9.39
61,80,100,115.69,13.58,93.36,138.02,0.0002,0.0002,NOMINAL,15.69
61,81,99,114.69,13.59,92.33,137.04,0.0002,0.0002,NOMINAL,15.69
61,82,98,104.52,11.66,85.34,123.7,0.0002,0.0002,NOMINAL,6.52
61,83,97,99.51,11.66,80.33,118.69,0.0002,0.0003,NOMINAL,2.51
61,84,96,91.8,11.66,72.62,110.98,0.0002,0.0015,NOMINAL,-4.2
61,85,95,92.48,11.35,73.82,111.14,0.0002,0.0009,NOMINAL,-2.52
61,86,94,91.31,11.24,72.82,109.8,0.0002,0.0012,NOMINAL,-2.69
61,87,93,87.43,11.24,68.95,105.92,0.0002,0.0036,NOMINAL,-5.57
61,88,92,82.01,10.6,64.58,99.44,0.0002,0.0056,NOMINAL,-9.99
61,89,91,84.86,10.11,68.23,101.5,0.0002,0.0024,NOMINAL,-6.14
61,90,90,85.61,10.11,68.97,102.24,0.0002,0.0019,NOMINAL,-4.39
61,91,89,84.58,10.11,67.95,101.22,0.0002,0.0027,NOMINAL,-4.42
61,92,88,83.51,10.05,66.98,100.04,0.0002,0.0036,NOMINAL,-4.49
61,93,87,81.3,9.87,65.05,97.54,0.0002,0.0046,NOMINAL,-5.7
61,94,86,78.1,9.61,62.29,93.9,0.0002,0.0065,NOMINAL,-7.9
61,95,85,77.39,9.37,61.98,92.8,0.0002,0.0065,NOMINAL,-7.61
61,96,84,81.73,9.71,65.77,97.7,0.0002,0.0042,NOMINAL,-2.27
61,97,83,76.04,8.83,61.52,90.57,0.0002,0.0063,NOMINAL,-6.96
61,98,82,73.03,8.85,58.48,87.59,0.0002,0.0125,NOMINAL,-8.97
61,99,81,76.45,8.88,61.83,91.06,0.0002,0.0061,NOMINAL,-4.55
61,100,80,71.45,8.79,57.0,85.9,0.0002,0.0193,NOMINAL,-8.55
61,101,79,69.65,8.55,55.59,83.71,0.0002,0.0265,NOMINAL,-9.35
61,102,78,70.66,9.35,55.28,86.04,0.0002,0.0291,NOMINAL,-7.34
61,103,77,73.19,9.41,57.71,88.66,0.0002,0.0182,NOMINAL,-3.81
61,104,76,70.82,8.89,56.2,85.44,0.0002,0.0242,NOMINAL,-5.18
61,105,75,67.57,8.89,52.95,82.18,0.0002,0.0436,NOMINAL,-7.43
61,106,74,72.17,8.84,57.63,86.71,0.0002,0.0168,NOMINAL,-1.83
61,107,73,66.18,8.68,51.9,80.46,0.0002,0.0483,NOMINAL,-6.82
61,108,72,64.12,8.49,50.16,78.07,0.0002,0.065,NOMINAL,-7.88
61,109,71,65.76,8.59,51.64,79.89,0.0002,0.0492,NOMINAL,-5.24
61,110,70,65.31,7.79,52.51,78.12,0.0002,0.0439,NOMINAL,-4.69
61,111,69,63.6,7.38,51.47,75.73,0.0002,0.0489,NOMINAL,-5.4
61,112,68,61.99,6.78,50.84,73.15,0.0002,0.0546,NOMINAL,-6.01
61,113,67,61.74,7.01,50.22,73.27,0.0002,0.0644,NOMINAL,-5.26
61,114,66,58.82,6.73,47.75,69.9,0.0002,0.1085,NOMINAL,-7.18
61,115,65,57.59,6.52,46.87,68.32,0.0002,0.1394,NOMINAL,-7.41
61,116,64,54.87,6.49,44.2,65.54,0.0002,0.2593,NOMINAL,-9.13
61,117,63,53.72,6.49,43.05,64.39,0.0002,0.3267,NOMINAL,-9.28
61,118,62,51.58,6.36,41.13,62.03,0.0002,0.4519,NOMINAL,-10.42
61,119,61,53.46,6.53,42.71,64.2,0.0002,0.3431,NOMINAL,-7.54
61,120,60,49.44,6.5,38.74,60.13,0.0002,0.5848,MONITOR,-10.56
61,121,59,47.13,5.77,37.65,56.61,0.0002,0.7508,WARNING,-11.87
61,122,58,47.82,5.77,38.33,57.3,0.0002,0.7074,MONITOR,-10.18
61,123,57,49.39,6.63,38.48,60.29,0.0002,0.5862,MONITOR,-7.61
61,124,56,47.12,5.91,37.4,56.83,0.0002,0.7465,MONITOR,-8.88
61,125,55,46.83,5.89,37.14,56.52,0.0002,0.7629,WARNING,-8.17
61,126,54,46.77,5.69,37.4,56.14,0.0002,0.7714,WARNING,-7.23
61,127,53,48.04,6.48,37.38,58.69,0.0003,0.6779,MONITOR,-4.96
61,128,52,46.6,5.69,37.23,55.96,0.0002,0.7826,WARNING,-5.4
61,129,51,46.03,5.8,36.49,55.57,0.0002,0.8051,WARNING,-4.97
61,130,50,47.72,5.87,38.06,57.37,0.0002,0.7126,MONITOR,-2.28
61,131,49,46.05,5.65,36.75,55.35,0.0002,0.8077,WARNING,-2.95
61,132,48,46.14,5.6,36.93,55.34,0.0002,0.8069,WARNING,-1.86
61,133,47,48.04,6.53,37.3,58.77,0.0003,0.6765,MONITOR,1.04
61,134,46,46.14,5.6,36.93,55.35,0.0002,0.8069,WARNING,0.14
61,135,45,45.85,5.5,36.81,54.9,0.0002,0.8234,WARNING,0.85
61,136,44,46.03,5.48,37.01,55.05,0.0002,0.8153,WARNING,2.03
61,137,43,45.81,5.5,36.77,54.85,0.0002,0.8251,WARNING,2.81
61,138,42,45.81,5.52,36.73,54.89,0.0002,0.8244,WARNING,3.81
61,139,41,45.16,5.52,36.08,54.24,0.0002,0.8409,WARNING,4.16
61,140,40,45.92,5.52,36.85,55.0,0.0002,0.8198,WARNING,5.92
61,141,39,43.87,5.1,35.47,52.26,0.0002,0.8952,WARNING,4.87
61,142,38,41.54,5.05,33.24,49.85,0.0003,0.9465,WARNING,3.54
61,143,37,43.21,5.05,34.91,51.52,0.0002,0.9131,WARNING,6.21
61,144,36,40.01,4.43,32.73,47.29,0.0002,0.9735,WARNING,4.01
61,145,35,38.66,4.43,31.38,45.94,0.0003,0.9841,WARNING,3.66
61,146,34,38.52,4.43,31.24,45.81,0.0003,0.9855,WARNING,4.52
61,147,33,36.7,4.29,29.64,43.76,0.0006,0.9967,WARNING,3.7
61,148,32,35.11,4.14,28.29,41.92,0.0013,0.9997,WARNING,3.11
61,149,31,31.76,3.78,25.54,37.98,0.0049,0.9998,WARNING,0.76
61,150,30,29.96,4.12,23.18,36.74,0.0206,0.9998,WARNING,-0.04
61,151,29,30.3,4.1,23.55,37.05,0.0168,0.9998,WARNING,1.3
61,152,28,30.11,3.99,23.54,36.68,0.0159,0.9998,WARNING,2.11
61,153,27,29.99,4.12,23.21,36.77,0.0202,0.9998,WARNING,2.99
61,154,26,28.36,3.36,22.85,33.88,0.0173,0.9998,WARNING,2.36
61,155,25,28.25,3.36,22.73,33.77,0.0184,0.9998,WARNING,3.25
61,156,24,28.12,3.57,22.24,34.0,0.0272,0.9998,WARNING,4.12
61,157,23,26.97,3.31,21.53,32.42,0.036,0.9998,WARNING,3.97
61,158,22,25.7,3.11,20.58,30.82,0.0496,0.9998,WARNING,3.7
61,159,21,24.85,2.99,19.93,29.76,0.0687,0.9998,WARNING,3.85
62,52,125,122.19,3.92,115.74,128.64,0.0002,0.0002,NOMINAL,-2.81
62,53,125,122.8,2.97,117.91,127.69,0.0002,0.0002,NOMINAL,-2.2
62,54,125,122.57,2.97,117.68,127.45,0.0002,0.0002,NOMINAL,-2.43
62,55,125,122.43,3.91,116.0,128.85,0.0002,0.0002,NOMINAL,-2.57
62,56,125,122.57,2.96,117.69,127.44,0.0002,0.0002,NOMINAL,-2.43
62,57,125,121.87,3.92,115.42,128.32,0.0002,0.0002,NOMINAL,-3.13
62,58,125,122.1,3.92,115.65,128.55,0.0002,0.0002,NOMINAL,-2.9
62,59,125,122.44,2.96,117.58,127.31,0.0002,0.0002,NOMINAL,-2.56
62,60,125,122.57,2.96,117.71,127.43,0.0002,0.0002,NOMINAL,-2.43
62,61,125,122.79,2.96,117.93,127.66,0.0002,0.0002,NOMINAL,-2.21
62,62,125,122.44,2.94,117.6,127.29,0.0002,0.0002,NOMINAL,-2.56
62,63,125,123.17,3.51,117.4,128.95,0.0002,0.0002,NOMINAL,-1.83
62,64,125,122.73,3.51,116.96,128.51,0.0002,0.0002,NOMINAL,-2.27
62,65,125,123.59,2.48,119.5,127.68,0.0002,0.0002,NOMINAL,-1.41
62,66,125,124.1,2.48,120.03,128.17,0.0002,0.0002,NOMINAL,-0.9
62,67,125,122.57,2.79,117.98,127.16,0.0002,0.0002,NOMINAL,-2.43
62,68,125,123.12,3.55,117.27,128.96,0.0002,0.0002,NOMINAL,-1.88
62,69,125,124.38,2.48,120.31,128.45,0.0002,0.0002,NOMINAL,-0.62
62,70,125,123.59,2.72,119.12,128.07,0.0002,0.0002,NOMINAL,-1.41
62,71,125,124.1,2.49,120.01,128.19,0.0002,0.0002,NOMINAL,-0.9
62,72,125,124.41,2.09,120.96,127.85,0.0002,0.0002,NOMINAL,-0.59
62,73,125,124.1,1.99,120.82,127.38,0.0002,0.0002,NOMINAL,-0.9
62,74,125,123.89,2.47,119.83,127.96,0.0002,0.0002,NOMINAL,-1.11
62,75,125,124.22,2.46,120.18,128.26,0.0002,0.0002,NOMINAL,-0.78
62,76,125,124.1,2.06,120.72,127.48,0.0002,0.0002,NOMINAL,-0.9
62,77,125,123.59,2.66,119.22,127.96,0.0002,0.0002,NOMINAL,-1.41
62,78,125,124.23,2.49,120.13,128.33,0.0002,0.0002,NOMINAL,-0.77
62,79,125,124.07,2.65,119.71,128.43,0.0002,0.0002,NOMINAL,-0.93
62,80,125,124.61,2.04,121.26,127.96,0.0002,0.0002,NOMINAL,-0.39
62,81,125,124.91,1.9,121.79,128.03,0.0002,0.0002,NOMINAL,-0.09
62,82,125,125.29,1.87,122.21,128.36,0.0002,0.0002,NOMINAL,0.29
62,83,125,125.29,1.91,122.14,128.43,0.0002,0.0002,NOMINAL,0.29
62,84,125,125.29,1.9,122.16,128.42,0.0002,0.0002,NOMINAL,0.29
62,85,125,124.5,1.9,121.39,127.62,0.0002,0.0002,NOMINAL,-0.5
62,86,125,125.29,1.9,122.15,128.42,0.0002,0.0002,NOMINAL,0.29
62,87,125,125.06,1.82,122.06,128.06,0.0002,0.0002,NOMINAL,0.06
62,88,125,124.58,1.82,121.58,127.58,0.0002,0.0002,NOMINAL,-0.42
62,89,125,124.81,2.03,121.46,128.15,0.0002,0.0002,NOMINAL,-0.19
62,90,125,124.81,1.98,121.56,128.06,0.0002,0.0002,NOMINAL,-0.19
62,91,125,124.81,1.82,121.81,127.81,0.0002,0.0002,NOMINAL,-0.19
62,92,125,124.58,1.91,121.44,127.73,0.0002,0.0002,NOMINAL,-0.42
62,93,125,124.81,1.79,121.86,127.76,0.0002,0.0002,NOMINAL,-0.19
62,94,125,124.5,1.94,121.32,127.69,0.0002,0.0002,NOMINAL,-0.5
62,95,125,124.81,1.94,121.62,128.0,0.0002,0.0002,NOMINAL,-0.19
62,96,125,124.81,1.89,121.7,127.92,0.0002,0.0002,NOMINAL,-0.19
62,97,125,124.98,1.75,122.11,127.85,0.0002,0.0002,NOMINAL,-0.02
62,98,125,124.81,1.89,121.7,127.92,0.0002,0.0002,NOMINAL,-0.19
62,99,125,124.5,1.85,121.47,127.54,0.0002,0.0002,NOMINAL,-0.5
62,100,125,124.81,1.89,121.7,127.92,0.0002,0.0002,NOMINAL,-0.19
62,101,125,124.81,1.71,122.0,127.61,0.0002,0.0002,NOMINAL,-0.19
62,102,125,124.58,1.81,121.6,127.56,0.0002,0.0002,NOMINAL,-0.42
62,103,125,124.81,1.85,121.77,127.85,0.0002,0.0002,NOMINAL,-0.19
62,104,125,124.81,1.85,121.77,127.85,0.0002,0.0002,NOMINAL,-0.19
62,105,125,124.81,1.77,121.9,127.72,0.0002,0.0002,NOMINAL,-0.19
62,106,125,124.81,1.77,121.9,127.72,0.0002,0.0002,NOMINAL,-0.19
62,107,125,124.81,1.67,122.06,127.56,0.0002,0.0002,NOMINAL,-0.19
62,108,125,124.81,1.81,121.83,127.79,0.0002,0.0002,NOMINAL,-0.19
62,109,125,124.81,1.77,121.9,127.72,0.0002,0.0002,NOMINAL,-0.19
62,110,125,124.5,1.77,121.59,127.42,0.0002,0.0002,NOMINAL,-0.5
62,111,125,124.81,1.77,121.9,127.72,0.0002,0.0002,NOMINAL,-0.19
62,112,125,124.17,2.22,120.52,127.81,0.0002,0.0002,NOMINAL,-0.83
62,113,125,124.17,1.93,120.99,127.35,0.0002,0.0002,NOMINAL,-0.83
62,114,125,124.17,2.1,120.72,127.62,0.0002,0.0002,NOMINAL,-0.83
62,115,125,124.08,3.81,117.82,130.35,0.0002,0.0002,NOMINAL,-0.92
62,116,125,124.08,3.99,117.52,130.64,0.0002,0.0002,NOMINAL,-0.92
62,117,125,124.08,3.56,118.22,129.95,0.0002,0.0002,NOMINAL,-0.92
62,118,125,124.72,3.23,119.41,130.04,0.0002,0.0002,NOMINAL,-0.28
62,119,125,123.77,3.96,117.26,130.29,0.0002,0.0002,NOMINAL,-1.23
62,120,125,124.0,3.98,117.46,130.54,0.0002,0.0002,NOMINAL,-1.0
62,121,125,124.64,3.34,119.14,130.14,0.0002,0.0002,NOMINAL,-0.36
62,122,125,124.73,1.98,121.48,127.98,0.0002,0.0002,NOMINAL,-0.27
62,123,125,124.73,1.98,121.48,127.98,0.0002,0.0002,NOMINAL,-0.27
62,124,125,124.5,1.98,121.25,127.75,0.0002,0.0002,NOMINAL,-0.5
62,125,125,124.73,1.98,121.48,127.98,0.0002,0.0002,NOMINAL,-0.27
62,126,125,124.73,1.98,121.48,127.98,0.0002,0.0002,NOMINAL,-0.27
62,127,125,124.56,2.16,121.01,128.11,0.0002,0.0002,NOMINAL,-0.44
62,128,125,124.56,2.16,121.01,128.11,0.0002,0.0002,NOMINAL,-0.44
62,129,125,124.73,1.98,121.48,127.98,0.0002,0.0002,NOMINAL,-0.27
62,130,125,124.42,1.98,121.17,127.67,0.0002,0.0002,NOMINAL,-0.58
62,131,125,124.73,1.98,121.48,127.98,0.0002,0.0002,NOMINAL,-0.27
62,132,125,124.6,1.98,121.35,127.85,0.0002,0.0002,NOMINAL,-0.4
62,133,125,124.09,2.53,119.93,128.25,0.0002,0.0002,NOMINAL,-0.91
62,134,125,124.0,4.13,117.21,130.79,0.0002,0.0002,NOMINAL,-1.0
62,135,125,123.99,4.3,116.92,131.06,0.0002,0.0002,NOMINAL,-1.01
62,136,125,124.0,4.3,116.93,131.07,0.0002,0.0002,NOMINAL,-1.0
62,137,125,124.0,4.3,116.93,131.07,0.0002,0.0002,NOMINAL,-1.0
62,138,125,123.58,4.61,116.01,131.16,0.0002,0.0002,NOMINAL,-1.42
62,139,125,124.0,4.3,116.93,131.07,0.0002,0.0002,NOMINAL,-1.0
62,140,125,123.31,4.26,116.31,130.32,0.0002,0.0002,NOMINAL,-1.69
62,141,125,123.16,7.67,110.55,135.78,0.0002,0.0002,NOMINAL,-1.84
62,142,125,123.29,4.82,115.36,131.22,0.0002,0.0002,NOMINAL,-1.71
62,143,125,122.78,7.67,110.17,135.39,0.0002,0.0002,NOMINAL,-2.22
62,144,125,122.78,7.8,109.95,135.61,0.0002,0.0002,NOMINAL,-2.22
62,145,125,120.47,10.02,103.99,136.96,0.0002,0.0002,NOMINAL,-4.53
62,146,125,120.47,10.02,103.99,136.96,0.0002,0.0002,NOMINAL,-4.53
62,147,125,120.83,8.44,106.95,134.71,0.0002,0.0002,NOMINAL,-4.17
62,148,125,121.08,9.13,106.06,136.1,0.0002,0.0002,NOMINAL,-3.92
62,149,125,121.61,8.44,107.73,135.48,0.0002,0.0002,NOMINAL,-3.39
62,150,125,120.5,9.26,105.27,135.74,0.0002,0.0002,NOMINAL,-4.5
62,151,125,119.53,13.35,97.57,141.5,0.0002,0.0002,NOMINAL,-5.47
62,152,125,115.89,13.57,93.57,138.22,0.0002,0.0002,NOMINAL,-9.11
62,153,125,112.92,13.47,90.76,135.08,0.0002,0.0002,NOMINAL,-12.08
62,154,125,104.34,11.66,85.16,123.52,0.0002,0.0002,NOMINAL,-20.66
62,155,125,108.14,12.37,87.78,128.49,0.0002,0.0002,NOMINAL,-16.86
62,156,125,110.13,13.01,88.73,131.52,0.0002,0.0002,NOMINAL,-14.87
62,157,125,104.07,11.66,84.89,123.25,0.0002,0.0002,NOMINAL,-20.93
62,158,125,102.37,11.66,83.19,121.55,0.0002,0.0002,NOMINAL,-22.63
62,159,125,97.51,11.63,78.37,116.65,0.0002,0.0004,NOMINAL,-27.49
62,160,125,91.78,11.26,73.25,110.3,0.0002,0.001,NOMINAL,-33.22
62,161,125,88.52,11.24,70.03,107.01,0.0002,0.0026,NOMINAL,-36.48
62,162,124,87.19,11.24,68.7,105.68,0.0002,0.0039,NOMINAL,-36.81
62,163,123,85.26,11.24,66.77,103.75,0.0002,0.0048,NOMINAL,-37.74
62,164,122,87.68,10.97,69.64,105.73,0.0002,0.0026,NOMINAL,-34.32
62,165,121,91.48,11.13,73.17,109.8,0.0002,0.001,NOMINAL,-29.52
62,166,120,92.15,11.13,73.84,110.47,0.0002,0.0008,NOMINAL,-27.85
62,167,119,88.87,11.13,70.56,107.19,0.0002,0.0021,NOMINAL,-30.13
62,168,118,88.19,11.01,70.08,106.3,0.0002,0.0023,NOMINAL,-29.81
62,169,117,87.19,10.81,69.4,104.97,0.0002,0.0025,NOMINAL,-29.81
62,170,116,83.1,10.81,65.32,100.89,0.0002,0.0053,NOMINAL,-32.9
62,171,115,85.4,10.61,67.94,102.85,0.0002,0.0036,NOMINAL,-29.6
62,172,114,85.48,10.26,68.61,102.34,0.0002,0.0023,NOMINAL,-28.52
62,173,113,84.28,10.11,67.65,100.92,0.0002,0.003,NOMINAL,-28.72
62,174,112,80.69,9.76,64.64,96.75,0.0002,0.0047,NOMINAL,-31.31
62,175,111,76.21,9.58,60.46,91.97,0.0002,0.0084,NOMINAL,-34.79
62,176,110,81.45,9.9,65.17,97.72,0.0002,0.0046,NOMINAL,-28.55
62,177,109,80.45,9.71,64.49,96.42,0.0002,0.0048,NOMINAL,-28.55
62,178,108,81.51,9.84,65.32,97.7,0.0002,0.0045,NOMINAL,-26.49
62,179,107,82.5,9.71,66.53,98.46,0.0002,0.0034,NOMINAL,-24.5
62,180,106,80.35,9.46,64.79,95.9,0.0002,0.0045,NOMINAL,-25.65
62,181,105,79.18,9.96,62.8,95.56,0.0002,0.0064,NOMINAL,-25.82
62,182,104,79.48,9.96,63.1,95.86,0.0002,0.0062,NOMINAL,-24.52
62,183,103,78.17,9.39,62.73,93.61,0.0002,0.0058,NOMINAL,-24.83
62,184,102,72.99,8.79,58.53,87.44,0.0002,0.0117,NOMINAL,-29.01
62,185,101,75.04,9.3,59.74,90.34,0.0002,0.0095,NOMINAL,-25.96
62,186,100,72.19,9.3,56.89,87.49,0.0002,0.0212,NOMINAL,-27.81
62,187,99,76.34,9.37,60.93,91.75,0.0002,0.0078,NOMINAL,-22.66
62,188,98,71.07,8.79,56.62,85.52,0.0002,0.021,NOMINAL,-26.93
62,189,97,71.64,9.36,56.25,87.04,0.0002,0.0263,NOMINAL,-25.36
62,190,96,75.97,9.43,60.47,91.47,0.0002,0.0081,NOMINAL,-20.03
62,191,95,69.54,8.84,55.0,84.08,0.0002,0.029,NOMINAL,-25.46
62,192,94,69.24,8.83,54.71,83.77,0.0002,0.0316,NOMINAL,-24.76
62,193,93,69.88,8.58,55.77,83.99,0.0002,0.0261,NOMINAL,-23.12
62,194,92,70.55,9.08,55.61,85.49,0.0002,0.0274,NOMINAL,-21.45
62,195,91,71.54,9.08,56.6,86.48,0.0002,0.0216,NOMINAL,-19.46
62,196,90,75.87,9.35,60.49,91.25,0.0002,0.008,NOMINAL,-14.13
62,197,89,77.81,9.41,62.34,93.29,0.0002,0.0063,NOMINAL,-11.19
62,198,88,77.63,9.41,62.15,93.1,0.0002,0.0064,NOMINAL,-10.37
62,199,87,72.14,9.3,56.85,87.44,0.0002,0.0213,NOMINAL,-14.86
62,200,86,74.86,9.41,59.39,90.34,0.0002,0.0103,NOMINAL,-11.14
62,201,85,76.95,9.41,61.47,92.42,0.0002,0.007,NOMINAL,-8.05
62,202,84,73.82,9.41,58.34,89.29,0.0002,0.016,NOMINAL,-10.18
62,203,83,77.33,9.41,61.85,92.8,0.0002,0.0066,NOMINAL,-5.67
62,204,82,76.68,9.35,61.29,92.06,0.0002,0.0071,NOMINAL,-5.32
62,205,81,78.65,9.41,63.17,94.13,0.0002,0.0054,NOMINAL,-2.35
62,206,80,77.63,9.43,62.12,93.13,0.0002,0.0064,NOMINAL,-2.37
62,207,79,78.26,9.43,62.76,93.77,0.0002,0.0059,NOMINAL,-0.74
62,208,78,76.57,8.5,62.6,90.55,0.0002,0.0048,NOMINAL,-1.43
62,209,77,74.12,8.16,60.71,87.54,0.0002,0.0063,NOMINAL,-2.88
62,210,76,72.27,8.68,58.0,86.54,0.0002,0.0147,NOMINAL,-3.73
62,211,75,76.52,9.35,61.14,91.9,0.0002,0.0074,NOMINAL,1.52
62,212,74,74.07,8.98,59.29,88.84,0.0002,0.0096,NOMINAL,0.07
62,213,73,68.01,7.95,54.92,81.09,0.0002,0.0274,NOMINAL,-4.99
62,214,72,69.45,8.42,55.59,83.3,0.0002,0.0264,NOMINAL,-2.55
62,215,71,69.45,7.95,56.36,82.53,0.0002,0.0191,NOMINAL,-1.55
62,216,70,67.54,8.23,54.0,81.08,0.0002,0.0339,NOMINAL,-2.46
62,217,69,66.95,7.78,54.16,79.74,0.0002,0.0315,NOMINAL,-2.05
62,218,68,65.55,7.33,53.49,77.61,0.0002,0.0352,NOMINAL,-2.45
62,219,67,66.16,7.78,53.37,78.95,0.0002,0.0366,NOMINAL,-0.84
62,220,66,62.4,7.33,50.34,74.46,0.0002,0.062,NOMINAL,-3.6
62,221,65,62.32,7.07,50.7,73.94,0.0002,0.0575,NOMINAL,-2.68
62,222,64,61.56,7.19,49.74,73.38,0.0002,0.0694,NOMINAL,-2.44
62,223,63,61.48,6.4,50.95,72.01,0.0002,0.0528,NOMINAL,-1.52
62,224,62,61.25,6.67,50.28,72.22,0.0002,0.0626,NOMINAL,-0.75
62,225,61,58.63,6.33,48.22,69.04,0.0002,0.1,NOMINAL,-2.37
62,226,60,57.41,6.29,47.07,67.75,0.0002,0.1376,NOMINAL,-2.59
62,227,59,56.19,6.2,45.98,66.39,0.0002,0.183,NOMINAL,-2.81
62,228,58,54.2,5.9,44.49,63.91,0.0002,0.271,NOMINAL,-3.8
62,229,57,53.21,5.81,43.65,62.78,0.0002,0.334,NOMINAL,-3.79
62,230,56,51.73,5.62,42.49,60.97,0.0002,0.4312,NOMINAL,-4.27
62,231,55,48.85,5.62,39.61,58.09,0.0002,0.6379,MONITOR,-6.15
62,232,54,47.54,5.01,39.29,55.78,0.0002,0.7485,MONITOR,-6.46
63,52,125,123.54,2.67,119.15,127.93,0.0002,0.0002,NOMINAL,-1.46
63,53,125,123.31,2.91,118.52,128.11,0.0002,0.0002,NOMINAL,-1.69
63,54,125,123.39,2.69,118.97,127.81,0.0002,0.0002,NOMINAL,-1.61
63,55,125,122.92,4.43,115.64,130.2,0.0002,0.0002,NOMINAL,-2.08
63,56,125,123.39,5.29,114.68,132.1,0.0002,0.0002,NOMINAL,-1.61
63,57,125,119.99,8.27,106.38,133.6,0.0002,0.0002,NOMINAL,-5.01
63,58,125,120.82,7.96,107.72,133.92,0.0002,0.0002,NOMINAL,-4.18
63,59,125,119.66,8.84,105.11,134.21,0.0002,0.0002,NOMINAL,-5.34
63,60,125,119.92,7.79,107.12,132.73,0.0002,0.0002,NOMINAL,-5.08
63,61,125,121.52,7.18,109.71,133.33,0.0002,0.0002,NOMINAL,-3.48
63,62,125,120.19,10.45,103.0,137.39,0.0002,0.0002,NOMINAL,-4.81
63,63,125,120.17,7.79,107.37,132.98,0.0002,0.0002,NOMINAL,-4.83
63,64,125,120.04,11.77,100.68,139.4,0.0002,0.0002,NOMINAL,-4.96
63,65,125,120.11,11.57,101.07,139.15,0.0002,0.0002,NOMINAL,-4.89
63,66,125,119.25,11.02,101.12,137.38,0.0002,0.0002,NOMINAL,-5.75
63,67,125,119.0,11.57,99.96,138.04,0.0002,0.0002,NOMINAL,-6.0
63,68,125,119.59,11.92,99.98,139.2,0.0002,0.0002,NOMINAL,-5.41
63,69,125,119.24,13.28,97.4,141.07,0.0002,0.0002,NOMINAL,-5.76
63,70,125,119.0,13.56,96.69,141.31,0.0002,0.0002,NOMINAL,-6.0
63,71,125,119.0,13.53,96.74,141.26,0.0002,0.0002,NOMINAL,-6.0
63,72,125,118.11,13.56,95.81,140.42,0.0002,0.0002,NOMINAL,-6.89
63,73,125,119.1,13.56,96.79,141.41,0.0002,0.0002,NOMINAL,-5.9
63,74,125,119.1,13.28,97.26,140.94,0.0002,0.0002,NOMINAL,-5.9
63,75,125,119.13,13.56,96.82,141.44,0.0002,0.0002,NOMINAL,-5.87
63,76,125,119.13,13.56,96.82,141.44,0.0002,0.0002,NOMINAL,-5.87
63,77,125,118.77,13.64,96.34,141.2,0.0002,0.0002,NOMINAL,-6.23
63,78,125,117.63,13.71,95.08,140.17,0.0002,0.0002,NOMINAL,-7.37
63,79,125,110.82,12.67,89.98,131.66,0.0002,0.0002,NOMINAL,-14.18
63,80,125,100.55,11.72,81.27,119.82,0.0002,0.0003,NOMINAL,-24.45
63,81,125,104.56,11.72,85.29,123.84,0.0002,0.0002,NOMINAL,-20.44
63,82,125,106.04,11.85,86.55,125.54,0.0002,0.0002,NOMINAL,-18.96
63,83,125,106.04,11.71,86.79,125.3,0.0002,0.0002,NOMINAL,-18.96
63,84,125,104.81,11.69,85.58,124.04,0.0002,0.0002,NOMINAL,-20.19
63,85,125,111.39,12.9,90.16,132.61,0.0002,0.0002,NOMINAL,-13.61
63,86,125,111.05,12.54,90.43,131.68,0.0002,0.0002,NOMINAL,-13.95
63,87,125,108.02,12.28,87.83,128.22,0.0002,0.0002,NOMINAL,-16.98
63,88,125,108.02,12.29,87.81,128.24,0.0002,0.0002,NOMINAL,-16.98
63,89,125,104.09,11.58,85.04,123.15,0.0002,0.0002,NOMINAL,-20.91
63,90,125,104.0,11.6,84.93,123.08,0.0002,0.0002,NOMINAL,-21.0
63,91,125,103.05,11.6,83.97,122.12,0.0002,0.0002,NOMINAL,-21.95
63,92,125,107.17,12.05,87.35,127.0,0.0002,0.0002,NOMINAL,-17.83
63,93,125,109.55,12.51,88.98,130.13,0.0002,0.0002,NOMINAL,-15.45
63,94,125,110.88,12.67,90.04,131.71,0.0002,0.0002,NOMINAL,-14.12
63,95,125,104.81,11.72,85.53,124.08,0.0002,0.0002,NOMINAL,-20.19
63,96,125,107.17,12.15,87.18,127.15,0.0002,0.0002,NOMINAL,-17.83
63,97,125,110.85,12.6,90.13,131.58,0.0002,0.0002,NOMINAL,-14.15
63,98,125,116.97,13.58,94.64,139.3,0.0002,0.0002,NOMINAL,-8.03
63,99,125,117.27,13.64,94.83,139.72,0.0002,0.0002,NOMINAL,-7.73
63,100,125,119.31,13.64,96.88,141.74,0.0002,0.0002,NOMINAL,-5.69
63,101,125,120.02,12.62,99.27,140.78,0.0002,0.0002,NOMINAL,-4.98
63,102,125,120.92,11.57,101.9,139.95,0.0002,0.0002,NOMINAL,-4.08
63,103,124,120.23,11.57,101.2,139.26,0.0002,0.0002,NOMINAL,-3.77
63,104,123,120.88,10.27,103.99,137.78,0.0002,0.0002,NOMINAL,-2.12
63,105,122,120.98,7.53,108.6,133.36,0.0002,0.0002,NOMINAL,-1.02
63,106,121,120.98,7.71,108.3,133.65,0.0002,0.0002,NOMINAL,-0.02
63,107,120,122.7,6.48,112.05,133.35,0.0002,0.0002,NOMINAL,2.7
63,108,119,121.39,6.94,109.98,132.81,0.0002,0.0002,NOMINAL,2.39
63,109,118,121.01,6.94,109.6,132.43,0.0002,0.0002,NOMINAL,3.01
63,110,117,122.12,5.67,112.8,131.44,0.0002,0.0002,NOMINAL,5.12
63,111,116,122.52,5.24,113.9,131.15,0.0002,0.0002,NOMINAL,6.52
63,112,115,122.52,5.24,113.89,131.15,0.0002,0.0002,NOMINAL,7.52
63,113,114,122.76,5.02,114.5,131.02,0.0002,0.0002,NOMINAL,8.76
63,114,113,122.61,5.0,114.39,130.83,0.0002,0.0002,NOMINAL,9.61
63,115,112,122.76,3.53,116.95,128.57,0.0002,0.0002,NOMINAL,10.76
63,116,111,122.52,3.53,116.71,128.33,0.0002,0.0002,NOMINAL,11.52
63,117,110,120.82,4.67,113.13,128.5,0.0002,0.0002,NOMINAL,10.82
63,118,109,120.34,3.7,114.25,126.44,0.0002,0.0002,NOMINAL,11.34
63,119,108,120.98,3.74,114.82,127.14,0.0002,0.0002,NOMINAL,12.98
63,120,107,122.38,5.0,114.16,130.6,0.0002,0.0002,NOMINAL,15.38
63,121,106,121.83,5.38,112.98,130.68,0.0002,0.0002,NOMINAL,15.83
63,122,105,122.38,5.02,114.12,130.64,0.0002,0.0002,NOMINAL,17.38
63,123,104,121.97,5.02,113.71,130.23,0.0002,0.0002,NOMINAL,17.97
63,124,103,122.38,5.02,114.12,130.64,0.0002,0.0002,NOMINAL,19.38
63,125,102,121.59,5.81,112.02,131.15,0.0002,0.0002,NOMINAL,19.59
63,126,101,122.82,5.81,113.26,132.38,0.0002,0.0002,NOMINAL,21.82
63,127,100,120.29,11.19,101.88,138.69,0.0002,0.0002,NOMINAL,20.29
63,128,99,118.74,13.53,96.48,141.0,0.0002,0.0002,NOMINAL,19.74
63,129,98,117.83,13.62,95.43,140.23,0.0002,0.0002,NOMINAL,19.83
63,130,97,112.26,13.54,89.98,134.54,0.0002,0.0002,NOMINAL,15.26
63,131,96,112.15,13.43,90.06,134.24,0.0002,0.0002,NOMINAL,16.15
63,132,95,115.12,13.59,92.77,137.48,0.0002,0.0002,NOMINAL,20.12
63,133,94,115.24,13.59,92.88,137.59,0.0002,0.0002,NOMINAL,21.24
63,134,93,117.27,13.58,94.94,139.61,0.0002,0.0002,NOMINAL,24.27
63,135,92,110.71,12.65,89.9,131.53,0.0002,0.0002,NOMINAL,18.71
63,136,91,102.97,11.72,83.7,122.25,0.0002,0.0002,NOMINAL,11.97
63,137,90,97.97,11.4,79.21,116.73,0.0002,0.0003,NOMINAL,7.97
63,138,89,95.17,11.4,76.41,113.92,0.0002,0.0005,NOMINAL,6.17
63,139,88,88.63,10.75,70.94,106.32,0.0002,0.0015,NOMINAL,0.63
63,140,87,80.22,9.64,64.37,96.08,0.0002,0.0048,NOMINAL,-6.78
63,141,86,76.59,8.63,62.39,90.79,0.0002,0.0051,NOMINAL,-9.41
63,142,85,65.74,7.24,53.84,77.65,0.0002,0.0317,NOMINAL,-19.26
63,143,84,63.0,6.54,52.24,73.77,0.0002,0.043,NOMINAL,-21.0
63,144,83,62.19,6.54,51.43,72.96,0.0002,0.0483,NOMINAL,-20.81
63,145,82,61.9,6.63,50.99,72.8,0.0002,0.0527,NOMINAL,-20.1
63,146,81,59.03,6.61,48.15,69.9,0.0002,0.0999,NOMINAL,-21.97
63,147,80,57.07,6.31,46.69,67.45,0.0002,0.1477,NOMINAL,-22.93
63,148,79,59.44,6.63,48.53,70.35,0.0002,0.0917,NOMINAL,-19.56
63,149,78,62.25,6.67,51.28,73.21,0.0002,0.0491,NOMINAL,-15.75
63,150,77,64.9,7.77,52.12,77.68,0.0002,0.0453,NOMINAL,-12.1
63,151,76,66.4,7.3,54.4,78.41,0.0002,0.0276,NOMINAL,-9.6
63,152,75,63.58,7.33,51.53,75.62,0.0002,0.0487,NOMINAL,-11.42
63,153,74,64.18,6.92,52.8,75.56,0.0002,0.0391,NOMINAL,-9.82
63,154,73,64.81,7.34,52.75,76.88,0.0002,0.0407,NOMINAL,-8.19
63,155,72,60.53,6.78,49.37,71.68,0.0002,0.077,NOMINAL,-11.47
64,52,125,122.68,10.04,106.16,139.19,0.0002,0.0002,NOMINAL,-2.32
64,53,125,123.53,8.87,108.95,138.11,0.0002,0.0002,NOMINAL,-1.47
64,54,125,123.53,8.28,109.92,137.14,0.0002,0.0002,NOMINAL,-1.47
64,55,125,122.1,11.1,103.84,140.37,0.0002,0.0002,NOMINAL,-2.9
64,56,125,122.14,10.04,105.62,138.65,0.0002,0.0002,NOMINAL,-2.86
64,57,125,122.29,10.97,104.25,140.32,0.0002,0.0002,NOMINAL,-2.71
64,58,125,122.55,9.62,106.73,138.37,0.0002,0.0002,NOMINAL,-2.45
64,59,125,123.15,6.84,111.91,134.4,0.0002,0.0002,NOMINAL,-1.85
64,60,125,122.62,9.26,107.39,137.84,0.0002,0.0002,NOMINAL,-2.38
64,61,125,121.67,11.1,103.41,139.94,0.0002,0.0002,NOMINAL,-3.33
64,62,125,121.84,10.97,103.8,139.87,0.0002,0.0002,NOMINAL,-3.16
64,63,125,122.17,10.97,104.14,140.21,0.0002,0.0002,NOMINAL,-2.83
64,64,125,122.14,10.4,105.03,139.24,0.0002,0.0002,NOMINAL,-2.86
64,65,125,121.9,10.4,104.8,139.01,0.0002,0.0002,NOMINAL,-3.1
64,66,125,121.54,11.73,102.24,140.84,0.0002,0.0002,NOMINAL,-3.46
64,67,125,121.2,11.73,101.9,140.51,0.0002,0.0002,NOMINAL,-3.8
64,68,125,121.2,11.78,101.83,140.58,0.0002,0.0002,NOMINAL,-3.8
64,69,125,121.47,11.59,102.41,140.54,0.0002,0.0002,NOMINAL,-3.53
64,70,125,122.53,10.85,104.68,140.38,0.0002,0.0002,NOMINAL,-2.47
64,71,125,122.45,9.71,106.49,138.42,0.0002,0.0002,NOMINAL,-2.55
64,72,124,123.37,5.9,113.67,133.07,0.0002,0.0002,NOMINAL,-0.63
64,73,123,123.88,5.66,114.57,133.19,0.0002,0.0002,NOMINAL,0.88
64,74,122,122.68,9.16,107.61,137.75,0.0002,0.0002,NOMINAL,0.68
64,75,121,122.36,9.1,107.39,137.33,0.0002,0.0002,NOMINAL,1.36
64,76,120,121.98,10.13,105.32,138.64,0.0002,0.0002,NOMINAL,1.98
64,77,119,121.53,10.99,103.46,139.61,0.0002,0.0002,NOMINAL,2.53
64,78,118,121.53,10.99,103.46,139.61,0.0002,0.0002,NOMINAL,3.53
64,79,117,119.56,13.56,97.25,141.86,0.0002,0.0002,NOMINAL,2.56
64,80,116,121.81,10.5,104.54,139.07,0.0002,0.0002,NOMINAL,5.81
64,81,115,120.47,11.78,101.09,139.85,0.0002,0.0002,NOMINAL,5.47
64,82,114,120.05,11.78,100.67,139.43,0.0002,0.0002,NOMINAL,6.05
64,83,113,117.79,13.56,95.48,140.1,0.0002,0.0002,NOMINAL,4.79
64,84,112,118.26,13.56,95.95,140.57,0.0002,0.0002,NOMINAL,6.26
64,85,111,117.68,13.56,95.37,139.99,0.0002,0.0002,NOMINAL,6.68
64,86,110,117.68,13.64,95.25,140.11,0.0002,0.0002,NOMINAL,7.68
64,87,109,118.53,13.56,96.22,140.84,0.0002,0.0002,NOMINAL,9.53
64,88,108,118.7,13.56,96.39,141.01,0.0002,0.0002,NOMINAL,10.7
64,89,107,118.69,13.56,96.38,141.0,0.0002,0.0002,NOMINAL,11.69
64,90,106,114.9,13.49,92.71,137.08,0.0002,0.0002,NOMINAL,8.9
64,91,105,106.0,11.73,86.7,125.29,0.0002,0.0002,NOMINAL,1.0
64,92,104,101.97,11.73,82.67,121.27,0.0002,0.0002,NOMINAL,-2.03
64,93,103,107.59,12.19,87.53,127.65,0.0002,0.0002,NOMINAL,4.59
64,94,102,105.99,12.11,86.07,125.91,0.0002,0.0002,NOMINAL,3.99
64,95,101,97.43,11.38,78.72,116.15,0.0002,0.0003,NOMINAL,-3.57
64,96,100,91.13,11.31,72.53,109.73,0.0002,0.0013,NOMINAL,-8.87
64,97,99,91.43,11.31,72.83,110.03,0.0002,0.0012,NOMINAL,-7.57
64,98,98,87.68,10.75,69.99,105.37,0.0002,0.002,NOMINAL,-10.32
64,99,97,86.6,10.75,68.92,104.29,0.0002,0.0028,NOMINAL,-10.4
64,100,96,86.11,10.56,68.75,103.47,0.0002,0.0027,NOMINAL,-9.89
64,101,95,79.82,9.56,64.09,95.55,0.0002,0.0049,NOMINAL,-15.18
64,102,94,75.51,8.45,61.61,89.41,0.0002,0.0057,NOMINAL,-18.49
64,103,93,68.83,7.97,55.73,81.94,0.0002,0.022,NOMINAL,-24.17
64,104,92,72.61,8.43,58.74,86.48,0.0002,0.0096,NOMINAL,-19.39
64,105,91,70.86,8.43,56.98,84.73,0.0002,0.0179,NOMINAL,-20.14
64,106,90,73.1,8.43,59.23,86.98,0.0002,0.0083,NOMINAL,-16.9
64,107,89,74.9,8.43,61.03,88.77,0.0002,0.0063,NOMINAL,-14.1
64,108,88,75.57,9.09,60.62,90.52,0.0002,0.0077,NOMINAL,-12.43
64,109,87,78.0,9.88,61.74,94.26,0.0002,0.0074,NOMINAL,-9.0
64,110,86,79.7,9.89,63.43,95.98,0.0002,0.0058,NOMINAL,-6.3
64,111,85,80.84,9.89,64.57,97.11,0.0002,0.0049,NOMINAL,-4.16
64,112,84,82.54,10.08,65.96,99.11,0.0002,0.0044,NOMINAL,-1.46
64,113,83,89.77,10.08,73.2,106.35,0.0002,0.0005,NOMINAL,6.77
64,114,82,90.0,10.08,73.43,106.58,0.0002,0.0005,NOMINAL,8.0
64,115,81,86.61,10.08,70.04,103.19,0.0002,0.0013,NOMINAL,5.61
64,116,80,85.3,10.08,68.72,101.87,0.0002,0.002,NOMINAL,5.3
64,117,79,86.15,10.08,69.57,102.72,0.0002,0.0015,NOMINAL,7.15
64,118,78,93.37,10.47,76.14,110.6,0.0002,0.0003,NOMINAL,15.37
64,119,77,92.1,10.36,75.07,109.14,0.0002,0.0004,NOMINAL,15.1
64,120,76,105.31,11.04,87.15,123.48,0.0002,0.0002,NOMINAL,29.31
64,121,75,99.18,10.93,81.2,117.17,0.0002,0.0002,NOMINAL,24.18
64,122,74,93.33,10.55,75.97,110.69,0.0002,0.0004,NOMINAL,19.33
64,123,73,93.24,10.78,75.5,110.98,0.0002,0.0005,NOMINAL,20.24
64,124,72,98.88,11.31,80.28,117.48,0.0002,0.0003,NOMINAL,26.88
64,125,71,91.72,10.88,73.83,109.62,0.0002,0.0007,NOMINAL,20.72
64,126,70,90.38,10.56,73.02,107.75,0.0002,0.0007,NOMINAL,20.38
64,127,69,90.07,10.56,72.71,107.43,0.0002,0.0008,NOMINAL,21.07
64,128,68,86.94,9.9,70.66,103.22,0.0002,0.001,NOMINAL,18.94
64,129,67,86.37,9.78,70.27,102.46,0.0002,0.001,NOMINAL,19.37
64,130,66,82.7,9.75,66.66,98.74,0.0002,0.0034,NOMINAL,16.7
64,131,65,83.27,9.6,67.48,99.06,0.0002,0.0023,NOMINAL,18.27
64,132,64,82.16,9.27,66.91,97.42,0.0002,0.0023,NOMINAL,18.16
64,133,63,79.65,9.1,64.67,94.62,0.0002,0.0043,NOMINAL,16.65
64,134,62,76.26,8.45,62.37,90.16,0.0002,0.0049,NOMINAL,14.26
64,135,61,76.26,8.45,62.37,90.16,0.0002,0.0049,NOMINAL,15.26
64,136,60,76.8,8.45,62.9,90.7,0.0002,0.0046,NOMINAL,16.8
64,137,59,75.05,8.45,61.16,88.95,0.0002,0.0062,NOMINAL,16.05
64,138,58,72.73,8.45,58.84,86.63,0.0002,0.0095,NOMINAL,14.73
64,139,57,78.53,9.58,62.77,94.28,0.0002,0.0061,NOMINAL,21.53
64,140,56,74.26,8.45,60.36,88.16,0.0002,0.0069,NOMINAL,18.26
64,141,55,70.64,8.43,56.76,84.51,0.0002,0.019,NOMINAL,15.64
64,142,54,66.27,6.92,54.88,77.65,0.0002,0.0233,NOMINAL,12.27
64,143,53,66.64,7.77,53.85,79.42,0.0002,0.033,NOMINAL,13.64
64,144,52,63.55,6.72,52.5,74.61,0.0002,0.0408,NOMINAL,11.55
64,145,51,60.77,6.57,49.97,71.58,0.0002,0.0671,NOMINAL,9.77
64,146,50,57.0,6.33,46.58,67.41,0.0002,0.1543,NOMINAL,7.0
64,147,49,56.64,6.17,46.48,66.79,0.0002,0.1612,NOMINAL,7.64
64,148,48,57.27,6.27,46.96,67.58,0.0002,0.1409,NOMINAL,9.27
64,149,47,54.27,6.16,44.15,64.39,0.0002,0.2811,NOMINAL,7.27
64,150,46,48.67,5.92,38.92,58.41,0.0002,0.6453,MONITOR,2.67
64,151,45,47.76,5.21,39.2,56.32,0.0002,0.7275,MONITOR,2.76
64,152,44,47.23,5.24,38.61,55.85,0.0002,0.7611,WARNING,3.23
64,153,43,46.62,5.32,37.87,55.37,0.0002,0.7911,WARNING,3.62
64,154,42,46.62,5.3,37.9,55.35,0.0002,0.7916,WARNING,4.62
64,155,41,46.13,5.3,37.41,54.85,0.0002,0.8164,WARNING,5.13
64,156,40,46.62,5.43,37.69,55.56,0.0002,0.7886,WARNING,6.62
64,157,39,42.61,4.88,34.57,50.64,0.0002,0.9301,WARNING,3.61
64,158,38,40.42,4.59,32.88,47.97,0.0002,0.9678,WARNING,2.42
64,159,37,38.74,4.45,31.42,46.05,0.0003,0.9827,WARNING,1.74
64,160,36,37.54,4.43,30.25,44.84,0.0005,0.9911,WARNING,1.54
64,161,35,35.57,4.28,28.52,42.61,0.0013,0.9995,WARNING,0.57
64,162,34,33.89,4.25,26.9,40.88,0.0042,0.9997,WARNING,-0.11
64,163,33,32.74,4.25,25.74,39.73,0.0059,0.9998,WARNING,-0.26
64,164,32,31.83,4.22,24.88,38.77,0.0079,0.9998,WARNING,-0.17
64,165,31,29.98,4.38,22.78,37.18,0.027,0.9998,WARNING,-1.02
64,166,30,29.24,3.99,22.68,35.8,0.0262,0.9998,WARNING,-0.76
64,167,29,26.67,3.78,20.45,32.89,0.0551,0.9998,WARNING,-2.33
64,168,28,27.17,3.8,20.92,33.42,0.0471,0.9998,WARNING,-0.83
65,52,125,122.75,5.96,112.94,132.55,0.0002,0.0002,NOMINAL,-2.25
65,53,125,123.17,5.83,113.59,132.75,0.0002,0.0002,NOMINAL,-1.83
65,54,125,121.89,10.01,105.43,138.35,0.0002,0.0002,NOMINAL,-3.11
65,55,125,122.01,11.82,102.57,141.45,0.0002,0.0002,NOMINAL,-2.99
65,56,125,118.59,13.27,96.76,140.42,0.0002,0.0002,NOMINAL,-6.41
65,57,125,119.46,11.45,100.63,138.29,0.0002,0.0002,NOMINAL,-5.54
65,58,125,117.82,13.32,95.9,139.74,0.0002,0.0002,NOMINAL,-7.18
65,59,125,117.3,13.36,95.33,139.28,0.0002,0.0002,NOMINAL,-7.7
65,60,125,117.82,13.32,95.9,139.74,0.0002,0.0002,NOMINAL,-7.18
65,61,125,117.82,13.32,95.9,139.74,0.0002,0.0002,NOMINAL,-7.18
65,62,125,118.86,13.36,96.88,140.84,0.0002,0.0002,NOMINAL,-6.14
65,63,125,119.31,13.57,96.98,141.63,0.0002,0.0002,NOMINAL,-5.69
65,64,125,116.04,13.57,93.71,138.36,0.0002,0.0002,NOMINAL,-8.96
65,65,125,119.82,13.57,97.49,142.14,0.0002,0.0002,NOMINAL,-5.18
65,66,125,118.79,13.57,96.47,141.12,0.0002,0.0002,NOMINAL,-6.21
65,67,125,118.86,13.33,96.93,140.79,0.0002,0.0002,NOMINAL,-6.14
65,68,125,118.42,13.36,96.44,140.39,0.0002,0.0002,NOMINAL,-6.58
65,69,125,118.86,13.33,96.93,140.79,0.0002,0.0002,NOMINAL,-6.14
65,70,125,119.31,13.57,96.98,141.63,0.0002,0.0002,NOMINAL,-5.69
65,71,125,119.6,13.57,97.28,141.93,0.0002,0.0002,NOMINAL,-5.4
66,52,109,122.72,5.02,114.46,130.98,0.0002,0.0002,NOMINAL,13.72
66,53,108,122.96,5.02,114.7,131.22,0.0002,0.0002,NOMINAL,14.96
66,54,107,123.38,5.02,115.12,131.64,0.0002,0.0002,NOMINAL,16.38
66,55,106,122.72,5.0,114.5,130.93,0.0002,0.0002,NOMINAL,16.72
66,56,105,122.97,5.02,114.71,131.23,0.0002,0.0002,NOMINAL,17.97
66,57,104,122.72,5.02,114.46,130.98,0.0002,0.0002,NOMINAL,18.72
66,58,103,122.53,5.02,114.27,130.79,0.0002,0.0002,NOMINAL,19.53
66,59,102,122.25,2.97,117.37,127.13,0.0002,0.0002,NOMINAL,20.25
66,60,101,122.76,2.99,117.84,127.67,0.0002,0.0002,NOMINAL,21.76
66,61,100,122.93,2.99,118.02,127.84,0.0002,0.0002,NOMINAL,22.93
66,62,99,121.58,2.99,116.67,126.49,0.0002,0.0002,NOMINAL,22.58
66,63,98,121.39,6.61,110.51,132.26,0.0002,0.0002,NOMINAL,23.39
66,64,97,119.7,7.59,107.22,132.18,0.0002,0.0002,NOMINAL,22.7
66,65,96,119.73,8.57,105.64,133.82,0.0002,0.0002,NOMINAL,23.73
66,66,95,119.3,8.57,105.21,133.4,0.0002,0.0002,NOMINAL,24.3
66,67,94,119.73,13.06,98.25,141.22,0.0002,0.0002,NOMINAL,25.73
66,68,93,119.0,13.22,97.24,140.75,0.0002,0.0002,NOMINAL,26.0
66,69,92,117.78,13.56,95.48,140.09,0.0002,0.0002,NOMINAL,25.78
66,70,91,117.21,13.66,94.74,139.68,0.0002,0.0002,NOMINAL,26.21
66,71,90,110.94,13.09,89.41,132.46,0.0002,0.0002,NOMINAL,20.94
66,72,89,113.02,13.44,90.91,135.13,0.0002,0.0002,NOMINAL,24.02
66,73,88,113.43,13.43,91.34,135.52,0.0002,0.0002,NOMINAL,25.43
66,74,87,110.83,12.9,89.61,132.06,0.0002,0.0002,NOMINAL,23.83
66,75,86,104.54,11.84,85.06,124.01,0.0002,0.0002,NOMINAL,18.54
66,76,85,104.54,11.72,85.26,123.81,0.0002,0.0002,NOMINAL,19.54
66,77,84,101.05,11.72,81.78,120.33,0.0002,0.0003,NOMINAL,17.05
66,78,83,102.78,11.68,83.57,121.99,0.0002,0.0002,NOMINAL,19.78
66,79,82,95.66,11.54,76.67,114.64,0.0002,0.0005,NOMINAL,13.66
66,80,81,91.43,11.29,72.86,109.99,0.0002,0.0012,NOMINAL,10.43
66,81,80,86.17,10.51,68.88,103.46,0.0002,0.0025,NOMINAL,6.17
66,82,79,82.28,9.6,66.49,98.07,0.0002,0.0033,NOMINAL,3.28
66,83,78,82.2,10.02,65.73,98.68,0.0002,0.0044,NOMINAL,4.2
66,84,77,80.54,9.54,64.84,96.23,0.0002,0.0045,NOMINAL,3.54
66,85,76,80.64,9.6,64.85,96.43,0.0002,0.0045,NOMINAL,4.64
66,86,75,76.5,8.45,62.61,90.4,0.0002,0.0048,NOMINAL,1.5
66,87,74,70.22,8.45,56.33,84.12,0.0002,0.0211,NOMINAL,-3.78
66,88,73,66.13,7.34,54.06,78.21,0.0002,0.0294,NOMINAL,-6.87
66,89,72,64.75,6.92,53.37,76.13,0.0002,0.0338,NOMINAL,-7.25
66,90,71,62.94,6.78,51.78,74.09,0.0002,0.0458,NOMINAL,-8.06
66,91,70,61.64,6.47,50.99,72.29,0.0002,0.0524,NOMINAL,-8.36
66,92,69,58.97,6.33,48.55,69.38,0.0002,0.0934,NOMINAL,-10.03
66,93,68,57.3,6.33,46.89,67.71,0.0002,0.1417,NOMINAL,-10.7
66,94,67,56.94,6.31,46.56,67.32,0.0002,0.1551,NOMINAL,-10.06
66,95,66,56.93,6.31,46.55,67.31,0.0002,0.1561,NOMINAL,-9.07
66,96,65,56.79,6.33,46.38,67.2,0.0002,0.1618,NOMINAL,-8.21
66,97,64,56.79,6.31,46.41,67.17,0.0002,0.1612,NOMINAL,-7.21
66,98,63,59.13,6.37,48.66,69.61,0.0002,0.0888,NOMINAL,-3.87
66,99,62,57.14,6.22,46.92,67.37,0.0002,0.1423,NOMINAL,-4.86
66,100,61,56.91,6.16,46.79,67.04,0.0002,0.147,NOMINAL,-4.09
66,101,60,56.12,6.16,46.0,66.24,0.0002,0.1846,NOMINAL,-3.88
66,102,59,56.89,6.2,46.7,67.09,0.0002,0.1509,NOMINAL,-2.11
66,103,58,56.38,6.2,46.18,66.57,0.0002,0.1741,NOMINAL,-1.62
66,104,57,55.92,6.16,45.8,66.05,0.0002,0.1925,NOMINAL,-1.08
66,105,56,53.12,6.06,43.16,63.08,0.0002,0.3507,NOMINAL,-2.88
66,106,55,54.16,6.07,44.18,64.15,0.0002,0.2838,NOMINAL,-0.84
66,107,54,55.59,6.07,45.61,65.58,0.0002,0.2047,NOMINAL,1.59
66,108,53,56.8,6.06,46.84,66.77,0.0002,0.1471,NOMINAL,3.8
66,109,52,55.07,6.06,45.1,65.03,0.0002,0.2312,NOMINAL,3.07
66,110,51,51.11,5.9,41.4,60.82,0.0002,0.4756,NOMINAL,0.11
66,111,50,54.97,5.91,45.25,64.7,0.0002,0.2304,NOMINAL,4.97
66,112,49,54.36,5.9,44.65,64.07,0.0002,0.2629,NOMINAL,5.36
66,113,48,51.48,5.9,41.77,61.19,0.0002,0.4513,NOMINAL,3.48
66,114,47,49.12,5.8,39.59,58.66,0.0002,0.6132,MONITOR,2.12
66,115,46,46.3,5.14,37.84,54.76,0.0002,0.8143,WARNING,0.3
66,116,45,47.11,5.18,38.6,55.63,0.0002,0.7683,WARNING,2.11
66,117,44,45.71,5.12,37.3,54.13,0.0002,0.8366,WARNING,1.71
66,118,43,43.68,4.84,35.73,51.64,0.0002,0.91,WARNING,0.68
66,119,42,40.38,4.8,32.48,48.28,0.0003,0.9627,WARNING,-1.62
66,120,41,40.16,4.4,32.92,47.39,0.0002,0.9729,WARNING,-0.84
66,121,40,36.85,4.17,29.99,43.71,0.0004,0.9977,WARNING,-3.15
66,122,39,35.91,3.98,29.37,42.45,0.0005,0.9997,WARNING,-3.09
66,123,38,34.93,4.19,28.03,41.82,0.0017,0.9997,WARNING,-3.07
66,124,37,33.65,4.19,26.76,40.54,0.0043,0.9998,WARNING,-3.35
66,125,36,33.65,4.19,26.76,40.54,0.0043,0.9998,WARNING,-2.35
66,126,35,32.47,4.17,25.6,39.33,0.006,0.9998,WARNING,-2.53
66,127,34,30.31,4.36,23.14,37.47,0.0218,0.9998,WARNING,-3.69
66,128,33,31.79,4.22,24.85,38.74,0.0079,0.9998,WARNING,-1.21
66,129,32,30.72,4.36,23.55,37.88,0.0183,0.9998,WARNING,-1.28
66,130,31,29.77,4.38,22.58,36.97,0.0281,0.9998,WARNING,-1.23
66,131,30,29.75,4.38,22.55,36.95,0.0284,0.9998,WARNING,-0.25
66,132,29,29.52,4.44,22.21,36.82,0.0328,0.9998,WARNING,0.52
66,133,28,29.82,4.36,22.66,36.99,0.0275,0.9998,WARNING,1.82
66,134,27,29.52,4.38,22.32,36.72,0.0317,0.9998,WARNING,2.52
66,135,26,29.16,4.44,21.86,36.47,0.0377,0.9998,WARNING,3.16
66,136,25,28.72,4.21,21.8,35.65,0.0369,0.9998,WARNING,3.72
66,137,24,26.85,3.83,20.55,33.16,0.0533,0.9998,WARNING,2.85
66,138,23,26.15,3.53,20.35,31.95,0.0575,0.9998,WARNING,3.15
66,139,22,24.72,3.12,19.58,29.85,0.0819,0.9998,WARNING,2.72
66,140,21,23.49,3.21,18.21,28.78,0.1589,0.9998,WARNING,2.49
66,141,20,23.52,3.21,18.24,28.81,0.1563,0.9998,WARNING,3.52
66,142,19,23.25,3.01,18.29,28.21,0.161,0.9998,WARNING,4.25
66,143,18,22.61,3.09,17.53,27.69,0.2296,0.9998,WARNING,4.61
66,144,17,19.92,2.9,15.15,24.69,0.5593,0.9998,WARNING,2.92
66,145,16,19.4,2.74,14.89,23.91,0.6441,0.9998,WARNING,3.4
66,146,15,17.59,2.39,13.65,21.52,0.8638,0.9998,WARNING,2.59
66,147,14,15.57,2.4,11.63,19.51,0.957,0.9998,CRITICAL,1.57
67,52,96,123.54,6.22,113.31,133.77,0.0002,0.0002,NOMINAL,27.54
67,53,95,124.17,5.63,114.92,133.42,0.0002,0.0002,NOMINAL,29.17
67,54,94,124.17,5.63,114.92,133.42,0.0002,0.0002,NOMINAL,30.17
67,55,93,122.67,6.84,111.42,133.91,0.0002,0.0002,NOMINAL,29.67
67,56,92,123.48,5.58,114.29,132.66,0.0002,0.0002,NOMINAL,31.48
67,57,91,122.61,6.84,111.36,133.86,0.0002,0.0002,NOMINAL,31.61
67,58,90,122.14,10.04,105.62,138.65,0.0002,0.0002,NOMINAL,32.14
67,59,89,122.14,10.4,105.03,139.24,0.0002,0.0002,NOMINAL,33.14
67,60,88,121.8,10.6,104.37,139.24,0.0002,0.0002,NOMINAL,33.8
67,61,87,120.54,12.14,100.58,140.5,0.0002,0.0002,NOMINAL,33.54
67,62,86,119.85,13.32,97.93,141.77,0.0002,0.0002,NOMINAL,33.85
67,63,85,120.13,12.14,100.16,140.09,0.0002,0.0002,NOMINAL,35.13
67,64,84,119.76,13.32,97.84,141.67,0.0002,0.0002,NOMINAL,35.76
67,65,83,120.71,12.14,100.75,140.67,0.0002,0.0002,NOMINAL,37.71
67,66,82,121.18,11.96,101.5,140.85,0.0002,0.0002,NOMINAL,39.18
67,67,81,121.34,11.59,102.28,140.41,0.0002,0.0002,NOMINAL,40.34
67,68,80,121.12,12.01,101.37,140.88,0.0002,0.0002,NOMINAL,41.12
67,69,79,121.34,11.59,102.28,140.41,0.0002,0.0002,NOMINAL,42.34
67,70,78,121.17,11.96,101.5,140.85,0.0002,0.0002,NOMINAL,43.17
67,71,77,120.97,11.78,101.6,140.35,0.0002,0.0002,NOMINAL,43.97
68,52,125,120.92,13.32,99.01,142.84,0.0002,0.0002,NOMINAL,-4.08
68,53,125,119.54,13.53,97.28,141.8,0.0002,0.0002,NOMINAL,-5.46
68,54,125,119.31,13.56,97.0,141.62,0.0002,0.0002,NOMINAL,-5.69
68,55,125,119.54,13.53,97.28,141.8,0.0002,0.0002,NOMINAL,-5.46
68,56,125,117.13,13.64,94.69,139.57,0.0002,0.0002,NOMINAL,-7.87
68,57,125,113.57,13.35,91.62,135.53,0.0002,0.0002,NOMINAL,-11.43
68,58,125,111.59,13.01,90.2,132.98,0.0002,0.0002,NOMINAL,-13.41
68,59,125,110.98,13.01,89.59,132.37,0.0002,0.0002,NOMINAL,-14.02
68,60,125,108.92,12.46,88.43,129.42,0.0002,0.0002,NOMINAL,-16.08
68,61,125,106.05,11.78,86.67,125.42,0.0002,0.0002,NOMINAL,-18.95
68,62,125,102.39,11.66,83.21,121.57,0.0002,0.0002,NOMINAL,-22.61
68,63,125,101.3,11.66,82.12,120.48,0.0002,0.0003,NOMINAL,-23.7
68,64,125,94.7,11.35,76.03,113.36,0.0002,0.0005,NOMINAL,-30.3
68,65,125,90.42,11.24,71.93,108.91,0.0002,0.0015,NOMINAL,-34.58
68,66,125,90.49,11.24,72.01,108.98,0.0002,0.0015,NOMINAL,-34.51
68,67,125,87.39,11.24,68.91,105.88,0.0002,0.0037,NOMINAL,-37.61
68,68,125,86.9,10.81,69.11,104.68,0.0002,0.0028,NOMINAL,-38.1
68,69,125,86.48,10.81,68.69,104.26,0.0002,0.0031,NOMINAL,-38.52
68,70,125,89.14,10.81,71.35,106.92,0.0002,0.0014,NOMINAL,-35.86
68,71,124,86.97,10.81,69.19,104.76,0.0002,0.0027,NOMINAL,-37.03
68,72,123,86.92,10.86,69.06,104.78,0.0002,0.0029,NOMINAL,-36.08
68,73,122,90.93,11.18,72.54,109.32,0.0002,0.0012,NOMINAL,-31.07
68,74,121,103.92,11.74,84.61,123.23,0.0002,0.0002,NOMINAL,-17.08
68,75,120,113.55,12.96,92.24,134.87,0.0002,0.0002,NOMINAL,-6.45
68,76,119,115.66,13.49,93.48,137.85,0.0002,0.0002,NOMINAL,-3.34
68,77,118,116.5,13.52,94.27,138.73,0.0002,0.0002,NOMINAL,-1.5
68,78,117,119.05,13.46,96.91,141.2,0.0002,0.0002,NOMINAL,2.05
68,79,116,118.89,13.44,96.79,140.99,0.0002,0.0002,NOMINAL,2.89
68,80,115,119.11,13.6,96.73,141.49,0.0002,0.0002,NOMINAL,4.11
68,81,114,119.66,13.56,97.35,141.97,0.0002,0.0002,NOMINAL,5.66
68,82,113,117.92,13.64,95.48,140.37,0.0002,0.0002,NOMINAL,4.92
68,83,112,119.92,13.56,97.61,142.23,0.0002,0.0002,NOMINAL,7.92
68,84,111,119.23,13.07,97.73,140.73,0.0002,0.0002,NOMINAL,8.23
68,85,110,120.38,13.07,98.88,141.88,0.0002,0.0002,NOMINAL,10.38
68,86,109,119.49,13.07,97.99,140.98,0.0002,0.0002,NOMINAL,10.49
68,87,108,120.18,13.07,98.68,141.68,0.0002,0.0002,NOMINAL,12.18
68,88,107,119.95,13.32,98.04,141.87,0.0002,0.0002,NOMINAL,12.95
68,89,106,119.95,13.32,98.04,141.87,0.0002,0.0002,NOMINAL,13.95
68,90,105,117.74,13.64,95.31,140.17,0.0002,0.0002,NOMINAL,12.74
68,91,104,117.74,13.64,95.31,140.17,0.0002,0.0002,NOMINAL,13.74
68,92,103,118.26,13.56,95.95,140.57,0.0002,0.0002,NOMINAL,15.26
68,93,102,120.06,11.78,100.69,139.44,0.0002,0.0002,NOMINAL,18.06
68,94,101,119.54,13.53,97.28,141.8,0.0002,0.0002,NOMINAL,18.54
68,95,100,118.73,13.56,96.42,141.04,0.0002,0.0002,NOMINAL,18.73
68,96,99,118.61,13.56,96.31,140.92,0.0002,0.0002,NOMINAL,19.61
68,97,98,118.34,13.56,96.03,140.65,0.0002,0.0002,NOMINAL,20.34
68,98,97,118.22,13.56,95.92,140.53,0.0002,0.0002,NOMINAL,21.22
68,99,96,117.68,13.64,95.25,140.11,0.0002,0.0002,NOMINAL,21.68
68,100,95,115.3,13.43,93.21,137.39,0.0002,0.0002,NOMINAL,20.3
68,101,94,106.09,11.73,86.79,125.38,0.0002,0.0002,NOMINAL,12.09
68,102,93,106.12,12.19,86.07,126.18,0.0002,0.0002,NOMINAL,13.12
68,103,92,103.63,11.73,84.33,122.93,0.0002,0.0002,NOMINAL,11.63
68,104,91,107.6,12.19,87.54,127.66,0.0002,0.0002,NOMINAL,16.6
68,105,90,109.71,12.54,89.08,130.33,0.0002,0.0002,NOMINAL,19.71
68,106,89,110.44,12.87,89.26,131.62,0.0002,0.0002,NOMINAL,21.44
68,107,88,108.46,12.19,88.4,128.51,0.0002,0.0002,NOMINAL,20.46
68,108,87,95.84,11.42,77.06,114.62,0.0002,0.0004,NOMINAL,8.84
68,109,86,95.49,11.38,76.78,114.21,0.0002,0.0005,NOMINAL,9.49
68,110,85,94.81,11.3,76.23,113.39,0.0002,0.0005,NOMINAL,9.81
68,111,84,90.92,11.31,72.32,109.52,0.0002,0.0014,NOMINAL,6.92
68,112,83,86.15,10.5,68.88,103.41,0.0002,0.0025,NOMINAL,3.15
68,113,82,83.82,10.37,66.77,100.87,0.0002,0.0042,NOMINAL,1.82
68,114,81,82.14,10.18,65.41,98.88,0.0002,0.0047,NOMINAL,1.14
68,115,80,82.14,10.02,65.66,98.62,0.0002,0.0045,NOMINAL,2.14
68,116,79,82.13,9.72,66.14,98.12,0.0002,0.004,NOMINAL,3.13
68,117,78,81.7,9.11,66.72,96.68,0.0002,0.0022,NOMINAL,3.7
68,118,77,81.47,8.58,67.36,95.58,0.0002,0.0012,NOMINAL,4.47
68,119,76,68.99,7.98,55.86,82.12,0.0002,0.0214,NOMINAL,-7.01
68,120,75,69.17,8.45,55.27,83.07,0.0002,0.0273,NOMINAL,-5.83
68,121,74,67.25,7.95,54.16,80.33,0.0002,0.0319,NOMINAL,-6.75
68,122,73,66.3,7.78,53.51,79.09,0.0002,0.0362,NOMINAL,-6.7
68,123,72,66.3,7.78,53.51,79.09,0.0002,0.0362,NOMINAL,-5.7
68,124,71,62.93,6.9,51.58,74.28,0.0002,0.0475,NOMINAL,-8.07
68,125,70,63.03,7.12,51.32,74.75,0.0002,0.0496,NOMINAL,-6.97
68,126,69,62.59,7.12,50.88,74.31,0.0002,0.0546,NOMINAL,-6.41
68,127,68,61.44,6.86,50.15,72.72,0.0002,0.0647,NOMINAL,-6.56
68,128,67,57.76,6.71,46.72,68.79,0.0002,0.1413,NOMINAL,-9.24
68,129,66,56.27,6.71,45.23,67.31,0.0002,0.2006,NOMINAL,-9.73
68,130,65,55.87,6.71,44.83,66.9,0.0002,0.2219,NOMINAL,-9.13
68,131,64,55.87,6.71,44.83,66.9,0.0002,0.2219,NOMINAL,-8.13
68,132,63,55.22,6.33,44.8,65.63,0.0002,0.2341,NOMINAL,-7.78
68,133,62,53.92,6.66,42.97,64.87,0.0002,0.3192,NOMINAL,-8.08
68,134,61,55.73,6.71,44.7,66.76,0.0002,0.227,NOMINAL,-5.27
68,135,60,56.68,6.33,46.27,67.09,0.0002,0.1669,NOMINAL,-3.32
68,136,59,52.35,6.24,42.09,62.62,0.0002,0.4034,NOMINAL,-6.65
68,137,58,48.8,6.25,38.51,59.09,0.0002,0.6305,MONITOR,-9.2
68,138,57,46.98,5.28,38.29,55.67,0.0002,0.7729,WARNING,-10.02
68,139,56,48.04,6.34,37.6,58.47,0.0003,0.6803,MONITOR,-7.96
68,140,55,47.15,5.27,38.48,55.83,0.0002,0.7638,WARNING,-7.85
68,141,54,46.62,5.15,38.15,55.1,0.0002,0.7982,WARNING,-7.38
68,142,53,47.76,5.33,38.99,56.53,0.0002,0.7233,MONITOR,-5.24
68,143,52,48.04,6.07,38.05,58.02,0.0002,0.687,MONITOR,-3.96
68,144,51,46.62,5.33,37.85,55.4,0.0002,0.7907,WARNING,-4.38
68,145,50,46.12,5.21,37.55,54.68,0.0002,0.8213,WARNING,-3.88
68,146,49,44.4,4.81,36.49,52.31,0.0002,0.8915,WARNING,-4.6
68,147,48,42.71,4.75,34.89,50.53,0.0002,0.9317,WARNING,-5.29
68,148,47,40.77,4.74,32.98,48.56,0.0003,0.9611,WARNING,-6.23
68,149,46,41.2,4.44,33.89,48.5,0.0002,0.9613,WARNING,-4.8
68,150,45,40.79,4.76,32.95,48.62,0.0003,0.961,WARNING,-4.21
68,151,44,42.2,4.81,34.28,50.12,0.0002,0.9398,WARNING,-1.8
68,152,43,40.44,4.47,33.08,47.8,0.0002,0.9697,WARNING,-2.56
68,153,42,38.77,4.32,31.67,45.87,0.0003,0.9859,WARNING,-3.23
68,154,41,39.51,4.46,32.17,46.85,0.0003,0.9763,WARNING,-1.49
68,155,40,39.81,4.52,32.37,47.24,0.0003,0.9735,WARNING,-0.19
68,156,39,38.62,4.34,31.48,45.77,0.0003,0.9863,WARNING,-0.38
68,157,38,37.83,4.57,30.31,45.35,0.0006,0.9872,WARNING,-0.17
68,158,37,37.57,4.32,30.46,44.69,0.0004,0.9934,WARNING,0.57
68,159,36,37.57,4.33,30.44,44.7,0.0004,0.9933,WARNING,1.57
68,160,35,36.09,4.38,28.88,43.3,0.0012,0.998,WARNING,1.09
68,161,34,35.83,4.33,28.7,42.96,0.0012,0.9992,WARNING,1.83
68,162,33,35.08,4.17,28.22,41.93,0.0014,0.9997,WARNING,2.08
68,163,32,35.08,4.16,28.23,41.92,0.0014,0.9997,WARNING,3.08
68,164,31,31.81,4.15,24.98,38.64,0.0073,0.9998,WARNING,0.81
68,165,30,31.87,4.2,24.96,38.78,0.0075,0.9998,WARNING,1.87
68,166,29,30.57,4.27,23.54,37.6,0.0179,0.9998,WARNING,1.57
68,167,28,30.03,4.38,22.83,37.23,0.0266,0.9998,WARNING,2.03
68,168,27,29.98,4.38,22.78,37.18,0.027,0.9998,WARNING,2.98
68,169,26,26.83,3.56,20.98,32.68,0.0452,0.9998,WARNING,0.83
68,170,25,27.13,3.88,20.74,33.52,0.0492,0.9998,WARNING,2.13
68,171,24,25.62,3.39,20.05,31.19,0.0652,0.9998,WARNING,1.62
68,172,23,24.08,3.25,18.74,29.43,0.1187,0.9998,WARNING,1.08
68,173,22,22.93,3.0,17.99,27.86,0.1873,0.9998,WARNING,0.93
68,174,21,18.9,2.54,14.73,23.07,0.7283,0.9998,WARNING,-2.1
68,175,20,17.79,2.54,13.62,21.96,0.8405,0.9998,WARNING,-2.21
68,176,19,18.36,2.74,13.86,22.86,0.7835,0.9998,WARNING,-0.64
68,177,18,17.44,2.54,13.26,21.62,0.8636,0.9998,WARNING,-0.56
68,178,17,16.64,2.57,12.41,20.86,0.9101,0.9998,CRITICAL,-0.36
68,179,16,17.22,2.61,12.93,21.52,0.8751,0.9998,WARNING,1.22
68,180,15,14.15,2.44,10.13,18.16,0.9778,0.9998,CRITICAL,-0.85
68,181,14,13.51,2.36,9.62,17.4,0.9898,0.9998,CRITICAL,-0.49
68,182,13,12.34,2.23,8.67,16.0,0.9996,0.9998,CRITICAL,-0.66
68,183,12,11.06,2.31,7.26,14.85,0.9998,0.9998,CRITICAL,-0.94
68,184,11,10.37,2.33,6.55,14.2,0.9998,0.9998,CRITICAL,-0.63
68,185,10,9.38,2.36,5.5,13.27,0.9998,0.9998,CRITICAL,-0.62
68,186,9,8.46,2.37,4.57,12.36,0.9998,0.9998,CRITICAL,-0.54
68,187,8,7.57,2.37,3.67,11.47,0.9998,0.9998,CRITICAL,-0.43
69,52,123,118.6,13.56,96.29,140.9,0.0002,0.0002,NOMINAL,-4.4
69,53,122,118.7,13.56,96.39,141.01,0.0002,0.0002,NOMINAL,-3.3
69,54,121,116.93,13.66,94.46,139.39,0.0002,0.0002,NOMINAL,-4.07
70,52,125,124.19,2.61,119.9,128.48,0.0002,0.0002,NOMINAL,-0.81
70,53,125,124.49,2.61,120.2,128.78,0.0002,0.0002,NOMINAL,-0.51
70,54,125,125.33,2.57,121.11,129.55,0.0002,0.0002,NOMINAL,0.33
70,55,125,125.09,2.61,120.8,129.38,0.0002,0.0002,NOMINAL,0.09
70,56,125,125.33,2.57,121.11,129.55,0.0002,0.0002,NOMINAL,0.33
70,57,125,125.09,2.61,120.8,129.38,0.0002,0.0002,NOMINAL,0.09
70,58,125,125.0,2.57,120.78,129.22,0.0002,0.0002,NOMINAL,-0.0
70,59,125,123.93,2.61,119.64,128.22,0.0002,0.0002,NOMINAL,-1.07
70,60,125,124.76,2.54,120.59,128.94,0.0002,0.0002,NOMINAL,-0.24
70,61,125,124.8,2.54,120.62,128.98,0.0002,0.0002,NOMINAL,-0.2
70,62,125,123.93,2.63,119.61,128.25,0.0002,0.0002,NOMINAL,-1.07
70,63,125,123.23,3.3,117.8,128.67,0.0002,0.0002,NOMINAL,-1.77
70,64,125,123.05,5.92,113.31,132.79,0.0002,0.0002,NOMINAL,-1.95
70,65,125,120.59,6.87,109.28,131.9,0.0002,0.0002,NOMINAL,-4.41
70,66,125,123.36,5.33,114.6,132.13,0.0002,0.0002,NOMINAL,-1.64
70,67,125,123.13,5.19,114.58,131.67,0.0002,0.0002,NOMINAL,-1.87
70,68,125,122.03,10.29,105.1,138.96,0.0002,0.0002,NOMINAL,-2.97
70,69,125,122.3,10.29,105.37,139.23,0.0002,0.0002,NOMINAL,-2.7
70,70,125,121.71,10.85,103.86,139.56,0.0002,0.0002,NOMINAL,-3.29
70,71,125,121.7,10.85,103.85,139.55,0.0002,0.0002,NOMINAL,-3.3
70,72,125,120.12,11.92,100.51,139.72,0.0002,0.0002,NOMINAL,-4.88
70,73,125,121.44,11.59,102.38,140.51,0.0002,0.0002,NOMINAL,-3.56
70,74,125,119.88,11.97,100.19,139.56,0.0002,0.0002,NOMINAL,-5.12
70,75,125,118.99,11.97,99.3,138.67,0.0002,0.0002,NOMINAL,-6.01
70,76,125,118.93,11.92,99.32,138.53,0.0002,0.0002,NOMINAL,-6.07
70,77,125,121.37,11.59,102.31,140.44,0.0002,0.0002,NOMINAL,-3.63
70,78,125,120.16,11.77,100.8,139.52,0.0002,0.0002,NOMINAL,-4.84
70,79,125,119.2,12.2,99.13,139.26,0.0002,0.0002,NOMINAL,-5.8
70,80,125,118.77,13.56,96.46,141.08,0.0002,0.0002,NOMINAL,-6.23
70,81,125,118.66,13.56,96.35,140.97,0.0002,0.0002,NOMINAL,-6.34
70,82,125,118.83,13.56,96.52,141.14,0.0002,0.0002,NOMINAL,-6.17
70,83,125,120.4,13.28,98.56,142.24,0.0002,0.0002,NOMINAL,-4.6
70,84,125,121.1,11.78,101.73,140.48,0.0002,0.0002,NOMINAL,-3.9
70,85,125,120.35,11.78,100.98,139.73,0.0002,0.0002,NOMINAL,-4.65
70,86,125,119.12,13.56,96.81,141.43,0.0002,0.0002,NOMINAL,-5.88
70,87,125,118.42,13.53,96.16,140.69,0.0002,0.0002,NOMINAL,-6.58
70,88,125,120.42,11.97,100.73,140.1,0.0002,0.0002,NOMINAL,-4.58
70,89,125,120.64,11.73,101.33,139.94,0.0002,0.0002,NOMINAL,-4.36
70,90,125,120.31,11.78,100.93,139.69,0.0002,0.0002,NOMINAL,-4.69
70,91,125,118.5,13.56,96.19,140.81,0.0002,0.0002,NOMINAL,-6.5
70,92,125,118.11,13.56,95.81,140.42,0.0002,0.0002,NOMINAL,-6.89
70,93,125,118.11,13.64,95.69,140.54,0.0002,0.0002,NOMINAL,-6.89
70,94,125,118.75,13.56,96.44,141.05,0.0002,0.0002,NOMINAL,-6.25
70,95,125,118.39,12.2,98.33,138.46,0.0002,0.0002,NOMINAL,-6.61
70,96,125,118.45,12.2,98.39,138.52,0.0002,0.0002,NOMINAL,-6.55
70,97,125,118.11,13.56,95.81,140.42,0.0002,0.0002,NOMINAL,-6.89
70,98,125,118.78,12.2,98.72,138.85,0.0002,0.0002,NOMINAL,-6.22
70,99,125,117.65,13.64,95.22,140.08,0.0002,0.0002,NOMINAL,-7.35
70,100,125,113.61,13.43,91.53,135.7,0.0002,0.0002,NOMINAL,-11.39
70,101,125,111.9,13.09,90.37,133.42,0.0002,0.0002,NOMINAL,-13.1
70,102,125,111.99,13.09,90.47,133.52,0.0002,0.0002,NOMINAL,-13.01
70,103,125,117.74,13.64,95.31,140.17,0.0002,0.0002,NOMINAL,-7.26
70,104,125,118.64,13.56,96.34,140.95,0.0002,0.0002,NOMINAL,-6.36
70,105,125,118.57,13.56,96.26,140.88,0.0002,0.0002,NOMINAL,-6.43
70,106,125,119.23,13.56,96.92,141.54,0.0002,0.0002,NOMINAL,-5.77
70,107,125,118.57,13.56,96.26,140.88,0.0002,0.0002,NOMINAL,-6.43
70,108,125,118.77,13.56,96.47,141.08,0.0002,0.0002,NOMINAL,-6.23
70,109,125,117.54,13.64,95.11,139.96,0.0002,0.0002,NOMINAL,-7.46
70,110,125,111.18,12.73,90.24,132.12,0.0002,0.0002,NOMINAL,-13.82
70,111,125,107.7,11.73,88.41,127.0,0.0002,0.0002,NOMINAL,-17.3
70,112,125,113.7,13.08,92.19,135.21,0.0002,0.0002,NOMINAL,-11.3
70,113,125,118.38,13.65,95.93,140.83,0.0002,0.0002,NOMINAL,-6.62
70,114,125,118.38,13.64,95.96,140.81,0.0002,0.0002,NOMINAL,-6.62
70,115,125,118.38,13.64,95.96,140.81,0.0002,0.0002,NOMINAL,-6.62
70,116,125,118.38,13.64,95.96,140.81,0.0002,0.0002,NOMINAL,-6.62
70,117,125,118.38,13.65,95.93,140.83,0.0002,0.0002,NOMINAL,-6.62
70,118,125,118.38,13.73,95.79,140.97,0.0002,0.0002,NOMINAL,-6.62
70,119,125,111.51,12.9,90.28,132.74,0.0002,0.0002,NOMINAL,-13.49
70,120,125,118.31,13.68,95.81,140.81,0.0002,0.0002,NOMINAL,-6.69
70,121,125,116.77,13.49,94.59,138.96,0.0002,0.0002,NOMINAL,-8.23
70,122,124,112.08,13.09,90.56,133.61,0.0002,0.0002,NOMINAL,-11.92
70,123,123,110.5,12.09,90.6,130.39,0.0002,0.0002,NOMINAL,-12.5
70,124,122,112.85,13.35,90.89,134.82,0.0002,0.0002,NOMINAL,-9.15
70,125,121,110.88,12.57,90.21,131.56,0.0002,0.0002,NOMINAL,-10.12
70,126,120,110.77,12.35,90.46,131.09,0.0002,0.0002,NOMINAL,-9.23
70,127,119,111.54,12.9,90.31,132.76,0.0002,0.0002,NOMINAL,-7.46
70,128,118,111.91,13.09,90.38,133.43,0.0002,0.0002,NOMINAL,-6.09
70,129,117,118.2,13.56,95.9,140.51,0.0002,0.0002,NOMINAL,1.2
70,130,116,118.18,13.56,95.87,140.49,0.0002,0.0002,NOMINAL,2.18
70,131,115,114.13,13.43,92.05,136.22,0.0002,0.0002,NOMINAL,-0.87
70,132,114,116.13,13.61,93.74,138.51,0.0002,0.0002,NOMINAL,2.13
70,133,113,113.0,13.09,91.48,134.53,0.0002,0.0002,NOMINAL,0.0
70,134,112,105.5,11.73,86.2,124.79,0.0002,0.0002,NOMINAL,-6.5
70,135,111,98.87,11.72,79.59,118.14,0.0002,0.0003,NOMINAL,-12.13
70,136,110,93.37,11.27,74.83,111.91,0.0002,0.0007,NOMINAL,-16.63
70,137,109,97.13,11.52,78.19,116.08,0.0002,0.0004,NOMINAL,-11.87
70,138,108,103.96,11.6,84.88,123.03,0.0002,0.0002,NOMINAL,-4.04
70,139,107,102.48,11.61,83.38,121.57,0.0002,0.0002,NOMINAL,-4.52
70,140,106,95.57,11.27,77.02,114.11,0.0002,0.0004,NOMINAL,-10.43
70,141,105,95.58,11.27,77.04,114.12,0.0002,0.0004,NOMINAL,-9.42
70,142,104,89.66,11.27,71.11,108.2,0.0002,0.0019,NOMINAL,-14.34
70,143,103,90.7,11.08,72.47,108.93,0.0002,0.0012,NOMINAL,-12.3
70,144,102,89.89,10.9,71.95,107.83,0.0002,0.0012,NOMINAL,-12.11
70,145,101,93.39,11.27,74.85,111.94,0.0002,0.0007,NOMINAL,-7.61
70,146,100,93.39,11.27,74.85,111.94,0.0002,0.0007,NOMINAL,-6.61
70,147,99,91.7,11.27,73.16,110.24,0.0002,0.0011,NOMINAL,-7.3
70,148,98,91.15,11.27,72.61,109.69,0.0002,0.0012,NOMINAL,-6.85
70,149,97,91.15,10.88,73.26,109.05,0.0002,0.0008,NOMINAL,-5.85
70,150,96,87.54,10.56,70.18,104.91,0.0002,0.0017,NOMINAL,-8.46
70,151,95,83.26,9.6,67.47,99.05,0.0002,0.0023,NOMINAL,-11.74
70,152,94,82.5,9.6,66.71,98.29,0.0002,0.003,NOMINAL,-11.5
71,52,125,118.5,13.64,96.06,140.94,0.0002,0.0002,NOMINAL,-6.5
71,53,125,118.5,13.64,96.06,140.94,0.0002,0.0002,NOMINAL,-6.5
71,54,125,118.17,13.57,95.85,140.49,0.0002,0.0002,NOMINAL,-6.83
71,55,125,118.45,13.64,96.01,140.89,0.0002,0.0002,NOMINAL,-6.55
71,56,125,118.74,13.57,96.41,141.06,0.0002,0.0002,NOMINAL,-6.26
71,57,125,119.5,13.56,97.19,141.81,0.0002,0.0002,NOMINAL,-5.5
71,58,125,119.6,13.56,97.29,141.91,0.0002,0.0002,NOMINAL,-5.4
71,59,125,119.3,13.35,97.34,141.26,0.0002,0.0002,NOMINAL,-5.7
71,60,125,118.2,13.64,95.75,140.64,0.0002,0.0002,NOMINAL,-6.8
71,61,125,119.33,13.35,97.37,141.29,0.0002,0.0002,NOMINAL,-5.67
71,62,124,119.66,13.56,97.35,141.96,0.0002,0.0002,NOMINAL,-4.34
71,63,123,117.74,13.64,95.29,140.18,0.0002,0.0002,NOMINAL,-5.26
71,64,122,114.2,13.35,92.24,136.15,0.0002,0.0002,NOMINAL,-7.8
71,65,121,115.57,13.59,93.22,137.93,0.0002,0.0002,NOMINAL,-5.43
71,66,120,118.61,13.56,96.3,140.92,0.0002,0.0002,NOMINAL,-1.39
71,67,119,119.03,13.56,96.72,141.33,0.0002,0.0002,NOMINAL,0.03
71,68,118,118.79,13.56,96.48,141.1,0.0002,0.0002,NOMINAL,0.79
72,52,125,114.64,13.56,92.33,136.94,0.0002,0.0002,NOMINAL,-10.36
72,53,125,114.36,13.59,92.01,136.72,0.0002,0.0002,NOMINAL,-10.64
72,54,125,104.33,11.78,84.95,123.71,0.0002,0.0002,NOMINAL,-20.67
72,55,125,100.72,11.66,81.54,119.9,0.0002,0.0003,NOMINAL,-24.28
72,56,125,104.26,11.66,85.08,123.44,0.0002,0.0002,NOMINAL,-20.74
72,57,124,104.4,11.66,85.22,123.58,0.0002,0.0002,NOMINAL,-19.6
72,58,123,100.96,11.66,81.78,120.14,0.0002,0.0003,NOMINAL,-22.04
72,59,122,95.27,11.66,76.09,114.45,0.0002,0.0006,NOMINAL,-26.73
72,60,121,90.14,11.55,71.14,109.14,0.0002,0.0022,NOMINAL,-30.86
72,61,120,88.12,11.24,69.63,106.6,0.0002,0.003,NOMINAL,-31.88
72,62,119,87.61,11.55,68.61,106.61,0.0002,0.0043,NOMINAL,-31.39
72,63,118,88.79,11.55,69.79,107.79,0.0002,0.0033,NOMINAL,-29.21
72,64,117,104.7,12.34,84.4,125.01,0.0002,0.0002,NOMINAL,-12.3
72,65,116,105.34,12.67,84.49,126.18,0.0002,0.0003,NOMINAL,-10.66
72,66,115,108.21,12.88,87.02,129.4,0.0002,0.0002,NOMINAL,-6.79
72,67,114,113.01,13.45,90.89,135.13,0.0002,0.0002,NOMINAL,-0.99
72,68,113,114.0,13.22,92.25,135.75,0.0002,0.0002,NOMINAL,1.0
72,69,112,112.21,12.98,90.87,133.55,0.0002,0.0002,NOMINAL,0.21
72,70,111,114.15,13.35,92.2,136.11,0.0002,0.0002,NOMINAL,3.15
72,71,110,117.92,13.64,95.48,140.37,0.0002,0.0002,NOMINAL,7.92
72,72,109,116.79,13.58,94.46,139.12,0.0002,0.0002,NOMINAL,7.79
72,73,108,116.92,13.66,94.45,139.39,0.0002,0.0002,NOMINAL,8.92
72,74,107,112.14,13.01,90.75,133.53,0.0002,0.0002,NOMINAL,5.14
72,75,106,110.34,12.83,89.25,131.44,0.0002,0.0002,NOMINAL,4.34
72,76,105,105.85,11.63,86.72,124.99,0.0002,0.0002,NOMINAL,0.85
72,77,104,102.36,11.71,83.1,121.62,0.0002,0.0002,NOMINAL,-1.64
72,78,103,111.53,13.01,90.14,132.92,0.0002,0.0002,NOMINAL,8.53
72,79,102,117.92,13.64,95.48,140.37,0.0002,0.0002,NOMINAL,15.92
72,80,101,118.1,13.56,95.79,140.41,0.0002,0.0002,NOMINAL,17.1
72,81,100,119.06,13.56,96.75,141.37,0.0002,0.0002,NOMINAL,19.06
72,82,99,118.3,13.56,95.99,140.61,0.0002,0.0002,NOMINAL,19.3
72,83,98,117.74,13.64,95.29,140.18,0.0002,0.0002,NOMINAL,19.74
72,84,97,117.74,13.64,95.29,140.18,0.0002,0.0002,NOMINAL,20.74
72,85,96,115.79,13.47,93.63,137.95,0.0002,0.0002,NOMINAL,19.79
72,86,95,106.05,11.73,86.75,125.35,0.0002,0.0002,NOMINAL,11.05
72,87,94,107.66,12.19,87.6,127.72,0.0002,0.0002,NOMINAL,13.66
72,88,93,103.94,11.73,84.64,123.23,0.0002,0.0002,NOMINAL,10.94
72,89,92,109.5,12.32,89.24,129.77,0.0002,0.0002,NOMINAL,17.5
72,90,91,111.36,13.01,89.97,132.75,0.0002,0.0002,NOMINAL,20.36
72,91,90,108.45,12.19,88.39,128.5,0.0002,0.0002,NOMINAL,18.45
72,92,89,97.89,11.42,79.11,116.67,0.0002,0.0003,NOMINAL,8.89
72,93,88,92.39,11.31,73.79,110.99,0.0002,0.0009,NOMINAL,4.39
72,94,87,91.03,11.31,72.43,109.63,0.0002,0.0013,NOMINAL,4.03
72,95,86,93.66,11.31,75.06,112.26,0.0002,0.0007,NOMINAL,7.66
72,96,85,92.85,11.62,73.73,111.96,0.0002,0.0011,NOMINAL,7.85
72,97,84,91.38,11.55,72.38,110.39,0.0002,0.0016,NOMINAL,7.38
72,98,83,90.43,11.31,71.82,109.03,0.0002,0.0016,NOMINAL,7.43
72,99,82,94.34,11.31,75.74,112.95,0.0002,0.0006,NOMINAL,12.34
72,100,81,89.12,10.88,71.22,107.01,0.0002,0.0015,NOMINAL,8.12
72,101,80,92.97,10.88,75.08,110.87,0.0002,0.0005,NOMINAL,12.97
72,102,79,93.65,10.88,75.76,111.55,0.0002,0.0004,NOMINAL,14.65
72,103,78,93.61,11.11,75.33,111.89,0.0002,0.0006,NOMINAL,15.61
72,104,77,90.04,10.88,72.15,107.94,0.0002,0.0011,NOMINAL,13.04
72,105,76,90.27,10.88,72.38,108.17,0.0002,0.0011,NOMINAL,14.27
72,106,75,91.46,10.88,73.57,109.36,0.0002,0.0008,NOMINAL,16.46
72,107,74,90.79,10.88,72.89,108.68,0.0002,0.0009,NOMINAL,16.79
72,108,73,87.02,10.56,69.66,104.38,0.0002,0.002,NOMINAL,14.02
72,109,72,86.03,10.08,69.45,102.61,0.0002,0.0016,NOMINAL,14.03
72,110,71,91.43,10.11,74.8,108.06,0.0002,0.0004,NOMINAL,20.43
72,111,70,91.88,10.56,74.51,109.24,0.0002,0.0005,NOMINAL,21.88
72,112,69,91.43,10.27,74.54,108.32,0.0002,0.0004,NOMINAL,22.43
72,113,68,91.9,10.56,74.53,109.26,0.0002,0.0005,NOMINAL,23.9
72,114,67,87.8,10.56,70.44,105.16,0.0002,0.0016,NOMINAL,20.8
72,115,66,86.94,10.56,69.58,104.31,0.0002,0.002,NOMINAL,20.94
72,116,65,86.41,10.56,69.05,103.77,0.0002,0.0024,NOMINAL,21.41
72,117,64,85.01,9.74,68.99,101.03,0.0002,0.0015,NOMINAL,21.01
72,118,63,84.65,9.69,68.72,100.58,0.0002,0.0016,NOMINAL,21.65
72,119,62,82.88,9.43,67.38,98.38,0.0002,0.0021,NOMINAL,20.88
72,120,61,82.99,9.43,67.49,98.5,0.0002,0.002,NOMINAL,21.99
72,121,60,82.42,9.43,66.92,97.92,0.0002,0.0025,NOMINAL,22.42
72,122,59,82.67,8.88,68.06,97.27,0.0002,0.0011,NOMINAL,23.67
72,123,58,85.42,9.4,69.96,100.88,0.0002,0.0009,NOMINAL,27.42
72,124,57,80.08,9.3,64.78,95.38,0.0002,0.0044,NOMINAL,23.08
72,125,56,74.46,9.0,59.66,89.26,0.0002,0.0089,NOMINAL,18.46
72,126,55,74.13,8.45,60.23,88.03,0.0002,0.0071,NOMINAL,19.13
72,127,54,73.47,7.97,60.36,86.58,0.0002,0.0063,NOMINAL,19.47
72,128,53,74.13,8.45,60.24,88.03,0.0002,0.0071,NOMINAL,21.13
72,129,52,69.02,7.97,55.91,82.13,0.0002,0.0211,NOMINAL,17.02
72,130,51,67.72,7.78,54.94,80.51,0.0002,0.027,NOMINAL,16.72
72,131,50,65.85,7.33,53.8,77.91,0.0002,0.0321,NOMINAL,15.85
73,52,125,119.75,10.79,102.01,137.49,0.0002,0.0002,NOMINAL,-5.25
73,53,125,120.58,9.59,104.8,136.36,0.0002,0.0002,NOMINAL,-4.42
73,54,125,120.21,12.27,100.02,140.4,0.0002,0.0002,NOMINAL,-4.79
73,55,125,120.3,12.27,100.11,140.48,0.0002,0.0002,NOMINAL,-4.7
73,56,125,121.03,8.41,107.2,134.87,0.0002,0.0002,NOMINAL,-3.97
73,57,125,120.91,9.62,105.1,136.73,0.0002,0.0002,NOMINAL,-4.09
73,58,125,120.91,9.8,104.79,137.04,0.0002,0.0002,NOMINAL,-4.09
73,59,125,120.91,9.62,105.1,136.73,0.0002,0.0002,NOMINAL,-4.09
73,60,125,120.91,9.62,105.1,136.73,0.0002,0.0002,NOMINAL,-4.09
73,61,125,120.87,9.96,104.49,137.25,0.0002,0.0002,NOMINAL,-4.13
73,62,125,119.14,13.02,97.72,140.55,0.0002,0.0002,NOMINAL,-5.86
73,63,125,119.68,12.04,99.88,139.49,0.0002,0.0002,NOMINAL,-5.32
73,64,125,119.81,12.04,100.0,139.61,0.0002,0.0002,NOMINAL,-5.19
73,65,125,120.7,8.79,106.25,135.15,0.0002,0.0002,NOMINAL,-4.3
73,66,125,122.37,7.97,109.26,135.48,0.0002,0.0002,NOMINAL,-2.63
73,67,125,120.91,9.62,105.1,136.73,0.0002,0.0002,NOMINAL,-4.09
73,68,125,122.88,5.89,113.19,132.56,0.0002,0.0002,NOMINAL,-2.12
73,69,125,122.25,8.72,107.9,136.6,0.0002,0.0002,NOMINAL,-2.75
73,70,125,121.42,9.62,105.6,137.23,0.0002,0.0002,NOMINAL,-3.58
73,71,125,122.88,7.97,109.77,135.98,0.0002,0.0002,NOMINAL,-2.12
73,72,125,121.71,5.58,112.53,130.9,0.0002,0.0002,NOMINAL,-3.29
73,73,125,123.8,4.36,116.63,130.97,0.0002,0.0002,NOMINAL,-1.2
73,74,125,122.73,8.04,109.5,135.95,0.0002,0.0002,NOMINAL,-2.27
73,75,125,122.25,8.72,107.9,136.6,0.0002,0.0002,NOMINAL,-2.75
73,76,125,124.03,3.97,117.5,130.57,0.0002,0.0002,NOMINAL,-0.97
73,77,125,122.25,8.72,107.9,136.6,0.0002,0.0002,NOMINAL,-2.75
73,78,125,122.08,9.53,106.41,137.75,0.0002,0.0002,NOMINAL,-2.92
73,79,125,120.96,8.63,106.77,135.16,0.0002,0.0002,NOMINAL,-4.04
73,80,125,120.46,11.81,101.03,139.89,0.0002,0.0002,NOMINAL,-4.54
73,81,125,120.07,13.32,98.16,141.99,0.0002,0.0002,NOMINAL,-4.93
73,82,125,119.89,13.56,97.58,142.2,0.0002,0.0002,NOMINAL,-5.11
73,83,125,119.85,13.56,97.54,142.15,0.0002,0.0002,NOMINAL,-5.15
73,84,125,117.29,13.57,94.96,139.61,0.0002,0.0002,NOMINAL,-7.71
73,85,125,116.55,13.57,94.22,138.87,0.0002,0.0002,NOMINAL,-8.45
73,86,125,114.39,13.59,92.04,136.75,0.0002,0.0002,NOMINAL,-10.61
73,87,125,113.83,13.53,91.58,136.08,0.0002,0.0002,NOMINAL,-11.17
73,88,125,110.79,12.99,89.42,132.16,0.0002,0.0002,NOMINAL,-14.21
73,89,125,110.2,12.99,88.83,131.57,0.0002,0.0002,NOMINAL,-14.8
73,90,125,103.59,11.66,84.41,122.77,0.0002,0.0002,NOMINAL,-21.41
73,91,125,102.06,11.66,82.88,121.24,0.0002,0.0002,NOMINAL,-22.94
73,92,125,105.62,11.75,86.29,124.95,0.0002,0.0002,NOMINAL,-19.38
73,93,125,108.25,12.35,87.95,128.56,0.0002,0.0002,NOMINAL,-16.75
73,94,125,109.01,12.56,88.36,129.67,0.0002,0.0002,NOMINAL,-15.99
73,95,125,102.53,11.66,83.35,121.71,0.0002,0.0002,NOMINAL,-22.47
73,96,125,88.6,11.31,70.0,107.2,0.0002,0.0027,NOMINAL,-36.4
73,97,125,90.69,11.62,71.58,109.81,0.0002,0.002,NOMINAL,-34.31
73,98,125,83.47,11.24,64.98,101.96,0.0002,0.0061,NOMINAL,-41.53
73,99,125,82.59,11.05,64.41,100.76,0.0002,0.0063,NOMINAL,-42.41
73,100,125,82.97,11.03,64.82,101.12,0.0002,0.006,NOMINAL,-42.03
73,101,125,80.87,10.49,63.61,98.13,0.0002,0.0064,NOMINAL,-44.13
73,102,125,82.46,11.03,64.31,100.61,0.0002,0.0064,NOMINAL,-42.54
73,103,125,82.93,11.24,64.44,101.42,0.0002,0.0064,NOMINAL,-42.07
73,104,125,84.59,10.64,67.09,102.08,0.0002,0.0043,NOMINAL,-40.41
73,105,125,82.78,10.61,65.32,100.24,0.0002,0.0051,NOMINAL,-42.22
73,106,125,83.39,10.61,65.93,100.85,0.0002,0.0047,NOMINAL,-41.61
73,107,125,86.58,10.81,68.79,104.36,0.0002,0.003,NOMINAL,-38.42
73,108,125,85.35,10.61,67.89,102.81,0.0002,0.0036,NOMINAL,-39.65
73,109,125,79.93,10.45,62.74,97.12,0.0002,0.007,NOMINAL,-45.07
73,110,125,77.48,9.82,61.33,93.63,0.0002,0.0079,NOMINAL,-47.52
73,111,125,77.53,9.71,61.56,93.49,0.0002,0.0074,NOMINAL,-47.47
73,112,125,79.21,10.02,62.74,95.69,0.0002,0.0065,NOMINAL,-45.79
74,52,125,120.66,11.24,102.18,139.14,0.0002,0.0002,NOMINAL,-4.34
74,53,125,120.83,10.09,104.23,137.43,0.0002,0.0002,NOMINAL,-4.17
74,54,125,121.97,10.09,105.37,138.57,0.0002,0.0002,NOMINAL,-3.03
74,55,125,121.27,8.52,107.25,135.28,0.0002,0.0002,NOMINAL,-3.73
74,56,125,122.32,8.52,108.3,136.34,0.0002,0.0002,NOMINAL,-2.68
74,57,125,121.57,6.57,110.76,132.38,0.0002,0.0002,NOMINAL,-3.43
74,58,125,121.92,8.52,107.9,135.94,0.0002,0.0002,NOMINAL,-3.08
74,59,125,121.36,9.71,105.4,137.33,0.0002,0.0002,NOMINAL,-3.64
74,60,125,123.31,6.62,112.42,134.2,0.0002,0.0002,NOMINAL,-1.69
74,61,125,122.26,6.29,111.91,132.62,0.0002,0.0002,NOMINAL,-2.74
74,62,125,120.98,8.82,106.48,135.48,0.0002,0.0002,NOMINAL,-4.02
74,63,125,119.98,9.71,104.02,135.94,0.0002,0.0002,NOMINAL,-5.02
74,64,125,121.12,10.09,104.52,137.72,0.0002,0.0002,NOMINAL,-3.88
74,65,125,122.76,7.07,111.14,134.39,0.0002,0.0002,NOMINAL,-2.24
74,66,125,124.38,4.87,116.36,132.39,0.0002,0.0002,NOMINAL,-0.62
74,67,125,124.32,4.66,116.65,132.0,0.0002,0.0002,NOMINAL,-0.68
74,68,125,124.61,4.32,117.51,131.72,0.0002,0.0002,NOMINAL,-0.39
74,69,125,123.25,4.74,115.46,131.05,0.0002,0.0002,NOMINAL,-1.75
74,70,125,123.64,5.17,115.13,132.15,0.0002,0.0002,NOMINAL,-1.36
74,71,125,124.56,4.33,117.45,131.68,0.0002,0.0002,NOMINAL,-0.44
74,72,125,121.63,4.36,114.45,128.81,0.0002,0.0002,NOMINAL,-3.37
74,73,125,123.92,4.67,116.23,131.6,0.0002,0.0002,NOMINAL,-1.08
74,74,125,123.57,2.87,118.86,128.29,0.0002,0.0002,NOMINAL,-1.43
74,75,125,123.57,2.97,118.68,128.45,0.0002,0.0002,NOMINAL,-1.43
74,76,125,122.65,5.09,114.28,131.02,0.0002,0.0002,NOMINAL,-2.35
74,77,125,123.39,5.43,114.46,132.32,0.0002,0.0002,NOMINAL,-1.61
74,78,125,123.72,3.03,118.74,128.7,0.0002,0.0002,NOMINAL,-1.28
74,79,125,123.42,5.47,114.42,132.41,0.0002,0.0002,NOMINAL,-1.58
74,80,125,123.43,4.86,115.44,131.42,0.0002,0.0002,NOMINAL,-1.57
74,81,125,122.77,6.13,112.69,132.86,0.0002,0.0002,NOMINAL,-2.23
74,82,125,122.36,8.95,107.63,137.08,0.0002,0.0002,NOMINAL,-2.64
74,83,125,122.46,9.86,106.25,138.67,0.0002,0.0002,NOMINAL,-2.54
74,84,125,123.26,5.3,114.55,131.97,0.0002,0.0002,NOMINAL,-1.74
74,85,125,121.73,8.96,107.0,136.47,0.0002,0.0002,NOMINAL,-3.27
74,86,125,118.31,13.56,96.01,140.62,0.0002,0.0002,NOMINAL,-6.69
74,87,125,117.78,13.56,95.48,140.09,0.0002,0.0002,NOMINAL,-7.22
74,88,125,117.8,13.28,95.96,139.63,0.0002,0.0002,NOMINAL,-7.2
74,89,125,118.31,13.28,96.47,140.15,0.0002,0.0002,NOMINAL,-6.69
74,90,125,119.03,13.56,96.72,141.34,0.0002,0.0002,NOMINAL,-5.97
74,91,125,117.54,13.56,95.23,139.85,0.0002,0.0002,NOMINAL,-7.46
74,92,125,117.6,13.68,95.11,140.1,0.0002,0.0002,NOMINAL,-7.4
74,93,125,114.62,13.54,92.34,136.9,0.0002,0.0002,NOMINAL,-10.38
74,94,125,118.11,13.56,95.81,140.42,0.0002,0.0002,NOMINAL,-6.89
74,95,125,117.68,13.73,95.09,140.27,0.0002,0.0002,NOMINAL,-7.32
74,96,125,111.56,12.73,90.62,132.5,0.0002,0.0002,NOMINAL,-13.44
74,97,125,110.5,12.48,89.97,131.03,0.0002,0.0002,NOMINAL,-14.5
74,98,125,103.25,11.73,83.95,122.55,0.0002,0.0002,NOMINAL,-21.75
74,99,125,111.25,12.67,90.42,132.09,0.0002,0.0002,NOMINAL,-13.75
74,100,125,112.16,13.09,90.63,133.68,0.0002,0.0002,NOMINAL,-12.84
74,101,125,117.81,13.64,95.38,140.23,0.0002,0.0002,NOMINAL,-7.19
74,102,125,117.81,13.64,95.38,140.23,0.0002,0.0002,NOMINAL,-7.19
74,103,125,118.77,13.56,96.46,141.08,0.0002,0.0002,NOMINAL,-6.23
74,104,125,118.29,13.28,96.45,140.13,0.0002,0.0002,NOMINAL,-6.71
74,105,125,119.13,12.79,98.09,140.17,0.0002,0.0002,NOMINAL,-5.87
74,106,125,118.18,13.28,96.34,140.02,0.0002,0.0002,NOMINAL,-6.82
74,107,125,118.85,13.56,96.54,141.15,0.0002,0.0002,NOMINAL,-6.15
74,108,125,118.61,13.28,96.77,140.45,0.0002,0.0002,NOMINAL,-6.39
74,109,125,119.4,13.22,97.65,141.15,0.0002,0.0002,NOMINAL,-5.6
74,110,125,118.61,13.28,96.77,140.45,0.0002,0.0002,NOMINAL,-6.39
74,111,125,120.97,11.5,102.06,139.89,0.0002,0.0002,NOMINAL,-4.03
74,112,125,119.96,11.02,101.83,138.08,0.0002,0.0002,NOMINAL,-5.04
74,113,125,118.65,12.52,98.05,139.25,0.0002,0.0002,NOMINAL,-6.35
74,114,125,118.18,13.28,96.35,140.02,0.0002,0.0002,NOMINAL,-6.82
74,115,125,118.64,13.56,96.34,140.95,0.0002,0.0002,NOMINAL,-6.36
74,116,125,119.76,13.06,98.28,141.25,0.0002,0.0002,NOMINAL,-5.24
74,117,125,120.31,13.06,98.83,141.8,0.0002,0.0002,NOMINAL,-4.69
74,118,125,119.2,11.68,99.99,138.42,0.0002,0.0002,NOMINAL,-5.8
74,119,125,118.77,12.86,97.62,139.92,0.0002,0.0002,NOMINAL,-6.23
74,120,125,118.95,11.08,100.73,137.18,0.0002,0.0002,NOMINAL,-6.05
74,121,125,119.71,11.02,101.58,137.83,0.0002,0.0002,NOMINAL,-5.29
74,122,125,120.02,10.91,102.08,137.96,0.0002,0.0002,NOMINAL,-4.98
74,123,125,118.7,12.52,98.1,139.31,0.0002,0.0002,NOMINAL,-6.3
74,124,125,118.06,13.56,95.75,140.37,0.0002,0.0002,NOMINAL,-6.94
74,125,125,118.86,13.53,96.6,141.12,0.0002,0.0002,NOMINAL,-6.14
74,126,125,117.28,13.28,95.44,139.12,0.0002,0.0002,NOMINAL,-7.72
74,127,125,118.54,13.28,96.7,140.38,0.0002,0.0002,NOMINAL,-6.46
74,128,125,120.67,11.5,101.76,139.59,0.0002,0.0002,NOMINAL,-4.33
74,129,125,118.4,13.06,96.91,139.88,0.0002,0.0002,NOMINAL,-6.6
74,130,125,119.82,11.68,100.6,139.03,0.0002,0.0002,NOMINAL,-5.18
74,131,125,118.09,13.28,96.25,139.93,0.0002,0.0002,NOMINAL,-6.91
74,132,125,118.17,13.56,95.86,140.48,0.0002,0.0002,NOMINAL,-6.83
74,133,125,115.38,13.59,93.03,137.74,0.0002,0.0002,NOMINAL,-9.62
74,134,125,115.45,13.54,93.18,137.71,0.0002,0.0002,NOMINAL,-9.55
74,135,125,112.88,13.43,90.79,134.97,0.0002,0.0002,NOMINAL,-12.12
74,136,125,112.28,13.43,90.19,134.37,0.0002,0.0002,NOMINAL,-12.72
74,137,125,111.25,13.09,89.73,132.78,0.0002,0.0002,NOMINAL,-13.75
75,52,125,114.99,13.59,92.63,137.35,0.0002,0.0002,NOMINAL,-10.01
75,53,125,115.75,13.58,93.42,138.08,0.0002,0.0002,NOMINAL,-9.25
75,54,125,115.47,13.58,93.14,137.8,0.0002,0.0002,NOMINAL,-9.53
75,55,125,118.49,13.64,96.04,140.93,0.0002,0.0002,NOMINAL,-6.51
75,56,125,118.87,13.64,96.43,141.32,0.0002,0.0002,NOMINAL,-6.13
75,57,125,119.62,13.56,97.31,141.93,0.0002,0.0002,NOMINAL,-5.38
75,58,125,120.19,13.56,97.88,142.5,0.0002,0.0002,NOMINAL,-4.81
75,59,125,120.75,13.56,98.44,143.06,0.0002,0.0002,NOMINAL,-4.25
75,60,125,120.04,13.56,97.73,142.35,0.0002,0.0002,NOMINAL,-4.96
75,61,125,119.55,13.56,97.24,141.86,0.0002,0.0002,NOMINAL,-5.45
75,62,125,119.9,13.56,97.6,142.21,0.0002,0.0002,NOMINAL,-5.1
75,63,125,120.04,13.32,98.12,141.95,0.0002,0.0002,NOMINAL,-4.96
75,64,125,119.19,13.56,96.88,141.5,0.0002,0.0002,NOMINAL,-5.81
75,65,125,118.75,13.56,96.44,141.06,0.0002,0.0002,NOMINAL,-6.25
75,66,125,119.4,13.56,97.09,141.71,0.0002,0.0002,NOMINAL,-5.6
75,67,125,119.9,13.07,98.4,141.4,0.0002,0.0002,NOMINAL,-5.1
75,68,125,121.27,11.86,101.76,140.77,0.0002,0.0002,NOMINAL,-3.73
75,69,125,121.97,10.97,103.93,140.0,0.0002,0.0002,NOMINAL,-3.03
75,70,125,120.95,11.86,101.44,140.45,0.0002,0.0002,NOMINAL,-4.05
75,71,125,120.78,13.07,99.28,142.28,0.0002,0.0002,NOMINAL,-4.22
75,72,125,120.35,13.07,98.85,141.84,0.0002,0.0002,NOMINAL,-4.65
75,73,125,119.86,13.32,97.95,141.78,0.0002,0.0002,NOMINAL,-5.14
75,74,125,118.69,13.56,96.38,141.0,0.0002,0.0002,NOMINAL,-6.31
75,75,125,117.04,13.64,94.59,139.48,0.0002,0.0002,NOMINAL,-7.96
75,76,125,116.14,13.43,94.05,138.23,0.0002,0.0002,NOMINAL,-8.86
75,77,124,116.16,13.43,94.06,138.25,0.0002,0.0002,NOMINAL,-7.84
75,78,123,107.5,12.19,87.44,127.56,0.0002,0.0002,NOMINAL,-15.5
75,79,122,106.06,11.73,86.76,125.36,0.0002,0.0002,NOMINAL,-15.94
75,80,121,105.23,11.73,85.93,124.53,0.0002,0.0002,NOMINAL,-15.77
75,81,120,103.63,11.73,84.33,122.93,0.0002,0.0002,NOMINAL,-16.37
75,82,119,97.54,11.39,78.8,116.27,0.0002,0.0003,NOMINAL,-21.46
75,83,118,98.74,11.31,80.14,117.34,0.0002,0.0003,NOMINAL,-19.26
75,84,117,90.71,11.31,72.1,109.31,0.0002,0.0015,NOMINAL,-26.29
75,85,116,92.34,11.31,73.74,110.95,0.0002,0.0009,NOMINAL,-23.66
75,86,115,86.57,10.75,68.88,104.26,0.0002,0.0029,NOMINAL,-28.43
75,87,114,90.86,11.29,72.29,109.42,0.0002,0.0014,NOMINAL,-23.14
75,88,113,90.37,11.29,71.8,108.93,0.0002,0.0016,NOMINAL,-22.63
76,52,125,122.7,2.57,118.48,126.92,0.0002,0.0002,NOMINAL,-2.3
76,53,125,122.69,2.8,118.08,127.3,0.0002,0.0002,NOMINAL,-2.31
76,54,125,122.3,2.8,117.69,126.91,0.0002,0.0002,NOMINAL,-2.7
76,55,125,122.65,3.09,117.57,127.72,0.0002,0.0002,NOMINAL,-2.35
76,56,125,121.71,5.56,112.57,130.85,0.0002,0.0002,NOMINAL,-3.29
76,57,125,122.06,5.58,112.88,131.25,0.0002,0.0002,NOMINAL,-2.94
76,58,125,121.71,5.58,112.53,130.9,0.0002,0.0002,NOMINAL,-3.29
76,59,125,121.3,9.62,105.48,137.11,0.0002,0.0002,NOMINAL,-3.7
76,60,125,121.45,5.98,111.61,131.3,0.0002,0.0002,NOMINAL,-3.55
76,61,125,122.06,5.58,112.88,131.25,0.0002,0.0002,NOMINAL,-2.94
76,62,125,121.71,5.98,111.87,131.56,0.0002,0.0002,NOMINAL,-3.29
76,63,125,121.71,5.58,112.53,130.9,0.0002,0.0002,NOMINAL,-3.29
76,64,125,121.42,9.62,105.6,137.23,0.0002,0.0002,NOMINAL,-3.58
76,65,125,121.03,6.49,110.36,131.71,0.0002,0.0002,NOMINAL,-3.97
76,66,125,121.03,8.41,107.2,134.87,0.0002,0.0002,NOMINAL,-3.97
76,67,125,121.42,9.62,105.6,137.23,0.0002,0.0002,NOMINAL,-3.58
76,68,125,119.52,13.02,98.11,140.94,0.0002,0.0002,NOMINAL,-5.48
76,69,125,118.59,13.02,97.17,140.0,0.0002,0.0002,NOMINAL,-6.41
76,70,125,118.74,13.02,97.32,140.15,0.0002,0.0002,NOMINAL,-6.26
76,71,125,118.59,13.02,97.17,140.0,0.0002,0.0002,NOMINAL,-6.41
76,72,125,118.59,13.02,97.17,140.0,0.0002,0.0002,NOMINAL,-6.41
76,73,125,119.68,11.81,100.26,139.11,0.0002,0.0002,NOMINAL,-5.32
76,74,125,119.37,13.32,97.46,141.29,0.0002,0.0002,NOMINAL,-5.63
76,75,125,115.79,13.57,93.47,138.12,0.0002,0.0002,NOMINAL,-9.21
76,76,125,114.7,13.59,92.35,137.06,0.0002,0.0002,NOMINAL,-10.3
76,77,125,107.51,12.56,86.85,128.17,0.0002,0.0002,NOMINAL,-17.49
76,78,125,92.29,11.66,73.11,111.47,0.0002,0.0013,NOMINAL,-32.71
76,79,125,92.64,11.66,73.45,111.82,0.0002,0.0012,NOMINAL,-32.36
76,80,125,93.08,11.63,73.94,112.21,0.0002,0.0011,NOMINAL,-31.92
76,81,125,90.69,11.55,71.69,109.69,0.0002,0.0019,NOMINAL,-34.31
76,82,125,90.6,11.55,71.6,109.6,0.0002,0.0019,NOMINAL,-34.4
76,83,125,94.74,11.55,75.74,113.74,0.0002,0.0006,NOMINAL,-30.26
76,84,125,105.3,11.79,85.91,124.7,0.0002,0.0002,NOMINAL,-19.7
76,85,125,103.02,11.69,83.79,122.25,0.0002,0.0002,NOMINAL,-21.98
76,86,125,100.38,11.57,81.34,119.42,0.0002,0.0003,NOMINAL,-24.62
76,87,125,103.28,11.57,84.24,122.32,0.0002,0.0002,NOMINAL,-21.72
76,88,125,102.32,11.62,83.21,121.44,0.0002,0.0002,NOMINAL,-22.68
76,89,125,110.76,13.01,89.37,132.15,0.0002,0.0002,NOMINAL,-14.24
76,90,125,111.16,12.99,89.79,132.53,0.0002,0.0002,NOMINAL,-13.84
76,91,124,117.65,13.58,95.33,139.98,0.0002,0.0002,NOMINAL,-6.35
76,92,123,117.12,13.58,94.79,139.45,0.0002,0.0002,NOMINAL,-5.88
76,93,122,117.28,13.64,94.84,139.72,0.0002,0.0002,NOMINAL,-4.72
76,94,121,114.69,13.58,92.36,137.02,0.0002,0.0002,NOMINAL,-6.31
76,95,120,111.76,12.99,90.39,133.13,0.0002,0.0002,NOMINAL,-8.24
76,96,119,108.25,12.46,87.76,128.75,0.0002,0.0002,NOMINAL,-10.75
76,97,118,116.87,13.64,94.42,139.31,0.0002,0.0002,NOMINAL,-1.13
76,98,117,118.33,13.64,95.89,140.78,0.0002,0.0002,NOMINAL,1.33
76,99,116,118.05,13.57,95.73,140.38,0.0002,0.0002,NOMINAL,2.05
76,100,115,117.75,13.64,95.31,140.2,0.0002,0.0002,NOMINAL,2.75
76,101,114,111.96,12.99,90.59,133.33,0.0002,0.0002,NOMINAL,-2.04
76,102,113,108.77,12.12,88.83,128.7,0.0002,0.0002,NOMINAL,-4.23
76,103,112,105.71,11.78,86.33,125.09,0.0002,0.0002,NOMINAL,-6.29
76,104,111,109.1,12.79,88.06,130.14,0.0002,0.0002,NOMINAL,-1.9
76,105,110,116.87,13.64,94.42,139.31,0.0002,0.0002,NOMINAL,6.87
76,106,109,116.87,13.64,94.42,139.31,0.0002,0.0002,NOMINAL,7.87
76,107,108,116.87,13.64,94.42,139.31,0.0002,0.0002,NOMINAL,8.87
76,108,107,115.52,13.33,93.59,137.45,0.0002,0.0002,NOMINAL,8.52
76,109,106,111.67,13.01,90.28,133.07,0.0002,0.0002,NOMINAL,5.67
76,110,105,115.05,13.59,92.69,137.4,0.0002,0.0002,NOMINAL,10.05
76,111,104,117.16,13.64,94.72,139.6,0.0002,0.0002,NOMINAL,13.16
76,112,103,112.13,13.01,90.74,133.53,0.0002,0.0002,NOMINAL,9.13
76,113,102,109.46,12.79,88.42,130.5,0.0002,0.0002,NOMINAL,7.46
76,114,101,111.16,13.01,89.77,132.55,0.0002,0.0002,NOMINAL,10.16
76,115,100,108.04,12.12,88.11,127.98,0.0002,0.0002,NOMINAL,8.04
76,116,99,110.99,13.01,89.6,132.38,0.0002,0.0002,NOMINAL,11.99
76,117,98,105.67,11.71,86.41,124.93,0.0002,0.0002,NOMINAL,7.67
76,118,97,98.69,11.73,79.39,117.99,0.0002,0.0003,NOMINAL,1.69
76,119,96,98.7,11.73,79.4,118.0,0.0002,0.0003,NOMINAL,2.7
76,120,95,99.83,11.73,80.53,119.13,0.0002,0.0003,NOMINAL,4.83
76,121,94,95.04,11.31,76.44,113.64,0.0002,0.0005,NOMINAL,1.04
76,122,93,92.92,11.29,74.35,111.48,0.0002,0.0008,NOMINAL,-0.08
76,123,92,89.0,10.86,71.13,106.86,0.0002,0.0015,NOMINAL,-3.0
76,124,91,88.69,11.04,70.53,106.85,0.0002,0.002,NOMINAL,-2.31
76,125,90,86.06,10.49,68.81,103.32,0.0002,0.0025,NOMINAL,-3.94
76,126,89,83.02,10.24,66.17,99.86,0.0002,0.0044,NOMINAL,-5.98
76,127,88,84.67,10.05,68.14,101.2,0.0002,0.0024,NOMINAL,-3.33
76,128,87,83.12,10.11,66.49,99.75,0.0002,0.0042,NOMINAL,-3.88
76,129,86,83.83,9.96,67.45,100.21,0.0002,0.0029,NOMINAL,-2.17
76,130,85,80.34,9.71,64.37,96.31,0.0002,0.0048,NOMINAL,-4.66
76,131,84,75.16,9.43,59.65,90.66,0.0002,0.0097,NOMINAL,-8.84
76,132,83,75.85,9.43,60.34,91.35,0.0002,0.0083,NOMINAL,-7.15
76,133,82,76.33,9.43,60.82,91.83,0.0002,0.0079,NOMINAL,-5.67
76,134,81,69.39,8.8,54.91,83.86,0.0002,0.0292,NOMINAL,-11.61
76,135,80,69.61,8.5,55.63,83.6,0.0002,0.0264,NOMINAL,-10.39
76,136,79,67.4,7.79,54.59,80.21,0.0002,0.028,NOMINAL,-11.6
76,137,78,66.44,7.79,53.63,79.25,0.0002,0.0358,NOMINAL,-11.56
76,138,77,67.05,7.97,53.95,80.15,0.0002,0.0331,NOMINAL,-9.95
76,139,76,66.53,7.97,53.43,79.64,0.0002,0.0367,NOMINAL,-9.47
76,140,75,64.78,7.47,52.5,77.06,0.0002,0.0434,NOMINAL,-10.22
76,141,74,61.79,7.19,49.97,73.61,0.0002,0.067,NOMINAL,-12.21
76,142,73,57.23,6.66,46.28,68.19,0.0002,0.1594,NOMINAL,-15.77
76,143,72,57.3,6.7,46.29,68.31,0.0002,0.1578,NOMINAL,-14.7
76,144,71,57.5,6.66,46.55,68.46,0.0002,0.1466,NOMINAL,-13.5
76,145,70,58.1,6.81,46.9,69.3,0.0002,0.1366,NOMINAL,-11.9
76,146,69,57.01,6.81,45.81,68.22,0.0002,0.1737,NOMINAL,-11.99
76,147,68,56.09,6.66,45.13,67.05,0.0002,0.207,NOMINAL,-11.91
76,148,67,55.81,6.7,44.8,66.83,0.0002,0.2233,NOMINAL,-11.19
76,149,66,55.96,6.66,45.01,66.92,0.0002,0.214,NOMINAL,-10.04
76,150,65,51.76,6.57,40.95,62.58,0.0002,0.4441,NOMINAL,-13.24
76,151,64,52.95,6.46,42.33,63.57,0.0002,0.3747,NOMINAL,-11.05
76,152,63,53.06,6.46,42.44,63.68,0.0002,0.3664,NOMINAL,-9.94
76,153,62,52.91,6.46,42.29,63.53,0.0002,0.3761,NOMINAL,-9.09
76,154,61,51.65,6.35,41.2,62.1,0.0002,0.4471,NOMINAL,-9.35
76,155,60,51.4,6.35,40.95,61.85,0.0002,0.4616,NOMINAL,-8.6
76,156,59,52.85,6.48,42.19,63.51,0.0002,0.38,NOMINAL,-6.15
76,157,58,53.47,6.48,42.81,64.14,0.0002,0.3404,NOMINAL,-4.53
76,158,57,50.51,6.34,40.08,60.94,0.0002,0.5165,MONITOR,-6.49
76,159,56,48.48,6.31,38.1,58.87,0.0002,0.6526,MONITOR,-7.52
76,160,55,48.56,6.28,38.22,58.89,0.0002,0.6477,MONITOR,-6.44
76,161,54,48.73,6.16,38.59,58.86,0.0002,0.6391,MONITOR,-5.27
76,162,53,47.15,5.41,38.25,56.06,0.0002,0.76,WARNING,-5.85
76,163,52,46.62,5.09,38.24,55.0,0.0002,0.7993,WARNING,-5.38
76,164,51,44.79,5.09,36.41,53.17,0.0002,0.8664,WARNING,-6.21
76,165,50,43.57,5.03,35.29,51.85,0.0002,0.9071,WARNING,-6.43
76,166,49,43.52,5.02,35.26,51.78,0.0002,0.9088,WARNING,-5.48
76,167,48,39.61,4.68,31.92,47.3,0.0003,0.9717,WARNING,-8.39
76,168,47,37.38,4.28,30.34,44.41,0.0004,0.9951,WARNING,-9.62
76,169,46,38.1,4.28,31.06,45.13,0.0003,0.9906,WARNING,-7.9
76,170,45,36.11,4.28,29.07,43.14,0.0009,0.999,WARNING,-8.89
76,171,44,35.91,4.28,28.87,42.94,0.001,0.9995,WARNING,-8.09
76,172,43,35.21,4.12,28.44,41.99,0.0011,0.9997,WARNING,-7.79
76,173,42,32.79,3.91,26.35,39.23,0.0042,0.9998,WARNING,-9.21
76,174,41,33.95,4.12,27.17,40.73,0.003,0.9998,WARNING,-7.05
76,175,40,32.65,3.9,26.23,39.07,0.0043,0.9998,WARNING,-7.35
76,176,39,32.6,3.91,26.16,39.03,0.0044,0.9998,WARNING,-6.4
76,177,38,33.38,4.12,26.61,40.16,0.0043,0.9998,WARNING,-4.62
76,178,37,30.58,4.09,23.85,37.31,0.0138,0.9998,WARNING,-6.42
76,179,36,30.94,3.96,24.43,37.45,0.008,0.9998,WARNING,-5.06
76,180,35,29.9,3.98,23.35,36.45,0.0175,0.9998,WARNING,-5.1
76,181,34,30.38,4.03,23.76,37.01,0.0142,0.9998,WARNING,-3.62
76,182,33,30.04,3.98,23.48,36.59,0.0164,0.9998,WARNING,-2.96
76,183,32,30.04,4.13,23.25,36.82,0.0198,0.9998,WARNING,-1.96
76,184,31,28.91,3.48,23.2,34.63,0.0148,0.9998,WARNING,-2.09
76,185,30,28.0,3.36,22.48,33.53,0.0213,0.9998,WARNING,-2.0
76,186,29,24.96,2.83,20.31,29.62,0.0572,0.9998,WARNING,-4.04
76,187,28,24.35,2.86,19.64,29.05,0.0808,0.9998,WARNING,-3.65
76,188,27,22.91,2.8,18.31,27.5,0.171,0.9998,WARNING,-4.09
76,189,26,22.37,2.79,17.78,26.96,0.2283,0.9998,WARNING,-3.63
76,190,25,22.3,2.81,17.67,26.92,0.2355,0.9998,WARNING,-2.7
76,191,24,20.91,2.66,16.53,25.29,0.4178,0.9998,WARNING,-3.09
76,192,23,19.38,2.52,15.24,23.52,0.6558,0.9998,WARNING,-3.62
76,193,22,19.2,2.41,15.24,23.16,0.6931,0.9998,WARNING,-2.8
76,194,21,16.45,2.38,12.53,20.38,0.9276,0.9998,CRITICAL,-4.55
76,195,20,15.28,2.47,11.21,19.35,0.9607,0.9998,CRITICAL,-4.72
76,196,19,15.28,2.47,11.21,19.35,0.9607,0.9998,CRITICAL,-3.72
76,197,18,14.56,2.41,10.6,18.53,0.9735,0.9998,CRITICAL,-3.44
76,198,17,13.56,2.22,9.91,17.21,0.9941,0.9998,CRITICAL,-3.44
76,199,16,12.52,2.21,8.88,16.16,0.9996,0.9998,CRITICAL,-3.48
76,200,15,12.27,2.31,8.48,16.07,0.9995,0.9998,CRITICAL,-2.73
76,201,14,10.53,2.33,6.69,14.37,0.9998,0.9998,CRITICAL,-3.47
76,202,13,10.24,2.33,6.4,14.08,0.9998,0.9998,CRITICAL,-2.76
76,203,12,9.34,2.32,5.52,13.16,0.9998,0.9998,CRITICAL,-2.66
76,204,11,7.33,2.37,3.44,11.23,0.9998,0.9998,CRITICAL,-3.67
76,205,10,6.54,2.43,2.54,10.53,0.9998,0.9998,CRITICAL,-3.46
77,52,125,114.59,13.58,92.26,136.92,0.0002,0.0002,NOMINAL,-10.41
77,53,125,117.68,13.64,95.23,140.12,0.0002,0.0002,NOMINAL,-7.32
77,54,125,117.71,13.64,95.26,140.15,0.0002,0.0002,NOMINAL,-7.29
77,55,125,117.82,13.57,95.5,140.15,0.0002,0.0002,NOMINAL,-7.18
77,56,125,118.43,13.64,95.99,140.88,0.0002,0.0002,NOMINAL,-6.57
77,57,125,118.39,13.57,96.06,140.71,0.0002,0.0002,NOMINAL,-6.61
77,58,125,118.85,13.57,96.53,141.18,0.0002,0.0002,NOMINAL,-6.15
77,59,125,119.15,13.57,96.83,141.47,0.0002,0.0002,NOMINAL,-5.85
77,60,125,118.33,13.64,95.89,140.78,0.0002,0.0002,NOMINAL,-6.67
77,61,125,118.33,13.64,95.89,140.78,0.0002,0.0002,NOMINAL,-6.67
77,62,125,119.55,13.56,97.24,141.86,0.0002,0.0002,NOMINAL,-5.45
77,63,125,117.69,13.57,95.37,140.02,0.0002,0.0002,NOMINAL,-7.31
77,64,125,117.13,13.64,94.69,139.57,0.0002,0.0002,NOMINAL,-7.87
77,65,125,114.55,13.35,92.6,136.51,0.0002,0.0002,NOMINAL,-10.45
77,66,125,117.71,13.64,95.26,140.15,0.0002,0.0002,NOMINAL,-7.29
77,67,125,118.33,13.64,95.89,140.78,0.0002,0.0002,NOMINAL,-6.67
77,68,125,115.58,13.58,93.25,137.91,0.0002,0.0002,NOMINAL,-9.42
77,69,125,117.03,13.64,94.59,139.47,0.0002,0.0002,NOMINAL,-7.97
77,70,125,110.21,13.01,88.82,131.61,0.0002,0.0002,NOMINAL,-14.79
77,71,125,109.1,12.62,88.34,129.86,0.0002,0.0002,NOMINAL,-15.9
77,72,124,117.79,13.64,95.34,140.23,0.0002,0.0002,NOMINAL,-6.21
77,73,123,117.65,13.64,95.2,140.09,0.0002,0.0002,NOMINAL,-5.35
77,74,122,117.13,13.64,94.69,139.57,0.0002,0.0002,NOMINAL,-4.87
77,75,121,115.02,13.42,92.95,137.09,0.0002,0.0002,NOMINAL,-5.98
77,76,120,116.02,13.4,93.97,138.06,0.0002,0.0002,NOMINAL,-3.98
77,77,119,105.66,11.66,86.48,124.84,0.0002,0.0002,NOMINAL,-13.34
77,78,118,106.05,11.73,86.75,125.35,0.0002,0.0002,NOMINAL,-11.95
77,79,117,102.42,11.71,83.16,121.68,0.0002,0.0002,NOMINAL,-14.58
77,80,116,95.32,11.66,76.14,114.5,0.0002,0.0006,NOMINAL,-20.68
77,81,115,100.62,11.71,81.36,119.89,0.0002,0.0003,NOMINAL,-14.38
77,82,114,105.9,11.73,86.61,125.2,0.0002,0.0002,NOMINAL,-8.1
77,83,113,103.25,11.67,84.06,122.45,0.0002,0.0002,NOMINAL,-9.75
77,84,112,95.86,11.6,76.78,114.94,0.0002,0.0005,NOMINAL,-16.14
77,85,111,100.42,11.69,81.18,119.65,0.0002,0.0003,NOMINAL,-10.58
77,86,110,92.52,11.31,73.91,111.12,0.0002,0.0009,NOMINAL,-17.48
77,87,109,89.6,10.99,71.52,107.69,0.0002,0.0015,NOMINAL,-19.4
77,88,108,93.42,10.88,75.52,111.31,0.0002,0.0005,NOMINAL,-14.58
77,89,107,95.34,11.18,76.95,113.73,0.0002,0.0004,NOMINAL,-11.66
77,90,106,107.82,12.39,87.44,128.21,0.0002,0.0002,NOMINAL,1.82
77,91,105,110.81,12.55,90.17,131.45,0.0002,0.0002,NOMINAL,5.81
77,92,104,111.81,13.2,90.1,133.51,0.0002,0.0002,NOMINAL,7.81
77,93,103,109.53,12.91,88.29,130.76,0.0002,0.0002,NOMINAL,6.53
77,94,102,106.91,12.39,86.52,127.29,0.0002,0.0002,NOMINAL,4.91
77,95,101,98.57,11.6,79.49,117.65,0.0002,0.0003,NOMINAL,-2.43
77,96,100,103.74,11.62,84.62,122.85,0.0002,0.0002,NOMINAL,3.74
77,97,99,103.38,11.6,84.3,122.45,0.0002,0.0002,NOMINAL,4.38
77,98,98,100.7,11.6,81.62,119.78,0.0002,0.0003,NOMINAL,2.7
77,99,97,108.63,12.39,88.25,129.02,0.0002,0.0002,NOMINAL,11.63
77,100,96,98.87,11.6,79.79,117.95,0.0002,0.0003,NOMINAL,2.87
77,101,95,101.51,11.6,82.43,120.59,0.0002,0.0002,NOMINAL,6.51
77,102,94,97.22,11.18,78.83,115.61,0.0002,0.0003,NOMINAL,3.22
77,103,93,101.28,11.18,82.89,119.67,0.0002,0.0002,NOMINAL,8.28
77,104,92,102.65,11.18,84.26,121.04,0.0002,0.0002,NOMINAL,10.65
77,105,91,93.61,11.01,75.5,111.72,0.0002,0.0005,NOMINAL,2.61
77,106,90,95.34,11.09,77.09,113.58,0.0002,0.0004,NOMINAL,5.34
77,107,89,102.88,11.32,84.26,121.5,0.0002,0.0002,NOMINAL,13.88
77,108,88,108.99,12.94,87.72,130.27,0.0002,0.0002,NOMINAL,20.99
77,109,87,110.77,12.87,89.6,131.95,0.0002,0.0002,NOMINAL,23.77
77,110,86,103.81,11.73,84.51,123.11,0.0002,0.0002,NOMINAL,17.81
77,111,85,97.39,11.38,78.67,116.1,0.0002,0.0003,NOMINAL,12.39
77,112,84,92.3,11.33,73.66,110.94,0.0002,0.001,NOMINAL,8.3
77,113,83,93.41,11.53,74.44,112.38,0.0002,0.0009,NOMINAL,10.41
77,114,82,100.44,11.62,81.33,119.55,0.0002,0.0003,NOMINAL,18.44
77,115,81,93.44,10.88,75.54,111.33,0.0002,0.0005,NOMINAL,12.44
77,116,80,87.62,10.88,69.72,105.51,0.0002,0.0024,NOMINAL,7.62
77,117,79,87.62,10.88,69.72,105.51,0.0002,0.0024,NOMINAL,8.62
77,118,78,84.23,10.37,67.18,101.28,0.0002,0.004,NOMINAL,6.23
77,119,77,84.01,10.37,66.96,101.06,0.0002,0.0042,NOMINAL,7.01
77,120,76,82.44,10.37,65.39,99.49,0.0002,0.0048,NOMINAL,6.44
77,121,75,82.0,10.18,65.27,98.74,0.0002,0.0047,NOMINAL,7.0
77,122,74,82.14,9.72,66.15,98.13,0.0002,0.0039,NOMINAL,8.14
77,123,73,80.8,9.13,65.77,95.82,0.0002,0.0032,NOMINAL,7.8
77,124,72,77.98,8.48,64.04,91.92,0.0002,0.004,NOMINAL,5.98
77,125,71,68.83,7.98,55.7,81.96,0.0002,0.0224,NOMINAL,-2.17
77,126,70,68.05,7.98,54.92,81.18,0.0002,0.0274,NOMINAL,-1.95
77,127,69,66.83,7.96,53.73,79.93,0.0002,0.0356,NOMINAL,-2.17
77,128,68,66.54,7.78,53.75,79.33,0.0002,0.0344,NOMINAL,-1.46
77,129,67,65.23,7.33,53.17,77.29,0.0002,0.0366,NOMINAL,-1.77
77,130,66,64.46,7.26,52.51,76.4,0.0002,0.0425,NOMINAL,-1.54
77,131,65,62.5,6.77,51.36,73.63,0.0002,0.0489,NOMINAL,-2.5
77,132,64,60.51,6.86,49.22,71.79,0.0002,0.0798,NOMINAL,-3.49
77,133,63,56.23,6.71,45.19,67.27,0.0002,0.2022,NOMINAL,-6.77
77,134,62,50.05,6.66,39.1,61.01,0.0002,0.5451,MONITOR,-11.95
77,135,61,49.47,6.57,38.65,60.28,0.0002,0.5826,MONITOR,-11.53
77,136,60,50.55,6.57,39.74,61.35,0.0002,0.5161,MONITOR,-9.45
77,137,59,49.97,6.57,39.16,60.77,0.0002,0.5507,MONITOR,-9.03
77,138,58,47.27,6.72,36.21,58.32,0.0004,0.7185,MONITOR,-10.73
77,139,57,49.84,6.67,38.86,60.82,0.0002,0.5576,MONITOR,-7.16
77,140,56,47.76,5.89,38.07,57.45,0.0002,0.7084,MONITOR,-8.24
77,141,55,46.62,5.88,36.96,56.29,0.0002,0.7742,WARNING,-8.38
77,142,54,46.62,5.8,37.08,56.16,0.0002,0.7768,WARNING,-7.38
77,143,53,44.4,5.09,36.02,52.78,0.0002,0.8808,WARNING,-8.6
77,144,52,44.14,5.2,35.59,52.69,0.0002,0.8842,WARNING,-7.86
77,145,51,40.33,4.71,32.58,48.08,0.0003,0.9662,WARNING,-10.67
77,146,50,40.11,4.73,32.33,47.89,0.0003,0.9679,WARNING,-9.89
77,147,49,39.65,4.73,31.87,47.43,0.0003,0.9707,WARNING,-9.35
77,148,48,37.12,4.65,29.48,44.77,0.0011,0.9903,WARNING,-10.88
77,149,47,38.42,4.65,30.78,46.06,0.0005,0.9807,WARNING,-8.58
77,150,46,35.28,4.44,27.97,42.58,0.0025,0.9995,WARNING,-10.72
77,151,45,33.58,4.15,26.75,40.42,0.0042,0.9998,WARNING,-11.42
77,152,44,33.47,4.14,26.66,40.28,0.0043,0.9998,WARNING,-10.53
77,153,43,33.28,4.15,26.45,40.11,0.0045,0.9998,WARNING,-9.72
77,154,42,33.69,4.42,26.41,40.96,0.005,0.9997,WARNING,-8.31
77,155,41,31.18,3.95,24.68,37.67,0.0075,0.9998,WARNING,-9.82
77,156,40,31.1,3.98,24.55,37.64,0.0079,0.9998,WARNING,-8.9
77,157,39,31.56,3.98,25.02,38.11,0.0066,0.9998,WARNING,-7.44
77,158,38,31.51,4.2,24.6,38.42,0.0083,0.9998,WARNING,-6.49
77,159,37,32.08,4.21,25.16,39.0,0.0069,0.9998,WARNING,-4.92
77,160,36,30.74,4.36,23.58,37.9,0.0181,0.9998,WARNING,-5.26
77,161,35,30.22,4.34,23.08,37.36,0.0231,0.9998,WARNING,-4.78
77,162,34,28.29,3.57,22.41,34.16,0.0261,0.9998,WARNING,-5.71
78,52,125,122.25,2.78,117.68,126.82,0.0002,0.0002,NOMINAL,-2.75
78,53,125,123.47,3.52,117.67,129.26,0.0002,0.0002,NOMINAL,-1.53
78,54,125,123.89,2.48,119.81,127.98,0.0002,0.0002,NOMINAL,-1.11
78,55,124,123.59,2.48,119.5,127.68,0.0002,0.0002,NOMINAL,-0.41
78,56,123,123.56,2.65,119.21,127.91,0.0002,0.0002,NOMINAL,0.56
78,57,122,123.8,2.11,120.33,127.27,0.0002,0.0002,NOMINAL,1.8
78,58,121,124.03,1.97,120.78,127.27,0.0002,0.0002,NOMINAL,3.03
78,59,120,124.18,1.97,120.94,127.42,0.0002,0.0002,NOMINAL,4.18
78,60,119,124.1,1.97,120.86,127.34,0.0002,0.0002,NOMINAL,5.1
78,61,118,123.8,2.1,120.35,127.26,0.0002,0.0002,NOMINAL,5.8
78,62,117,124.1,1.97,120.86,127.35,0.0002,0.0002,NOMINAL,7.1
78,63,116,124.1,2.13,120.6,127.6,0.0002,0.0002,NOMINAL,8.1
78,64,115,124.18,1.95,120.98,127.38,0.0002,0.0002,NOMINAL,9.18
78,65,114,123.86,1.95,120.66,127.06,0.0002,0.0002,NOMINAL,9.86
78,66,113,123.99,2.7,119.55,128.44,0.0002,0.0002,NOMINAL,10.99
78,67,112,124.5,2.05,121.14,127.87,0.0002,0.0002,NOMINAL,12.5
78,68,111,124.26,2.07,120.85,127.68,0.0002,0.0002,NOMINAL,13.26
78,69,110,123.86,1.92,120.7,127.02,0.0002,0.0002,NOMINAL,13.86
78,70,109,124.57,2.05,121.19,127.95,0.0002,0.0002,NOMINAL,15.57
78,71,108,124.81,2.02,121.48,128.14,0.0002,0.0002,NOMINAL,16.81
78,72,107,124.81,1.86,121.75,127.87,0.0002,0.0002,NOMINAL,17.81
79,52,112,100.96,11.66,81.78,120.14,0.0002,0.0003,NOMINAL,-11.04
79,53,111,94.0,11.66,74.82,113.18,0.0002,0.0008,NOMINAL,-17.0
79,54,110,89.19,11.66,70.01,108.37,0.0002,0.0033,NOMINAL,-20.81
79,55,109,84.72,11.03,66.57,102.87,0.0002,0.0047,NOMINAL,-24.28
79,56,108,85.25,11.03,67.1,103.4,0.0002,0.0045,NOMINAL,-22.75
79,57,107,83.33,11.22,64.88,101.78,0.0002,0.0062,NOMINAL,-23.67
79,58,106,88.16,11.25,69.65,106.66,0.0002,0.003,NOMINAL,-17.84
79,59,105,91.96,11.25,73.46,110.47,0.0002,0.001,NOMINAL,-13.04
79,60,104,98.48,11.25,79.97,116.98,0.0002,0.0003,NOMINAL,-5.52
79,61,103,88.71,11.11,70.44,106.99,0.0002,0.0022,NOMINAL,-14.29
79,62,102,84.81,10.81,67.02,102.59,0.0002,0.0044,NOMINAL,-17.19
79,63,101,84.62,10.61,67.16,102.08,0.0002,0.0043,NOMINAL,-16.38
79,64,100,85.08,10.23,68.25,101.91,0.0002,0.0026,NOMINAL,-14.92
79,65,99,84.26,10.26,67.39,101.13,0.0002,0.0035,NOMINAL,-14.74
79,66,98,83.82,10.61,66.36,101.28,0.0002,0.0045,NOMINAL,-14.18
79,67,97,83.62,10.61,66.16,101.08,0.0002,0.0046,NOMINAL,-13.38
79,68,96,82.18,10.61,64.72,99.63,0.0002,0.0055,NOMINAL,-13.82
79,69,95,83.37,10.81,65.58,101.15,0.0002,0.0051,NOMINAL,-11.63
79,70,94,83.96,9.92,67.63,100.28,0.0002,0.0027,NOMINAL,-10.04
79,71,93,85.85,9.92,69.52,102.17,0.0002,0.0014,NOMINAL,-7.15
79,72,92,84.97,9.92,68.64,101.29,0.0002,0.0019,NOMINAL,-7.03
79,73,91,84.49,9.92,68.16,100.81,0.0002,0.0022,NOMINAL,-6.51
79,74,90,80.1,10.08,63.52,96.68,0.0002,0.006,NOMINAL,-9.9
79,75,89,80.21,9.56,64.49,95.93,0.0002,0.0047,NOMINAL,-8.79
79,76,88,79.91,9.43,64.41,95.41,0.0002,0.0046,NOMINAL,-8.09
79,77,87,83.64,9.89,67.36,99.91,0.0002,0.0029,NOMINAL,-3.36
79,78,86,89.19,10.11,72.56,105.82,0.0002,0.0006,NOMINAL,3.19
79,79,85,90.33,10.85,72.49,108.17,0.0002,0.001,NOMINAL,5.33
79,80,84,90.1,10.27,73.21,106.99,0.0002,0.0006,NOMINAL,6.1
79,81,83,96.42,10.85,78.57,114.26,0.0002,0.0003,NOMINAL,13.42
79,82,82,105.91,11.95,86.25,125.56,0.0002,0.0002,NOMINAL,23.91
79,83,81,105.77,11.95,86.12,125.42,0.0002,0.0002,NOMINAL,24.77
79,84,80,108.99,12.39,88.61,129.38,0.0002,0.0002,NOMINAL,28.99
79,85,79,101.82,11.18,83.43,120.21,0.0002,0.0002,NOMINAL,22.82
79,86,78,106.09,11.77,86.73,125.44,0.0002,0.0002,NOMINAL,28.09
79,87,77,102.83,11.6,83.75,121.91,0.0002,0.0002,NOMINAL,25.83
79,88,76,91.36,11.02,73.24,109.48,0.0002,0.0009,NOMINAL,15.36
79,89,75,92.15,11.29,73.59,110.72,0.0002,0.001,NOMINAL,17.15
79,90,74,92.99,11.02,74.87,111.11,0.0002,0.0006,NOMINAL,18.99
79,91,73,93.02,11.29,74.45,111.58,0.0002,0.0008,NOMINAL,20.02
79,92,72,93.03,11.29,74.47,111.6,0.0002,0.0008,NOMINAL,21.03
79,93,71,93.03,11.29,74.47,111.6,0.0002,0.0008,NOMINAL,22.03
79,94,70,88.5,11.29,69.93,107.06,0.0002,0.0028,NOMINAL,18.5
79,95,69,89.36,11.29,70.8,107.93,0.0002,0.0021,NOMINAL,20.36
79,96,68,88.31,11.02,70.19,106.43,0.0002,0.0022,NOMINAL,20.31
79,97,67,93.74,11.6,74.67,112.82,0.0002,0.0009,NOMINAL,26.74
79,98,66,93.34,11.11,75.06,111.63,0.0002,0.0006,NOMINAL,27.34
79,99,65,103.09,12.05,83.26,122.92,0.0002,0.0003,NOMINAL,38.09
79,100,64,98.66,11.32,80.04,117.28,0.0002,0.0003,NOMINAL,34.66
79,101,63,92.25,10.88,74.35,110.14,0.0002,0.0006,NOMINAL,29.25
80,52,125,124.19,4.64,116.55,131.82,0.0002,0.0002,NOMINAL,-0.81
80,53,125,122.78,6.87,111.47,134.08,0.0002,0.0002,NOMINAL,-2.22
80,54,125,121.0,12.15,101.02,140.99,0.0002,0.0002,NOMINAL,-4.0
80,55,125,121.71,11.1,103.45,139.97,0.0002,0.0002,NOMINAL,-3.29
80,56,125,121.05,11.97,101.36,140.73,0.0002,0.0002,NOMINAL,-3.95
80,57,125,121.76,11.2,103.34,140.18,0.0002,0.0002,NOMINAL,-3.24
80,58,125,121.5,11.73,102.2,140.8,0.0002,0.0002,NOMINAL,-3.5
80,59,125,121.89,9.94,105.55,138.24,0.0002,0.0002,NOMINAL,-3.11
80,60,125,121.64,10.85,103.79,139.49,0.0002,0.0002,NOMINAL,-3.36
80,61,125,121.37,11.02,103.24,139.5,0.0002,0.0002,NOMINAL,-3.63
80,62,125,123.69,5.09,115.31,132.06,0.0002,0.0002,NOMINAL,-1.31
80,63,125,123.61,8.03,110.4,136.83,0.0002,0.0002,NOMINAL,-1.39
80,64,125,123.61,6.2,113.42,133.81,0.0002,0.0002,NOMINAL,-1.39
80,65,125,124.22,4.66,116.55,131.89,0.0002,0.0002,NOMINAL,-0.78
80,66,125,122.84,8.23,109.31,136.37,0.0002,0.0002,NOMINAL,-2.16
80,67,125,122.67,7.34,110.59,134.74,0.0002,0.0002,NOMINAL,-2.33
80,68,125,123.46,5.53,114.38,132.55,0.0002,0.0002,NOMINAL,-1.54
80,69,125,123.15,6.77,112.02,134.28,0.0002,0.0002,NOMINAL,-1.85
80,70,125,122.67,7.6,110.16,135.17,0.0002,0.0002,NOMINAL,-2.33
80,71,125,122.12,9.86,105.91,138.33,0.0002,0.0002,NOMINAL,-2.88
80,72,125,121.82,10.37,104.77,138.87,0.0002,0.0002,NOMINAL,-3.18
80,73,125,121.47,11.39,102.73,140.22,0.0002,0.0002,NOMINAL,-3.53
80,74,125,122.63,10.29,105.71,139.56,0.0002,0.0002,NOMINAL,-2.37
80,75,125,121.44,11.59,102.38,140.51,0.0002,0.0002,NOMINAL,-3.56
80,76,125,121.13,11.73,101.82,140.43,0.0002,0.0002,NOMINAL,-3.87
80,77,125,118.41,13.56,96.1,140.72,0.0002,0.0002,NOMINAL,-6.59
80,78,125,118.19,12.2,98.12,138.25,0.0002,0.0002,NOMINAL,-6.81
80,79,125,117.74,12.2,97.67,137.8,0.0002,0.0002,NOMINAL,-7.26
80,80,125,117.68,13.56,95.37,139.99,0.0002,0.0002,NOMINAL,-7.32
80,81,125,113.45,13.44,91.34,135.56,0.0002,0.0002,NOMINAL,-11.55
80,82,125,117.68,13.64,95.25,140.11,0.0002,0.0002,NOMINAL,-7.32
80,83,125,118.26,13.56,95.95,140.57,0.0002,0.0002,NOMINAL,-6.74
80,84,125,120.21,12.01,100.46,139.96,0.0002,0.0002,NOMINAL,-4.79
80,85,125,121.28,11.73,101.98,140.58,0.0002,0.0002,NOMINAL,-3.72
80,86,125,118.88,13.56,96.57,141.19,0.0002,0.0002,NOMINAL,-6.12
80,87,125,119.11,13.53,96.85,141.37,0.0002,0.0002,NOMINAL,-5.89
80,88,125,121.4,10.5,104.13,138.66,0.0002,0.0002,NOMINAL,-3.6
80,89,125,122.1,7.34,110.03,134.17,0.0002,0.0002,NOMINAL,-2.9
80,90,125,119.96,11.11,101.68,138.23,0.0002,0.0002,NOMINAL,-5.04
80,91,125,121.4,10.54,104.07,138.73,0.0002,0.0002,NOMINAL,-3.6
80,92,125,120.87,10.54,103.54,138.2,0.0002,0.0002,NOMINAL,-4.13
80,93,125,121.45,10.54,104.12,138.78,0.0002,0.0002,NOMINAL,-3.55
80,94,125,118.94,13.56,96.63,141.25,0.0002,0.0002,NOMINAL,-6.06
80,95,125,117.68,13.65,95.23,140.13,0.0002,0.0002,NOMINAL,-7.32
80,96,125,117.68,13.65,95.23,140.13,0.0002,0.0002,NOMINAL,-7.32
80,97,125,116.76,13.61,94.37,139.16,0.0002,0.0002,NOMINAL,-8.24
80,98,125,117.68,13.64,95.25,140.11,0.0002,0.0002,NOMINAL,-7.32
80,99,124,117.68,13.65,95.23,140.13,0.0002,0.0002,NOMINAL,-6.32
80,100,123,117.68,13.64,95.25,140.11,0.0002,0.0002,NOMINAL,-5.32
80,101,122,117.68,13.65,95.23,140.13,0.0002,0.0002,NOMINAL,-4.32
80,102,121,117.68,13.65,95.23,140.13,0.0002,0.0002,NOMINAL,-3.32
80,103,120,113.92,13.42,91.84,135.99,0.0002,0.0002,NOMINAL,-6.08
80,104,119,111.9,13.09,90.37,133.42,0.0002,0.0002,NOMINAL,-7.1
80,105,118,105.86,11.73,86.56,125.16,0.0002,0.0002,NOMINAL,-12.14
80,106,117,103.25,11.73,83.95,122.55,0.0002,0.0002,NOMINAL,-13.75
80,107,116,102.24,12.11,82.33,122.16,0.0002,0.0003,NOMINAL,-13.76
80,108,115,96.94,11.42,78.16,115.72,0.0002,0.0004,NOMINAL,-18.06
80,109,114,96.96,11.6,77.88,116.03,0.0002,0.0004,NOMINAL,-17.04
80,110,113,95.39,11.3,76.81,113.98,0.0002,0.0004,NOMINAL,-17.61
80,111,112,92.61,11.31,74.0,111.21,0.0002,0.0009,NOMINAL,-19.39
80,112,111,91.21,11.31,72.6,109.81,0.0002,0.0013,NOMINAL,-19.79
80,113,110,91.21,11.31,72.6,109.81,0.0002,0.0013,NOMINAL,-18.79
80,114,109,89.21,10.75,71.52,106.9,0.0002,0.0013,NOMINAL,-19.79
80,115,108,91.21,11.31,72.6,109.81,0.0002,0.0013,NOMINAL,-16.79
80,116,107,88.81,10.9,70.87,106.75,0.0002,0.0017,NOMINAL,-18.19
80,117,106,84.16,10.37,67.11,101.21,0.0002,0.0041,NOMINAL,-21.84
80,118,105,82.38,10.21,65.59,99.16,0.0002,0.0046,NOMINAL,-22.62
80,119,104,80.15,9.07,65.24,95.06,0.0002,0.0037,NOMINAL,-23.85
80,120,103,81.7,9.63,65.86,97.55,0.0002,0.0041,NOMINAL,-21.3
80,121,102,79.23,9.43,63.73,94.74,0.0002,0.005,NOMINAL,-22.77
80,122,101,78.76,8.83,64.23,93.28,0.0002,0.0043,NOMINAL,-22.24
80,123,100,78.18,9.89,61.91,94.46,0.0002,0.0072,NOMINAL,-21.82
80,124,99,83.65,10.08,67.07,100.22,0.0002,0.0035,NOMINAL,-15.35
80,125,98,83.65,10.08,67.07,100.22,0.0002,0.0035,NOMINAL,-14.35
80,126,97,86.43,10.08,69.85,103.01,0.0002,0.0014,NOMINAL,-10.57
80,127,96,86.13,10.08,69.55,102.7,0.0002,0.0015,NOMINAL,-9.87
80,128,95,89.94,10.08,73.36,106.51,0.0002,0.0005,NOMINAL,-5.06
80,129,94,90.45,10.08,73.87,107.03,0.0002,0.0004,NOMINAL,-3.55
80,130,93,91.79,10.36,74.76,108.82,0.0002,0.0004,NOMINAL,-1.21
80,131,92,102.67,10.9,84.74,120.6,0.0002,0.0002,NOMINAL,10.67
80,132,91,95.47,10.76,77.76,113.17,0.0002,0.0003,NOMINAL,4.47
80,133,90,91.98,10.24,75.15,108.82,0.0002,0.0004,NOMINAL,1.98
81,52,125,118.35,13.56,96.05,140.66,0.0002,0.0002,NOMINAL,-6.65
81,53,125,119.22,13.56,96.91,141.53,0.0002,0.0002,NOMINAL,-5.78
81,54,125,117.71,13.64,95.26,140.15,0.0002,0.0002,NOMINAL,-7.29
81,55,125,115.3,13.59,92.95,137.66,0.0002,0.0002,NOMINAL,-9.7
81,56,125,117.79,13.64,95.34,140.23,0.0002,0.0002,NOMINAL,-7.21
81,57,125,118.33,13.64,95.89,140.78,0.0002,0.0002,NOMINAL,-6.67
81,58,125,118.7,13.64,96.26,141.15,0.0002,0.0002,NOMINAL,-6.3
81,59,125,117.75,13.64,95.31,140.2,0.0002,0.0002,NOMINAL,-7.25
81,60,125,117.96,13.64,95.51,140.4,0.0002,0.0002,NOMINAL,-7.04
81,61,125,110.02,12.79,88.98,131.07,0.0002,0.0002,NOMINAL,-14.98
81,62,125,99.93,11.73,80.63,119.22,0.0002,0.0003,NOMINAL,-25.07
81,63,125,98.76,11.71,79.51,118.02,0.0002,0.0003,NOMINAL,-26.24
81,64,125,98.0,11.62,78.88,117.12,0.0002,0.0004,NOMINAL,-27.0
81,65,125,117.2,13.61,94.81,139.59,0.0002,0.0002,NOMINAL,-7.8
81,66,125,119.63,13.56,97.32,141.93,0.0002,0.0002,NOMINAL,-5.37
81,67,125,119.55,13.56,97.24,141.86,0.0002,0.0002,NOMINAL,-5.45
81,68,125,117.92,13.64,95.48,140.37,0.0002,0.0002,NOMINAL,-7.08
81,69,125,119.51,13.56,97.2,141.82,0.0002,0.0002,NOMINAL,-5.49
81,70,125,119.71,13.56,97.4,142.02,0.0002,0.0002,NOMINAL,-5.29
81,71,125,119.96,13.56,97.65,142.27,0.0002,0.0002,NOMINAL,-5.04
81,72,125,119.33,13.35,97.37,141.29,0.0002,0.0002,NOMINAL,-5.67
81,73,125,119.53,13.56,97.22,141.84,0.0002,0.0002,NOMINAL,-5.47
81,74,125,119.26,13.35,97.3,141.23,0.0002,0.0002,NOMINAL,-5.74
81,75,125,119.66,13.07,98.16,141.16,0.0002,0.0002,NOMINAL,-5.34
81,76,125,120.29,13.07,98.79,141.79,0.0002,0.0002,NOMINAL,-4.71
81,77,125,119.8,13.32,97.88,141.71,0.0002,0.0002,NOMINAL,-5.2
81,78,125,119.8,13.32,97.89,141.72,0.0002,0.0002,NOMINAL,-5.2
81,79,125,120.39,10.8,102.62,138.15,0.0002,0.0002,NOMINAL,-4.61
81,80,125,121.48,10.76,103.79,139.18,0.0002,0.0002,NOMINAL,-3.52
81,81,125,121.17,11.86,101.66,140.67,0.0002,0.0002,NOMINAL,-3.83
81,82,125,121.45,10.76,103.75,139.14,0.0002,0.0002,NOMINAL,-3.55
81,83,125,122.83,7.5,110.49,135.18,0.0002,0.0002,NOMINAL,-2.17
81,84,125,122.26,9.84,106.07,138.45,0.0002,0.0002,NOMINAL,-2.74
81,85,125,123.73,7.5,111.38,136.07,0.0002,0.0002,NOMINAL,-1.27
81,86,125,121.82,10.64,104.31,139.33,0.0002,0.0002,NOMINAL,-3.18
81,87,125,122.9,9.01,108.07,137.73,0.0002,0.0002,NOMINAL,-2.1
81,88,125,124.37,5.9,114.66,134.07,0.0002,0.0002,NOMINAL,-0.63
81,89,125,124.09,5.85,114.46,133.71,0.0002,0.0002,NOMINAL,-0.91
81,90,125,123.11,5.74,113.66,132.56,0.0002,0.0002,NOMINAL,-1.89
81,91,125,124.44,3.52,118.65,130.22,0.0002,0.0002,NOMINAL,-0.56
81,92,125,125.0,2.64,120.66,129.34,0.0002,0.0002,NOMINAL,-0.0
81,93,125,125.07,1.64,122.38,127.76,0.0002,0.0002,NOMINAL,0.07
81,94,125,125.03,2.77,120.48,129.58,0.0002,0.0002,NOMINAL,0.03
81,95,125,124.68,1.89,121.57,127.8,0.0002,0.0002,NOMINAL,-0.32
81,96,125,124.83,1.77,121.93,127.74,0.0002,0.0002,NOMINAL,-0.17
81,97,124,124.25,4.34,117.12,131.38,0.0002,0.0002,NOMINAL,0.25
81,98,123,124.01,3.35,118.5,129.51,0.0002,0.0002,NOMINAL,1.01
81,99,122,124.62,1.93,121.44,127.79,0.0002,0.0002,NOMINAL,2.62
81,100,121,124.73,1.77,121.83,127.64,0.0002,0.0002,NOMINAL,3.73
81,101,120,124.59,1.89,121.47,127.7,0.0002,0.0002,NOMINAL,4.59
81,102,119,124.45,2.07,121.05,127.85,0.0002,0.0002,NOMINAL,5.45
81,103,118,124.06,3.79,117.82,130.3,0.0002,0.0002,NOMINAL,6.06
81,104,117,122.48,7.24,110.58,134.39,0.0002,0.0002,NOMINAL,5.48
81,105,116,121.24,10.54,103.91,138.57,0.0002,0.0002,NOMINAL,5.24
81,106,115,121.64,7.56,109.21,134.08,0.0002,0.0002,NOMINAL,6.64
81,107,114,121.8,7.56,109.37,134.23,0.0002,0.0002,NOMINAL,7.8
81,108,113,120.91,10.5,103.64,138.17,0.0002,0.0002,NOMINAL,7.91
81,109,112,121.86,7.56,109.43,134.29,0.0002,0.0002,NOMINAL,9.86
81,110,111,117.57,13.56,95.26,139.88,0.0002,0.0002,NOMINAL,6.57
81,111,110,118.15,13.56,95.84,140.46,0.0002,0.0002,NOMINAL,8.15
81,112,109,118.51,13.56,96.2,140.82,0.0002,0.0002,NOMINAL,9.51
81,113,108,119.09,13.56,96.78,141.4,0.0002,0.0002,NOMINAL,11.09
81,114,107,118.26,13.56,95.95,140.57,0.0002,0.0002,NOMINAL,11.26
81,115,106,117.68,13.56,95.37,139.99,0.0002,0.0002,NOMINAL,11.68
81,116,105,117.68,13.65,95.23,140.13,0.0002,0.0002,NOMINAL,12.68
81,117,104,117.68,13.65,95.23,140.13,0.0002,0.0002,NOMINAL,13.68
81,118,103,117.68,13.65,95.23,140.13,0.0002,0.0002,NOMINAL,14.68
81,119,102,109.31,12.32,89.04,129.57,0.0002,0.0002,NOMINAL,7.31
81,120,101,107.84,12.19,87.79,127.9,0.0002,0.0002,NOMINAL,6.84
81,121,100,104.64,11.73,85.34,123.94,0.0002,0.0002,NOMINAL,4.64
81,122,99,105.63,12.18,85.59,125.66,0.0002,0.0002,NOMINAL,6.63
81,123,98,94.86,11.39,76.12,113.6,0.0002,0.0005,NOMINAL,-3.14
81,124,97,87.21,10.5,69.95,104.48,0.0002,0.0018,NOMINAL,-9.79
81,125,96,86.39,10.37,69.34,103.44,0.0002,0.002,NOMINAL,-9.61
81,126,95,86.46,10.37,69.41,103.5,0.0002,0.0019,NOMINAL,-8.54
81,127,94,86.56,10.37,69.51,103.61,0.0002,0.0019,NOMINAL,-7.44
81,128,93,85.89,10.37,68.84,102.94,0.0002,0.0023,NOMINAL,-7.11
81,129,92,86.46,10.37,69.41,103.5,0.0002,0.0019,NOMINAL,-5.54
81,130,91,89.77,10.88,71.87,107.66,0.0002,0.0012,NOMINAL,-1.23
81,131,90,87.39,10.38,70.32,104.46,0.0002,0.0015,NOMINAL,-2.61
81,132,89,83.93,9.46,68.38,99.49,0.0002,0.0015,NOMINAL,-5.07
81,133,88,80.82,9.43,65.32,96.33,0.0002,0.0042,NOMINAL,-7.18
81,134,87,80.34,9.43,64.83,95.84,0.0002,0.0044,NOMINAL,-6.66
81,135,86,81.4,8.85,66.85,95.96,0.0002,0.0017,NOMINAL,-4.6
81,136,85,79.71,8.45,65.82,93.61,0.0002,0.0019,NOMINAL,-5.29
81,137,84,78.0,9.43,62.49,93.5,0.0002,0.0062,NOMINAL,-6.0
81,138,83,76.85,8.4,63.03,90.66,0.0002,0.0045,NOMINAL,-6.15
81,139,82,73.89,8.4,60.08,87.7,0.0002,0.0072,NOMINAL,-8.11
81,140,81,73.0,8.43,59.13,86.87,0.0002,0.0087,NOMINAL,-8.0
81,141,80,73.6,8.43,59.73,87.47,0.0002,0.0079,NOMINAL,-6.4
81,142,79,75.57,8.43,61.69,89.44,0.0002,0.0055,NOMINAL,-3.43
81,143,78,77.14,8.43,63.27,91.01,0.0002,0.0044,NOMINAL,-0.86
81,144,77,74.02,8.43,60.15,87.89,0.0002,0.0072,NOMINAL,-2.98
81,145,76,74.1,8.43,60.22,87.97,0.0002,0.0071,NOMINAL,-1.9
81,146,75,75.29,8.43,61.42,89.16,0.0002,0.0059,NOMINAL,0.29
81,147,74,70.74,8.43,56.87,84.61,0.0002,0.0184,NOMINAL,-3.26
81,148,73,67.76,7.95,54.68,80.85,0.0002,0.0281,NOMINAL,-5.24
81,149,72,66.56,6.92,55.18,77.94,0.0002,0.0211,NOMINAL,-5.44
81,150,71,65.59,6.92,54.21,76.97,0.0002,0.0275,NOMINAL,-5.41
81,151,70,64.75,6.78,53.59,75.91,0.0002,0.0317,NOMINAL,-5.25
81,152,69,64.36,6.78,53.2,75.52,0.0002,0.0355,NOMINAL,-4.64
81,153,68,62.49,6.63,51.58,73.4,0.0002,0.0472,NOMINAL,-5.51
81,154,67,59.93,6.57,49.12,70.74,0.0002,0.0817,NOMINAL,-7.07
81,155,66,61.02,6.57,50.22,71.83,0.0002,0.0642,NOMINAL,-4.98
81,156,65,59.05,6.33,48.64,69.47,0.0002,0.0895,NOMINAL,-5.95
81,157,64,59.34,6.33,48.93,69.75,0.0002,0.0841,NOMINAL,-4.66
81,158,63,61.7,6.63,50.79,72.61,0.0002,0.0552,NOMINAL,-1.3
81,159,62,61.26,6.63,50.35,72.17,0.0002,0.061,NOMINAL,-0.74
81,160,61,62.27,6.78,51.11,73.42,0.0002,0.0511,NOMINAL,1.27
81,161,60,62.37,6.78,51.22,73.53,0.0002,0.0501,NOMINAL,2.37
81,162,59,63.28,6.67,52.31,74.25,0.0002,0.0424,NOMINAL,4.28
81,163,58,63.09,6.78,51.93,74.24,0.0002,0.0448,NOMINAL,5.09
81,164,57,62.37,6.78,51.22,73.53,0.0002,0.0501,NOMINAL,5.37
81,165,56,61.37,6.59,50.53,72.2,0.0002,0.0591,NOMINAL,5.37
81,166,55,61.26,6.59,50.43,72.1,0.0002,0.0596,NOMINAL,6.26
81,167,54,60.78,6.47,50.14,71.42,0.0002,0.0648,NOMINAL,6.78
81,168,53,58.14,6.36,47.68,68.6,0.0002,0.1125,NOMINAL,5.14
81,169,52,56.43,5.91,46.71,66.16,0.0002,0.1585,NOMINAL,4.43
81,170,51,49.8,5.78,40.29,59.32,0.0002,0.5625,MONITOR,-1.2
81,171,50,49.32,5.69,39.96,58.69,0.0002,0.5983,MONITOR,-0.68
81,172,49,50.64,5.71,41.25,60.03,0.0002,0.5031,MONITOR,1.64
81,173,48,47.68,5.05,39.37,55.99,0.0002,0.7369,MONITOR,-0.32
81,174,47,45.55,5.15,37.08,54.02,0.0002,0.8398,WARNING,-1.45
81,175,46,44.25,4.82,36.33,52.18,0.0002,0.8946,WARNING,-1.75
81,176,45,45.21,4.87,37.2,53.22,0.0002,0.8594,WARNING,0.21
81,177,44,42.9,4.88,34.87,50.94,0.0002,0.9237,WARNING,-1.1
81,178,43,43.59,4.89,35.55,51.64,0.0002,0.9101,WARNING,0.59
81,179,42,42.89,4.96,34.72,51.05,0.0002,0.9208,WARNING,0.89
81,180,41,42.07,4.95,33.94,50.21,0.0002,0.9383,WARNING,1.07
81,181,40,41.14,4.93,33.02,49.25,0.0003,0.9536,WARNING,1.14
81,182,39,41.24,4.86,33.24,49.24,0.0003,0.954,WARNING,2.24
81,183,38,38.62,4.43,31.33,45.91,0.0003,0.9844,WARNING,0.62
81,184,37,36.26,4.41,29.01,43.51,0.0011,0.9971,WARNING,-0.74
81,185,36,34.84,4.24,27.87,41.81,0.002,0.9997,WARNING,-1.16
81,186,35,36.24,4.27,29.22,43.26,0.0008,0.9987,WARNING,1.24
81,187,34,36.76,4.42,29.48,44.03,0.0008,0.9956,WARNING,2.76
81,188,33,36.44,4.28,29.39,43.48,0.0007,0.9979,WARNING,3.44
81,189,32,35.51,4.28,28.46,42.55,0.0014,0.9996,WARNING,3.51
81,190,31,32.92,4.28,25.89,39.96,0.0056,0.9998,WARNING,1.92
81,191,30,31.24,4.34,24.1,38.37,0.0134,0.9998,WARNING,1.24
81,192,29,31.0,4.5,23.6,38.4,0.019,0.9998,WARNING,2.0
81,193,28,30.41,4.52,22.97,37.84,0.0265,0.9998,WARNING,2.41
81,194,27,29.59,4.56,22.09,37.09,0.0361,0.9998,WARNING,2.59
81,195,26,27.14,4.09,20.42,33.86,0.0574,0.9998,WARNING,1.14
81,196,25,26.99,4.01,20.39,33.58,0.0576,0.9998,WARNING,1.99
81,197,24,24.7,3.81,18.44,30.96,0.1228,0.9998,WARNING,0.7
81,198,23,22.36,3.43,16.71,28.01,0.2835,0.9998,WARNING,-0.64
81,199,22,21.71,3.12,16.58,26.83,0.336,0.9998,WARNING,-0.29
81,200,21,21.71,3.34,16.22,27.19,0.3516,0.9998,WARNING,0.71
81,201,20,19.99,3.14,14.82,25.15,0.5505,0.9998,WARNING,-0.01
81,202,19,19.65,3.16,14.45,24.85,0.5942,0.9998,WARNING,0.65
81,203,18,18.07,2.87,13.35,22.79,0.8034,0.9998,WARNING,0.07
81,204,17,18.52,3.02,13.56,23.48,0.7484,0.9998,WARNING,1.52
81,205,16,17.9,3.01,12.95,22.84,0.8082,0.9998,WARNING,1.9
81,206,15,15.03,2.67,10.63,19.42,0.9578,0.9998,CRITICAL,0.03
81,207,14,15.3,2.67,10.91,19.69,0.9518,0.9998,CRITICAL,1.3
81,208,13,14.47,2.66,10.09,18.85,0.9675,0.9998,CRITICAL,1.47
81,209,12,13.25,2.62,8.94,17.55,0.9849,0.9998,CRITICAL,1.25
81,210,11,12.68,2.62,8.36,17.0,0.9907,0.9998,CRITICAL,1.68
81,211,10,10.52,2.38,6.6,14.44,0.9998,0.9998,CRITICAL,0.52
81,212,9,8.86,2.32,5.05,12.68,0.9998,0.9998,CRITICAL,-0.14
81,213,8,7.64,2.37,3.74,11.53,0.9998,0.9998,CRITICAL,-0.36
82,52,119,97.52,11.71,78.26,116.78,0.0002,0.0004,NOMINAL,-21.48
82,53,118,91.73,11.43,72.94,110.53,0.0002,0.0012,NOMINAL,-26.27
82,54,117,93.27,11.32,74.65,111.89,0.0002,0.0007,NOMINAL,-23.73
82,55,116,87.95,11.24,69.46,106.44,0.0002,0.0031,NOMINAL,-28.05
82,56,115,85.79,11.01,67.68,103.9,0.0002,0.0043,NOMINAL,-29.21
82,57,114,85.08,10.11,68.44,101.71,0.0002,0.0023,NOMINAL,-28.92
82,58,113,85.28,10.26,68.41,102.15,0.0002,0.0025,NOMINAL,-27.72
82,59,112,86.05,10.35,69.03,103.07,0.0002,0.0022,NOMINAL,-25.95
82,60,111,93.96,10.86,76.1,111.82,0.0002,0.0004,NOMINAL,-17.04
82,61,110,96.2,11.18,77.81,114.59,0.0002,0.0004,NOMINAL,-13.8
82,62,109,98.32,11.16,79.96,116.67,0.0002,0.0003,NOMINAL,-10.68
82,63,108,111.79,12.9,90.56,133.01,0.0002,0.0002,NOMINAL,3.79
82,64,107,115.39,13.17,93.73,137.04,0.0002,0.0002,NOMINAL,8.39
82,65,106,116.25,13.49,94.07,138.44,0.0002,0.0002,NOMINAL,10.25
82,66,105,117.66,13.51,95.45,139.88,0.0002,0.0002,NOMINAL,12.66
82,67,104,119.73,13.46,97.58,141.87,0.0002,0.0002,NOMINAL,15.73
82,68,103,119.67,13.32,97.76,141.58,0.0002,0.0002,NOMINAL,16.67
82,69,102,120.0,13.56,97.7,142.31,0.0002,0.0002,NOMINAL,18.0
82,70,101,120.55,13.07,99.05,142.05,0.0002,0.0002,NOMINAL,19.55
82,71,100,120.39,13.07,98.89,141.88,0.0002,0.0002,NOMINAL,20.39
82,72,99,121.42,11.15,103.09,139.76,0.0002,0.0002,NOMINAL,22.42
82,73,98,121.14,11.7,101.89,140.39,0.0002,0.0002,NOMINAL,23.14
82,74,97,121.64,10.97,103.6,139.68,0.0002,0.0002,NOMINAL,24.64
82,75,96,121.89,10.24,105.06,138.73,0.0002,0.0002,NOMINAL,25.89
82,76,95,122.3,9.43,106.79,137.82,0.0002,0.0002,NOMINAL,27.3
82,77,94,121.63,8.44,107.75,135.51,0.0002,0.0002,NOMINAL,27.63
82,78,93,120.09,11.78,100.72,139.47,0.0002,0.0002,NOMINAL,27.09
82,79,92,119.91,12.01,100.16,139.67,0.0002,0.0002,NOMINAL,27.91
82,80,91,119.41,13.56,97.11,141.72,0.0002,0.0002,NOMINAL,28.41
82,81,90,113.82,13.28,91.97,135.66,0.0002,0.0002,NOMINAL,23.82
82,82,89,111.28,13.09,89.76,132.81,0.0002,0.0002,NOMINAL,22.28
82,83,88,111.7,13.01,90.31,133.09,0.0002,0.0002,NOMINAL,23.7
82,84,87,117.68,13.64,95.25,140.11,0.0002,0.0002,NOMINAL,30.68
82,85,86,118.33,13.56,96.02,140.64,0.0002,0.0002,NOMINAL,32.33
82,86,85,117.77,13.56,95.46,140.08,0.0002,0.0002,NOMINAL,32.77
82,87,84,117.77,13.56,95.46,140.08,0.0002,0.0002,NOMINAL,33.77
82,88,83,118.26,13.56,95.95,140.57,0.0002,0.0002,NOMINAL,35.26
82,89,82,113.85,13.36,91.87,135.83,0.0002,0.0002,NOMINAL,31.85
82,90,81,111.9,13.09,90.37,133.42,0.0002,0.0002,NOMINAL,30.9
82,91,80,110.69,12.9,89.46,131.91,0.0002,0.0002,NOMINAL,30.69
82,92,79,109.44,12.45,88.96,129.92,0.0002,0.0002,NOMINAL,30.44
82,93,78,107.12,12.19,87.06,127.18,0.0002,0.0002,NOMINAL,29.12
82,94,77,109.5,12.32,89.24,129.76,0.0002,0.0002,NOMINAL,32.5
82,95,76,110.75,12.9,89.52,131.98,0.0002,0.0002,NOMINAL,34.75
82,96,75,111.06,13.09,89.54,132.58,0.0002,0.0002,NOMINAL,36.06
82,97,74,108.93,12.32,88.66,129.19,0.0002,0.0002,NOMINAL,34.93
82,98,73,105.31,12.19,85.25,125.37,0.0002,0.0002,NOMINAL,32.31
82,99,72,95.75,11.36,77.06,114.44,0.0002,0.0004,NOMINAL,23.75
82,100,71,94.04,11.3,75.46,112.62,0.0002,0.0006,NOMINAL,23.04
82,101,70,93.1,11.3,74.52,111.68,0.0002,0.0007,NOMINAL,23.1
82,102,69,91.25,11.27,72.71,109.79,0.0002,0.0012,NOMINAL,22.25
82,103,68,89.54,11.27,71.0,108.08,0.0002,0.002,NOMINAL,21.54
82,104,67,85.88,10.37,68.83,102.93,0.0002,0.0023,NOMINAL,18.88
82,105,66,82.04,9.6,66.24,97.84,0.0002,0.0036,NOMINAL,16.04
82,106,65,81.23,9.43,65.73,96.73,0.0002,0.0039,NOMINAL,16.23
82,107,64,82.53,9.43,67.03,98.04,0.0002,0.0024,NOMINAL,18.53
82,108,63,72.24,8.45,58.35,86.14,0.0002,0.0108,NOMINAL,9.24
82,109,62,73.68,7.98,60.55,86.8,0.0002,0.0062,NOMINAL,11.68
82,110,61,70.3,8.45,56.4,84.2,0.0002,0.021,NOMINAL,9.3
82,111,60,67.85,7.79,55.04,80.67,0.0002,0.0266,NOMINAL,7.85
82,112,59,66.5,7.78,53.71,79.29,0.0002,0.0351,NOMINAL,7.5
82,113,58,65.72,7.33,53.66,77.78,0.0002,0.0327,NOMINAL,7.72
82,114,57,63.03,6.86,51.75,74.32,0.0002,0.0465,NOMINAL,6.03
82,115,56,58.26,6.62,47.37,69.15,0.0002,0.1206,NOMINAL,2.26
82,116,55,58.16,6.25,47.88,68.44,0.0002,0.1088,NOMINAL,3.16
82,117,54,56.86,6.25,46.58,67.14,0.0002,0.1559,NOMINAL,2.86
82,118,53,56.07,6.25,45.8,66.34,0.0002,0.1887,NOMINAL,3.07
82,119,52,56.37,6.33,45.96,66.79,0.0002,0.1812,NOMINAL,4.37
82,120,51,56.94,6.33,46.53,67.35,0.0002,0.1567,NOMINAL,5.94
82,121,50,56.77,6.33,46.36,67.19,0.0002,0.1629,NOMINAL,6.77
82,122,49,57.31,6.33,46.9,67.72,0.0002,0.1414,NOMINAL,8.31
82,123,48,54.98,6.28,44.64,65.32,0.0002,0.2442,NOMINAL,6.98
82,124,47,57.31,6.33,46.9,67.72,0.0002,0.1415,NOMINAL,10.31
82,125,46,55.82,6.33,45.41,66.24,0.0002,0.2052,NOMINAL,9.82
82,126,45,57.07,6.29,46.73,67.41,0.0002,0.1469,NOMINAL,12.07
82,127,44,53.41,6.17,43.25,63.56,0.0002,0.334,NOMINAL,9.41
82,128,43,50.59,6.16,40.46,60.72,0.0002,0.5109,MONITOR,7.59
82,129,42,50.13,5.97,40.3,59.95,0.0002,0.5408,MONITOR,8.13
82,130,41,48.44,6.01,38.55,58.33,0.0002,0.6631,MONITOR,7.44
82,131,40,47.99,5.97,38.17,57.81,0.0002,0.6941,MONITOR,7.99
82,132,39,47.24,5.14,38.78,55.69,0.0002,0.7629,WARNING,8.24
82,133,38,45.21,4.74,37.41,53.0,0.0002,0.8642,WARNING,7.21
82,134,37,45.49,4.78,37.63,53.36,0.0002,0.8526,WARNING,8.49
82,135,36,45.73,5.12,37.31,54.16,0.0002,0.8358,WARNING,9.73
82,136,35,43.95,4.78,36.09,51.81,0.0002,0.9038,WARNING,8.95
82,137,34,41.2,4.44,33.89,48.5,0.0002,0.9613,WARNING,7.2
82,138,33,39.12,4.44,31.82,46.41,0.0003,0.9796,WARNING,6.12
82,139,32,37.76,4.35,30.61,44.91,0.0004,0.9913,WARNING,5.76
82,140,31,37.84,4.32,30.74,44.94,0.0004,0.9914,WARNING,6.84
82,141,30,35.5,4.17,28.64,42.36,0.001,0.9996,WARNING,5.5
82,142,29,35.57,4.17,28.71,42.43,0.001,0.9996,WARNING,6.57
82,143,28,33.51,4.14,26.7,40.33,0.0042,0.9998,WARNING,5.51
82,144,27,33.92,4.14,27.11,40.73,0.0033,0.9998,WARNING,6.92
82,145,26,33.93,4.17,27.07,40.78,0.0035,0.9998,WARNING,7.93
82,146,25,33.93,4.17,27.07,40.78,0.0035,0.9998,WARNING,8.93
82,147,24,34.05,4.17,27.2,40.91,0.0032,0.9997,WARNING,10.05
82,148,23,31.95,4.17,25.08,38.81,0.007,0.9998,WARNING,8.95
82,149,22,31.52,4.2,24.61,38.43,0.0083,0.9998,WARNING,9.52
82,150,21,29.79,4.38,22.59,36.99,0.0279,0.9998,WARNING,8.79
82,151,20,29.05,4.18,22.17,35.93,0.0321,0.9998,WARNING,9.05
82,152,19,26.18,3.44,20.52,31.84,0.0525,0.9998,WARNING,7.18
82,153,18,24.13,3.24,18.81,29.46,0.113,0.9998,WARNING,6.13
82,154,17,23.18,2.98,18.28,28.09,0.1636,0.9998,WARNING,6.18
82,155,16,22.64,2.97,17.75,27.53,0.2159,0.9998,WARNING,6.64
82,156,15,19.75,2.57,15.53,23.98,0.5869,0.9998,WARNING,4.75
82,157,14,19.25,2.54,15.08,23.42,0.6747,0.9998,WARNING,5.25
82,158,13,17.64,2.57,13.41,21.87,0.8484,0.9998,WARNING,4.64
82,159,12,14.56,2.36,10.68,18.44,0.975,0.9998,CRITICAL,2.56
82,160,11,12.46,2.22,8.81,16.11,0.9996,0.9998,CRITICAL,1.46
82,161,10,11.43,2.29,7.67,15.2,0.9997,0.9998,CRITICAL,1.43
82,162,9,10.44,2.33,6.6,14.28,0.9998,0.9998,CRITICAL,1.44
83,52,125,120.57,12.33,100.29,140.85,0.0002,0.0002,NOMINAL,-4.43
83,53,125,119.54,13.53,97.28,141.8,0.0002,0.0002,NOMINAL,-5.46
83,54,125,118.48,13.56,96.17,140.79,0.0002,0.0002,NOMINAL,-6.52
83,55,125,119.54,13.53,97.28,141.8,0.0002,0.0002,NOMINAL,-5.46
83,56,125,118.22,13.64,95.8,140.65,0.0002,0.0002,NOMINAL,-6.78
83,57,125,116.86,13.59,94.5,139.21,0.0002,0.0002,NOMINAL,-8.14
83,58,125,117.71,13.64,95.28,140.14,0.0002,0.0002,NOMINAL,-7.29
83,59,125,117.13,13.64,94.69,139.57,0.0002,0.0002,NOMINAL,-7.87
83,60,125,117.02,13.66,94.55,139.49,0.0002,0.0002,NOMINAL,-7.98
83,61,125,111.35,13.01,89.96,132.74,0.0002,0.0002,NOMINAL,-13.65
83,62,125,117.02,13.66,94.55,139.49,0.0002,0.0002,NOMINAL,-7.98
83,63,125,117.75,13.64,95.31,140.2,0.0002,0.0002,NOMINAL,-7.25
83,64,125,117.75,13.64,95.31,140.2,0.0002,0.0002,NOMINAL,-7.25
83,65,125,117.75,13.64,95.31,140.2,0.0002,0.0002,NOMINAL,-7.25
83,66,125,117.92,13.64,95.48,140.37,0.0002,0.0002,NOMINAL,-7.08
83,67,125,117.92,13.64,95.48,140.37,0.0002,0.0002,NOMINAL,-7.08
83,68,125,118.53,13.64,96.09,140.98,0.0002,0.0002,NOMINAL,-6.47
83,69,125,119.38,13.56,97.07,141.69,0.0002,0.0002,NOMINAL,-5.62
83,70,125,119.52,13.56,97.21,141.83,0.0002,0.0002,NOMINAL,-5.48
83,71,125,119.91,13.35,97.95,141.88,0.0002,0.0002,NOMINAL,-5.09
83,72,125,120.68,13.56,98.38,142.99,0.0002,0.0002,NOMINAL,-4.32
83,73,125,118.35,13.64,95.92,140.78,0.0002,0.0002,NOMINAL,-6.65
84,52,125,118.92,13.64,96.49,141.34,0.0002,0.0002,NOMINAL,-6.08
84,53,125,119.79,13.56,97.48,142.1,0.0002,0.0002,NOMINAL,-5.21
84,54,125,119.61,13.64,97.19,142.04,0.0002,0.0002,NOMINAL,-5.39
84,55,125,119.85,13.56,97.54,142.16,0.0002,0.0002,NOMINAL,-5.15
84,56,125,119.74,13.56,97.43,142.05,0.0002,0.0002,NOMINAL,-5.26
84,57,125,119.11,13.56,96.81,141.42,0.0002,0.0002,NOMINAL,-5.89
84,58,125,119.1,13.53,96.83,141.36,0.0002,0.0002,NOMINAL,-5.9
84,59,125,117.54,13.64,95.11,139.96,0.0002,0.0002,NOMINAL,-7.46
84,60,125,113.69,13.43,91.6,135.79,0.0002,0.0002,NOMINAL,-11.31
84,61,125,107.51,12.19,87.46,127.57,0.0002,0.0002,NOMINAL,-17.49
84,62,125,110.77,12.9,89.55,132.0,0.0002,0.0002,NOMINAL,-14.23
84,63,125,117.8,13.65,95.34,140.25,0.0002,0.0002,NOMINAL,-7.2
84,64,125,118.37,13.64,95.95,140.8,0.0002,0.0002,NOMINAL,-6.63
84,65,125,118.38,13.64,95.96,140.81,0.0002,0.0002,NOMINAL,-6.62
84,66,125,117.12,13.66,94.65,139.59,0.0002,0.0002,NOMINAL,-7.88
84,67,125,112.15,13.36,90.17,134.13,0.0002,0.0002,NOMINAL,-12.85
84,68,125,110.77,12.9,89.55,132.0,0.0002,0.0002,NOMINAL,-14.23
84,69,125,110.97,12.9,89.75,132.2,0.0002,0.0002,NOMINAL,-14.03
84,70,125,109.2,12.32,88.93,129.46,0.0002,0.0002,NOMINAL,-15.8
84,71,125,105.18,11.73,85.89,124.48,0.0002,0.0002,NOMINAL,-19.82
84,72,125,105.7,12.19,85.64,125.76,0.0002,0.0002,NOMINAL,-19.3
84,73,125,101.73,11.72,82.45,121.01,0.0002,0.0003,NOMINAL,-23.27
84,74,125,110.97,12.73,90.03,131.91,0.0002,0.0002,NOMINAL,-14.03
84,75,125,117.85,13.63,95.43,140.26,0.0002,0.0002,NOMINAL,-7.15
84,76,125,118.56,13.65,96.11,141.01,0.0002,0.0002,NOMINAL,-6.44
84,77,125,119.31,13.56,97.0,141.62,0.0002,0.0002,NOMINAL,-5.69
84,78,125,119.73,13.56,97.43,142.04,0.0002,0.0002,NOMINAL,-5.27
84,79,125,119.72,12.79,98.67,140.76,0.0002,0.0002,NOMINAL,-5.28
84,80,125,118.63,13.28,96.8,140.47,0.0002,0.0002,NOMINAL,-6.37
84,81,125,119.05,13.3,97.17,140.94,0.0002,0.0002,NOMINAL,-5.95
84,82,125,119.12,13.56,96.81,141.42,0.0002,0.0002,NOMINAL,-5.88
84,83,125,118.85,13.56,96.54,141.16,0.0002,0.0002,NOMINAL,-6.15
84,84,125,118.89,13.28,97.05,140.72,0.0002,0.0002,NOMINAL,-6.11
84,85,125,120.18,11.97,100.49,139.86,0.0002,0.0002,NOMINAL,-4.82
84,86,125,120.23,11.03,102.08,138.38,0.0002,0.0002,NOMINAL,-4.77
84,87,125,121.71,10.75,104.02,139.4,0.0002,0.0002,NOMINAL,-3.29
84,88,125,123.34,5.79,113.82,132.86,0.0002,0.0002,NOMINAL,-1.66
84,89,125,122.27,7.92,109.23,135.3,0.0002,0.0002,NOMINAL,-2.73
84,90,125,120.31,9.49,104.7,135.91,0.0002,0.0002,NOMINAL,-4.69
84,91,125,121.99,7.23,110.1,133.89,0.0002,0.0002,NOMINAL,-3.01
84,92,125,120.75,9.62,104.93,136.57,0.0002,0.0002,NOMINAL,-4.25
84,93,125,121.72,6.62,110.84,132.6,0.0002,0.0002,NOMINAL,-3.28
84,94,125,121.75,7.37,109.63,133.87,0.0002,0.0002,NOMINAL,-3.25
84,95,125,120.94,7.49,108.63,133.25,0.0002,0.0002,NOMINAL,-4.06
84,96,125,119.74,10.99,101.66,137.82,0.0002,0.0002,NOMINAL,-5.26
84,97,125,121.77,6.18,111.6,131.94,0.0002,0.0002,NOMINAL,-3.23
84,98,125,122.32,7.61,109.8,134.83,0.0002,0.0002,NOMINAL,-2.68
84,99,125,122.07,4.96,113.91,130.22,0.0002,0.0002,NOMINAL,-2.93
84,100,125,122.78,5.79,113.25,132.3,0.0002,0.0002,NOMINAL,-2.22
84,101,125,119.39,10.69,101.8,136.97,0.0002,0.0002,NOMINAL,-5.61
84,102,125,121.62,7.01,110.09,133.15,0.0002,0.0002,NOMINAL,-3.38
84,103,125,121.26,9.56,105.53,136.99,0.0002,0.0002,NOMINAL,-3.74
84,104,125,121.67,6.23,111.43,131.92,0.0002,0.0002,NOMINAL,-3.33
84,105,125,123.78,4.88,115.75,131.81,0.0002,0.0002,NOMINAL,-1.22
84,106,124,123.77,4.66,116.1,131.44,0.0002,0.0002,NOMINAL,-0.23
84,107,123,119.32,11.27,100.77,137.86,0.0002,0.0002,NOMINAL,-3.68
84,108,122,119.53,11.83,100.07,138.98,0.0002,0.0002,NOMINAL,-2.47
84,109,121,117.35,13.66,94.88,139.82,0.0002,0.0002,NOMINAL,-3.65
84,110,120,113.28,13.43,91.2,135.37,0.0002,0.0002,NOMINAL,-6.72
84,111,119,109.82,12.67,88.99,130.66,0.0002,0.0002,NOMINAL,-9.18
84,112,118,110.4,12.63,89.63,131.18,0.0002,0.0002,NOMINAL,-7.6
84,113,117,110.24,12.48,89.71,130.77,0.0002,0.0002,NOMINAL,-6.76
84,114,116,110.4,12.67,89.57,131.24,0.0002,0.0002,NOMINAL,-5.6
84,115,115,110.4,12.57,89.73,131.08,0.0002,0.0002,NOMINAL,-4.6
84,116,114,108.04,12.01,88.29,127.8,0.0002,0.0002,NOMINAL,-5.96
84,117,113,116.16,13.61,93.77,138.54,0.0002,0.0002,NOMINAL,3.16
84,118,112,117.63,13.64,95.2,140.06,0.0002,0.0002,NOMINAL,5.63
84,119,111,119.2,13.56,96.9,141.51,0.0002,0.0002,NOMINAL,8.2
84,120,110,119.08,13.66,96.61,141.56,0.0002,0.0002,NOMINAL,9.08
84,121,109,118.78,13.6,96.4,141.16,0.0002,0.0002,NOMINAL,9.78
84,122,108,118.78,13.6,96.4,141.16,0.0002,0.0002,NOMINAL,10.78
84,123,107,119.04,13.64,96.61,141.47,0.0002,0.0002,NOMINAL,12.04
84,124,106,119.35,12.55,98.71,140.0,0.0002,0.0002,NOMINAL,13.35
84,125,105,118.85,11.57,99.82,137.88,0.0002,0.0002,NOMINAL,13.85
84,126,104,119.38,11.57,100.35,138.41,0.0002,0.0002,NOMINAL,15.38
84,127,103,118.82,12.52,98.22,139.42,0.0002,0.0002,NOMINAL,15.82
84,128,102,119.06,12.33,98.78,139.34,0.0002,0.0002,NOMINAL,17.06
84,129,101,118.9,12.52,98.3,139.5,0.0002,0.0002,NOMINAL,17.9
84,130,100,118.85,13.56,96.54,141.15,0.0002,0.0002,NOMINAL,18.85
84,131,99,119.03,13.28,97.19,140.87,0.0002,0.0002,NOMINAL,20.03
84,132,98,119.13,13.28,97.29,140.97,0.0002,0.0002,NOMINAL,21.13
84,133,97,118.77,13.56,96.47,141.08,0.0002,0.0002,NOMINAL,21.77
84,134,96,119.24,13.53,96.98,141.5,0.0002,0.0002,NOMINAL,23.24
84,135,95,118.11,13.56,95.81,140.42,0.0002,0.0002,NOMINAL,23.11
84,136,94,118.11,13.56,95.81,140.42,0.0002,0.0002,NOMINAL,24.11
84,137,93,117.54,13.65,95.09,139.98,0.0002,0.0002,NOMINAL,24.54
84,138,92,117.49,13.65,95.05,139.94,0.0002,0.0002,NOMINAL,25.49
84,139,91,112.06,13.43,89.98,134.15,0.0002,0.0002,NOMINAL,21.06
84,140,90,110.56,12.89,89.36,131.76,0.0002,0.0002,NOMINAL,20.56
84,141,89,109.96,12.57,89.28,130.63,0.0002,0.0002,NOMINAL,20.96
84,142,88,110.43,12.57,89.76,131.11,0.0002,0.0002,NOMINAL,22.43
84,143,87,105.6,11.73,86.3,124.9,0.0002,0.0002,NOMINAL,18.6
84,144,86,102.81,11.72,83.53,122.08,0.0002,0.0002,NOMINAL,16.81
84,145,85,101.48,11.72,82.2,120.75,0.0002,0.0003,NOMINAL,16.48
84,146,84,104.67,11.72,85.39,123.94,0.0002,0.0002,NOMINAL,20.67
84,147,83,100.55,11.63,81.42,119.68,0.0002,0.0003,NOMINAL,17.55
84,148,82,93.85,11.3,75.27,112.43,0.0002,0.0006,NOMINAL,11.85
84,149,81,85.32,10.74,67.65,102.98,0.0002,0.0042,NOMINAL,4.32
84,150,80,83.31,10.6,65.87,100.76,0.0002,0.0048,NOMINAL,3.31
84,151,79,82.36,10.45,65.18,99.55,0.0002,0.005,NOMINAL,3.36
84,152,78,79.26,9.15,64.22,94.31,0.0002,0.0045,NOMINAL,1.26
84,153,77,74.96,8.63,60.75,89.16,0.0002,0.0067,NOMINAL,-2.04
84,154,76,70.28,8.24,56.72,83.84,0.0002,0.0184,NOMINAL,-5.72
84,155,75,67.27,7.33,55.22,79.32,0.0002,0.0226,NOMINAL,-7.73
84,156,74,65.09,7.32,53.05,77.13,0.0002,0.038,NOMINAL,-8.91
84,157,73,64.01,6.92,52.64,75.39,0.0002,0.0403,NOMINAL,-8.99
84,158,72,63.64,6.78,52.49,74.8,0.0002,0.0411,NOMINAL,-8.36
84,159,71,59.57,6.59,48.74,70.41,0.0002,0.0852,NOMINAL,-11.43
84,160,70,58.93,6.38,48.44,69.43,0.0002,0.0948,NOMINAL,-11.07
84,161,69,56.39,5.9,46.68,66.1,0.0002,0.1598,NOMINAL,-12.61
84,162,68,54.56,5.9,44.85,64.27,0.0002,0.2518,NOMINAL,-13.44
84,163,67,54.3,5.9,44.59,64.01,0.0002,0.2657,NOMINAL,-12.7
84,164,66,56.36,5.9,46.65,66.07,0.0002,0.1611,NOMINAL,-9.64
84,165,65,56.1,6.13,46.02,66.18,0.0002,0.1842,NOMINAL,-8.9
84,166,64,54.52,5.9,44.81,64.23,0.0002,0.2538,NOMINAL,-9.48
84,167,63,55.86,5.9,46.15,65.57,0.0002,0.1848,NOMINAL,-7.14
84,168,62,55.79,5.9,46.08,65.5,0.0002,0.1862,NOMINAL,-6.21
84,169,61,56.34,6.19,46.17,66.52,0.0002,0.1753,NOMINAL,-4.66
84,170,60,60.6,6.19,50.41,70.79,0.0002,0.0595,NOMINAL,0.6
84,171,59,56.84,6.19,46.66,67.01,0.0002,0.1542,NOMINAL,-2.16
84,172,58,52.78,5.9,43.06,62.49,0.0002,0.3682,NOMINAL,-5.22
86,52,125,124.49,2.61,120.2,128.78,0.0002,0.0002,NOMINAL,-0.51
86,53,125,123.62,2.66,119.25,128.0,0.0002,0.0002,NOMINAL,-1.38
86,54,125,123.67,2.61,119.38,127.96,0.0002,0.0002,NOMINAL,-1.33
86,55,125,123.43,2.61,119.14,127.72,0.0002,0.0002,NOMINAL,-1.57
86,56,125,124.53,2.61,120.24,128.82,0.0002,0.0002,NOMINAL,-0.47
86,57,125,123.79,2.85,119.11,128.48,0.0002,0.0002,NOMINAL,-1.21
86,58,125,120.19,11.42,101.41,138.96,0.0002,0.0002,NOMINAL,-4.81
86,59,125,120.0,12.2,99.94,140.07,0.0002,0.0002,NOMINAL,-5.0
86,60,125,118.33,13.56,96.02,140.64,0.0002,0.0002,NOMINAL,-6.67
86,61,125,118.31,13.56,96.01,140.62,0.0002,0.0002,NOMINAL,-6.69
86,62,125,118.36,13.56,96.05,140.67,0.0002,0.0002,NOMINAL,-6.64
86,63,125,118.75,12.2,98.69,138.82,0.0002,0.0002,NOMINAL,-6.25
86,64,125,118.59,12.2,98.53,138.66,0.0002,0.0002,NOMINAL,-6.41
86,65,125,118.59,13.56,96.28,140.9,0.0002,0.0002,NOMINAL,-6.41
86,66,125,117.51,13.68,95.02,140.01,0.0002,0.0002,NOMINAL,-7.49
86,67,125,117.6,13.65,95.15,140.06,0.0002,0.0002,NOMINAL,-7.4
86,68,125,118.11,13.56,95.81,140.42,0.0002,0.0002,NOMINAL,-6.89
86,69,125,115.73,13.5,93.53,137.94,0.0002,0.0002,NOMINAL,-9.27
86,70,125,117.59,13.66,95.12,140.06,0.0002,0.0002,NOMINAL,-7.41
86,71,125,118.2,13.64,95.78,140.63,0.0002,0.0002,NOMINAL,-6.8
86,72,125,116.31,13.5,94.11,138.51,0.0002,0.0002,NOMINAL,-8.69
86,73,125,112.43,13.09,90.9,133.95,0.0002,0.0002,NOMINAL,-12.57
86,74,125,118.56,13.65,96.11,141.01,0.0002,0.0002,NOMINAL,-6.44
86,75,124,118.56,13.6,96.19,140.94,0.0002,0.0002,NOMINAL,-5.44
86,76,123,118.38,13.64,95.96,140.81,0.0002,0.0002,NOMINAL,-4.62
86,77,122,119.31,13.64,96.88,141.74,0.0002,0.0002,NOMINAL,-2.69
86,78,121,118.99,13.56,96.68,141.3,0.0002,0.0002,NOMINAL,-2.01
86,79,120,119.97,13.56,97.66,142.28,0.0002,0.0002,NOMINAL,-0.03
86,80,119,118.38,13.64,95.96,140.81,0.0002,0.0002,NOMINAL,-0.62
86,81,118,117.8,13.64,95.37,140.22,0.0002,0.0002,NOMINAL,-0.2
86,82,117,117.63,13.64,95.2,140.06,0.0002,0.0002,NOMINAL,0.63
86,83,116,118.2,13.64,95.78,140.63,0.0002,0.0002,NOMINAL,2.2
86,84,115,118.48,13.56,96.17,140.79,0.0002,0.0002,NOMINAL,3.48
86,85,114,118.73,13.56,96.43,141.04,0.0002,0.0002,NOMINAL,4.73
86,86,113,117.63,13.64,95.2,140.06,0.0002,0.0002,NOMINAL,4.63
86,87,112,112.22,13.09,90.69,133.74,0.0002,0.0002,NOMINAL,0.22
86,88,111,109.31,12.32,89.04,129.57,0.0002,0.0002,NOMINAL,-1.69
86,89,110,108.22,12.32,87.96,128.49,0.0002,0.0002,NOMINAL,-1.78
86,90,109,110.87,12.67,90.04,131.71,0.0002,0.0002,NOMINAL,1.87
86,91,108,111.9,13.09,90.37,133.42,0.0002,0.0002,NOMINAL,3.9
86,92,107,107.84,12.19,87.79,127.9,0.0002,0.0002,NOMINAL,0.84
86,93,106,110.87,12.67,90.04,131.71,0.0002,0.0002,NOMINAL,4.87
86,94,105,108.93,12.32,88.66,129.19,0.0002,0.0002,NOMINAL,3.93
86,95,104,107.17,12.19,87.11,127.22,0.0002,0.0002,NOMINAL,3.17
86,96,103,108.02,12.19,87.97,128.08,0.0002,0.0002,NOMINAL,5.02
86,97,102,111.05,12.57,90.38,131.73,0.0002,0.0002,NOMINAL,9.05
86,98,101,117.63,13.64,95.2,140.06,0.0002,0.0002,NOMINAL,16.63
86,99,100,118.59,13.64,96.16,141.02,0.0002,0.0002,NOMINAL,18.59
86,100,99,119.05,13.53,96.79,141.31,0.0002,0.0002,NOMINAL,20.05
86,101,98,119.81,12.79,98.77,140.86,0.0002,0.0002,NOMINAL,21.81
86,102,97,119.02,13.3,97.14,140.91,0.0002,0.0002,NOMINAL,22.02
86,103,96,118.22,13.28,96.38,140.06,0.0002,0.0002,NOMINAL,22.22
86,104,95,119.05,13.56,96.74,141.36,0.0002,0.0002,NOMINAL,24.05
86,105,94,117.77,13.73,95.18,140.36,0.0002,0.0002,NOMINAL,23.77
86,106,93,115.77,13.5,93.56,137.97,0.0002,0.0002,NOMINAL,22.77
86,107,92,117.47,13.61,95.08,139.86,0.0002,0.0002,NOMINAL,25.47
86,108,91,118.2,13.64,95.78,140.63,0.0002,0.0002,NOMINAL,27.2
86,109,90,118.2,13.56,95.9,140.51,0.0002,0.0002,NOMINAL,28.2
86,110,89,118.2,13.64,95.78,140.63,0.0002,0.0002,NOMINAL,29.2
87,52,120,119.08,13.57,96.75,141.4,0.0002,0.0002,NOMINAL,-0.92
87,53,119,118.88,13.36,96.9,140.85,0.0002,0.0002,NOMINAL,-0.12
87,54,118,117.75,13.57,95.42,140.07,0.0002,0.0002,NOMINAL,-0.25
87,55,117,118.46,13.57,96.13,140.78,0.0002,0.0002,NOMINAL,1.46
87,56,116,117.55,13.57,95.22,139.87,0.0002,0.0002,NOMINAL,1.55
88,52,125,120.87,11.6,101.79,139.94,0.0002,0.0002,NOMINAL,-4.13
88,53,125,119.38,13.53,97.11,141.64,0.0002,0.0002,NOMINAL,-5.62
88,54,125,118.85,13.64,96.42,141.27,0.0002,0.0002,NOMINAL,-6.15
88,55,125,118.11,13.73,95.52,140.7,0.0002,0.0002,NOMINAL,-6.89
88,56,125,118.11,13.73,95.52,140.7,0.0002,0.0002,NOMINAL,-6.89
88,57,125,119.43,13.64,97.01,141.86,0.0002,0.0002,NOMINAL,-5.57
88,58,125,118.77,13.64,96.34,141.2,0.0002,0.0002,NOMINAL,-6.23
88,59,124,117.02,13.69,94.5,139.53,0.0002,0.0002,NOMINAL,-6.98
88,60,123,114.19,13.44,92.08,136.31,0.0002,0.0002,NOMINAL,-8.81
88,61,122,113.44,13.44,91.33,135.56,0.0002,0.0002,NOMINAL,-8.56
88,62,121,118.76,13.64,96.33,141.19,0.0002,0.0002,NOMINAL,-2.24
88,63,120,118.74,13.64,96.31,141.17,0.0002,0.0002,NOMINAL,-1.26
88,64,119,113.93,13.43,91.84,136.02,0.0002,0.0002,NOMINAL,-5.07
88,65,118,118.57,13.72,96.0,141.14,0.0002,0.0002,NOMINAL,0.57
88,66,117,119.1,13.56,96.79,141.41,0.0002,0.0002,NOMINAL,2.1
88,67,116,118.72,13.68,96.22,141.22,0.0002,0.0002,NOMINAL,2.72
88,68,115,118.63,13.73,96.04,141.22,0.0002,0.0002,NOMINAL,3.63
89,52,125,123.48,2.61,119.19,127.77,0.0002,0.0002,NOMINAL,-1.52
89,53,125,121.11,4.09,114.39,127.84,0.0002,0.0002,NOMINAL,-3.89
89,54,125,120.54,10.2,103.75,137.32,0.0002,0.0002,NOMINAL,-4.46
89,55,125,120.39,7.79,107.58,133.2,0.0002,0.0002,NOMINAL,-4.61
89,56,125,121.54,5.61,112.31,130.77,0.0002,0.0002,NOMINAL,-3.46
89,57,125,122.01,5.61,112.78,131.24,0.0002,0.0002,NOMINAL,-2.99
89,58,125,120.93,7.46,108.67,133.2,0.0002,0.0002,NOMINAL,-4.07
89,59,125,121.4,7.18,109.59,133.21,0.0002,0.0002,NOMINAL,-3.6
89,60,125,119.27,11.57,100.24,138.31,0.0002,0.0002,NOMINAL,-5.73
89,61,125,120.0,11.02,101.87,138.13,0.0002,0.0002,NOMINAL,-5.0
89,62,125,121.05,10.09,104.45,137.66,0.0002,0.0002,NOMINAL,-3.95
89,63,125,121.16,10.45,103.96,138.35,0.0002,0.0002,NOMINAL,-3.84
89,64,125,119.14,11.92,99.53,138.75,0.0002,0.0002,NOMINAL,-5.86
89,65,125,118.77,11.92,99.16,138.38,0.0002,0.0002,NOMINAL,-6.23
89,66,125,118.91,13.53,96.65,141.17,0.0002,0.0002,NOMINAL,-6.09
89,67,125,118.64,13.56,96.33,140.95,0.0002,0.0002,NOMINAL,-6.36
89,68,125,118.5,13.56,96.19,140.81,0.0002,0.0002,NOMINAL,-6.5
89,69,125,117.48,13.71,94.94,140.03,0.0002,0.0002,NOMINAL,-7.52
89,70,125,109.5,12.64,88.71,130.29,0.0002,0.0002,NOMINAL,-15.5
89,71,125,108.45,12.19,88.39,128.5,0.0002,0.0002,NOMINAL,-16.55
89,72,125,106.09,11.73,86.79,125.38,0.0002,0.0002,NOMINAL,-18.91
89,73,125,110.78,12.67,89.94,131.62,0.0002,0.0002,NOMINAL,-14.22
89,74,125,115.18,13.51,92.95,137.41,0.0002,0.0002,NOMINAL,-9.82
89,75,125,118.2,13.56,95.9,140.51,0.0002,0.0002,NOMINAL,-6.8
89,76,125,116.13,13.5,93.93,138.33,0.0002,0.0002,NOMINAL,-8.87
89,77,125,118.49,13.65,96.04,140.94,0.0002,0.0002,NOMINAL,-6.51
89,78,125,117.81,13.64,95.38,140.23,0.0002,0.0002,NOMINAL,-7.19
89,79,125,118.76,13.64,96.33,141.19,0.0002,0.0002,NOMINAL,-6.24
89,80,125,115.18,13.51,92.95,137.41,0.0002,0.0002,NOMINAL,-9.82
89,81,125,113.6,13.15,91.96,135.23,0.0002,0.0002,NOMINAL,-11.4
89,82,125,111.99,13.09,90.46,133.51,0.0002,0.0002,NOMINAL,-13.01
89,83,125,111.52,12.9,90.29,132.74,0.0002,0.0002,NOMINAL,-13.48
89,84,125,117.81,13.64,95.38,140.23,0.0002,0.0002,NOMINAL,-7.19
89,85,125,119.04,13.56,96.73,141.35,0.0002,0.0002,NOMINAL,-5.96
89,86,125,118.77,13.64,96.34,141.2,0.0002,0.0002,NOMINAL,-6.23
89,87,125,118.77,13.64,96.34,141.2,0.0002,0.0002,NOMINAL,-6.23
89,88,125,119.03,13.56,96.73,141.34,0.0002,0.0002,NOMINAL,-5.97
89,89,125,116.79,13.61,94.4,139.18,0.0002,0.0002,NOMINAL,-8.21
89,90,125,118.2,13.56,95.9,140.51,0.0002,0.0002,NOMINAL,-6.8
89,91,125,118.72,13.56,96.41,141.03,0.0002,0.0002,NOMINAL,-6.28
89,92,125,119.12,13.56,96.81,141.43,0.0002,0.0002,NOMINAL,-5.88
89,93,125,119.01,13.56,96.7,141.32,0.0002,0.0002,NOMINAL,-5.99
89,94,125,119.03,13.56,96.72,141.34,0.0002,0.0002,NOMINAL,-5.97
89,95,125,118.27,13.73,95.68,140.86,0.0002,0.0002,NOMINAL,-6.73
89,96,125,111.96,13.09,90.44,133.48,0.0002,0.0002,NOMINAL,-13.04
89,97,125,115.62,13.5,93.41,137.83,0.0002,0.0002,NOMINAL,-9.38
89,98,125,118.2,13.56,95.9,140.51,0.0002,0.0002,NOMINAL,-6.8
89,99,125,118.2,13.64,95.78,140.63,0.0002,0.0002,NOMINAL,-6.8
89,100,125,118.2,13.56,95.9,140.51,0.0002,0.0002,NOMINAL,-6.8
89,101,125,119.04,13.53,96.77,141.3,0.0002,0.0002,NOMINAL,-5.96
89,102,125,118.52,11.97,98.83,138.2,0.0002,0.0002,NOMINAL,-6.48
89,103,125,119.6,11.16,101.24,137.96,0.0002,0.0002,NOMINAL,-5.4
89,104,125,119.76,11.29,101.19,138.33,0.0002,0.0002,NOMINAL,-5.24
89,105,125,120.87,10.85,103.02,138.71,0.0002,0.0002,NOMINAL,-4.13
89,106,125,119.68,10.06,103.12,136.23,0.0002,0.0002,NOMINAL,-5.32
89,107,125,120.91,8.89,106.29,135.53,0.0002,0.0002,NOMINAL,-4.09
89,108,125,120.67,8.65,106.44,134.89,0.0002,0.0002,NOMINAL,-4.33
89,109,125,120.17,6.88,108.85,131.49,0.0002,0.0002,NOMINAL,-4.83
89,110,125,120.98,6.24,110.72,131.25,0.0002,0.0002,NOMINAL,-4.02
89,111,125,121.33,5.98,111.5,131.16,0.0002,0.0002,NOMINAL,-3.67
89,112,125,121.01,5.31,112.27,129.75,0.0002,0.0002,NOMINAL,-3.99
89,113,125,123.25,4.24,116.27,130.22,0.0002,0.0002,NOMINAL,-1.75
89,114,125,122.67,4.77,114.82,130.52,0.0002,0.0002,NOMINAL,-2.33
89,115,125,122.61,4.85,114.64,130.58,0.0002,0.0002,NOMINAL,-2.39
89,116,125,121.35,5.98,111.52,131.19,0.0002,0.0002,NOMINAL,-3.65
89,117,125,122.88,4.35,115.73,130.03,0.0002,0.0002,NOMINAL,-2.12
89,118,125,123.67,3.92,117.22,130.12,0.0002,0.0002,NOMINAL,-1.33
89,119,125,122.99,3.9,116.57,129.41,0.0002,0.0002,NOMINAL,-2.01
89,120,125,121.57,5.88,111.89,131.25,0.0002,0.0002,NOMINAL,-3.43
89,121,125,120.78,6.01,110.88,130.67,0.0002,0.0002,NOMINAL,-4.22
89,122,125,121.83,5.59,112.65,131.02,0.0002,0.0002,NOMINAL,-3.17
89,123,125,121.62,5.63,112.36,130.89,0.0002,0.0002,NOMINAL,-3.38
89,124,125,122.38,4.58,114.84,129.92,0.0002,0.0002,NOMINAL,-2.62
89,125,125,121.94,4.64,114.3,129.57,0.0002,0.0002,NOMINAL,-3.06
89,126,125,122.79,4.42,115.51,130.06,0.0002,0.0002,NOMINAL,-2.21
89,127,125,122.44,4.46,115.1,129.78,0.0002,0.0002,NOMINAL,-2.56
89,128,125,123.27,3.91,116.84,129.7,0.0002,0.0002,NOMINAL,-1.73
89,129,125,123.55,2.3,119.76,127.34,0.0002,0.0002,NOMINAL,-1.45
89,130,125,122.73,2.69,118.31,127.15,0.0002,0.0002,NOMINAL,-2.27
89,131,125,123.62,2.3,119.83,127.41,0.0002,0.0002,NOMINAL,-1.38
89,132,125,122.16,2.9,117.39,126.94,0.0002,0.0002,NOMINAL,-2.84
89,133,125,121.19,3.58,115.3,127.07,0.0002,0.0002,NOMINAL,-3.81
89,134,125,121.11,5.35,112.31,129.92,0.0002,0.0002,NOMINAL,-3.89
89,135,125,122.49,4.33,115.37,129.61,0.0002,0.0002,NOMINAL,-2.51
89,136,125,121.98,3.96,115.47,128.49,0.0002,0.0002,NOMINAL,-3.02
89,137,125,122.81,3.41,117.2,128.42,0.0002,0.0002,NOMINAL,-2.19
89,138,125,121.55,6.51,110.84,132.27,0.0002,0.0002,NOMINAL,-3.45
89,139,125,121.97,5.26,113.33,130.62,0.0002,0.0002,NOMINAL,-3.03
89,140,125,119.7,12.23,99.58,139.82,0.0002,0.0002,NOMINAL,-5.3
89,141,125,118.85,13.53,96.58,141.11,0.0002,0.0002,NOMINAL,-6.15
89,142,125,118.39,13.53,96.13,140.65,0.0002,0.0002,NOMINAL,-6.61
89,143,125,118.39,13.28,96.55,140.23,0.0002,0.0002,NOMINAL,-6.61
89,144,125,118.67,13.28,96.84,140.51,0.0002,0.0002,NOMINAL,-6.33
89,145,125,118.79,13.28,96.95,140.63,0.0002,0.0002,NOMINAL,-6.21
89,146,125,118.01,13.53,95.75,140.27,0.0002,0.0002,NOMINAL,-6.99
89,147,125,118.11,13.56,95.81,140.42,0.0002,0.0002,NOMINAL,-6.89
89,148,125,118.11,13.53,95.85,140.38,0.0002,0.0002,NOMINAL,-6.89
89,149,125,118.7,13.28,96.86,140.54,0.0002,0.0002,NOMINAL,-6.3
89,150,125,118.85,13.22,97.1,140.61,0.0002,0.0002,NOMINAL,-6.15
89,151,125,118.52,13.28,96.68,140.36,0.0002,0.0002,NOMINAL,-6.48
89,152,125,119.12,13.28,97.28,140.96,0.0002,0.0002,NOMINAL,-5.88
89,153,125,118.71,13.22,96.96,140.47,0.0002,0.0002,NOMINAL,-6.29
89,154,125,120.13,13.06,98.65,141.62,0.0002,0.0002,NOMINAL,-4.87
89,155,125,118.7,13.28,96.86,140.54,0.0002,0.0002,NOMINAL,-6.3
89,156,125,118.95,13.28,97.11,140.79,0.0002,0.0002,NOMINAL,-6.05
89,157,125,118.84,13.28,97.0,140.68,0.0002,0.0002,NOMINAL,-6.16
89,158,125,118.01,13.62,95.61,140.41,0.0002,0.0002,NOMINAL,-6.99
89,159,125,116.16,13.54,93.89,138.42,0.0002,0.0002,NOMINAL,-8.84
89,160,125,117.54,13.65,95.09,139.98,0.0002,0.0002,NOMINAL,-7.46
89,161,125,118.39,13.53,96.13,140.65,0.0002,0.0002,NOMINAL,-6.61
89,162,125,119.22,13.28,97.38,141.06,0.0002,0.0002,NOMINAL,-5.78
89,163,125,119.26,13.28,97.42,141.1,0.0002,0.0002,NOMINAL,-5.74
89,164,125,119.12,12.32,98.86,139.39,0.0002,0.0002,NOMINAL,-5.88
89,165,125,119.89,11.52,100.94,138.84,0.0002,0.0002,NOMINAL,-5.11
89,166,125,119.9,11.38,101.18,138.62,0.0002,0.0002,NOMINAL,-5.1
89,167,125,119.33,11.52,100.37,138.28,0.0002,0.0002,NOMINAL,-5.67
89,168,125,119.64,11.38,100.92,138.36,0.0002,0.0002,NOMINAL,-5.36
89,169,125,118.57,13.53,96.31,140.83,0.0002,0.0002,NOMINAL,-6.43
89,170,125,119.17,13.06,97.68,140.65,0.0002,0.0002,NOMINAL,-5.83
89,171,125,118.42,13.28,96.58,140.26,0.0002,0.0002,NOMINAL,-6.58
89,172,125,118.44,13.06,96.95,139.92,0.0002,0.0002,NOMINAL,-6.56
89,173,125,118.6,13.06,97.11,140.08,0.0002,0.0002,NOMINAL,-6.4
89,174,125,118.97,13.28,97.13,140.81,0.0002,0.0002,NOMINAL,-6.03
89,175,125,118.74,13.28,96.9,140.58,0.0002,0.0002,NOMINAL,-6.26
89,176,125,118.76,13.06,97.27,140.24,0.0002,0.0002,NOMINAL,-6.24
89,177,125,118.95,13.06,97.47,140.44,0.0002,0.0002,NOMINAL,-6.05
90,52,122,123.62,2.61,119.33,127.91,0.0002,0.0002,NOMINAL,1.62
90,53,121,122.25,3.08,117.19,127.31,0.0002,0.0002,NOMINAL,1.25
90,54,120,120.62,10.56,103.26,137.99,0.0002,0.0002,NOMINAL,0.62
90,55,119,118.96,12.2,98.9,139.03,0.0002,0.0002,NOMINAL,-0.04
90,56,118,118.44,13.56,96.13,140.75,0.0002,0.0002,NOMINAL,0.44
90,57,117,118.53,13.56,96.22,140.84,0.0002,0.0002,NOMINAL,1.53
90,58,116,117.65,13.64,95.22,140.08,0.0002,0.0002,NOMINAL,1.65
90,59,115,117.68,13.64,95.25,140.11,0.0002,0.0002,NOMINAL,2.68
90,60,114,118.74,13.56,96.43,141.05,0.0002,0.0002,NOMINAL,4.74
90,61,113,117.74,13.65,95.29,140.19,0.0002,0.0002,NOMINAL,4.74
90,62,112,108.63,12.32,88.36,128.89,0.0002,0.0002,NOMINAL,-3.37
90,63,111,100.36,11.73,81.06,119.66,0.0002,0.0003,NOMINAL,-10.64
90,64,110,97.23,11.72,77.95,116.5,0.0002,0.0004,NOMINAL,-12.77
90,65,109,94.19,11.39,75.46,112.93,0.0002,0.0006,NOMINAL,-14.81
90,66,108,88.08,10.93,70.1,106.05,0.0002,0.0022,NOMINAL,-19.92
90,67,107,87.83,10.75,70.14,105.51,0.0002,0.0019,NOMINAL,-19.17
90,68,106,84.74,10.75,67.06,102.43,0.0002,0.0044,NOMINAL,-21.26
90,69,105,85.31,10.37,68.26,102.36,0.0002,0.0028,NOMINAL,-19.69
90,70,104,84.55,10.37,67.5,101.6,0.0002,0.0036,NOMINAL,-19.45
90,71,103,83.57,10.18,66.83,100.31,0.0002,0.004,NOMINAL,-19.43
90,72,102,81.88,9.46,66.33,97.44,0.0002,0.0032,NOMINAL,-20.12
90,73,101,79.97,9.43,64.47,95.48,0.0002,0.0046,NOMINAL,-21.03
90,74,100,83.73,9.89,67.46,100.0,0.0002,0.0028,NOMINAL,-16.27
90,75,99,86.31,10.08,69.73,102.88,0.0002,0.0015,NOMINAL,-12.69
90,76,98,80.98,9.89,64.7,97.25,0.0002,0.0048,NOMINAL,-17.02
90,77,97,80.52,9.89,64.25,96.79,0.0002,0.0051,NOMINAL,-16.48
90,78,96,79.59,9.89,63.31,95.86,0.0002,0.006,NOMINAL,-16.41
90,79,95,84.44,9.89,68.16,100.71,0.0002,0.0022,NOMINAL,-10.56
90,80,94,86.88,10.08,70.31,103.46,0.0002,0.0012,NOMINAL,-7.12
90,81,93,91.1,10.08,74.52,107.67,0.0002,0.0004,NOMINAL,-1.9
90,82,92,88.52,10.08,71.95,105.1,0.0002,0.0007,NOMINAL,-3.48
90,83,91,87.7,10.08,71.12,104.27,0.0002,0.0009,NOMINAL,-3.3
90,84,90,86.31,10.24,69.47,103.14,0.0002,0.0017,NOMINAL,-3.69
90,85,89,84.58,10.24,67.75,101.42,0.0002,0.0031,NOMINAL,-4.42
90,86,88,80.95,9.57,65.21,96.7,0.0002,0.0044,NOMINAL,-7.05
90,87,87,83.48,9.57,67.73,99.23,0.0002,0.0021,NOMINAL,-3.52
90,88,86,84.29,9.75,68.25,100.33,0.0002,0.0019,NOMINAL,-1.71
90,89,85,85.14,9.89,68.88,101.41,0.0002,0.0017,NOMINAL,0.14
90,90,84,82.33,9.74,66.32,98.35,0.0002,0.0038,NOMINAL,-1.67
90,91,83,81.38,9.43,65.88,96.89,0.0002,0.0036,NOMINAL,-1.62
90,92,82,80.47,9.43,64.97,95.98,0.0002,0.0044,NOMINAL,-1.53
90,93,81,83.79,9.6,68.0,99.59,0.0002,0.0019,NOMINAL,2.79
90,94,80,82.74,9.43,67.24,98.25,0.0002,0.0022,NOMINAL,2.74
90,95,79,72.7,8.45,58.8,86.6,0.0002,0.0096,NOMINAL,-6.3
90,96,78,73.4,9.0,58.6,88.2,0.0002,0.0127,NOMINAL,-4.6
90,97,77,75.25,9.1,60.28,90.23,0.0002,0.008,NOMINAL,-1.75
90,98,76,74.54,8.45,60.64,88.44,0.0002,0.0066,NOMINAL,-1.46
90,99,75,74.33,8.45,60.43,88.22,0.0002,0.0068,NOMINAL,-0.67
90,100,74,77.88,8.85,63.32,92.44,0.0002,0.0047,NOMINAL,3.88
90,101,73,78.12,9.89,61.84,94.39,0.0002,0.0073,NOMINAL,5.12
90,102,72,78.81,9.89,62.54,95.08,0.0002,0.0065,NOMINAL,6.81
90,103,71,78.16,9.56,62.43,93.88,0.0002,0.0063,NOMINAL,7.16
90,104,70,74.66,9.1,59.69,89.64,0.0002,0.0091,NOMINAL,4.66
90,105,69,72.12,8.45,58.22,86.02,0.0002,0.0115,NOMINAL,3.12
90,106,68,74.34,9.0,59.54,89.14,0.0002,0.0092,NOMINAL,6.34
90,107,67,78.0,9.4,62.53,93.47,0.0002,0.0061,NOMINAL,11.0
90,108,66,74.48,8.45,60.58,88.38,0.0002,0.0066,NOMINAL,8.48
90,109,65,73.89,8.45,59.99,87.79,0.0002,0.0075,NOMINAL,8.89
90,110,64,71.15,8.45,57.25,85.05,0.0002,0.017,NOMINAL,7.15
90,111,63,64.75,7.35,52.65,76.84,0.0002,0.0415,NOMINAL,1.75
90,112,62,64.64,6.78,53.48,75.8,0.0002,0.0323,NOMINAL,2.64
90,113,61,63.52,6.72,52.47,74.57,0.0002,0.0411,NOMINAL,2.52
90,114,60,61.37,6.48,50.7,72.03,0.0002,0.0572,NOMINAL,1.37
90,115,59,59.05,6.33,48.64,69.47,0.0002,0.0895,NOMINAL,0.05
90,116,58,61.26,6.72,50.21,72.31,0.0002,0.0643,NOMINAL,3.26
90,117,57,57.4,6.33,46.99,67.81,0.0002,0.1387,NOMINAL,0.4
90,118,56,56.42,6.33,46.0,66.83,0.0002,0.179,NOMINAL,0.42
90,119,55,55.47,6.33,45.06,65.88,0.0002,0.2246,NOMINAL,0.47
90,120,54,54.03,6.23,43.78,64.27,0.0002,0.2954,NOMINAL,0.03
90,121,53,52.85,6.23,42.61,63.09,0.0002,0.3741,NOMINAL,-0.15
90,122,52,51.28,6.23,41.04,61.52,0.0002,0.4663,NOMINAL,-0.72
90,123,51,50.85,6.23,40.61,61.09,0.0002,0.4949,NOMINAL,-0.15
90,124,50,49.03,5.27,40.37,57.69,0.0002,0.6268,MONITOR,-0.97
90,125,49,47.04,5.18,38.52,55.56,0.0002,0.7729,WARNING,-1.96
90,126,48,46.3,4.88,38.28,54.32,0.0002,0.8245,WARNING,-1.7
90,127,47,45.57,4.86,37.58,53.56,0.0002,0.8463,WARNING,-1.43
90,128,46,40.46,4.46,33.13,47.79,0.0002,0.9698,WARNING,-5.54
90,129,45,39.65,4.33,32.52,46.78,0.0002,0.9773,WARNING,-5.35
90,130,44,38.0,4.31,30.91,45.09,0.0003,0.9906,WARNING,-6.0
90,131,43,34.84,4.16,27.99,41.69,0.0016,0.9997,WARNING,-8.16
90,132,42,32.94,4.16,26.09,39.78,0.0049,0.9998,WARNING,-9.06
90,133,41,34.15,4.16,27.3,40.99,0.0029,0.9997,WARNING,-6.85
90,134,40,32.17,4.17,25.31,39.04,0.0065,0.9998,WARNING,-7.83
90,135,39,32.47,4.17,25.6,39.33,0.006,0.9998,WARNING,-6.53
90,136,38,31.98,4.15,25.15,38.81,0.0067,0.9998,WARNING,-6.02
90,137,37,30.23,4.27,23.2,37.26,0.0211,0.9998,WARNING,-6.77
90,138,36,30.35,4.2,23.44,37.26,0.0183,0.9998,WARNING,-5.65
90,139,35,29.99,4.36,22.83,37.15,0.0266,0.9998,WARNING,-5.01
90,140,34,29.42,4.24,22.45,36.39,0.0286,0.9998,WARNING,-4.58
90,141,33,29.76,4.36,22.6,36.92,0.0277,0.9998,WARNING,-3.24
90,142,32,28.83,3.83,22.54,35.13,0.0264,0.9998,WARNING,-3.17
90,143,31,27.33,3.5,21.57,33.09,0.0363,0.9998,WARNING,-3.67
90,144,30,26.41,3.31,20.96,31.86,0.0446,0.9998,WARNING,-3.59
90,145,29,22.69,2.85,18.0,27.37,0.198,0.9998,WARNING,-6.31
90,146,28,22.33,2.9,17.55,27.1,0.241,0.9998,WARNING,-5.67
91,52,125,123.33,5.12,114.91,131.75,0.0002,0.0002,NOMINAL,-1.67
91,53,125,123.21,6.2,113.01,133.41,0.0002,0.0002,NOMINAL,-1.79
91,54,125,121.62,7.49,109.29,133.95,0.0002,0.0002,NOMINAL,-3.38
91,55,125,119.13,13.53,96.87,141.39,0.0002,0.0002,NOMINAL,-5.87
91,56,125,119.22,13.53,96.96,141.49,0.0002,0.0002,NOMINAL,-5.78
91,57,125,119.0,13.56,96.69,141.31,0.0002,0.0002,NOMINAL,-6.0
91,58,125,118.53,13.72,95.96,141.1,0.0002,0.0002,NOMINAL,-6.47
91,59,125,118.53,13.64,96.1,140.96,0.0002,0.0002,NOMINAL,-6.47
91,60,125,119.37,13.28,97.53,141.21,0.0002,0.0002,NOMINAL,-5.63
91,61,125,119.06,13.64,96.63,141.49,0.0002,0.0002,NOMINAL,-5.94
91,62,125,119.06,13.64,96.63,141.49,0.0002,0.0002,NOMINAL,-5.94
91,63,125,119.42,13.53,97.16,141.68,0.0002,0.0002,NOMINAL,-5.58
91,64,125,120.09,13.28,98.25,141.93,0.0002,0.0002,NOMINAL,-4.91
91,65,125,121.68,11.57,102.65,140.71,0.0002,0.0002,NOMINAL,-3.32
91,66,125,122.29,11.43,103.49,141.08,0.0002,0.0002,NOMINAL,-2.71
91,67,125,121.71,11.57,102.68,140.74,0.0002,0.0002,NOMINAL,-3.29
91,68,125,120.9,11.57,101.87,139.93,0.0002,0.0002,NOMINAL,-4.1
91,69,125,121.23,11.57,102.2,140.26,0.0002,0.0002,NOMINAL,-3.77
91,70,125,120.9,11.57,101.87,139.93,0.0002,0.0002,NOMINAL,-4.1
91,71,125,120.17,11.57,101.14,139.2,0.0002,0.0002,NOMINAL,-4.83
91,72,125,122.35,10.98,104.28,140.42,0.0002,0.0002,NOMINAL,-2.65
91,73,125,122.5,7.56,110.07,134.93,0.0002,0.0002,NOMINAL,-2.5
91,74,125,122.8,6.97,111.34,134.26,0.0002,0.0002,NOMINAL,-2.2
91,75,125,122.67,6.97,111.21,134.13,0.0002,0.0002,NOMINAL,-2.33
91,76,125,120.96,10.33,103.98,137.95,0.0002,0.0002,NOMINAL,-4.04
91,77,125,121.66,7.05,110.05,133.26,0.0002,0.0002,NOMINAL,-3.34
91,78,125,122.74,6.97,111.28,134.2,0.0002,0.0002,NOMINAL,-2.26
91,79,125,122.68,6.97,111.22,134.14,0.0002,0.0002,NOMINAL,-2.32
91,80,125,122.13,6.97,110.67,133.59,0.0002,0.0002,NOMINAL,-2.87
91,81,125,122.53,6.94,111.12,133.95,0.0002,0.0002,NOMINAL,-2.47
91,82,125,122.67,6.97,111.21,134.13,0.0002,0.0002,NOMINAL,-2.33
91,83,125,123.21,6.48,112.56,133.86,0.0002,0.0002,NOMINAL,-1.79
91,84,125,122.09,7.13,110.36,133.82,0.0002,0.0002,NOMINAL,-2.91
91,85,125,122.02,7.81,109.18,134.87,0.0002,0.0002,NOMINAL,-2.98
91,86,125,121.84,7.19,110.0,133.67,0.0002,0.0002,NOMINAL,-3.16
91,87,125,123.87,5.02,115.61,132.13,0.0002,0.0002,NOMINAL,-1.13
91,88,125,123.87,5.0,115.65,132.09,0.0002,0.0002,NOMINAL,-1.13
91,89,125,123.91,2.99,119.0,128.83,0.0002,0.0002,NOMINAL,-1.09
91,90,125,123.91,2.99,118.99,128.82,0.0002,0.0002,NOMINAL,-1.09
91,91,125,123.91,2.99,118.99,128.82,0.0002,0.0002,NOMINAL,-1.09
91,92,125,123.91,2.99,118.99,128.82,0.0002,0.0002,NOMINAL,-1.09
91,93,125,123.91,2.99,118.99,128.82,0.0002,0.0002,NOMINAL,-1.09
91,94,125,123.53,3.19,118.28,128.78,0.0002,0.0002,NOMINAL,-1.47
91,95,125,123.29,3.19,118.04,128.54,0.0002,0.0002,NOMINAL,-1.71
91,96,125,122.73,4.22,115.78,129.67,0.0002,0.0002,NOMINAL,-2.27
91,97,125,122.46,8.79,108.0,136.92,0.0002,0.0002,NOMINAL,-2.54
91,98,125,122.35,8.79,107.89,136.81,0.0002,0.0002,NOMINAL,-2.65
91,99,125,122.2,8.79,107.74,136.67,0.0002,0.0002,NOMINAL,-2.8
91,100,125,122.42,6.94,111.0,133.83,0.0002,0.0002,NOMINAL,-2.58
91,101,125,122.42,6.94,111.0,133.83,0.0002,0.0002,NOMINAL,-2.58
91,102,125,123.14,6.94,111.72,134.55,0.0002,0.0002,NOMINAL,-1.86
91,103,125,122.41,6.97,110.95,133.87,0.0002,0.0002,NOMINAL,-2.59
91,104,125,122.41,6.94,111.0,133.83,0.0002,0.0002,NOMINAL,-2.59
91,105,125,122.63,6.97,111.16,134.09,0.0002,0.0002,NOMINAL,-2.37
91,106,125,122.18,6.94,110.77,133.6,0.0002,0.0002,NOMINAL,-2.82
91,107,125,121.86,7.13,110.12,133.59,0.0002,0.0002,NOMINAL,-3.14
91,108,125,121.44,7.25,109.52,133.35,0.0002,0.0002,NOMINAL,-3.56
91,109,125,119.59,11.18,101.19,137.98,0.0002,0.0002,NOMINAL,-5.41
91,110,125,120.72,8.28,107.1,134.34,0.0002,0.0002,NOMINAL,-4.28
91,111,125,122.73,6.94,111.31,134.14,0.0002,0.0002,NOMINAL,-2.27
91,112,125,121.5,7.19,109.68,133.33,0.0002,0.0002,NOMINAL,-3.5
91,113,125,121.03,7.74,108.3,133.76,0.0002,0.0002,NOMINAL,-3.97
91,114,125,119.59,12.11,99.67,139.5,0.0002,0.0002,NOMINAL,-5.41
91,115,125,118.83,12.59,98.12,139.54,0.0002,0.0002,NOMINAL,-6.17
91,116,125,121.14,8.25,107.58,134.71,0.0002,0.0002,NOMINAL,-3.86
91,117,125,122.67,7.22,110.8,134.54,0.0002,0.0002,NOMINAL,-2.33
91,118,125,122.05,7.19,110.23,133.87,0.0002,0.0002,NOMINAL,-2.95
91,119,125,122.04,7.23,110.15,133.94,0.0002,0.0002,NOMINAL,-2.96
91,120,125,120.15,8.36,106.4,133.9,0.0002,0.0002,NOMINAL,-4.85
91,121,125,119.72,11.0,101.62,137.82,0.0002,0.0002,NOMINAL,-5.28
91,122,125,119.08,14.61,95.05,143.12,0.0002,0.0002,NOMINAL,-5.92
91,123,125,118.64,9.51,103.0,134.27,0.0002,0.0002,NOMINAL,-6.36
91,124,125,119.77,9.77,103.71,135.84,0.0002,0.0002,NOMINAL,-5.23
91,125,125,118.6,12.85,97.47,139.73,0.0002,0.0002,NOMINAL,-6.4
91,126,125,118.09,13.62,95.69,140.49,0.0002,0.0002,NOMINAL,-6.91
91,127,125,118.09,13.59,95.73,140.44,0.0002,0.0002,NOMINAL,-6.91
91,128,125,118.38,13.62,95.98,140.78,0.0002,0.0002,NOMINAL,-6.62
91,129,125,118.19,13.65,95.75,140.64,0.0002,0.0002,NOMINAL,-6.81
91,130,125,118.79,13.59,96.44,141.15,0.0002,0.0002,NOMINAL,-6.21
91,131,125,119.03,13.65,96.58,141.48,0.0002,0.0002,NOMINAL,-5.97
91,132,125,119.92,12.82,98.83,141.01,0.0002,0.0002,NOMINAL,-5.08
91,133,125,119.33,12.87,98.15,140.5,0.0002,0.0002,NOMINAL,-5.67
91,134,125,114.51,13.66,92.04,136.98,0.0002,0.0002,NOMINAL,-10.49
91,135,125,116.17,13.65,93.72,138.62,0.0002,0.0002,NOMINAL,-8.83
91,136,125,112.14,13.43,90.05,134.23,0.0002,0.0002,NOMINAL,-12.86
91,137,125,110.92,12.65,90.1,131.73,0.0002,0.0002,NOMINAL,-14.08
91,138,125,110.9,12.65,90.09,131.71,0.0002,0.0002,NOMINAL,-14.1
91,139,125,101.83,11.72,82.56,121.11,0.0002,0.0002,NOMINAL,-23.17
91,140,125,101.35,11.72,82.07,120.62,0.0002,0.0003,NOMINAL,-23.65
91,141,125,108.19,12.08,88.33,128.06,0.0002,0.0002,NOMINAL,-16.81
91,142,125,108.39,12.08,88.53,128.26,0.0002,0.0002,NOMINAL,-16.61
91,143,125,103.54,11.72,84.26,122.81,0.0002,0.0002,NOMINAL,-21.46
91,144,125,99.46,11.68,80.25,118.67,0.0002,0.0003,NOMINAL,-25.54
91,145,125,97.68,11.52,78.74,116.62,0.0002,0.0003,NOMINAL,-27.32
91,146,125,91.64,11.27,73.09,110.18,0.0002,0.0011,NOMINAL,-33.36
91,147,125,89.79,11.27,71.25,108.34,0.0002,0.0019,NOMINAL,-35.21
91,148,124,86.24,10.56,68.88,103.61,0.0002,0.0026,NOMINAL,-37.76
91,149,123,86.24,10.08,69.67,102.82,0.0002,0.0015,NOMINAL,-36.76
91,150,122,86.25,10.08,69.68,102.83,0.0002,0.0015,NOMINAL,-35.75
91,151,121,87.43,10.11,70.8,104.06,0.0002,0.0011,NOMINAL,-33.57
91,152,120,89.48,10.56,72.12,106.84,0.0002,0.0009,NOMINAL,-30.52
91,153,119,88.91,10.08,72.33,105.49,0.0002,0.0007,NOMINAL,-30.09
91,154,118,88.1,10.08,71.52,104.67,0.0002,0.0008,NOMINAL,-29.9
91,155,117,89.54,10.08,72.96,106.12,0.0002,0.0006,NOMINAL,-27.46
91,156,116,91.4,10.3,74.46,108.33,0.0002,0.0004,NOMINAL,-24.6
91,157,115,101.51,10.85,83.67,119.36,0.0002,0.0002,NOMINAL,-13.49
91,158,114,99.19,10.36,82.16,116.23,0.0002,0.0002,NOMINAL,-14.81
91,159,113,100.66,10.36,83.63,117.7,0.0002,0.0002,NOMINAL,-12.34
91,160,112,105.75,10.73,88.1,123.4,0.0002,0.0002,NOMINAL,-6.25
91,161,111,107.49,11.58,88.45,126.53,0.0002,0.0002,NOMINAL,-3.51
91,162,110,110.89,13.46,88.75,133.03,0.0002,0.0002,NOMINAL,0.89
91,163,109,109.84,13.27,88.0,131.67,0.0002,0.0002,NOMINAL,0.84
91,164,108,111.69,12.7,90.81,132.58,0.0002,0.0002,NOMINAL,3.69
91,165,107,110.96,12.64,90.17,131.74,0.0002,0.0002,NOMINAL,3.96
91,166,106,112.55,13.46,90.4,134.69,0.0002,0.0002,NOMINAL,6.55
91,167,105,110.61,12.85,89.47,131.75,0.0002,0.0002,NOMINAL,5.61
91,168,104,102.26,11.58,83.2,121.31,0.0002,0.0002,NOMINAL,-1.74
91,169,103,97.96,11.58,78.91,117.01,0.0002,0.0003,NOMINAL,-5.04
91,170,102,99.62,11.58,80.56,118.67,0.0002,0.0003,NOMINAL,-2.38
91,171,101,96.74,11.52,77.79,115.68,0.0002,0.0004,NOMINAL,-4.26
91,172,100,91.94,11.27,73.39,110.48,0.0002,0.001,NOMINAL,-8.06
91,173,99,96.16,11.58,77.1,115.21,0.0002,0.0005,NOMINAL,-2.84
91,174,98,97.96,11.58,78.91,117.01,0.0002,0.0003,NOMINAL,-0.04
91,175,97,93.79,11.27,75.25,112.33,0.0002,0.0006,NOMINAL,-3.21
91,176,96,91.51,11.27,72.97,110.06,0.0002,0.0011,NOMINAL,-4.49
91,177,95,87.34,10.94,69.35,105.33,0.0002,0.0027,NOMINAL,-7.66
91,178,94,89.7,11.27,71.16,108.25,0.0002,0.0019,NOMINAL,-4.3
91,179,93,85.37,10.27,68.48,102.26,0.0002,0.0025,NOMINAL,-7.63
91,180,92,81.87,9.47,66.3,97.45,0.0002,0.0032,NOMINAL,-10.13
91,181,91,76.93,8.83,62.4,91.46,0.0002,0.0054,NOMINAL,-14.07
91,182,90,77.56,9.15,62.52,92.6,0.0002,0.0057,NOMINAL,-12.44
91,183,89,75.92,8.94,61.22,90.63,0.0002,0.0066,NOMINAL,-13.08
91,184,88,80.15,9.94,63.8,96.49,0.0002,0.0055,NOMINAL,-7.85
91,185,87,79.77,9.94,63.43,96.12,0.0002,0.0059,NOMINAL,-7.23
91,186,86,76.49,9.92,60.18,92.8,0.0002,0.0097,NOMINAL,-9.51
91,187,85,72.99,8.82,58.48,87.49,0.0002,0.0122,NOMINAL,-12.01
91,188,84,72.81,7.81,59.97,85.65,0.0002,0.0065,NOMINAL,-11.19
91,189,83,72.02,7.81,59.18,84.87,0.0002,0.0076,NOMINAL,-10.98
91,190,82,70.34,7.49,58.03,82.65,0.0002,0.0089,NOMINAL,-11.66
91,191,81,70.52,7.64,57.95,83.08,0.0002,0.0096,NOMINAL,-10.48
91,192,80,70.86,7.7,58.19,83.52,0.0002,0.0092,NOMINAL,-9.14
91,193,79,67.26,7.13,55.53,78.99,0.0002,0.0203,NOMINAL,-11.74
91,194,78,69.37,7.12,57.65,81.09,0.0002,0.0089,NOMINAL,-8.63
91,195,77,68.78,6.99,57.27,80.28,0.0002,0.0096,NOMINAL,-8.22
91,196,76,64.95,6.27,54.63,75.26,0.0002,0.0212,NOMINAL,-11.05
91,197,75,63.07,6.32,52.69,73.46,0.0002,0.0371,NOMINAL,-11.93
91,198,74,61.12,5.94,51.35,70.89,0.0002,0.0476,NOMINAL,-12.88
91,199,73,59.96,5.94,50.19,69.73,0.0002,0.0642,NOMINAL,-13.04
91,200,72,58.09,5.94,48.32,67.86,0.0002,0.1,NOMINAL,-13.91
91,201,71,58.51,5.94,48.74,68.28,0.0002,0.0889,NOMINAL,-12.49
91,202,70,59.38,5.94,49.61,69.15,0.0002,0.0733,NOMINAL,-10.62
91,203,69,61.37,6.24,51.11,71.62,0.0002,0.0502,NOMINAL,-7.63
91,204,68,60.24,5.89,50.55,69.93,0.0002,0.0577,NOMINAL,-7.76
91,205,67,61.07,5.89,51.38,70.76,0.0002,0.0473,NOMINAL,-5.93
91,206,66,59.31,5.89,49.62,69.0,0.0002,0.0732,NOMINAL,-6.69
91,207,65,57.76,5.89,48.07,67.45,0.0002,0.1073,NOMINAL,-7.24
91,208,64,52.47,5.61,43.24,61.7,0.0002,0.3799,NOMINAL,-11.53
91,209,63,54.73,5.62,45.49,63.96,0.0002,0.2304,NOMINAL,-8.27
91,210,62,51.49,5.41,42.6,60.39,0.0002,0.4415,NOMINAL,-10.51
91,211,61,51.2,5.41,42.31,60.1,0.0002,0.4612,NOMINAL,-9.8
91,212,60,51.16,5.44,42.22,60.1,0.0002,0.4637,NOMINAL,-8.84
91,213,59,51.94,5.36,43.12,60.76,0.0002,0.4102,NOMINAL,-7.06
91,214,58,52.85,5.62,43.61,62.09,0.0002,0.3543,NOMINAL,-5.15
91,215,57,52.7,5.39,43.83,61.57,0.0002,0.3564,NOMINAL,-4.3
91,216,56,51.68,5.56,42.53,60.83,0.0002,0.4322,NOMINAL,-4.32
91,217,55,51.05,5.36,42.23,59.87,0.0002,0.4709,NOMINAL,-3.95
91,218,54,51.05,5.36,42.23,59.87,0.0002,0.4707,NOMINAL,-2.95
91,219,53,50.65,5.36,41.83,59.47,0.0002,0.5007,MONITOR,-2.35
91,220,52,50.5,5.41,41.6,59.4,0.0002,0.5131,MONITOR,-1.5
91,221,51,47.6,4.76,39.78,55.43,0.0002,0.7529,WARNING,-3.4
91,222,50,47.21,4.76,39.38,55.03,0.0002,0.7777,WARNING,-2.79
91,223,49,45.77,4.74,37.97,53.56,0.0002,0.844,WARNING,-3.23
91,224,48,44.78,4.57,37.27,52.29,0.0002,0.8885,WARNING,-3.22
91,225,47,44.25,4.64,36.62,51.88,0.0002,0.8996,WARNING,-2.75
91,226,46,40.49,4.45,33.17,47.81,0.0002,0.9697,WARNING,-5.51
91,227,45,37.97,4.42,30.7,45.24,0.0004,0.9893,WARNING,-7.03
91,228,44,38.69,4.41,31.44,45.94,0.0003,0.9844,WARNING,-5.31
91,229,43,37.07,4.32,29.97,44.17,0.0005,0.9957,WARNING,-5.93
91,230,42,37.03,4.32,29.93,44.13,0.0005,0.9958,WARNING,-4.97
91,231,41,33.95,4.06,27.28,40.63,0.0025,0.9998,WARNING,-7.05
91,232,40,33.84,4.04,27.18,40.49,0.0027,0.9998,WARNING,-6.16
91,233,39,33.74,4.06,27.07,40.41,0.003,0.9998,WARNING,-5.26
91,234,38,33.95,4.04,27.3,40.61,0.0024,0.9998,WARNING,-4.05
92,52,118,123.28,6.2,113.08,133.48,0.0002,0.0002,NOMINAL,5.28
92,53,117,122.28,8.34,108.55,136.0,0.0002,0.0002,NOMINAL,5.28
92,54,116,123.09,6.23,112.85,133.33,0.0002,0.0002,NOMINAL,7.09
92,55,115,122.84,6.94,111.42,134.25,0.0002,0.0002,NOMINAL,7.84
92,56,114,121.95,7.53,109.56,134.33,0.0002,0.0002,NOMINAL,7.95
92,57,113,122.44,10.94,104.44,140.43,0.0002,0.0002,NOMINAL,9.44
92,58,112,119.42,13.28,97.58,141.26,0.0002,0.0002,NOMINAL,7.42
92,59,111,119.96,13.28,98.12,141.8,0.0002,0.0002,NOMINAL,8.96
92,60,110,119.42,13.53,97.16,141.68,0.0002,0.0002,NOMINAL,9.42
92,61,109,118.57,13.56,96.26,140.88,0.0002,0.0002,NOMINAL,9.57
92,62,108,118.85,13.56,96.54,141.15,0.0002,0.0002,NOMINAL,10.85
92,63,107,118.85,13.56,96.54,141.15,0.0002,0.0002,NOMINAL,11.85
92,64,106,119.1,13.56,96.79,141.41,0.0002,0.0002,NOMINAL,13.1
92,65,105,119.06,13.56,96.75,141.37,0.0002,0.0002,NOMINAL,14.06
92,66,104,119.51,13.28,97.67,141.35,0.0002,0.0002,NOMINAL,15.51
92,67,103,119.51,13.28,97.67,141.35,0.0002,0.0002,NOMINAL,16.51
92,68,102,119.51,13.28,97.67,141.35,0.0002,0.0002,NOMINAL,17.51
92,69,101,118.57,13.64,96.14,141.0,0.0002,0.0002,NOMINAL,17.57
92,70,100,118.57,13.64,96.14,141.0,0.0002,0.0002,NOMINAL,18.57
92,71,99,118.57,13.69,96.05,141.09,0.0002,0.0002,NOMINAL,19.57
92,72,98,118.85,13.56,96.54,141.15,0.0002,0.0002,NOMINAL,20.85
92,73,97,119.03,13.28,97.19,140.87,0.0002,0.0002,NOMINAL,22.03
92,74,96,118.85,13.56,96.54,141.15,0.0002,0.0002,NOMINAL,22.85
92,75,95,114.38,13.43,92.29,136.47,0.0002,0.0002,NOMINAL,19.38
92,76,94,112.57,13.26,90.76,134.38,0.0002,0.0002,NOMINAL,18.57
92,77,93,107.41,12.18,87.38,127.44,0.0002,0.0002,NOMINAL,14.41
92,78,92,99.17,11.48,80.28,118.05,0.0002,0.0003,NOMINAL,7.17
92,79,91,99.17,11.4,80.41,117.93,0.0002,0.0003,NOMINAL,8.17
92,80,90,102.21,11.61,83.12,121.31,0.0002,0.0002,NOMINAL,12.21
92,81,89,98.05,11.36,79.36,116.74,0.0002,0.0003,NOMINAL,9.05
92,82,88,98.97,11.58,79.92,118.03,0.0002,0.0003,NOMINAL,10.97
92,83,87,96.03,11.35,77.36,114.7,0.0002,0.0004,NOMINAL,9.03
92,84,86,91.45,11.27,72.91,110.0,0.0002,0.0011,NOMINAL,5.45
92,85,85,86.93,10.56,69.56,104.29,0.0002,0.0021,NOMINAL,1.93
92,86,84,81.07,9.58,65.32,96.83,0.0002,0.0043,NOMINAL,-2.93
92,87,83,74.15,8.61,60.0,88.31,0.0002,0.0078,NOMINAL,-8.85
92,88,82,74.02,8.61,59.86,88.18,0.0002,0.0079,NOMINAL,-7.98
92,89,81,72.34,8.61,58.18,86.5,0.0002,0.013,NOMINAL,-8.66
92,90,80,72.34,8.61,58.18,86.5,0.0002,0.013,NOMINAL,-7.66
92,91,79,74.51,9.15,59.45,89.56,0.0002,0.0096,NOMINAL,-4.49
92,92,78,73.16,8.61,59.0,87.31,0.0002,0.0095,NOMINAL,-4.84
92,93,77,70.34,8.44,56.45,84.22,0.0002,0.0209,NOMINAL,-6.66
92,94,76,70.04,8.43,56.17,83.92,0.0002,0.0215,NOMINAL,-5.96
92,95,75,65.47,7.11,53.79,77.16,0.0002,0.0316,NOMINAL,-9.53
92,96,74,63.58,6.78,52.42,74.73,0.0002,0.0416,NOMINAL,-10.42
92,97,73,64.38,6.92,52.99,75.76,0.0002,0.0366,NOMINAL,-8.62
92,98,72,62.62,6.78,51.47,73.78,0.0002,0.0484,NOMINAL,-9.38
92,99,71,60.51,6.4,49.99,71.04,0.0002,0.0668,NOMINAL,-10.49
92,100,70,60.51,6.37,50.04,70.99,0.0002,0.0655,NOMINAL,-9.49
92,101,69,59.94,6.55,49.16,70.71,0.0002,0.0814,NOMINAL,-9.06
92,102,68,61.11,6.63,50.2,72.02,0.0002,0.0644,NOMINAL,-6.89
92,103,67,55.34,6.31,44.96,65.72,0.0002,0.2292,NOMINAL,-11.66
92,104,66,54.72,6.2,44.52,64.91,0.0002,0.2558,NOMINAL,-11.28
92,105,65,56.08,6.2,45.88,66.27,0.0002,0.1861,NOMINAL,-8.92
92,106,64,55.11,6.22,44.87,65.34,0.0002,0.2345,NOMINAL,-8.89
92,107,63,51.58,6.24,41.32,61.84,0.0002,0.4501,NOMINAL,-11.42
92,108,62,49.66,5.34,40.88,58.44,0.0002,0.5765,MONITOR,-12.34
92,109,61,47.6,5.34,38.81,56.39,0.0002,0.7336,MONITOR,-13.4
92,110,60,48.67,5.99,38.81,58.53,0.0002,0.6445,MONITOR,-11.33
92,111,59,46.29,5.38,37.44,55.14,0.0002,0.8069,WARNING,-12.71
92,112,58,45.02,4.94,36.89,53.14,0.0002,0.8638,WARNING,-12.98
92,113,57,46.35,5.49,37.33,55.37,0.0002,0.7995,WARNING,-10.65
92,114,56,45.21,5.13,36.78,53.64,0.0002,0.851,WARNING,-10.79
92,115,55,45.21,5.13,36.78,53.64,0.0002,0.851,WARNING,-9.79
92,116,54,45.71,5.49,36.67,54.74,0.0002,0.8272,WARNING,-8.29
92,117,53,43.74,5.11,35.33,52.14,0.0002,0.8978,WARNING,-9.26
92,118,52,45.69,5.49,36.66,54.73,0.0002,0.8273,WARNING,-6.31
92,119,51,46.08,5.13,37.65,54.51,0.0002,0.8254,WARNING,-4.92
92,120,50,45.2,5.14,36.75,53.65,0.0002,0.851,WARNING,-4.8
92,121,49,42.4,5.11,34.0,50.81,0.0003,0.9275,WARNING,-6.6
92,122,48,40.55,5.12,32.12,48.97,0.0004,0.9569,WARNING,-7.45
92,123,47,40.15,4.81,32.24,48.05,0.0003,0.9661,WARNING,-6.85
92,124,46,39.98,4.66,32.32,47.65,0.0003,0.9699,WARNING,-6.02
92,125,45,39.88,4.76,32.05,47.71,0.0003,0.9695,WARNING,-5.12
92,126,44,40.63,5.11,32.23,49.03,0.0004,0.9566,WARNING,-3.37
92,127,43,39.91,4.79,32.02,47.79,0.0003,0.9684,WARNING,-3.09
92,128,42,39.66,4.7,31.94,47.39,0.0003,0.9709,WARNING,-2.34
92,129,41,39.39,4.66,31.72,47.06,0.0003,0.974,WARNING,-1.61
92,130,40,39.74,4.63,32.12,47.36,0.0003,0.9713,WARNING,-0.26
92,131,39,39.01,4.59,31.46,46.56,0.0003,0.9776,WARNING,0.01
92,132,38,38.15,4.47,30.8,45.51,0.0004,0.9867,WARNING,0.15
92,133,37,35.13,4.33,28.01,42.25,0.0021,0.9996,WARNING,-1.87
92,134,36,36.95,4.47,29.6,44.3,0.0008,0.9945,WARNING,0.95
92,135,35,38.31,4.53,30.86,45.76,0.0004,0.985,WARNING,3.31
92,136,34,33.51,4.28,26.47,40.56,0.0047,0.9997,WARNING,-0.49
92,137,33,31.33,4.42,24.06,38.6,0.0148,0.9998,WARNING,-1.67
92,138,32,30.38,4.53,22.93,37.82,0.0266,0.9998,WARNING,-1.62
92,139,31,31.31,4.5,23.9,38.72,0.0167,0.9998,WARNING,0.31
92,140,30,32.03,4.34,24.88,39.18,0.008,0.9998,WARNING,2.03
92,141,29,31.95,4.34,24.8,39.09,0.0081,0.9998,WARNING,2.95
92,142,28,29.96,4.5,22.55,37.37,0.029,0.9998,WARNING,1.96
92,143,27,29.73,4.5,22.32,37.14,0.0322,0.9998,WARNING,2.73
92,144,26,30.14,4.28,23.1,37.18,0.0217,0.9998,WARNING,4.14
92,145,25,28.94,4.02,22.34,35.55,0.0284,0.9998,WARNING,3.94
92,146,24,28.43,4.02,21.82,35.03,0.0362,0.9998,WARNING,4.43
92,147,23,27.22,4.08,20.51,33.94,0.0546,0.9998,WARNING,4.22
92,148,22,25.63,3.98,19.09,32.18,0.0934,0.9998,WARNING,3.63
92,149,21,23.4,4.13,16.61,30.18,0.2342,0.9998,WARNING,2.4
92,150,20,21.55,3.44,15.9,27.2,0.3762,0.9998,WARNING,1.55
93,52,125,123.91,2.99,118.99,128.82,0.0002,0.0002,NOMINAL,-1.09
93,53,125,123.95,2.99,119.04,128.86,0.0002,0.0002,NOMINAL,-1.05
93,54,125,123.78,2.99,118.87,128.69,0.0002,0.0002,NOMINAL,-1.22
93,55,125,123.95,2.99,119.04,128.86,0.0002,0.0002,NOMINAL,-1.05
93,56,125,123.95,3.23,118.64,129.26,0.0002,0.0002,NOMINAL,-1.05
93,57,125,123.36,3.23,118.05,128.67,0.0002,0.0002,NOMINAL,-1.64
93,58,125,123.8,2.99,118.89,128.71,0.0002,0.0002,NOMINAL,-1.2
93,59,125,122.03,6.65,111.09,132.96,0.0002,0.0002,NOMINAL,-2.97
93,60,125,122.14,6.65,111.2,133.07,0.0002,0.0002,NOMINAL,-2.86
93,61,125,121.8,9.76,105.74,137.85,0.0002,0.0002,NOMINAL,-3.2
93,62,125,121.88,10.15,105.2,138.57,0.0002,0.0002,NOMINAL,-3.12
93,63,125,121.51,10.27,104.61,138.41,0.0002,0.0002,NOMINAL,-3.49
93,64,125,121.72,10.11,105.1,138.34,0.0002,0.0002,NOMINAL,-3.28
93,65,125,122.2,6.94,110.79,133.62,0.0002,0.0002,NOMINAL,-2.8
93,66,125,123.54,5.67,114.22,132.86,0.0002,0.0002,NOMINAL,-1.46
93,67,125,123.62,5.24,115.0,132.25,0.0002,0.0002,NOMINAL,-1.38
93,68,125,123.39,5.02,115.13,131.65,0.0002,0.0002,NOMINAL,-1.61
93,69,125,123.45,5.02,115.18,131.71,0.0002,0.0002,NOMINAL,-1.55
93,70,125,123.7,5.02,115.44,131.96,0.0002,0.0002,NOMINAL,-1.3
93,71,125,123.56,5.02,115.3,131.83,0.0002,0.0002,NOMINAL,-1.44
93,72,125,123.87,3.53,118.06,129.68,0.0002,0.0002,NOMINAL,-1.13
93,73,125,123.42,2.99,118.51,128.33,0.0002,0.0002,NOMINAL,-1.58
93,74,125,122.99,2.99,118.08,127.9,0.0002,0.0002,NOMINAL,-2.01
93,75,125,122.98,2.99,118.07,127.9,0.0002,0.0002,NOMINAL,-2.02
93,76,125,123.57,2.99,118.66,128.49,0.0002,0.0002,NOMINAL,-1.43
93,77,125,121.7,3.95,115.2,128.2,0.0002,0.0002,NOMINAL,-3.3
93,78,125,119.88,7.59,107.4,132.36,0.0002,0.0002,NOMINAL,-5.12
93,79,125,121.42,6.64,110.49,132.34,0.0002,0.0002,NOMINAL,-3.58
93,80,125,122.36,7.37,110.24,134.48,0.0002,0.0002,NOMINAL,-2.64
93,81,125,119.79,11.86,100.28,139.3,0.0002,0.0002,NOMINAL,-5.21
93,82,125,119.29,13.28,97.45,141.13,0.0002,0.0002,NOMINAL,-5.71
93,83,125,120.04,13.06,98.56,141.53,0.0002,0.0002,NOMINAL,-4.96
93,84,125,118.38,13.06,96.9,139.87,0.0002,0.0002,NOMINAL,-6.62
93,85,125,118.74,13.53,96.48,141.0,0.0002,0.0002,NOMINAL,-6.26
93,86,125,114.51,13.62,92.11,136.91,0.0002,0.0002,NOMINAL,-10.49
93,87,125,110.47,12.73,89.53,131.42,0.0002,0.0002,NOMINAL,-14.53
93,88,125,113.38,13.62,90.98,135.78,0.0002,0.0002,NOMINAL,-11.62
93,89,125,114.84,13.62,92.44,137.24,0.0002,0.0002,NOMINAL,-10.16
93,90,125,115.22,13.67,92.73,137.71,0.0002,0.0002,NOMINAL,-9.78
93,91,125,106.63,11.98,86.93,126.34,0.0002,0.0002,NOMINAL,-18.37
93,92,125,99.93,11.43,81.14,118.73,0.0002,0.0003,NOMINAL,-25.07
93,93,125,92.66,11.36,73.96,111.35,0.0002,0.0009,NOMINAL,-32.34
93,94,125,85.7,10.61,68.24,103.15,0.0002,0.0032,NOMINAL,-39.3
93,95,125,86.8,10.75,69.12,104.49,0.0002,0.0027,NOMINAL,-38.2
93,96,125,84.21,10.75,66.52,101.9,0.0002,0.0046,NOMINAL,-40.79
93,97,125,84.13,10.37,67.08,101.18,0.0002,0.0041,NOMINAL,-40.87
93,98,125,83.43,10.0,66.99,99.87,0.0002,0.0035,NOMINAL,-41.57
93,99,125,85.27,9.77,69.2,101.35,0.0002,0.0014,NOMINAL,-39.73
93,100,125,83.81,9.71,67.84,99.78,0.0002,0.0022,NOMINAL,-41.19
93,101,125,85.02,10.08,68.45,101.6,0.0002,0.0022,NOMINAL,-39.98
93,102,125,88.03,10.08,71.45,104.61,0.0002,0.0008,NOMINAL,-36.97
93,103,125,90.94,10.08,74.36,107.51,0.0002,0.0004,NOMINAL,-34.06
93,104,125,91.23,10.3,74.29,108.16,0.0002,0.0005,NOMINAL,-33.77
93,105,125,98.04,10.36,81.01,115.07,0.0002,0.0002,NOMINAL,-26.96
93,106,125,109.89,12.43,89.44,130.33,0.0002,0.0002,NOMINAL,-15.11
93,107,125,118.24,11.82,98.8,137.68,0.0002,0.0002,NOMINAL,-6.76
93,108,125,117.06,11.82,97.62,136.5,0.0002,0.0002,NOMINAL,-7.94
93,109,125,118.68,11.79,99.28,138.08,0.0002,0.0002,NOMINAL,-6.32
93,110,125,119.24,11.85,99.75,138.74,0.0002,0.0002,NOMINAL,-5.76
93,111,125,119.28,11.95,99.61,138.94,0.0002,0.0002,NOMINAL,-5.72
93,112,125,119.66,12.92,98.41,140.9,0.0002,0.0002,NOMINAL,-5.34
93,113,125,119.94,11.88,100.4,139.49,0.0002,0.0002,NOMINAL,-5.06
93,114,125,119.92,11.88,100.37,139.46,0.0002,0.0002,NOMINAL,-5.08
93,115,125,119.92,11.88,100.37,139.46,0.0002,0.0002,NOMINAL,-5.08
93,116,125,119.92,11.03,101.77,138.06,0.0002,0.0002,NOMINAL,-5.08
93,117,125,119.92,11.86,100.41,139.42,0.0002,0.0002,NOMINAL,-5.08
93,118,125,118.92,10.97,100.88,136.97,0.0002,0.0002,NOMINAL,-6.08
93,119,125,120.38,7.86,107.46,133.31,0.0002,0.0002,NOMINAL,-4.62
93,120,125,121.33,7.22,109.46,133.2,0.0002,0.0002,NOMINAL,-3.67
93,121,125,118.99,8.5,105.02,132.97,0.0002,0.0002,NOMINAL,-6.01
93,122,125,120.31,7.22,108.44,132.18,0.0002,0.0002,NOMINAL,-4.69
93,123,125,120.05,7.19,108.23,131.87,0.0002,0.0002,NOMINAL,-4.95
93,124,125,121.92,5.84,112.32,131.52,0.0002,0.0002,NOMINAL,-3.08
93,125,125,122.69,5.38,113.84,131.54,0.0002,0.0002,NOMINAL,-2.31
93,126,125,120.41,5.39,111.55,129.27,0.0002,0.0002,NOMINAL,-4.59
93,127,125,121.17,5.81,111.6,130.73,0.0002,0.0002,NOMINAL,-3.83
93,128,125,120.32,6.91,108.95,131.68,0.0002,0.0002,NOMINAL,-4.68
93,129,125,120.32,6.93,108.92,131.71,0.0002,0.0002,NOMINAL,-4.68
93,130,125,120.44,6.06,110.47,130.4,0.0002,0.0002,NOMINAL,-4.56
93,131,125,119.27,9.14,104.23,134.31,0.0002,0.0002,NOMINAL,-5.73
93,132,125,120.38,7.69,107.73,133.03,0.0002,0.0002,NOMINAL,-4.62
93,133,125,119.64,8.0,106.49,132.8,0.0002,0.0002,NOMINAL,-5.36
93,134,125,119.71,8.02,106.53,132.89,0.0002,0.0002,NOMINAL,-5.29
93,135,125,118.38,10.15,101.68,135.08,0.0002,0.0002,NOMINAL,-6.62
93,136,125,121.52,9.55,105.81,137.22,0.0002,0.0002,NOMINAL,-3.48
93,137,125,120.36,9.14,105.32,135.4,0.0002,0.0002,NOMINAL,-4.64
93,138,125,119.64,9.55,103.93,135.34,0.0002,0.0002,NOMINAL,-5.36
93,139,125,119.56,9.4,104.09,135.02,0.0002,0.0002,NOMINAL,-5.44
93,140,125,119.56,9.57,103.82,135.29,0.0002,0.0002,NOMINAL,-5.44
93,141,125,118.16,10.22,101.35,134.96,0.0002,0.0002,NOMINAL,-6.84
93,142,125,118.75,9.24,103.55,133.94,0.0002,0.0002,NOMINAL,-6.25
93,143,125,120.23,6.11,110.18,130.28,0.0002,0.0002,NOMINAL,-4.77
93,144,125,121.01,6.1,110.98,131.04,0.0002,0.0002,NOMINAL,-3.99
93,145,125,120.29,7.23,108.39,132.18,0.0002,0.0002,NOMINAL,-4.71
93,146,125,119.38,7.23,107.48,131.27,0.0002,0.0002,NOMINAL,-5.62
93,147,125,120.61,7.75,107.86,133.36,0.0002,0.0002,NOMINAL,-4.39
93,148,125,119.38,7.23,107.48,131.27,0.0002,0.0002,NOMINAL,-5.62
93,149,125,120.34,6.98,108.85,131.82,0.0002,0.0002,NOMINAL,-4.66
93,150,125,120.87,5.64,111.59,130.15,0.0002,0.0002,NOMINAL,-4.13
93,151,125,120.36,8.08,107.07,133.66,0.0002,0.0002,NOMINAL,-4.64
93,152,125,119.2,9.57,103.47,134.94,0.0002,0.0002,NOMINAL,-5.8
93,153,125,119.72,7.74,106.99,132.45,0.0002,0.0002,NOMINAL,-5.28
93,154,125,120.17,7.12,108.46,131.88,0.0002,0.0002,NOMINAL,-4.83
93,155,125,120.17,7.16,108.39,131.95,0.0002,0.0002,NOMINAL,-4.83
93,156,125,120.04,7.15,108.28,131.8,0.0002,0.0002,NOMINAL,-4.96
93,157,125,119.72,5.02,111.46,127.98,0.0002,0.0002,NOMINAL,-5.28
93,158,125,120.13,7.15,108.37,131.89,0.0002,0.0002,NOMINAL,-4.87
93,159,125,120.24,9.16,105.17,135.31,0.0002,0.0002,NOMINAL,-4.76
93,160,125,120.13,7.16,108.35,131.91,0.0002,0.0002,NOMINAL,-4.87
93,161,125,120.26,5.38,111.41,129.11,0.0002,0.0002,NOMINAL,-4.74
93,162,125,118.73,9.16,103.66,133.8,0.0002,0.0002,NOMINAL,-6.27
93,163,125,119.36,7.97,106.25,132.48,0.0002,0.0002,NOMINAL,-5.64
93,164,125,119.36,8.02,106.18,132.55,0.0002,0.0002,NOMINAL,-5.64
93,165,125,119.24,9.16,104.17,134.31,0.0002,0.0002,NOMINAL,-5.76
93,166,125,119.78,5.87,110.13,129.43,0.0002,0.0002,NOMINAL,-5.22
93,167,125,118.92,9.62,103.1,134.75,0.0002,0.0002,NOMINAL,-6.08
93,168,125,118.38,10.22,101.58,135.19,0.0002,0.0002,NOMINAL,-6.62
93,169,125,119.09,14.7,94.91,143.27,0.0002,0.0002,NOMINAL,-5.91
93,170,125,116.66,12.78,95.63,137.68,0.0002,0.0002,NOMINAL,-8.34
93,171,125,116.5,13.55,94.22,138.79,0.0002,0.0002,NOMINAL,-8.5
93,172,125,116.61,13.58,94.28,138.94,0.0002,0.0002,NOMINAL,-8.39
93,173,125,118.32,13.62,95.92,140.72,0.0002,0.0002,NOMINAL,-6.68
93,174,125,118.71,15.7,92.89,144.53,0.0002,0.0003,NOMINAL,-6.29
93,175,125,118.83,15.4,93.5,144.16,0.0002,0.0002,NOMINAL,-6.17
93,176,125,119.33,14.42,95.61,143.06,0.0002,0.0002,NOMINAL,-5.67
93,177,125,119.14,14.42,95.41,142.86,0.0002,0.0002,NOMINAL,-5.86
93,178,125,118.56,14.89,94.07,143.04,0.0002,0.0002,NOMINAL,-6.44
93,179,125,118.49,14.89,94.0,142.98,0.0002,0.0002,NOMINAL,-6.51
93,180,125,117.69,11.13,99.39,135.99,0.0002,0.0002,NOMINAL,-7.31
93,181,125,118.08,10.41,100.95,135.21,0.0002,0.0002,NOMINAL,-6.92
93,182,125,117.71,10.46,100.51,134.91,0.0002,0.0002,NOMINAL,-7.29
93,183,125,119.12,14.7,94.93,143.3,0.0002,0.0002,NOMINAL,-5.88
93,184,125,116.66,15.62,90.97,142.34,0.0002,0.0003,NOMINAL,-8.34
93,185,125,115.46,13.59,93.11,137.81,0.0002,0.0002,NOMINAL,-9.54
93,186,125,113.19,13.62,90.8,135.59,0.0002,0.0002,NOMINAL,-11.81
93,187,125,115.3,13.59,92.95,137.65,0.0002,0.0002,NOMINAL,-9.7
93,188,125,113.78,13.62,91.38,136.17,0.0002,0.0002,NOMINAL,-11.22
93,189,125,113.78,13.6,91.41,136.15,0.0002,0.0002,NOMINAL,-11.22
93,190,125,113.78,13.62,91.38,136.17,0.0002,0.0002,NOMINAL,-11.22
93,191,125,114.3,13.67,91.81,136.79,0.0002,0.0002,NOMINAL,-10.7
93,192,125,113.25,13.62,90.85,135.65,0.0002,0.0002,NOMINAL,-11.75
93,193,125,111.76,13.24,89.98,133.55,0.0002,0.0002,NOMINAL,-13.24
93,194,125,113.87,13.62,91.47,136.27,0.0002,0.0002,NOMINAL,-11.13
93,195,125,112.86,13.62,90.46,135.26,0.0002,0.0002,NOMINAL,-12.14
93,196,125,111.52,13.24,89.74,133.3,0.0002,0.0002,NOMINAL,-13.48
93,197,125,112.08,13.0,90.69,133.46,0.0002,0.0002,NOMINAL,-12.92
93,198,125,111.71,13.55,89.42,134.01,0.0002,0.0002,NOMINAL,-13.29
93,199,125,111.97,12.97,90.64,133.3,0.0002,0.0002,NOMINAL,-13.03
93,200,125,108.29,12.04,88.49,128.09,0.0002,0.0002,NOMINAL,-16.71
93,201,125,107.81,12.0,88.07,127.55,0.0002,0.0002,NOMINAL,-17.19
93,202,125,111.65,12.89,90.45,132.86,0.0002,0.0002,NOMINAL,-13.35
93,203,125,110.34,12.55,89.7,130.98,0.0002,0.0002,NOMINAL,-14.66
93,204,125,105.6,11.74,86.29,124.9,0.0002,0.0002,NOMINAL,-19.4
93,205,124,106.47,11.83,87.01,125.94,0.0002,0.0002,NOMINAL,-17.53
93,206,123,106.47,11.95,86.81,126.14,0.0002,0.0002,NOMINAL,-16.53
93,207,122,99.22,11.58,80.16,118.27,0.0002,0.0003,NOMINAL,-22.78
93,208,121,98.47,11.58,79.42,117.53,0.0002,0.0003,NOMINAL,-22.53
93,209,120,100.6,11.63,81.47,119.72,0.0002,0.0003,NOMINAL,-19.4
93,210,119,93.37,10.9,75.44,111.3,0.0002,0.0005,NOMINAL,-25.63
93,211,118,91.04,10.88,73.14,108.93,0.0002,0.0009,NOMINAL,-26.96
93,212,117,91.09,10.56,73.72,108.45,0.0002,0.0006,NOMINAL,-25.91
93,213,116,89.13,10.27,72.24,106.02,0.0002,0.0008,NOMINAL,-26.87
93,214,115,87.06,10.08,70.48,103.64,0.0002,0.0011,NOMINAL,-27.94
93,215,114,85.1,10.08,68.53,101.68,0.0002,0.0022,NOMINAL,-28.9
93,216,113,83.97,10.02,67.49,100.44,0.0002,0.003,NOMINAL,-29.03
93,217,112,83.72,9.94,67.37,100.06,0.0002,0.0029,NOMINAL,-28.28
93,218,111,83.83,9.95,67.47,100.18,0.0002,0.0029,NOMINAL,-27.17
93,219,110,83.72,9.95,67.36,100.07,0.0002,0.003,NOMINAL,-26.28
93,220,109,84.3,10.08,67.73,100.88,0.0002,0.0028,NOMINAL,-24.7
93,221,108,82.85,10.02,66.37,99.32,0.0002,0.0042,NOMINAL,-25.15
93,222,107,79.7,9.94,63.35,96.04,0.0002,0.006,NOMINAL,-27.3
93,223,106,76.92,8.94,62.21,91.62,0.0002,0.0057,NOMINAL,-29.08
93,224,105,74.76,8.33,61.06,88.47,0.0002,0.0062,NOMINAL,-30.24
93,225,104,75.91,8.97,61.16,90.67,0.0002,0.0067,NOMINAL,-28.09
93,226,103,72.52,8.26,58.93,86.11,0.0002,0.0087,NOMINAL,-30.48
93,227,102,70.96,7.2,59.12,82.8,0.0002,0.0065,NOMINAL,-31.04
93,228,101,70.43,6.57,59.62,81.24,0.0002,0.0049,NOMINAL,-30.57
93,229,100,69.85,6.66,58.9,80.81,0.0002,0.0061,NOMINAL,-30.15
93,230,99,70.86,6.96,59.42,82.31,0.0002,0.0059,NOMINAL,-28.14
93,231,98,66.2,6.25,55.93,76.47,0.0002,0.0131,NOMINAL,-31.8
93,232,97,65.55,6.02,55.66,75.45,0.0002,0.0137,NOMINAL,-31.45
93,233,96,65.16,6.03,55.23,75.08,0.0002,0.0167,NOMINAL,-30.84
93,234,95,63.44,6.02,53.54,73.33,0.0002,0.0281,NOMINAL,-31.56
93,235,94,61.97,5.87,52.31,71.63,0.0002,0.0397,NOMINAL,-32.03
93,236,93,60.94,5.67,51.6,70.27,0.0002,0.0449,NOMINAL,-32.06
93,237,92,58.97,6.24,48.71,69.23,0.0002,0.088,NOMINAL,-33.03
93,238,91,58.74,5.53,49.64,67.84,0.0002,0.0732,NOMINAL,-32.26
93,239,90,58.36,5.55,49.24,67.49,0.0002,0.0823,NOMINAL,-31.64
93,240,89,56.41,5.41,47.51,65.31,0.0002,0.1368,NOMINAL,-32.59
93,241,88,56.58,5.62,47.34,65.82,0.0002,0.1384,NOMINAL,-31.42
93,242,87,51.82,5.56,42.67,60.98,0.0002,0.4234,NOMINAL,-35.18
93,243,86,50.91,5.36,42.09,59.73,0.0002,0.4839,NOMINAL,-35.09
93,244,85,52.49,5.62,43.25,61.73,0.0002,0.3787,NOMINAL,-32.51
94,52,125,123.63,5.0,115.41,131.85,0.0002,0.0002,NOMINAL,-1.37
94,53,125,123.51,5.0,115.29,131.73,0.0002,0.0002,NOMINAL,-1.49
94,54,125,123.3,5.0,115.08,131.51,0.0002,0.0002,NOMINAL,-1.7
94,55,125,123.69,5.0,115.47,131.9,0.0002,0.0002,NOMINAL,-1.31
94,56,125,123.51,5.02,115.25,131.77,0.0002,0.0002,NOMINAL,-1.49
94,57,125,123.32,5.02,115.06,131.58,0.0002,0.0002,NOMINAL,-1.68
94,58,125,122.99,5.43,114.07,131.92,0.0002,0.0002,NOMINAL,-2.01
94,59,125,123.17,3.23,117.86,128.48,0.0002,0.0002,NOMINAL,-1.83
94,60,125,122.98,5.0,114.76,131.2,0.0002,0.0002,NOMINAL,-2.02
94,61,125,123.24,5.0,115.02,131.46,0.0002,0.0002,NOMINAL,-1.76
94,62,125,122.86,2.99,117.95,127.77,0.0002,0.0002,NOMINAL,-2.14
94,63,125,123.03,2.99,118.12,127.95,0.0002,0.0002,NOMINAL,-1.97
94,64,124,123.04,2.99,118.13,127.95,0.0002,0.0002,NOMINAL,-0.96
94,65,123,123.08,2.99,118.17,128.0,0.0002,0.0002,NOMINAL,0.08
94,66,122,123.39,2.99,118.48,128.3,0.0002,0.0002,NOMINAL,1.39
94,67,121,122.54,2.99,117.62,127.45,0.0002,0.0002,NOMINAL,1.54
94,68,120,122.84,2.99,117.92,127.75,0.0002,0.0002,NOMINAL,2.84
94,69,119,123.35,2.99,118.44,128.26,0.0002,0.0002,NOMINAL,4.35
94,70,118,122.26,2.99,117.35,127.17,0.0002,0.0002,NOMINAL,4.26
94,71,117,122.21,2.99,117.29,127.12,0.0002,0.0002,NOMINAL,5.21
94,72,116,122.04,2.99,117.12,126.95,0.0002,0.0002,NOMINAL,6.04
94,73,115,121.61,3.95,115.11,128.11,0.0002,0.0002,NOMINAL,6.61
94,74,114,121.15,4.7,113.42,128.88,0.0002,0.0002,NOMINAL,7.15
94,75,113,120.01,8.57,105.92,134.1,0.0002,0.0002,NOMINAL,7.01
94,76,112,120.12,12.39,99.74,140.49,0.0002,0.0002,NOMINAL,8.12
94,77,111,119.21,13.06,97.72,140.69,0.0002,0.0002,NOMINAL,8.21
94,78,110,118.56,13.53,96.3,140.82,0.0002,0.0002,NOMINAL,8.56
94,79,109,118.89,13.28,97.05,140.73,0.0002,0.0002,NOMINAL,9.89
94,80,108,118.17,13.56,95.86,140.48,0.0002,0.0002,NOMINAL,10.17
94,81,107,117.78,13.56,95.48,140.09,0.0002,0.0002,NOMINAL,10.78
94,82,106,118.01,13.56,95.7,140.32,0.0002,0.0002,NOMINAL,12.01
94,83,105,118.01,13.56,95.7,140.32,0.0002,0.0002,NOMINAL,13.01
94,84,104,117.43,13.65,94.99,139.88,0.0002,0.0002,NOMINAL,13.43
94,85,103,117.49,13.65,95.05,139.94,0.0002,0.0002,NOMINAL,14.49
94,86,102,115.22,13.61,92.84,137.61,0.0002,0.0002,NOMINAL,13.22
94,87,101,110.4,12.34,90.12,130.69,0.0002,0.0002,NOMINAL,9.4
94,88,100,104.44,11.72,85.17,123.72,0.0002,0.0002,NOMINAL,4.44
94,89,99,102.35,11.72,83.07,121.62,0.0002,0.0002,NOMINAL,3.35
94,90,98,102.22,11.72,82.95,121.5,0.0002,0.0002,NOMINAL,4.22
94,91,97,103.59,11.61,84.49,122.68,0.0002,0.0002,NOMINAL,6.59
94,92,96,97.65,11.58,78.6,116.71,0.0002,0.0004,NOMINAL,1.65
94,93,95,93.57,11.52,74.62,112.51,0.0002,0.0008,NOMINAL,-1.43
94,94,94,91.47,10.95,73.45,109.49,0.0002,0.0008,NOMINAL,-2.53
94,95,93,94.11,11.11,75.82,112.39,0.0002,0.0005,NOMINAL,1.11
94,96,92,91.88,10.88,73.98,109.77,0.0002,0.0007,NOMINAL,-0.12
94,97,91,92.75,10.88,74.86,110.65,0.0002,0.0005,NOMINAL,1.75
94,98,90,90.06,10.88,72.16,107.95,0.0002,0.0011,NOMINAL,0.06
94,99,89,90.06,10.56,72.69,107.42,0.0002,0.0008,NOMINAL,1.06
94,100,88,87.33,10.27,70.44,104.22,0.0002,0.0013,NOMINAL,-0.67
94,101,87,86.29,10.24,69.45,103.12,0.0002,0.0018,NOMINAL,-0.71
94,102,86,87.62,10.24,70.78,104.45,0.0002,0.0012,NOMINAL,1.62
94,103,85,86.79,10.25,69.92,103.66,0.0002,0.0015,NOMINAL,1.79
94,104,84,80.31,9.27,65.05,95.56,0.0002,0.0042,NOMINAL,-3.69
94,105,83,73.48,8.45,59.58,87.38,0.0002,0.008,NOMINAL,-9.52
94,106,82,72.26,8.4,58.45,86.08,0.0002,0.0098,NOMINAL,-9.74
94,107,81,70.51,8.45,56.61,84.41,0.0002,0.02,NOMINAL,-10.49
94,108,80,65.97,7.34,53.9,78.05,0.0002,0.0317,NOMINAL,-14.03
94,109,79,64.52,6.78,53.37,75.68,0.0002,0.0329,NOMINAL,-14.48
94,110,78,62.22,6.67,51.25,73.18,0.0002,0.0494,NOMINAL,-15.78
94,111,77,61.88,6.63,50.97,72.79,0.0002,0.0529,NOMINAL,-15.12
94,112,76,62.57,6.78,51.42,73.72,0.0002,0.0487,NOMINAL,-13.43
94,113,75,62.73,6.78,51.57,73.88,0.0002,0.0474,NOMINAL,-12.27
94,114,74,63.09,6.78,51.93,74.24,0.0002,0.0448,NOMINAL,-10.91
94,115,73,63.46,6.78,52.31,74.62,0.0002,0.0431,NOMINAL,-9.54
94,116,72,63.74,6.78,52.59,74.9,0.0002,0.0403,NOMINAL,-8.26
94,117,71,62.73,6.78,51.57,73.88,0.0002,0.0474,NOMINAL,-8.27
94,118,70,62.37,6.63,51.46,73.28,0.0002,0.0483,NOMINAL,-7.63
94,119,69,63.09,6.67,52.12,74.05,0.0002,0.044,NOMINAL,-5.91
94,120,68,59.88,6.19,49.7,70.06,0.0002,0.0718,NOMINAL,-8.12
94,121,67,58.48,6.45,47.87,69.08,0.0002,0.1077,NOMINAL,-8.52
94,122,66,60.77,6.45,50.16,71.37,0.0002,0.0646,NOMINAL,-5.23
94,123,65,61.06,6.36,50.6,71.52,0.0002,0.0577,NOMINAL,-3.94
94,124,64,62.2,6.48,51.54,72.86,0.0002,0.0473,NOMINAL,-1.8
94,125,63,61.17,6.38,50.68,71.66,0.0002,0.0573,NOMINAL,-1.83
94,126,62,58.4,6.33,47.98,68.81,0.0002,0.1064,NOMINAL,-3.6
94,127,61,62.09,6.39,51.58,72.61,0.0002,0.0469,NOMINAL,1.09
94,128,60,58.96,6.13,48.87,69.05,0.0002,0.0845,NOMINAL,-1.04
94,129,59,57.9,6.19,47.71,68.08,0.0002,0.1134,NOMINAL,-1.1
94,130,58,57.26,5.94,47.49,67.03,0.0002,0.1288,NOMINAL,-0.74
94,131,57,54.88,5.9,45.17,64.59,0.0002,0.2336,NOMINAL,-2.12
94,132,56,54.73,5.9,45.02,64.44,0.0002,0.2412,NOMINAL,-1.27
94,133,55,53.53,5.9,43.82,63.25,0.0002,0.3137,NOMINAL,-1.47
95,52,125,117.73,13.57,95.41,140.06,0.0002,0.0002,NOMINAL,-7.27
95,53,125,115.33,13.58,93.0,137.66,0.0002,0.0002,NOMINAL,-9.67
95,54,125,117.62,13.57,95.29,139.94,0.0002,0.0002,NOMINAL,-7.38
95,55,125,113.61,13.35,91.65,135.57,0.0002,0.0002,NOMINAL,-11.39
95,56,125,114.96,13.58,92.63,137.29,0.0002,0.0002,NOMINAL,-10.04
95,57,125,113.64,13.53,91.39,135.89,0.0002,0.0002,NOMINAL,-11.36
95,58,125,111.18,12.99,89.81,132.55,0.0002,0.0002,NOMINAL,-13.82
95,59,125,116.61,13.58,94.28,138.94,0.0002,0.0002,NOMINAL,-8.39
95,60,125,114.82,13.58,92.49,137.15,0.0002,0.0002,NOMINAL,-10.18
95,61,125,113.85,13.4,91.8,135.89,0.0002,0.0002,NOMINAL,-11.15
95,62,125,104.16,11.66,84.98,123.34,0.0002,0.0002,NOMINAL,-20.84
95,63,125,104.29,11.66,85.11,123.47,0.0002,0.0002,NOMINAL,-20.71
95,64,125,108.56,12.56,87.9,129.22,0.0002,0.0002,NOMINAL,-16.44
95,65,125,114.69,13.59,92.33,137.04,0.0002,0.0002,NOMINAL,-10.31
95,66,125,109.1,12.79,88.06,130.14,0.0002,0.0002,NOMINAL,-15.9
95,67,125,109.1,12.79,88.06,130.14,0.0002,0.0002,NOMINAL,-15.9
95,68,125,109.27,12.56,88.61,129.93,0.0002,0.0002,NOMINAL,-15.73
95,69,125,88.8,11.55,69.8,107.8,0.0002,0.0033,NOMINAL,-36.2
95,70,125,91.33,11.63,72.2,110.47,0.0002,0.0017,NOMINAL,-33.67
95,71,125,101.72,11.63,82.58,120.86,0.0002,0.0002,NOMINAL,-23.28
95,72,125,104.94,11.74,85.63,124.26,0.0002,0.0002,NOMINAL,-20.06
95,73,125,99.55,11.62,80.43,118.66,0.0002,0.0003,NOMINAL,-25.45
95,74,125,100.4,11.55,81.4,119.4,0.0002,0.0003,NOMINAL,-24.6
95,75,125,96.87,11.62,77.75,115.98,0.0002,0.0004,NOMINAL,-28.13
95,76,125,97.08,11.55,78.08,116.08,0.0002,0.0004,NOMINAL,-27.92
95,77,125,91.3,11.24,72.81,109.79,0.0002,0.0012,NOMINAL,-33.7
95,78,125,85.69,11.24,67.21,104.18,0.0002,0.0046,NOMINAL,-39.31
95,79,125,80.97,10.11,64.34,97.61,0.0002,0.0053,NOMINAL,-44.03
95,80,125,83.18,10.26,66.31,100.05,0.0002,0.0043,NOMINAL,-41.82
95,81,125,84.88,10.61,67.42,102.34,0.0002,0.0042,NOMINAL,-40.12
95,82,125,85.74,10.81,67.96,103.53,0.0002,0.004,NOMINAL,-39.26
95,83,125,83.68,10.61,66.22,101.14,0.0002,0.0046,NOMINAL,-41.32
95,84,125,85.26,10.61,67.8,102.72,0.0002,0.0037,NOMINAL,-39.74
95,85,125,85.81,10.61,68.35,103.27,0.0002,0.0031,NOMINAL,-39.19
95,86,125,84.46,10.35,67.44,101.48,0.0002,0.0036,NOMINAL,-40.54
95,87,125,86.85,10.81,69.06,104.63,0.0002,0.0028,NOMINAL,-38.15
95,88,125,85.95,10.61,68.49,103.41,0.0002,0.003,NOMINAL,-39.05
95,89,125,85.51,10.61,68.06,102.97,0.0002,0.0034,NOMINAL,-39.49
96,52,125,118.87,13.27,97.04,140.7,0.0002,0.0002,NOMINAL,-6.13
96,53,125,120.77,8.96,106.04,135.5,0.0002,0.0002,NOMINAL,-4.23
96,54,125,121.92,8.0,108.75,135.08,0.0002,0.0002,NOMINAL,-3.08
96,55,125,120.91,9.8,104.79,137.04,0.0002,0.0002,NOMINAL,-4.09
96,56,125,121.04,9.62,105.22,136.85,0.0002,0.0002,NOMINAL,-3.96
96,57,125,120.3,10.7,102.69,137.91,0.0002,0.0002,NOMINAL,-4.7
96,58,125,120.91,9.8,104.79,137.04,0.0002,0.0002,NOMINAL,-4.09
96,59,125,120.42,10.5,103.14,137.69,0.0002,0.0002,NOMINAL,-4.58
96,60,125,120.3,11.18,101.91,138.69,0.0002,0.0002,NOMINAL,-4.7
96,61,125,122.3,9.11,107.32,137.29,0.0002,0.0002,NOMINAL,-2.7
96,62,125,122.75,9.61,106.95,138.55,0.0002,0.0002,NOMINAL,-2.25
96,63,125,121.03,8.79,106.58,135.48,0.0002,0.0002,NOMINAL,-3.97
96,64,125,122.57,5.15,114.11,131.04,0.0002,0.0002,NOMINAL,-2.43
96,65,125,123.93,4.25,116.93,130.92,0.0002,0.0002,NOMINAL,-1.07
96,66,125,122.76,5.89,113.07,132.44,0.0002,0.0002,NOMINAL,-2.24
96,67,125,123.17,5.16,114.68,131.67,0.0002,0.0002,NOMINAL,-1.83
96,68,125,123.4,5.07,115.07,131.73,0.0002,0.0002,NOMINAL,-1.6
96,69,125,123.51,5.06,115.18,131.84,0.0002,0.0002,NOMINAL,-1.49
96,70,125,123.39,5.04,115.1,131.68,0.0002,0.0002,NOMINAL,-1.61
96,71,125,122.26,9.53,106.59,137.93,0.0002,0.0002,NOMINAL,-2.74
96,72,125,124.03,3.97,117.5,130.57,0.0002,0.0002,NOMINAL,-0.97
96,73,125,122.71,8.72,108.36,137.06,0.0002,0.0002,NOMINAL,-2.29
96,74,125,123.43,5.07,115.1,131.77,0.0002,0.0002,NOMINAL,-1.57
96,75,125,123.83,6.31,113.46,134.21,0.0002,0.0002,NOMINAL,-1.17
96,76,125,123.54,5.99,113.7,133.39,0.0002,0.0002,NOMINAL,-1.46
96,77,125,122.92,6.84,111.67,134.17,0.0002,0.0002,NOMINAL,-2.08
96,78,125,123.35,7.09,111.7,135.01,0.0002,0.0002,NOMINAL,-1.65
96,79,125,122.89,7.01,111.37,134.42,0.0002,0.0002,NOMINAL,-2.11
96,80,125,123.35,6.84,112.1,134.61,0.0002,0.0002,NOMINAL,-1.65
96,81,125,123.04,6.84,111.79,134.3,0.0002,0.0002,NOMINAL,-1.96
96,82,125,123.23,6.84,111.98,134.49,0.0002,0.0002,NOMINAL,-1.77
96,83,125,123.23,7.09,111.58,134.89,0.0002,0.0002,NOMINAL,-1.77
96,84,125,123.06,7.47,110.77,135.35,0.0002,0.0002,NOMINAL,-1.94
96,85,125,122.65,9.95,106.29,139.01,0.0002,0.0002,NOMINAL,-2.35
96,86,125,121.63,10.62,104.15,139.1,0.0002,0.0002,NOMINAL,-3.37
96,87,125,122.42,9.95,106.06,138.79,0.0002,0.0002,NOMINAL,-2.58
96,88,125,121.51,8.44,107.63,135.39,0.0002,0.0002,NOMINAL,-3.49
96,89,125,120.65,11.81,101.23,140.08,0.0002,0.0002,NOMINAL,-4.35
96,90,125,119.44,13.32,97.53,141.36,0.0002,0.0002,NOMINAL,-5.56
96,91,125,119.44,13.35,97.48,141.4,0.0002,0.0002,NOMINAL,-5.56
96,92,125,119.44,13.32,97.53,141.36,0.0002,0.0002,NOMINAL,-5.56
96,93,125,119.54,11.86,100.04,139.04,0.0002,0.0002,NOMINAL,-5.46
96,94,125,117.27,13.57,94.95,139.6,0.0002,0.0002,NOMINAL,-7.73
96,95,125,117.61,13.57,95.28,139.93,0.0002,0.0002,NOMINAL,-7.39
96,96,125,114.26,13.35,92.3,136.21,0.0002,0.0002,NOMINAL,-10.74
96,97,125,112.61,12.99,91.24,133.98,0.0002,0.0002,NOMINAL,-12.39
97,52,125,120.54,13.32,98.62,142.45,0.0002,0.0002,NOMINAL,-4.46
97,53,125,120.09,13.32,98.17,142.0,0.0002,0.0002,NOMINAL,-4.91
97,54,125,119.95,13.32,98.04,141.87,0.0002,0.0002,NOMINAL,-5.05
97,55,125,119.77,13.32,97.86,141.69,0.0002,0.0002,NOMINAL,-5.23
97,56,125,119.48,13.56,97.17,141.79,0.0002,0.0002,NOMINAL,-5.52
97,57,125,119.65,13.56,97.34,141.96,0.0002,0.0002,NOMINAL,-5.35
97,58,125,119.78,13.56,97.47,142.09,0.0002,0.0002,NOMINAL,-5.22
97,59,125,117.95,13.57,95.62,140.27,0.0002,0.0002,NOMINAL,-7.05
97,60,125,118.37,13.57,96.04,140.69,0.0002,0.0002,NOMINAL,-6.63
97,61,125,117.62,13.64,95.17,140.06,0.0002,0.0002,NOMINAL,-7.38
97,62,125,116.94,13.58,94.61,139.27,0.0002,0.0002,NOMINAL,-8.06
97,63,125,115.33,13.58,93.0,137.66,0.0002,0.0002,NOMINAL,-9.67
97,64,125,114.68,13.59,92.32,137.03,0.0002,0.0002,NOMINAL,-10.32
97,65,125,117.16,13.64,94.72,139.6,0.0002,0.0002,NOMINAL,-7.84
97,66,125,117.0,13.58,94.67,139.33,0.0002,0.0002,NOMINAL,-8.0
97,67,125,118.18,13.57,95.86,140.51,0.0002,0.0002,NOMINAL,-6.82
97,68,125,117.72,13.64,95.27,140.16,0.0002,0.0002,NOMINAL,-7.28
97,69,125,115.14,13.58,92.81,137.47,0.0002,0.0002,NOMINAL,-9.86
97,70,125,118.35,13.57,96.03,140.67,0.0002,0.0002,NOMINAL,-6.65
97,71,125,117.72,13.64,95.27,140.16,0.0002,0.0002,NOMINAL,-7.28
97,72,125,117.72,13.57,95.39,140.04,0.0002,0.0002,NOMINAL,-7.28
97,73,125,111.6,13.01,90.21,132.99,0.0002,0.0002,NOMINAL,-13.4
97,74,125,109.13,12.24,88.99,129.27,0.0002,0.0002,NOMINAL,-15.87
97,75,125,102.19,11.66,83.01,121.37,0.0002,0.0002,NOMINAL,-22.81
97,76,125,110.73,13.01,89.34,132.12,0.0002,0.0002,NOMINAL,-14.27
97,77,125,116.14,13.58,93.81,138.47,0.0002,0.0002,NOMINAL,-8.86
97,78,125,118.36,13.57,96.04,140.69,0.0002,0.0002,NOMINAL,-6.64
97,79,125,119.23,13.56,96.93,141.54,0.0002,0.0002,NOMINAL,-5.77
97,80,125,119.29,13.56,96.98,141.6,0.0002,0.0002,NOMINAL,-5.71
97,81,125,117.71,13.57,95.38,140.03,0.0002,0.0002,NOMINAL,-7.29
97,82,125,117.02,13.66,94.55,139.49,0.0002,0.0002,NOMINAL,-7.98
97,83,125,117.16,13.64,94.72,139.6,0.0002,0.0002,NOMINAL,-7.84
97,84,125,118.11,13.56,95.81,140.42,0.0002,0.0002,NOMINAL,-6.89
97,85,125,117.13,13.64,94.69,139.57,0.0002,0.0002,NOMINAL,-7.87
97,86,125,117.74,13.64,95.29,140.18,0.0002,0.0002,NOMINAL,-7.26
97,87,125,117.13,13.64,94.69,139.57,0.0002,0.0002,NOMINAL,-7.87
97,88,125,114.19,13.28,92.35,136.04,0.0002,0.0002,NOMINAL,-10.81
97,89,125,117.16,13.64,94.72,139.6,0.0002,0.0002,NOMINAL,-7.84
97,90,125,118.33,13.56,96.02,140.64,0.0002,0.0002,NOMINAL,-6.67
97,91,125,117.13,13.64,94.69,139.57,0.0002,0.0002,NOMINAL,-7.87
97,92,124,111.15,13.01,89.76,132.54,0.0002,0.0002,NOMINAL,-12.85
97,93,123,114.47,13.36,92.5,136.45,0.0002,0.0002,NOMINAL,-8.53
97,94,122,111.16,13.01,89.77,132.55,0.0002,0.0002,NOMINAL,-10.84
97,95,121,117.79,13.64,95.34,140.23,0.0002,0.0002,NOMINAL,-3.21
97,96,120,117.13,13.64,94.69,139.57,0.0002,0.0002,NOMINAL,-2.87
97,97,119,111.99,13.01,90.6,133.38,0.0002,0.0002,NOMINAL,-7.01
97,98,118,111.15,13.01,89.76,132.54,0.0002,0.0002,NOMINAL,-6.85
97,99,117,110.79,12.83,89.69,131.89,0.0002,0.0002,NOMINAL,-6.21
97,100,116,111.35,13.01,89.96,132.74,0.0002,0.0002,NOMINAL,-4.65
97,101,115,111.35,13.01,89.96,132.74,0.0002,0.0002,NOMINAL,-3.65
97,102,114,116.17,13.56,93.87,138.47,0.0002,0.0002,NOMINAL,2.17
97,103,113,110.79,12.9,89.56,132.02,0.0002,0.0002,NOMINAL,-2.21
97,104,112,102.73,11.73,83.43,122.03,0.0002,0.0002,NOMINAL,-9.27
97,105,111,103.94,11.73,84.64,123.23,0.0002,0.0002,NOMINAL,-7.06
97,106,110,107.67,12.19,87.61,127.73,0.0002,0.0002,NOMINAL,-2.33
97,107,109,107.84,12.19,87.78,127.9,0.0002,0.0002,NOMINAL,-1.16
97,108,108,102.66,11.73,83.36,121.95,0.0002,0.0002,NOMINAL,-5.34
97,109,107,98.83,11.62,79.72,117.95,0.0002,0.0003,NOMINAL,-8.17
97,110,106,94.04,11.2,75.61,112.47,0.0002,0.0005,NOMINAL,-11.96
97,111,105,106.65,12.1,86.74,126.55,0.0002,0.0002,NOMINAL,1.65
97,112,104,104.78,11.69,85.55,124.01,0.0002,0.0002,NOMINAL,0.78
97,113,103,99.04,11.2,80.62,117.47,0.0002,0.0003,NOMINAL,-3.96
97,114,102,106.95,11.76,87.6,126.3,0.0002,0.0002,NOMINAL,4.95
97,115,101,110.29,12.96,88.96,131.61,0.0002,0.0002,NOMINAL,9.29
97,116,100,117.96,13.63,95.54,140.37,0.0002,0.0002,NOMINAL,17.96
97,117,99,117.96,13.61,95.56,140.35,0.0002,0.0002,NOMINAL,18.96
97,118,98,117.96,13.64,95.51,140.4,0.0002,0.0002,NOMINAL,19.96
97,119,97,111.59,13.09,90.06,133.11,0.0002,0.0002,NOMINAL,14.59
97,120,96,111.16,13.09,89.64,132.69,0.0002,0.0002,NOMINAL,15.16
97,121,95,111.33,13.09,89.81,132.86,0.0002,0.0002,NOMINAL,16.33
97,122,94,110.77,12.57,90.1,131.45,0.0002,0.0002,NOMINAL,16.77
97,123,93,110.6,12.9,89.38,131.83,0.0002,0.0002,NOMINAL,17.6
97,124,92,111.33,13.09,89.81,132.86,0.0002,0.0002,NOMINAL,19.33
97,125,91,110.61,12.41,90.19,131.02,0.0002,0.0002,NOMINAL,19.61
97,126,90,109.71,12.19,89.65,129.77,0.0002,0.0002,NOMINAL,19.71
97,127,89,110.98,12.58,90.29,131.67,0.0002,0.0002,NOMINAL,21.98
97,128,88,107.78,12.19,87.72,127.84,0.0002,0.0002,NOMINAL,19.78
97,129,87,107.78,12.19,87.72,127.84,0.0002,0.0002,NOMINAL,20.78
97,130,86,102.82,11.73,83.52,122.12,0.0002,0.0002,NOMINAL,16.82
97,131,85,103.83,12.17,83.82,123.85,0.0002,0.0002,NOMINAL,18.83
97,132,84,107.56,12.19,87.5,127.62,0.0002,0.0002,NOMINAL,23.56
97,133,83,105.42,11.71,86.17,124.68,0.0002,0.0002,NOMINAL,22.42
97,134,82,94.79,11.3,76.21,113.37,0.0002,0.0005,NOMINAL,12.79
98,52,125,110.8,12.9,89.57,132.03,0.0002,0.0002,NOMINAL,-14.2
98,53,125,110.89,13.09,89.37,132.42,0.0002,0.0002,NOMINAL,-14.11
98,54,125,111.99,13.36,90.01,133.97,0.0002,0.0002,NOMINAL,-13.01
98,55,125,117.19,13.66,94.72,139.65,0.0002,0.0002,NOMINAL,-7.81
98,56,124,111.76,13.09,90.23,133.28,0.0002,0.0002,NOMINAL,-12.24
98,57,123,113.21,13.42,91.13,135.28,0.0002,0.0002,NOMINAL,-9.79
98,58,122,108.63,12.41,88.22,129.03,0.0002,0.0002,NOMINAL,-13.37
98,59,121,96.89,11.72,77.61,116.16,0.0002,0.0005,NOMINAL,-24.11
98,60,120,90.39,11.02,72.27,108.51,0.0002,0.0012,NOMINAL,-29.61
98,61,119,85.17,9.87,68.93,101.41,0.0002,0.0017,NOMINAL,-33.83
98,62,118,85.29,9.87,69.05,101.54,0.0002,0.0016,NOMINAL,-32.71
98,63,117,83.51,9.55,67.81,99.21,0.0002,0.002,NOMINAL,-33.49
98,64,116,76.79,9.43,61.28,92.29,0.0002,0.0073,NOMINAL,-39.21
98,65,115,81.89,9.46,66.34,97.45,0.0002,0.0031,NOMINAL,-33.11
98,66,114,82.42,9.43,66.92,97.93,0.0002,0.0025,NOMINAL,-31.58
98,67,113,77.19,9.43,61.69,92.7,0.0002,0.0067,NOMINAL,-35.81
98,68,112,78.14,9.43,62.63,93.64,0.0002,0.006,NOMINAL,-33.86
98,69,111,84.52,9.89,68.24,100.79,0.0002,0.0021,NOMINAL,-26.48
98,70,110,94.49,10.47,77.26,111.72,0.0002,0.0003,NOMINAL,-15.51
98,71,109,88.52,10.08,71.94,105.09,0.0002,0.0007,NOMINAL,-20.48
98,72,108,87.7,10.08,71.13,104.28,0.0002,0.0009,NOMINAL,-20.3
98,73,107,88.92,10.08,72.34,105.49,0.0002,0.0007,NOMINAL,-18.08
98,74,106,88.32,10.08,71.75,104.9,0.0002,0.0008,NOMINAL,-17.68
98,75,105,93.62,10.24,76.79,110.46,0.0002,0.0003,NOMINAL,-11.38
98,76,104,95.04,10.52,77.74,112.34,0.0002,0.0003,NOMINAL,-8.96
98,77,103,98.79,11.27,80.25,117.34,0.0002,0.0003,NOMINAL,-4.21
98,78,102,93.63,10.85,75.79,111.47,0.0002,0.0004,NOMINAL,-8.37
98,79,101,92.59,10.88,74.7,110.49,0.0002,0.0006,NOMINAL,-8.41
98,80,100,87.6,10.88,69.7,105.49,0.0002,0.0024,NOMINAL,-12.4
98,81,99,86.7,10.56,69.33,104.06,0.0002,0.0022,NOMINAL,-12.3
98,82,98,83.41,9.78,67.31,99.5,0.0002,0.0027,NOMINAL,-14.59
98,83,97,81.55,9.57,65.8,97.3,0.0002,0.0041,NOMINAL,-15.45
98,84,96,80.9,9.43,65.4,96.4,0.0002,0.0042,NOMINAL,-15.1
98,85,95,80.9,9.43,65.4,96.4,0.0002,0.0042,NOMINAL,-14.1
98,86,94,77.97,9.4,62.51,93.44,0.0002,0.0061,NOMINAL,-16.03
98,87,93,75.97,9.0,61.17,90.77,0.0002,0.0067,NOMINAL,-17.03
98,88,92,76.04,8.45,62.14,89.93,0.0002,0.0051,NOMINAL,-15.96
98,89,91,76.3,8.45,62.4,90.2,0.0002,0.0049,NOMINAL,-14.7
98,90,90,75.34,8.45,61.44,89.24,0.0002,0.0059,NOMINAL,-14.66
98,91,89,78.05,8.45,64.15,91.95,0.0002,0.0038,NOMINAL,-10.95
98,92,88,77.14,9.05,62.25,92.02,0.0002,0.0059,NOMINAL,-10.86
98,93,87,76.06,9.05,61.18,90.94,0.0002,0.0068,NOMINAL,-10.94
98,94,86,78.21,9.43,62.71,93.71,0.0002,0.0059,NOMINAL,-7.79
98,95,85,78.54,8.75,64.15,92.92,0.0002,0.0043,NOMINAL,-6.46
98,96,84,78.0,8.45,64.1,91.9,0.0002,0.0038,NOMINAL,-6.0
98,97,83,77.81,8.45,63.92,91.71,0.0002,0.0041,NOMINAL,-5.19
98,98,82,76.64,8.45,62.74,90.54,0.0002,0.0047,NOMINAL,-5.36
98,99,81,74.36,8.45,60.46,88.26,0.0002,0.0067,NOMINAL,-6.64
98,100,80,74.1,8.45,60.2,88.0,0.0002,0.0071,NOMINAL,-5.9
98,101,79,71.2,8.45,57.31,85.1,0.0002,0.0168,NOMINAL,-7.8
98,102,78,72.2,8.45,58.3,86.1,0.0002,0.011,NOMINAL,-5.8
98,103,77,70.86,8.45,56.96,84.75,0.0002,0.0181,NOMINAL,-6.14
98,104,76,67.9,8.45,54.0,81.8,0.0002,0.0354,NOMINAL,-8.1
98,105,75,76.33,8.45,62.43,90.23,0.0002,0.0049,NOMINAL,1.33
98,106,74,76.4,8.45,62.5,90.3,0.0002,0.0048,NOMINAL,2.4
98,107,73,75.31,8.45,61.41,89.2,0.0002,0.0059,NOMINAL,2.31
98,108,72,77.38,9.4,61.91,92.84,0.0002,0.0066,NOMINAL,5.38
98,109,71,78.14,9.43,62.63,93.64,0.0002,0.006,NOMINAL,7.14
98,110,70,71.32,8.45,57.42,85.22,0.0002,0.0163,NOMINAL,1.32
98,111,69,73.04,8.45,59.15,86.94,0.0002,0.0087,NOMINAL,4.04
98,112,68,72.41,8.45,58.52,86.31,0.0002,0.0098,NOMINAL,4.41
98,113,67,68.59,8.44,54.72,82.47,0.0002,0.0292,NOMINAL,1.59
98,114,66,66.96,7.95,53.87,80.04,0.0002,0.0338,NOMINAL,0.96
98,115,65,66.99,8.38,53.2,80.78,0.0002,0.0403,NOMINAL,1.99
98,116,64,72.08,8.43,58.21,85.95,0.0002,0.0115,NOMINAL,8.08
98,117,63,73.92,8.43,60.04,87.79,0.0002,0.0074,NOMINAL,10.92
98,118,62,71.41,7.95,58.33,84.5,0.0002,0.0095,NOMINAL,9.41
98,119,61,65.32,6.78,54.17,76.48,0.0002,0.0274,NOMINAL,4.32
98,120,60,64.12,6.92,52.73,75.5,0.0002,0.0397,NOMINAL,4.12
98,121,59,64.38,6.78,53.22,75.53,0.0002,0.0354,NOMINAL,5.38
99,52,125,124.1,2.01,120.8,127.4,0.0002,0.0002,NOMINAL,-0.9
99,53,125,123.59,2.53,119.43,127.75,0.0002,0.0002,NOMINAL,-1.41
99,54,125,124.1,2.06,120.71,127.49,0.0002,0.0002,NOMINAL,-0.9
99,55,125,124.1,1.97,120.86,127.34,0.0002,0.0002,NOMINAL,-0.9
99,56,125,124.1,2.11,120.64,127.56,0.0002,0.0002,NOMINAL,-0.9
99,57,125,124.58,2.23,120.91,128.25,0.0002,0.0002,NOMINAL,-0.42
99,58,125,124.5,2.16,120.95,128.06,0.0002,0.0002,NOMINAL,-0.5
99,59,125,124.58,2.07,121.18,127.99,0.0002,0.0002,NOMINAL,-0.42
99,60,125,124.18,2.21,120.54,127.82,0.0002,0.0002,NOMINAL,-0.82
99,61,125,124.42,2.35,120.56,128.28,0.0002,0.0002,NOMINAL,-0.58
99,62,125,124.81,2.02,121.48,128.13,0.0002,0.0002,NOMINAL,-0.19
99,63,125,124.18,2.24,120.5,127.86,0.0002,0.0002,NOMINAL,-0.82
99,64,125,124.5,2.22,120.85,128.15,0.0002,0.0002,NOMINAL,-0.5
99,65,125,123.91,2.94,119.08,128.74,0.0002,0.0002,NOMINAL,-1.09
99,66,125,123.63,2.94,118.81,128.46,0.0002,0.0002,NOMINAL,-1.37
99,67,125,124.56,2.37,120.66,128.46,0.0002,0.0002,NOMINAL,-0.44
99,68,125,124.42,2.13,120.91,127.93,0.0002,0.0002,NOMINAL,-0.58
99,69,125,124.34,2.33,120.5,128.17,0.0002,0.0002,NOMINAL,-0.66
99,70,125,124.73,2.11,121.25,128.2,0.0002,0.0002,NOMINAL,-0.27
99,71,125,124.22,2.69,119.79,128.64,0.0002,0.0002,NOMINAL,-0.78
99,72,125,124.73,2.13,121.23,128.23,0.0002,0.0002,NOMINAL,-0.27
99,73,125,124.73,2.06,121.34,128.12,0.0002,0.0002,NOMINAL,-0.27
99,74,125,124.56,2.25,120.86,128.26,0.0002,0.0002,NOMINAL,-0.44
99,75,125,124.73,2.06,121.34,128.12,0.0002,0.0002,NOMINAL,-0.27
99,76,125,124.41,2.08,120.98,127.83,0.0002,0.0002,NOMINAL,-0.59
99,77,125,124.56,2.27,120.83,128.3,0.0002,0.0002,NOMINAL,-0.44
99,78,125,124.73,2.02,121.4,128.05,0.0002,0.0002,NOMINAL,-0.27
99,79,125,124.41,1.99,121.12,127.69,0.0002,0.0002,NOMINAL,-0.59
99,80,125,124.26,2.18,120.68,127.84,0.0002,0.0002,NOMINAL,-0.74
99,81,125,123.78,2.44,119.77,127.79,0.0002,0.0002,NOMINAL,-1.22
99,82,125,123.58,4.58,116.04,131.12,0.0002,0.0002,NOMINAL,-1.42
99,83,125,123.28,4.42,116.01,130.55,0.0002,0.0002,NOMINAL,-1.72
99,84,125,123.93,4.49,116.55,131.31,0.0002,0.0002,NOMINAL,-1.07
99,85,125,123.63,4.49,116.25,131.02,0.0002,0.0002,NOMINAL,-1.37
99,86,125,124.0,4.02,117.4,130.61,0.0002,0.0002,NOMINAL,-1.0
99,87,125,124.17,3.96,117.65,130.69,0.0002,0.0002,NOMINAL,-0.83
99,88,125,124.03,4.3,116.96,131.11,0.0002,0.0002,NOMINAL,-0.97
99,89,125,123.65,4.61,116.08,131.23,0.0002,0.0002,NOMINAL,-1.35
99,90,124,122.18,9.66,106.28,138.08,0.0002,0.0002,NOMINAL,-1.82
99,91,123,122.07,8.88,107.47,136.67,0.0002,0.0002,NOMINAL,-0.93
99,92,122,120.79,9.95,104.43,137.15,0.0002,0.0002,NOMINAL,-1.21
99,93,121,123.16,7.73,110.45,135.88,0.0002,0.0002,NOMINAL,2.16
99,94,120,121.67,9.27,106.42,136.91,0.0002,0.0002,NOMINAL,1.67
99,95,119,118.7,12.83,97.6,139.8,0.0002,0.0002,NOMINAL,-0.3
99,96,118,119.21,13.57,96.89,141.54,0.0002,0.0002,NOMINAL,1.21
99,97,117,119.14,13.57,96.81,141.46,0.0002,0.0002,NOMINAL,2.14
100,52,125,122.57,2.62,118.27,126.88,0.0002,0.0002,NOMINAL,-2.43
100,53,125,122.17,3.29,116.77,127.57,0.0002,0.0002,NOMINAL,-2.83
100,54,125,121.71,5.36,112.9,130.53,0.0002,0.0002,NOMINAL,-3.29
100,55,125,122.57,2.8,117.96,127.18,0.0002,0.0002,NOMINAL,-2.43
100,56,125,122.57,2.62,118.27,126.88,0.0002,0.0002,NOMINAL,-2.43
100,57,125,122.57,2.57,118.35,126.8,0.0002,0.0002,NOMINAL,-2.43
100,58,125,122.17,3.29,116.77,127.57,0.0002,0.0002,NOMINAL,-2.83
100,59,125,121.71,5.66,112.4,131.03,0.0002,0.0002,NOMINAL,-3.29
100,60,125,121.98,5.17,113.48,130.48,0.0002,0.0002,NOMINAL,-3.02
100,61,125,122.06,4.74,114.26,129.86,0.0002,0.0002,NOMINAL,-2.94
100,62,125,122.57,2.8,117.96,127.18,0.0002,0.0002,NOMINAL,-2.43
100,63,125,123.76,2.54,119.58,127.94,0.0002,0.0002,NOMINAL,-1.24
100,64,125,122.06,5.14,113.6,130.52,0.0002,0.0002,NOMINAL,-2.94
100,65,125,121.84,5.14,113.38,130.29,0.0002,0.0002,NOMINAL,-3.16
100,66,125,124.03,2.54,119.85,128.22,0.0002,0.0002,NOMINAL,-0.97
100,67,125,124.26,2.33,120.43,128.09,0.0002,0.0002,NOMINAL,-0.74
100,68,125,124.18,2.52,120.04,128.32,0.0002,0.0002,NOMINAL,-0.82
100,69,125,122.17,3.29,116.77,127.57,0.0002,0.0002,NOMINAL,-2.83
100,70,125,123.95,2.54,119.76,128.13,0.0002,0.0002,NOMINAL,-1.05
100,71,125,124.07,2.75,119.55,128.59,0.0002,0.0002,NOMINAL,-0.93
100,72,125,123.68,4.11,116.92,130.45,0.0002,0.0002,NOMINAL,-1.32
100,73,125,123.18,5.58,114.0,132.37,0.0002,0.0002,NOMINAL,-1.82
100,74,125,123.31,5.58,114.12,132.49,0.0002,0.0002,NOMINAL,-1.69
100,75,125,123.32,5.07,114.99,131.65,0.0002,0.0002,NOMINAL,-1.68
100,76,125,122.83,8.72,108.48,137.18,0.0002,0.0002,NOMINAL,-2.17
100,77,125,121.05,10.3,104.11,137.99,0.0002,0.0002,NOMINAL,-3.95
100,78,125,121.31,10.62,103.84,138.79,0.0002,0.0002,NOMINAL,-3.69
100,79,125,120.94,10.76,103.24,138.63,0.0002,0.0002,NOMINAL,-4.06
100,80,125,122.42,9.95,106.06,138.79,0.0002,0.0002,NOMINAL,-2.58
100,81,125,122.0,9.95,105.64,138.36,0.0002,0.0002,NOMINAL,-3.0
100,82,125,122.19,9.95,105.82,138.55,0.0002,0.0002,NOMINAL,-2.81
100,83,125,122.5,9.95,106.13,138.86,0.0002,0.0002,NOMINAL,-2.5
100,84,125,124.3,6.59,113.47,135.13,0.0002,0.0002,NOMINAL,-0.7
100,85,125,124.8,3.64,118.82,130.79,0.0002,0.0002,NOMINAL,-0.2
100,86,125,124.07,5.78,114.57,133.57,0.0002,0.0002,NOMINAL,-0.93
100,87,125,122.28,9.65,106.42,138.15,0.0002,0.0002,NOMINAL,-2.72
100,88,125,121.22,10.63,103.73,138.7,0.0002,0.0002,NOMINAL,-3.78
100,89,125,120.82,11.81,101.39,140.24,0.0002,0.0002,NOMINAL,-4.18
100,90,125,121.44,8.44,107.56,135.32,0.0002,0.0002,NOMINAL,-3.56
100,91,125,120.63,11.86,101.13,140.14,0.0002,0.0002,NOMINAL,-4.37
100,92,125,121.3,9.3,106.0,136.6,0.0002,0.0002,NOMINAL,-3.7
100,93,125,118.29,13.56,95.98,140.6,0.0002,0.0002,NOMINAL,-6.71
100,94,124,118.73,13.56,96.42,141.04,0.0002,0.0002,NOMINAL,-5.27
100,95,123,117.04,13.64,94.59,139.48,0.0002,0.0002,NOMINAL,-5.96
100,96,122,112.73,13.27,90.91,134.56,0.0002,0.0002,NOMINAL,-9.27
100,97,121,108.84,12.56,88.18,129.5,0.0002,0.0002,NOMINAL,-12.16
100,98,120,112.06,13.27,90.24,133.88,0.0002,0.0002,NOMINAL,-7.94
100,99,119,116.88,13.64,94.43,139.32,0.0002,0.0002,NOMINAL,-2.12
100,100,118,115.33,13.59,92.98,137.69,0.0002,0.0002,NOMINAL,-2.67
100,101,117,116.53,13.64,94.09,138.98,0.0002,0.0002,NOMINAL,-0.47
100,102,116,116.88,13.64,94.43,139.32,0.0002,0.0002,NOMINAL,0.88
100,103,115,116.88,13.64,94.43,139.32,0.0002,0.0002,NOMINAL,1.88
100,104,114,117.07,13.64,94.63,139.51,0.0002,0.0002,NOMINAL,3.07
100,105,113,115.46,13.58,93.13,137.79,0.0002,0.0002,NOMINAL,2.46
100,106,112,109.11,12.24,88.97,129.25,0.0002,0.0002,NOMINAL,-2.89
100,107,111,98.69,11.66,79.51,117.87,0.0002,0.0003,NOMINAL,-12.31
100,108,110,97.39,11.66,78.21,116.57,0.0002,0.0004,NOMINAL,-12.61
100,109,109,93.42,11.35,74.76,112.09,0.0002,0.0007,NOMINAL,-15.58
100,110,108,90.88,11.32,72.26,109.5,0.0002,0.0014,NOMINAL,-17.12
100,111,107,92.0,11.26,73.47,110.52,0.0002,0.001,NOMINAL,-15.0
100,112,106,92.35,11.26,73.82,110.87,0.0002,0.0009,NOMINAL,-13.65
100,113,105,87.39,11.24,68.9,105.88,0.0002,0.0037,NOMINAL,-17.61
100,114,104,88.59,10.97,70.54,106.63,0.0002,0.0019,NOMINAL,-15.41
100,115,103,87.38,10.97,69.34,105.43,0.0002,0.0028,NOMINAL,-15.62
100,116,102,86.38,10.61,68.92,103.84,0.0002,0.0026,NOMINAL,-15.62
100,117,101,90.06,10.83,72.24,107.88,0.0002,0.0011,NOMINAL,-10.94
100,118,100,94.89,11.34,76.23,113.55,0.0002,0.0005,NOMINAL,-5.11
100,119,99,94.49,11.34,75.83,113.15,0.0002,0.0006,NOMINAL,-4.51
100,120,98,90.94,10.88,73.04,108.83,0.0002,0.0009,NOMINAL,-7.06
100,121,97,95.86,11.34,77.2,114.52,0.0002,0.0004,NOMINAL,-1.14
100,122,96,104.46,11.79,85.07,123.85,0.0002,0.0002,NOMINAL,8.46
100,123,95,102.47,11.2,84.05,120.9,0.0002,0.0002,NOMINAL,7.47
100,124,94,99.25,11.2,80.82,117.68,0.0002,0.0003,NOMINAL,5.25
100,125,93,90.46,10.88,72.57,108.36,0.0002,0.001,NOMINAL,-2.54
100,126,92,90.57,10.88,72.67,108.47,0.0002,0.001,NOMINAL,-1.43
100,127,91,89.81,10.86,71.95,107.67,0.0002,0.0012,NOMINAL,-1.19
100,128,90,85.3,10.12,68.66,101.94,0.0002,0.0021,NOMINAL,-4.7
100,129,89,82.0,9.82,65.84,98.16,0.0002,0.0043,NOMINAL,-7.0
100,130,88,82.59,9.82,66.43,98.74,0.0002,0.0038,NOMINAL,-5.41
100,131,87,82.68,10.09,66.08,99.28,0.0002,0.0043,NOMINAL,-4.32
100,132,86,84.85,10.11,68.21,101.48,0.0002,0.0025,NOMINAL,-1.15
100,133,85,84.88,10.11,68.25,101.52,0.0002,0.0024,NOMINAL,-0.12
100,134,84,84.64,10.16,67.94,101.35,0.0002,0.0028,NOMINAL,0.64
100,135,83,82.55,9.96,66.18,98.93,0.0002,0.0042,NOMINAL,-0.45
100,136,82,82.69,9.65,66.82,98.56,0.0002,0.003,NOMINAL,0.69
100,137,81,85.24,10.49,67.97,102.5,0.0002,0.0033,NOMINAL,4.24
100,138,80,86.45,10.49,69.19,103.71,0.0002,0.0022,NOMINAL,6.45
100,139,79,90.03,10.51,72.73,107.32,0.0002,0.0008,NOMINAL,11.03
100,140,78,88.75,10.68,71.18,106.32,0.0002,0.0013,NOMINAL,10.75
100,141,77,88.12,10.68,70.55,105.69,0.0002,0.0016,NOMINAL,11.12
100,142,76,91.46,10.88,73.56,109.35,0.0002,0.0008,NOMINAL,15.46
100,143,75,87.22,10.68,69.65,104.78,0.0002,0.0022,NOMINAL,12.22
100,144,74,87.12,10.68,69.55,104.68,0.0002,0.0022,NOMINAL,13.12
100,145,73,86.84,10.68,69.28,104.41,0.0002,0.0024,NOMINAL,13.84
100,146,72,87.15,10.08,70.57,103.73,0.0002,0.0011,NOMINAL,15.15
100,147,71,85.73,9.92,69.41,102.06,0.0002,0.0015,NOMINAL,14.73
100,148,70,86.8,9.92,70.47,103.12,0.0002,0.001,NOMINAL,16.8
100,149,69,87.61,9.89,71.33,103.88,0.0002,0.0008,NOMINAL,18.61
100,150,68,84.23,9.56,68.51,99.96,0.0002,0.0016,NOMINAL,16.23
100,151,67,81.51,9.43,66.01,97.02,0.0002,0.0035,NOMINAL,14.51
100,152,66,80.57,9.43,65.06,96.07,0.0002,0.0043,NOMINAL,14.57
100,153,65,80.57,9.43,65.06,96.07,0.0002,0.0043,NOMINAL,15.57
100,154,64,80.34,9.32,65.02,95.66,0.0002,0.0043,NOMINAL,16.34
100,155,63,76.25,8.45,62.35,90.15,0.0002,0.0049,NOMINAL,13.25
100,156,62,76.74,8.45,62.84,90.64,0.0002,0.0046,NOMINAL,14.74
100,157,61,75.86,8.45,61.96,89.75,0.0002,0.0053,NOMINAL,14.86
100,158,60,76.95,8.45,63.05,90.85,0.0002,0.0045,NOMINAL,16.95
100,159,59,76.83,8.45,62.94,90.73,0.0002,0.0046,NOMINAL,17.83
100,160,58,74.36,8.4,60.54,88.17,0.0002,0.0066,NOMINAL,16.36
100,161,57,69.49,7.92,56.46,82.52,0.0002,0.0183,NOMINAL,12.49
100,162,56,67.73,7.74,55.0,80.47,0.0002,0.0266,NOMINAL,11.73
100,163,55,62.7,7.0,51.18,74.21,0.0002,0.0505,NOMINAL,7.7
100,164,54,61.84,7.05,50.25,73.44,0.0002,0.0641,NOMINAL,7.84
100,165,53,58.13,6.39,47.62,68.64,0.0002,0.1148,NOMINAL,5.13
100,166,52,56.79,6.25,46.52,67.07,0.0002,0.1589,NOMINAL,4.79
100,167,51,53.72,6.02,43.81,63.62,0.0002,0.3076,NOMINAL,2.72
100,168,50,52.67,6.08,42.68,62.66,0.0002,0.38,NOMINAL,2.67
100,169,49,54.65,6.2,44.45,64.85,0.0002,0.2599,NOMINAL,5.65
100,170,48,50.06,6.0,40.18,59.93,0.0002,0.5434,MONITOR,2.06
100,171,47,49.45,5.96,39.64,59.25,0.0002,0.5864,MONITOR,2.45
100,172,46,49.14,5.27,40.46,57.81,0.0002,0.6184,MONITOR,3.14
100,173,45,46.68,5.21,38.12,55.24,0.0002,0.7918,WARNING,1.68
100,174,44,46.19,5.17,37.69,54.69,0.0002,0.8194,WARNING,2.19
100,175,43,44.53,5.04,36.24,52.81,0.0002,0.8794,WARNING,1.53
100,176,42,41.71,4.68,34.01,49.41,0.0002,0.952,WARNING,-0.29
100,177,41,42.08,4.32,34.96,49.19,0.0002,0.9565,WARNING,1.08
100,178,40,39.36,4.31,32.28,46.45,0.0002,0.9801,WARNING,-0.64
100,179,39,38.63,4.22,31.69,45.56,0.0003,0.9886,WARNING,-0.37
100,180,38,37.98,4.01,31.39,44.58,0.0002,0.9957,WARNING,-0.02
100,181,37,37.33,4.1,30.58,44.07,0.0003,0.9966,WARNING,0.33
100,182,36,36.87,3.92,30.42,43.32,0.0003,0.9995,WARNING,0.87
100,183,35,35.43,3.98,28.89,41.97,0.0006,0.9997,WARNING,0.43
100,184,34,33.57,3.5,27.82,39.33,0.0006,0.9998,WARNING,-0.43
100,185,33,32.14,3.38,26.58,37.7,0.0015,0.9998,WARNING,-0.86
100,186,32,30.82,3.28,25.42,36.21,0.0041,0.9998,WARNING,-1.18
100,187,31,30.24,3.27,24.85,35.62,0.0048,0.9998,WARNING,-0.76
100,188,30,29.67,3.32,24.2,35.13,0.0066,0.9998,WARNING,-0.33
100,189,29,28.08,2.61,23.78,32.37,0.005,0.9998,WARNING,-0.92
100,190,28,26.63,2.67,22.24,31.02,0.0175,0.9998,WARNING,-1.37
100,191,27,26.54,2.66,22.17,30.92,0.0184,0.9998,WARNING,-0.46
100,192,26,25.48,2.45,21.45,29.51,0.0279,0.9998,WARNING,-0.52
100,193,25,24.51,2.45,20.49,28.54,0.0489,0.9998,WARNING,-0.49
100,194,24,23.0,2.45,18.97,27.04,0.1286,0.9998,WARNING,-1.0
100,195,23,22.47,2.33,18.64,26.3,0.1653,0.9998,WARNING,-0.53
100,196,22,22.38,2.3,18.6,26.16,0.1726,0.9998,WARNING,0.38
100,197,21,20.7,2.36,16.82,24.58,0.4349,0.9998,WARNING,-0.3
100,198,20,19.32,2.3,15.54,23.09,0.6748,0.9998,WARNING,-0.68
